author_ids,T0_year,paper_count
https://openalex.org/A5086198262,2014,57
https://openalex.org/A5091175785,2014,25
https://openalex.org/A5100381753,2014,25
https://openalex.org/A5003562101,2014,20
https://openalex.org/A5006446297,2014,19
https://openalex.org/A5016448581,2014,19
https://openalex.org/A5112608251,2014,19
https://openalex.org/A5084830556,2015,17
https://openalex.org/A5112445699,2015,17
https://openalex.org/A5008894339,2014,16
https://openalex.org/A5088551093,2014,16
https://openalex.org/A5108652283,2014,16
https://openalex.org/A5055733526,2014,15
https://openalex.org/A5001226970,2014,13
https://openalex.org/A5087368991,2014,13
https://openalex.org/A5100671324,2014,13
https://openalex.org/A5030440955,2014,12
https://openalex.org/A5074103823,2014,12
https://openalex.org/A5110380387,2014,12
https://openalex.org/A5007065661,2014,11
https://openalex.org/A5036447132,2014,11
https://openalex.org/A5045540854,2014,11
https://openalex.org/A5060511349,2014,11
https://openalex.org/A5070920982,2014,11
https://openalex.org/A5071983998,2014,11
https://openalex.org/A5072280192,2014,11
https://openalex.org/A5085471517,2014,11
https://openalex.org/A5111222692,2015,11
https://openalex.org/A5007086183,2014,10
https://openalex.org/A5022506974,2014,10
https://openalex.org/A5029778327,2014,10
https://openalex.org/A5053990531,2014,10
https://openalex.org/A5059110895,2014,10
https://openalex.org/A5062753174,2014,10
https://openalex.org/A5075328145,2014,10
https://openalex.org/A5081478051,2014,10
https://openalex.org/A5082512329,2014,10
https://openalex.org/A5084530286,2014,10
https://openalex.org/A5090113830,2014,10
https://openalex.org/A5034228010,2015,10
https://openalex.org/A5061457780,2015,10
https://openalex.org/A5062546146,2015,10
https://openalex.org/A5077436220,2015,10
https://openalex.org/A5082357240,2015,10
https://openalex.org/A5004385039,2014,9
https://openalex.org/A5017193501,2014,9
https://openalex.org/A5024065815,2014,9
https://openalex.org/A5039776447,2014,9
https://openalex.org/A5064812119,2014,9
https://openalex.org/A5070290355,2014,9
https://openalex.org/A5083427215,2014,9
https://openalex.org/A5100752686,2014,9
https://openalex.org/A5018609918,2015,9
https://openalex.org/A5019862529,2015,9
https://openalex.org/A5024777042,2015,9
https://openalex.org/A5026151059,2015,9
https://openalex.org/A5046006076,2015,9
https://openalex.org/A5046448314,2015,9
https://openalex.org/A5052576907,2015,9
https://openalex.org/A5068811427,2015,9
https://openalex.org/A5016135148,2014,8
https://openalex.org/A5022202456,2014,8
https://openalex.org/A5023417820,2014,8
https://openalex.org/A5030087918,2014,8
https://openalex.org/A5042662251,2014,8
https://openalex.org/A5071093940,2014,8
https://openalex.org/A5071220084,2014,8
https://openalex.org/A5075906727,2014,8
https://openalex.org/A5076346273,2014,8
https://openalex.org/A5076403380,2014,8
https://openalex.org/A5080553022,2014,8
https://openalex.org/A5100426170,2014,8
https://openalex.org/A5108093963,2014,8
https://openalex.org/A5014389163,2015,8
https://openalex.org/A5034688833,2015,8
https://openalex.org/A5055232825,2015,8
https://openalex.org/A5101780958,2015,8
https://openalex.org/A5107808331,2015,8
https://openalex.org/A5107893340,2015,8
https://openalex.org/A5109589042,2015,8
https://openalex.org/A5110579339,2015,8
https://openalex.org/A5112456586,2015,8
https://openalex.org/A5071533156,2016,8
https://openalex.org/A5090341705,2016,8
https://openalex.org/A5112552652,2016,8
https://openalex.org/A5000111344,2014,7
https://openalex.org/A5004271128,2014,7
https://openalex.org/A5015431603,2014,7
https://openalex.org/A5017985443,2014,7
https://openalex.org/A5019504861,2014,7
https://openalex.org/A5029105520,2014,7
https://openalex.org/A5035443886,2014,7
https://openalex.org/A5051534545,2014,7
https://openalex.org/A5055166817,2014,7
https://openalex.org/A5064986566,2014,7
https://openalex.org/A5078684067,2014,7
https://openalex.org/A5085020955,2014,7
https://openalex.org/A5087700167,2014,7
https://openalex.org/A5100444820,2014,7
https://openalex.org/A5100643265,2014,7
https://openalex.org/A5100693798,2014,7
https://openalex.org/A5102711181,2014,7
https://openalex.org/A5103958886,2014,7
https://openalex.org/A5109600054,2014,7
https://openalex.org/A5017529415,2015,7
https://openalex.org/A5033880300,2015,7
https://openalex.org/A5040437528,2015,7
https://openalex.org/A5043473089,2015,7
https://openalex.org/A5049659753,2015,7
https://openalex.org/A5057535281,2015,7
https://openalex.org/A5058557954,2015,7
https://openalex.org/A5064498575,2015,7
https://openalex.org/A5066666034,2015,7
https://openalex.org/A5074976302,2015,7
https://openalex.org/A5080591144,2015,7
https://openalex.org/A5100355692,2015,7
https://openalex.org/A5100455129,2015,7
https://openalex.org/A5100528467,2015,7
https://openalex.org/A5100606995,2015,7
https://openalex.org/A5101785348,2015,7
https://openalex.org/A5101838388,2015,7
https://openalex.org/A5040372929,2016,7
https://openalex.org/A5080818873,2016,7
https://openalex.org/A5004153109,2014,6
https://openalex.org/A5004918186,2014,6
https://openalex.org/A5005009066,2014,6
https://openalex.org/A5005378965,2014,6
https://openalex.org/A5010820865,2014,6
https://openalex.org/A5024481540,2014,6
https://openalex.org/A5026208886,2014,6
https://openalex.org/A5036811894,2014,6
https://openalex.org/A5038328783,2014,6
https://openalex.org/A5038438198,2014,6
https://openalex.org/A5049100391,2014,6
https://openalex.org/A5050971487,2014,6
https://openalex.org/A5051608757,2014,6
https://openalex.org/A5065926474,2014,6
https://openalex.org/A5067711003,2014,6
https://openalex.org/A5073032922,2014,6
https://openalex.org/A5085785393,2014,6
https://openalex.org/A5100330138,2014,6
https://openalex.org/A5102922725,2014,6
https://openalex.org/A5108284020,2014,6
https://openalex.org/A5114377140,2014,6
https://openalex.org/A5001594573,2015,6
https://openalex.org/A5001987532,2015,6
https://openalex.org/A5004160420,2015,6
https://openalex.org/A5007556794,2015,6
https://openalex.org/A5020404017,2015,6
https://openalex.org/A5035914396,2015,6
https://openalex.org/A5044550553,2015,6
https://openalex.org/A5050113685,2015,6
https://openalex.org/A5065912572,2015,6
https://openalex.org/A5067370075,2015,6
https://openalex.org/A5069654424,2015,6
https://openalex.org/A5070642269,2015,6
https://openalex.org/A5077460655,2015,6
https://openalex.org/A5080106147,2015,6
https://openalex.org/A5080499022,2015,6
https://openalex.org/A5083212922,2015,6
https://openalex.org/A5107838719,2015,6
https://openalex.org/A5114910293,2015,6
https://openalex.org/A5005771535,2016,6
https://openalex.org/A5059729571,2016,6
https://openalex.org/A5074210163,2016,6
https://openalex.org/A5100430087,2016,6
https://openalex.org/A5111885963,2016,6
https://openalex.org/A5000026575,2014,5
https://openalex.org/A5000291599,2014,5
https://openalex.org/A5002078510,2014,5
https://openalex.org/A5004625775,2014,5
https://openalex.org/A5005646847,2014,5
https://openalex.org/A5006380227,2014,5
https://openalex.org/A5008309880,2014,5
https://openalex.org/A5010465328,2014,5
https://openalex.org/A5012765543,2014,5
https://openalex.org/A5016033078,2014,5
https://openalex.org/A5023274785,2014,5
https://openalex.org/A5023574545,2014,5
https://openalex.org/A5028958018,2014,5
https://openalex.org/A5031224672,2014,5
https://openalex.org/A5034476404,2014,5
https://openalex.org/A5036368461,2014,5
https://openalex.org/A5036548485,2014,5
https://openalex.org/A5037869012,2014,5
https://openalex.org/A5040795718,2014,5
https://openalex.org/A5040821130,2014,5
https://openalex.org/A5041213674,2014,5
https://openalex.org/A5047964483,2014,5
https://openalex.org/A5049327409,2014,5
https://openalex.org/A5052551454,2014,5
https://openalex.org/A5052801957,2014,5
https://openalex.org/A5053036981,2014,5
https://openalex.org/A5058789403,2014,5
https://openalex.org/A5059508147,2014,5
https://openalex.org/A5068085751,2014,5
https://openalex.org/A5070166057,2014,5
https://openalex.org/A5072573916,2014,5
https://openalex.org/A5074429265,2014,5
https://openalex.org/A5077137254,2014,5
https://openalex.org/A5077333494,2014,5
https://openalex.org/A5079139411,2014,5
https://openalex.org/A5079482662,2014,5
https://openalex.org/A5081945174,2014,5
https://openalex.org/A5083524237,2014,5
https://openalex.org/A5085748370,2014,5
https://openalex.org/A5089960673,2014,5
https://openalex.org/A5100375136,2014,5
https://openalex.org/A5100418319,2014,5
https://openalex.org/A5100673818,2014,5
https://openalex.org/A5100704268,2014,5
https://openalex.org/A5100761525,2014,5
https://openalex.org/A5100778603,2014,5
https://openalex.org/A5101651291,2014,5
https://openalex.org/A5102785655,2014,5
https://openalex.org/A5102981113,2014,5
https://openalex.org/A5109000029,2014,5
https://openalex.org/A5109848927,2014,5
https://openalex.org/A5112569280,2014,5
https://openalex.org/A5113871902,2014,5
https://openalex.org/A5001371942,2015,5
https://openalex.org/A5003275797,2015,5
https://openalex.org/A5003992022,2015,5
https://openalex.org/A5007769527,2015,5
https://openalex.org/A5009547049,2015,5
https://openalex.org/A5010087030,2015,5
https://openalex.org/A5010851725,2015,5
https://openalex.org/A5013695358,2015,5
https://openalex.org/A5020719193,2015,5
https://openalex.org/A5021827617,2015,5
https://openalex.org/A5024821632,2015,5
https://openalex.org/A5024849044,2015,5
https://openalex.org/A5025689655,2015,5
https://openalex.org/A5026240645,2015,5
https://openalex.org/A5026322200,2015,5
https://openalex.org/A5029480918,2015,5
https://openalex.org/A5035112538,2015,5
https://openalex.org/A5035416263,2015,5
https://openalex.org/A5041145688,2015,5
https://openalex.org/A5042507268,2015,5
https://openalex.org/A5052854215,2015,5
https://openalex.org/A5056639842,2015,5
https://openalex.org/A5057980326,2015,5
https://openalex.org/A5062807220,2015,5
https://openalex.org/A5066924496,2015,5
https://openalex.org/A5073187608,2015,5
https://openalex.org/A5075885606,2015,5
https://openalex.org/A5081741492,2015,5
https://openalex.org/A5081819708,2015,5
https://openalex.org/A5082274996,2015,5
https://openalex.org/A5082498217,2015,5
https://openalex.org/A5084332360,2015,5
https://openalex.org/A5085497926,2015,5
https://openalex.org/A5086000078,2015,5
https://openalex.org/A5087204274,2015,5
https://openalex.org/A5087263986,2015,5
https://openalex.org/A5088180679,2015,5
https://openalex.org/A5100447691,2015,5
https://openalex.org/A5100455112,2015,5
https://openalex.org/A5100455135,2015,5
https://openalex.org/A5100621605,2015,5
https://openalex.org/A5100674551,2015,5
https://openalex.org/A5100677198,2015,5
https://openalex.org/A5100757829,2015,5
https://openalex.org/A5101588658,2015,5
https://openalex.org/A5103153703,2015,5
https://openalex.org/A5110323764,2015,5
https://openalex.org/A5113166350,2015,5
https://openalex.org/A5004224082,2016,5
https://openalex.org/A5006805259,2016,5
https://openalex.org/A5015785439,2016,5
https://openalex.org/A5026451495,2016,5
https://openalex.org/A5033330160,2016,5
https://openalex.org/A5049349154,2016,5
https://openalex.org/A5061001839,2016,5
https://openalex.org/A5066326238,2016,5
https://openalex.org/A5070594684,2016,5
https://openalex.org/A5070905937,2016,5
https://openalex.org/A5100319572,2016,5
https://openalex.org/A5100370790,2016,5
https://openalex.org/A5101404695,2016,5
https://openalex.org/A5102848881,2016,5
https://openalex.org/A5102966958,2016,5
https://openalex.org/A5109250040,2016,5
https://openalex.org/A5110781707,2016,5
https://openalex.org/A5113263309,2016,5
https://openalex.org/A5000080119,2014,4
https://openalex.org/A5001243214,2014,4
https://openalex.org/A5001254143,2014,4
https://openalex.org/A5001375778,2014,4
https://openalex.org/A5001504969,2014,4
https://openalex.org/A5002391274,2014,4
https://openalex.org/A5003361977,2014,4
https://openalex.org/A5003887059,2014,4
https://openalex.org/A5005166809,2014,4
https://openalex.org/A5005626854,2014,4
https://openalex.org/A5008915336,2014,4
https://openalex.org/A5009259465,2014,4
https://openalex.org/A5010396788,2014,4
https://openalex.org/A5011779957,2014,4
https://openalex.org/A5013588572,2014,4
https://openalex.org/A5013834379,2014,4
https://openalex.org/A5014450150,2014,4
https://openalex.org/A5015181633,2014,4
https://openalex.org/A5016897705,2014,4
https://openalex.org/A5020664641,2014,4
https://openalex.org/A5020758501,2014,4
https://openalex.org/A5022939417,2014,4
https://openalex.org/A5023943220,2014,4
https://openalex.org/A5024012587,2014,4
https://openalex.org/A5028365524,2014,4
https://openalex.org/A5028387093,2014,4
https://openalex.org/A5029025914,2014,4
https://openalex.org/A5031166879,2014,4
https://openalex.org/A5031789995,2014,4
https://openalex.org/A5032615368,2014,4
https://openalex.org/A5033838234,2014,4
https://openalex.org/A5034454494,2014,4
https://openalex.org/A5034650066,2014,4
https://openalex.org/A5037340964,2014,4
https://openalex.org/A5038035093,2014,4
https://openalex.org/A5038612405,2014,4
https://openalex.org/A5046411806,2014,4
https://openalex.org/A5047878798,2014,4
https://openalex.org/A5048285657,2014,4
https://openalex.org/A5049026260,2014,4
https://openalex.org/A5049332971,2014,4
https://openalex.org/A5050297728,2014,4
https://openalex.org/A5050521702,2014,4
https://openalex.org/A5051370303,2014,4
https://openalex.org/A5054535774,2014,4
https://openalex.org/A5055420596,2014,4
https://openalex.org/A5057127344,2014,4
https://openalex.org/A5057798674,2014,4
https://openalex.org/A5058348013,2014,4
https://openalex.org/A5060005929,2014,4
https://openalex.org/A5061790878,2014,4
https://openalex.org/A5064133649,2014,4
https://openalex.org/A5065025107,2014,4
https://openalex.org/A5066453821,2014,4
https://openalex.org/A5068254275,2014,4
https://openalex.org/A5074742406,2014,4
https://openalex.org/A5074809120,2014,4
https://openalex.org/A5076651586,2014,4
https://openalex.org/A5077035803,2014,4
https://openalex.org/A5077819827,2014,4
https://openalex.org/A5079370148,2014,4
https://openalex.org/A5081695539,2014,4
https://openalex.org/A5082120612,2014,4
https://openalex.org/A5083420537,2014,4
https://openalex.org/A5085358291,2014,4
https://openalex.org/A5085593721,2014,4
https://openalex.org/A5086646300,2014,4
https://openalex.org/A5087205270,2014,4
https://openalex.org/A5087459652,2014,4
https://openalex.org/A5088655614,2014,4
https://openalex.org/A5100333729,2014,4
https://openalex.org/A5100334330,2014,4
https://openalex.org/A5100342298,2014,4
https://openalex.org/A5100399461,2014,4
https://openalex.org/A5100412937,2014,4
https://openalex.org/A5100442123,2014,4
https://openalex.org/A5100673372,2014,4
https://openalex.org/A5100675370,2014,4
https://openalex.org/A5100680672,2014,4
https://openalex.org/A5100728762,2014,4
https://openalex.org/A5101402074,2014,4
https://openalex.org/A5101694421,2014,4
https://openalex.org/A5101957352,2014,4
https://openalex.org/A5102762707,2014,4
https://openalex.org/A5103129272,2014,4
https://openalex.org/A5112501010,2014,4
https://openalex.org/A5001696587,2015,4
https://openalex.org/A5003337779,2015,4
https://openalex.org/A5005411806,2015,4
https://openalex.org/A5006614329,2015,4
https://openalex.org/A5007006341,2015,4
https://openalex.org/A5007901825,2015,4
https://openalex.org/A5008715111,2015,4
https://openalex.org/A5008826095,2015,4
https://openalex.org/A5009598072,2015,4
https://openalex.org/A5010468033,2015,4
https://openalex.org/A5011045254,2015,4
https://openalex.org/A5012276327,2015,4
https://openalex.org/A5013286997,2015,4
https://openalex.org/A5013288881,2015,4
https://openalex.org/A5013431623,2015,4
https://openalex.org/A5014855689,2015,4
https://openalex.org/A5015662507,2015,4
https://openalex.org/A5017255421,2015,4
https://openalex.org/A5021217383,2015,4
https://openalex.org/A5022426133,2015,4
https://openalex.org/A5023483425,2015,4
https://openalex.org/A5023840296,2015,4
https://openalex.org/A5024237494,2015,4
https://openalex.org/A5025113992,2015,4
https://openalex.org/A5026941307,2015,4
https://openalex.org/A5028024287,2015,4
https://openalex.org/A5028613002,2015,4
https://openalex.org/A5033318800,2015,4
https://openalex.org/A5036747535,2015,4
https://openalex.org/A5038384093,2015,4
https://openalex.org/A5041114791,2015,4
https://openalex.org/A5042662187,2015,4
https://openalex.org/A5043211393,2015,4
https://openalex.org/A5043289060,2015,4
https://openalex.org/A5045383831,2015,4
https://openalex.org/A5050928023,2015,4
https://openalex.org/A5051149140,2015,4
https://openalex.org/A5055199976,2015,4
https://openalex.org/A5056226189,2015,4
https://openalex.org/A5059104213,2015,4
https://openalex.org/A5061430475,2015,4
https://openalex.org/A5061613634,2015,4
https://openalex.org/A5062910836,2015,4
https://openalex.org/A5064482607,2015,4
https://openalex.org/A5066469792,2015,4
https://openalex.org/A5068837264,2015,4
https://openalex.org/A5070815655,2015,4
https://openalex.org/A5071094223,2015,4
https://openalex.org/A5079465565,2015,4
https://openalex.org/A5085608858,2015,4
https://openalex.org/A5088432110,2015,4
https://openalex.org/A5088888805,2015,4
https://openalex.org/A5090469776,2015,4
https://openalex.org/A5100336427,2015,4
https://openalex.org/A5100377147,2015,4
https://openalex.org/A5100404407,2015,4
https://openalex.org/A5100408983,2015,4
https://openalex.org/A5100636655,2015,4
https://openalex.org/A5100758099,2015,4
https://openalex.org/A5101215390,2015,4
https://openalex.org/A5101511820,2015,4
https://openalex.org/A5101693712,2015,4
https://openalex.org/A5101919635,2015,4
https://openalex.org/A5101973708,2015,4
https://openalex.org/A5102912909,2015,4
https://openalex.org/A5107249743,2015,4
https://openalex.org/A5109124291,2015,4
https://openalex.org/A5111454036,2015,4
https://openalex.org/A5114686221,2015,4
https://openalex.org/A5001961716,2016,4
https://openalex.org/A5003428654,2016,4
https://openalex.org/A5006744007,2016,4
https://openalex.org/A5011398987,2016,4
https://openalex.org/A5012455275,2016,4
https://openalex.org/A5012475436,2016,4
https://openalex.org/A5015056626,2016,4
https://openalex.org/A5015817857,2016,4
https://openalex.org/A5023075376,2016,4
https://openalex.org/A5032285062,2016,4
https://openalex.org/A5035070214,2016,4
https://openalex.org/A5038456766,2016,4
https://openalex.org/A5040631193,2016,4
https://openalex.org/A5041969038,2016,4
https://openalex.org/A5052325109,2016,4
https://openalex.org/A5054582135,2016,4
https://openalex.org/A5056877599,2016,4
https://openalex.org/A5059614065,2016,4
https://openalex.org/A5064113904,2016,4
https://openalex.org/A5066199951,2016,4
https://openalex.org/A5068251515,2016,4
https://openalex.org/A5069565463,2016,4
https://openalex.org/A5072460783,2016,4
https://openalex.org/A5075057705,2016,4
https://openalex.org/A5076130922,2016,4
https://openalex.org/A5079875307,2016,4
https://openalex.org/A5081047759,2016,4
https://openalex.org/A5083099298,2016,4
https://openalex.org/A5091150085,2016,4
https://openalex.org/A5100329931,2016,4
https://openalex.org/A5100399466,2016,4
https://openalex.org/A5100406050,2016,4
https://openalex.org/A5101761266,2016,4
https://openalex.org/A5101958996,2016,4
https://openalex.org/A5103117760,2016,4
https://openalex.org/A5103733614,2016,4
https://openalex.org/A5110464999,2016,4
https://openalex.org/A5112542984,2016,4
https://openalex.org/A5113452656,2016,4
https://openalex.org/A5000111662,2014,3
https://openalex.org/A5000734437,2014,3
https://openalex.org/A5001224773,2014,3
https://openalex.org/A5001396675,2014,3
https://openalex.org/A5001441650,2014,3
https://openalex.org/A5003020003,2014,3
https://openalex.org/A5005058150,2014,3
https://openalex.org/A5007833782,2014,3
https://openalex.org/A5007916691,2014,3
https://openalex.org/A5010292297,2014,3
https://openalex.org/A5010575626,2014,3
https://openalex.org/A5011498965,2014,3
https://openalex.org/A5011639495,2014,3
https://openalex.org/A5012071123,2014,3
https://openalex.org/A5013097792,2014,3
https://openalex.org/A5013723114,2014,3
https://openalex.org/A5014611768,2014,3
https://openalex.org/A5014808785,2014,3
https://openalex.org/A5015261502,2014,3
https://openalex.org/A5015798259,2014,3
https://openalex.org/A5016877422,2014,3
https://openalex.org/A5016973102,2014,3
https://openalex.org/A5018301052,2014,3
https://openalex.org/A5018883645,2014,3
https://openalex.org/A5019708391,2014,3
https://openalex.org/A5019906371,2014,3
https://openalex.org/A5020196366,2014,3
https://openalex.org/A5020354604,2014,3
https://openalex.org/A5020994673,2014,3
https://openalex.org/A5021132465,2014,3
https://openalex.org/A5022590472,2014,3
https://openalex.org/A5022635515,2014,3
https://openalex.org/A5023210944,2014,3
https://openalex.org/A5023540106,2014,3
https://openalex.org/A5023878224,2014,3
https://openalex.org/A5024043201,2014,3
https://openalex.org/A5024224610,2014,3
https://openalex.org/A5025234902,2014,3
https://openalex.org/A5025590875,2014,3
https://openalex.org/A5026085036,2014,3
https://openalex.org/A5026368048,2014,3
https://openalex.org/A5027171279,2014,3
https://openalex.org/A5028463238,2014,3
https://openalex.org/A5028868061,2014,3
https://openalex.org/A5030335506,2014,3
https://openalex.org/A5030546839,2014,3
https://openalex.org/A5030973259,2014,3
https://openalex.org/A5031078128,2014,3
https://openalex.org/A5031909680,2014,3
https://openalex.org/A5031933167,2014,3
https://openalex.org/A5032426541,2014,3
https://openalex.org/A5032674291,2014,3
https://openalex.org/A5032690182,2014,3
https://openalex.org/A5033265682,2014,3
https://openalex.org/A5033341878,2014,3
https://openalex.org/A5034946345,2014,3
https://openalex.org/A5037233582,2014,3
https://openalex.org/A5037308957,2014,3
https://openalex.org/A5038408644,2014,3
https://openalex.org/A5039132683,2014,3
https://openalex.org/A5039367341,2014,3
https://openalex.org/A5040169071,2014,3
https://openalex.org/A5040292386,2014,3
https://openalex.org/A5040564392,2014,3
https://openalex.org/A5041992692,2014,3
https://openalex.org/A5043147904,2014,3
https://openalex.org/A5043255121,2014,3
https://openalex.org/A5043565689,2014,3
https://openalex.org/A5043919763,2014,3
https://openalex.org/A5045565551,2014,3
https://openalex.org/A5045963406,2014,3
https://openalex.org/A5046155722,2014,3
https://openalex.org/A5046164638,2014,3
https://openalex.org/A5046896448,2014,3
https://openalex.org/A5046903577,2014,3
https://openalex.org/A5047583167,2014,3
https://openalex.org/A5047970310,2014,3
https://openalex.org/A5048047705,2014,3
https://openalex.org/A5048048449,2014,3
https://openalex.org/A5048048944,2014,3
https://openalex.org/A5048230415,2014,3
https://openalex.org/A5048342405,2014,3
https://openalex.org/A5049370647,2014,3
https://openalex.org/A5050717606,2014,3
https://openalex.org/A5051506797,2014,3
https://openalex.org/A5051508484,2014,3
https://openalex.org/A5051934274,2014,3
https://openalex.org/A5051987090,2014,3
https://openalex.org/A5053145694,2014,3
https://openalex.org/A5053858700,2014,3
https://openalex.org/A5053941878,2014,3
https://openalex.org/A5054416120,2014,3
https://openalex.org/A5054450193,2014,3
https://openalex.org/A5054469440,2014,3
https://openalex.org/A5055119253,2014,3
https://openalex.org/A5055546056,2014,3
https://openalex.org/A5056098625,2014,3
https://openalex.org/A5056272341,2014,3
https://openalex.org/A5056743652,2014,3
https://openalex.org/A5057678172,2014,3
https://openalex.org/A5058651667,2014,3
https://openalex.org/A5059879181,2014,3
https://openalex.org/A5060492651,2014,3
https://openalex.org/A5060741187,2014,3
https://openalex.org/A5062886906,2014,3
https://openalex.org/A5064574988,2014,3
https://openalex.org/A5065745608,2014,3
https://openalex.org/A5065918062,2014,3
https://openalex.org/A5066497044,2014,3
https://openalex.org/A5067240014,2014,3
https://openalex.org/A5068176584,2014,3
https://openalex.org/A5069298091,2014,3
https://openalex.org/A5070746502,2014,3
https://openalex.org/A5071245803,2014,3
https://openalex.org/A5071264047,2014,3
https://openalex.org/A5072522101,2014,3
https://openalex.org/A5072585411,2014,3
https://openalex.org/A5072744508,2014,3
https://openalex.org/A5072833759,2014,3
https://openalex.org/A5073155563,2014,3
https://openalex.org/A5073184327,2014,3
https://openalex.org/A5073588743,2014,3
https://openalex.org/A5073743402,2014,3
https://openalex.org/A5073891630,2014,3
https://openalex.org/A5074816094,2014,3
https://openalex.org/A5075098592,2014,3
https://openalex.org/A5076031002,2014,3
https://openalex.org/A5076896876,2014,3
https://openalex.org/A5077269034,2014,3
https://openalex.org/A5078511139,2014,3
https://openalex.org/A5078754523,2014,3
https://openalex.org/A5078990888,2014,3
https://openalex.org/A5081020569,2014,3
https://openalex.org/A5082301986,2014,3
https://openalex.org/A5082394450,2014,3
https://openalex.org/A5083029838,2014,3
https://openalex.org/A5083898813,2014,3
https://openalex.org/A5084005378,2014,3
https://openalex.org/A5084442493,2014,3
https://openalex.org/A5084906943,2014,3
https://openalex.org/A5085870484,2014,3
https://openalex.org/A5086101517,2014,3
https://openalex.org/A5086300145,2014,3
https://openalex.org/A5087035079,2014,3
https://openalex.org/A5087315958,2014,3
https://openalex.org/A5087480257,2014,3
https://openalex.org/A5087572706,2014,3
https://openalex.org/A5087710605,2014,3
https://openalex.org/A5087733750,2014,3
https://openalex.org/A5089531887,2014,3
https://openalex.org/A5089648583,2014,3
https://openalex.org/A5089656544,2014,3
https://openalex.org/A5090213299,2014,3
https://openalex.org/A5090357305,2014,3
https://openalex.org/A5090600716,2014,3
https://openalex.org/A5090739892,2014,3
https://openalex.org/A5100414978,2014,3
https://openalex.org/A5100456986,2014,3
https://openalex.org/A5100461646,2014,3
https://openalex.org/A5100511737,2014,3
https://openalex.org/A5100525046,2014,3
https://openalex.org/A5100602395,2014,3
https://openalex.org/A5100637230,2014,3
https://openalex.org/A5100644931,2014,3
https://openalex.org/A5100734874,2014,3
https://openalex.org/A5100740143,2014,3
https://openalex.org/A5100746642,2014,3
https://openalex.org/A5100749320,2014,3
https://openalex.org/A5100781300,2014,3
https://openalex.org/A5100958346,2014,3
https://openalex.org/A5100969070,2014,3
https://openalex.org/A5101471083,2014,3
https://openalex.org/A5101717685,2014,3
https://openalex.org/A5101985993,2014,3
https://openalex.org/A5102741305,2014,3
https://openalex.org/A5102744164,2014,3
https://openalex.org/A5103057112,2014,3
https://openalex.org/A5108114128,2014,3
https://openalex.org/A5108743868,2014,3
https://openalex.org/A5109843291,2014,3
https://openalex.org/A5109902974,2014,3
https://openalex.org/A5110573485,2014,3
https://openalex.org/A5110723154,2014,3
https://openalex.org/A5110888633,2014,3
https://openalex.org/A5111561023,2014,3
https://openalex.org/A5115602506,2014,3
https://openalex.org/A5000947076,2015,3
https://openalex.org/A5001294898,2015,3
https://openalex.org/A5001705528,2015,3
https://openalex.org/A5002188566,2015,3
https://openalex.org/A5003054496,2015,3
https://openalex.org/A5003433241,2015,3
https://openalex.org/A5004033194,2015,3
https://openalex.org/A5004062770,2015,3
https://openalex.org/A5004353237,2015,3
https://openalex.org/A5004354681,2015,3
https://openalex.org/A5004453915,2015,3
https://openalex.org/A5004716468,2015,3
https://openalex.org/A5005235934,2015,3
https://openalex.org/A5005297246,2015,3
https://openalex.org/A5005950099,2015,3
https://openalex.org/A5006629975,2015,3
https://openalex.org/A5007368689,2015,3
https://openalex.org/A5008425976,2015,3
https://openalex.org/A5009491631,2015,3
https://openalex.org/A5009982931,2015,3
https://openalex.org/A5010007692,2015,3
https://openalex.org/A5010165733,2015,3
https://openalex.org/A5011218295,2015,3
https://openalex.org/A5011680564,2015,3
https://openalex.org/A5012040294,2015,3
https://openalex.org/A5012727269,2015,3
https://openalex.org/A5014123853,2015,3
https://openalex.org/A5015264496,2015,3
https://openalex.org/A5015925094,2015,3
https://openalex.org/A5020162825,2015,3
https://openalex.org/A5020858418,2015,3
https://openalex.org/A5020881468,2015,3
https://openalex.org/A5025342111,2015,3
https://openalex.org/A5026541761,2015,3
https://openalex.org/A5027059837,2015,3
https://openalex.org/A5027254419,2015,3
https://openalex.org/A5027401676,2015,3
https://openalex.org/A5029572039,2015,3
https://openalex.org/A5030897239,2015,3
https://openalex.org/A5031329242,2015,3
https://openalex.org/A5031749307,2015,3
https://openalex.org/A5031860916,2015,3
https://openalex.org/A5031919372,2015,3
https://openalex.org/A5031996459,2015,3
https://openalex.org/A5032356827,2015,3
https://openalex.org/A5032850756,2015,3
https://openalex.org/A5033298605,2015,3
https://openalex.org/A5034207360,2015,3
https://openalex.org/A5034358881,2015,3
https://openalex.org/A5035250700,2015,3
https://openalex.org/A5036923797,2015,3
https://openalex.org/A5037777207,2015,3
https://openalex.org/A5038130835,2015,3
https://openalex.org/A5038138281,2015,3
https://openalex.org/A5038242041,2015,3
https://openalex.org/A5038445677,2015,3
https://openalex.org/A5038908529,2015,3
https://openalex.org/A5039640321,2015,3
https://openalex.org/A5039645915,2015,3
https://openalex.org/A5040587162,2015,3
https://openalex.org/A5040751601,2015,3
https://openalex.org/A5041358503,2015,3
https://openalex.org/A5041529240,2015,3
https://openalex.org/A5041549614,2015,3
https://openalex.org/A5042014034,2015,3
https://openalex.org/A5042899882,2015,3
https://openalex.org/A5043226674,2015,3
https://openalex.org/A5043370961,2015,3
https://openalex.org/A5045413165,2015,3
https://openalex.org/A5046228314,2015,3
https://openalex.org/A5046807900,2015,3
https://openalex.org/A5047125009,2015,3
https://openalex.org/A5048773439,2015,3
https://openalex.org/A5049517695,2015,3
https://openalex.org/A5049541486,2015,3
https://openalex.org/A5051250767,2015,3
https://openalex.org/A5052054395,2015,3
https://openalex.org/A5052236177,2015,3
https://openalex.org/A5053011888,2015,3
https://openalex.org/A5053332279,2015,3
https://openalex.org/A5056119397,2015,3
https://openalex.org/A5056398983,2015,3
https://openalex.org/A5056455910,2015,3
https://openalex.org/A5058417675,2015,3
https://openalex.org/A5059765313,2015,3
https://openalex.org/A5059767940,2015,3
https://openalex.org/A5059875761,2015,3
https://openalex.org/A5062971467,2015,3
https://openalex.org/A5063891546,2015,3
https://openalex.org/A5065012367,2015,3
https://openalex.org/A5066387416,2015,3
https://openalex.org/A5066423567,2015,3
https://openalex.org/A5066437907,2015,3
https://openalex.org/A5067219074,2015,3
https://openalex.org/A5067927122,2015,3
https://openalex.org/A5068406135,2015,3
https://openalex.org/A5070303500,2015,3
https://openalex.org/A5070368916,2015,3
https://openalex.org/A5071172037,2015,3
https://openalex.org/A5072540019,2015,3
https://openalex.org/A5072713767,2015,3
https://openalex.org/A5072890368,2015,3
https://openalex.org/A5072905534,2015,3
https://openalex.org/A5073570293,2015,3
https://openalex.org/A5074351078,2015,3
https://openalex.org/A5074936277,2015,3
https://openalex.org/A5075796989,2015,3
https://openalex.org/A5076868018,2015,3
https://openalex.org/A5077046519,2015,3
https://openalex.org/A5077783791,2015,3
https://openalex.org/A5078102229,2015,3
https://openalex.org/A5078847927,2015,3
https://openalex.org/A5081198426,2015,3
https://openalex.org/A5081627147,2015,3
https://openalex.org/A5082304130,2015,3
https://openalex.org/A5082605114,2015,3
https://openalex.org/A5083725267,2015,3
https://openalex.org/A5083744464,2015,3
https://openalex.org/A5083781406,2015,3
https://openalex.org/A5086603207,2015,3
https://openalex.org/A5086944260,2015,3
https://openalex.org/A5087679173,2015,3
https://openalex.org/A5087971686,2015,3
https://openalex.org/A5088339142,2015,3
https://openalex.org/A5088815712,2015,3
https://openalex.org/A5088865404,2015,3
https://openalex.org/A5088963201,2015,3
https://openalex.org/A5088999183,2015,3
https://openalex.org/A5091608832,2015,3
https://openalex.org/A5100320723,2015,3
https://openalex.org/A5100325058,2015,3
https://openalex.org/A5100335524,2015,3
https://openalex.org/A5100348588,2015,3
https://openalex.org/A5100382929,2015,3
https://openalex.org/A5100399485,2015,3
https://openalex.org/A5100404176,2015,3
https://openalex.org/A5100424261,2015,3
https://openalex.org/A5100460385,2015,3
https://openalex.org/A5100462440,2015,3
https://openalex.org/A5100620306,2015,3
https://openalex.org/A5100726973,2015,3
https://openalex.org/A5100741568,2015,3
https://openalex.org/A5100743103,2015,3
https://openalex.org/A5100763986,2015,3
https://openalex.org/A5100770109,2015,3
https://openalex.org/A5100782508,2015,3
https://openalex.org/A5100906891,2015,3
https://openalex.org/A5100979363,2015,3
https://openalex.org/A5101180037,2015,3
https://openalex.org/A5101509590,2015,3
https://openalex.org/A5101512610,2015,3
https://openalex.org/A5101727205,2015,3
https://openalex.org/A5101930471,2015,3
https://openalex.org/A5102340607,2015,3
https://openalex.org/A5102883508,2015,3
https://openalex.org/A5102890597,2015,3
https://openalex.org/A5102897545,2015,3
https://openalex.org/A5102921586,2015,3
https://openalex.org/A5103033393,2015,3
https://openalex.org/A5103252932,2015,3
https://openalex.org/A5103253348,2015,3
https://openalex.org/A5103503442,2015,3
https://openalex.org/A5103545657,2015,3
https://openalex.org/A5103751566,2015,3
https://openalex.org/A5105528886,2015,3
https://openalex.org/A5106707885,2015,3
https://openalex.org/A5107337645,2015,3
https://openalex.org/A5108137151,2015,3
https://openalex.org/A5108523545,2015,3
https://openalex.org/A5109219829,2015,3
https://openalex.org/A5110275739,2015,3
https://openalex.org/A5110447460,2015,3
https://openalex.org/A5111774389,2015,3
https://openalex.org/A5112191507,2015,3
https://openalex.org/A5113226667,2015,3
https://openalex.org/A5113706388,2015,3
https://openalex.org/A5000350952,2016,3
https://openalex.org/A5000991627,2016,3
https://openalex.org/A5004778663,2016,3
https://openalex.org/A5005034184,2016,3
https://openalex.org/A5005789795,2016,3
https://openalex.org/A5005793557,2016,3
https://openalex.org/A5005908865,2016,3
https://openalex.org/A5006249840,2016,3
https://openalex.org/A5008107321,2016,3
https://openalex.org/A5009037058,2016,3
https://openalex.org/A5009239144,2016,3
https://openalex.org/A5010253402,2016,3
https://openalex.org/A5011235627,2016,3
https://openalex.org/A5013928164,2016,3
https://openalex.org/A5014055962,2016,3
https://openalex.org/A5015183490,2016,3
https://openalex.org/A5017490804,2016,3
https://openalex.org/A5017743261,2016,3
https://openalex.org/A5018095069,2016,3
https://openalex.org/A5018193052,2016,3
https://openalex.org/A5018244514,2016,3
https://openalex.org/A5019380351,2016,3
https://openalex.org/A5021667085,2016,3
https://openalex.org/A5021928542,2016,3
https://openalex.org/A5023025427,2016,3
https://openalex.org/A5024278302,2016,3
https://openalex.org/A5025034683,2016,3
https://openalex.org/A5025976094,2016,3
https://openalex.org/A5027222571,2016,3
https://openalex.org/A5027329007,2016,3
https://openalex.org/A5027442277,2016,3
https://openalex.org/A5028707161,2016,3
https://openalex.org/A5030409494,2016,3
https://openalex.org/A5030491641,2016,3
https://openalex.org/A5031677077,2016,3
https://openalex.org/A5032004510,2016,3
https://openalex.org/A5034424874,2016,3
https://openalex.org/A5037555476,2016,3
https://openalex.org/A5038802330,2016,3
https://openalex.org/A5038936106,2016,3
https://openalex.org/A5040508737,2016,3
https://openalex.org/A5041745766,2016,3
https://openalex.org/A5044267273,2016,3
https://openalex.org/A5046084081,2016,3
https://openalex.org/A5048814792,2016,3
https://openalex.org/A5049659586,2016,3
https://openalex.org/A5050229964,2016,3
https://openalex.org/A5053452157,2016,3
https://openalex.org/A5053580386,2016,3
https://openalex.org/A5054600485,2016,3
https://openalex.org/A5054823276,2016,3
https://openalex.org/A5055698894,2016,3
https://openalex.org/A5060042752,2016,3
https://openalex.org/A5061601210,2016,3
https://openalex.org/A5061960274,2016,3
https://openalex.org/A5062096014,2016,3
https://openalex.org/A5062949033,2016,3
https://openalex.org/A5062951341,2016,3
https://openalex.org/A5065193578,2016,3
https://openalex.org/A5065210301,2016,3
https://openalex.org/A5065250332,2016,3
https://openalex.org/A5067705729,2016,3
https://openalex.org/A5067919401,2016,3
https://openalex.org/A5068150504,2016,3
https://openalex.org/A5068865316,2016,3
https://openalex.org/A5068955381,2016,3
https://openalex.org/A5069734813,2016,3
https://openalex.org/A5071214181,2016,3
https://openalex.org/A5073522595,2016,3
https://openalex.org/A5073535763,2016,3
https://openalex.org/A5074059447,2016,3
https://openalex.org/A5074408622,2016,3
https://openalex.org/A5075202152,2016,3
https://openalex.org/A5075246991,2016,3
https://openalex.org/A5076150774,2016,3
https://openalex.org/A5076158137,2016,3
https://openalex.org/A5076170578,2016,3
https://openalex.org/A5077805110,2016,3
https://openalex.org/A5078183732,2016,3
https://openalex.org/A5079380441,2016,3
https://openalex.org/A5080457003,2016,3
https://openalex.org/A5082380547,2016,3
https://openalex.org/A5085585975,2016,3
https://openalex.org/A5086441051,2016,3
https://openalex.org/A5087393833,2016,3
https://openalex.org/A5090351022,2016,3
https://openalex.org/A5100331488,2016,3
https://openalex.org/A5100363719,2016,3
https://openalex.org/A5100409530,2016,3
https://openalex.org/A5100412598,2016,3
https://openalex.org/A5100455151,2016,3
https://openalex.org/A5100456700,2016,3
https://openalex.org/A5100552155,2016,3
https://openalex.org/A5100641132,2016,3
https://openalex.org/A5100654759,2016,3
https://openalex.org/A5100695700,2016,3
https://openalex.org/A5100701572,2016,3
https://openalex.org/A5100716372,2016,3
https://openalex.org/A5100736935,2016,3
https://openalex.org/A5101657686,2016,3
https://openalex.org/A5101789992,2016,3
https://openalex.org/A5102777251,2016,3
https://openalex.org/A5102874379,2016,3
https://openalex.org/A5102881531,2016,3
https://openalex.org/A5103139695,2016,3
https://openalex.org/A5103257775,2016,3
https://openalex.org/A5103297461,2016,3
https://openalex.org/A5103789387,2016,3
https://openalex.org/A5103953853,2016,3
https://openalex.org/A5108118084,2016,3
https://openalex.org/A5109267551,2016,3
https://openalex.org/A5110664463,2016,3
https://openalex.org/A5112947561,2016,3
https://openalex.org/A5000542061,2014,2
https://openalex.org/A5001614601,2014,2
https://openalex.org/A5001760915,2014,2
https://openalex.org/A5001763022,2014,2
https://openalex.org/A5002069408,2014,2
https://openalex.org/A5002361823,2014,2
https://openalex.org/A5003312344,2014,2
https://openalex.org/A5003935964,2014,2
https://openalex.org/A5004004818,2014,2
https://openalex.org/A5004145677,2014,2
https://openalex.org/A5004194238,2014,2
https://openalex.org/A5004737962,2014,2
https://openalex.org/A5004840638,2014,2
https://openalex.org/A5005337141,2014,2
https://openalex.org/A5005421447,2014,2
https://openalex.org/A5005431772,2014,2
https://openalex.org/A5005554066,2014,2
https://openalex.org/A5005779128,2014,2
https://openalex.org/A5006155598,2014,2
https://openalex.org/A5006376476,2014,2
https://openalex.org/A5006474216,2014,2
https://openalex.org/A5006657349,2014,2
https://openalex.org/A5007090019,2014,2
https://openalex.org/A5007145568,2014,2
https://openalex.org/A5007836692,2014,2
https://openalex.org/A5007874699,2014,2
https://openalex.org/A5008536178,2014,2
https://openalex.org/A5008835202,2014,2
https://openalex.org/A5009187355,2014,2
https://openalex.org/A5009385663,2014,2
https://openalex.org/A5009537215,2014,2
https://openalex.org/A5009750573,2014,2
https://openalex.org/A5009791474,2014,2
https://openalex.org/A5010447902,2014,2
https://openalex.org/A5010954824,2014,2
https://openalex.org/A5010974959,2014,2
https://openalex.org/A5011006265,2014,2
https://openalex.org/A5011324408,2014,2
https://openalex.org/A5011567934,2014,2
https://openalex.org/A5011925809,2014,2
https://openalex.org/A5012244391,2014,2
https://openalex.org/A5013599780,2014,2
https://openalex.org/A5013673544,2014,2
https://openalex.org/A5013689593,2014,2
https://openalex.org/A5014632144,2014,2
https://openalex.org/A5016033996,2014,2
https://openalex.org/A5016080094,2014,2
https://openalex.org/A5016214321,2014,2
https://openalex.org/A5016258462,2014,2
https://openalex.org/A5016468437,2014,2
https://openalex.org/A5016665254,2014,2
https://openalex.org/A5016899919,2014,2
https://openalex.org/A5017043410,2014,2
https://openalex.org/A5017116281,2014,2
https://openalex.org/A5017246903,2014,2
https://openalex.org/A5017922290,2014,2
https://openalex.org/A5017977139,2014,2
https://openalex.org/A5018168885,2014,2
https://openalex.org/A5018327460,2014,2
https://openalex.org/A5018468149,2014,2
https://openalex.org/A5018491839,2014,2
https://openalex.org/A5018493892,2014,2
https://openalex.org/A5018583043,2014,2
https://openalex.org/A5018704921,2014,2
https://openalex.org/A5018727718,2014,2
https://openalex.org/A5018935535,2014,2
https://openalex.org/A5019206666,2014,2
https://openalex.org/A5019905286,2014,2
https://openalex.org/A5020938031,2014,2
https://openalex.org/A5021251327,2014,2
https://openalex.org/A5021460054,2014,2
https://openalex.org/A5021872761,2014,2
https://openalex.org/A5022839055,2014,2
https://openalex.org/A5023162211,2014,2
https://openalex.org/A5023447719,2014,2
https://openalex.org/A5023542095,2014,2
https://openalex.org/A5023677285,2014,2
https://openalex.org/A5024190820,2014,2
https://openalex.org/A5025046851,2014,2
https://openalex.org/A5025250742,2014,2
https://openalex.org/A5025479176,2014,2
https://openalex.org/A5025740289,2014,2
https://openalex.org/A5025841244,2014,2
https://openalex.org/A5026576642,2014,2
https://openalex.org/A5026731407,2014,2
https://openalex.org/A5027002144,2014,2
https://openalex.org/A5027200864,2014,2
https://openalex.org/A5027265893,2014,2
https://openalex.org/A5027671723,2014,2
https://openalex.org/A5028501178,2014,2
https://openalex.org/A5028830723,2014,2
https://openalex.org/A5028899632,2014,2
https://openalex.org/A5029182688,2014,2
https://openalex.org/A5029633264,2014,2
https://openalex.org/A5029872167,2014,2
https://openalex.org/A5030455449,2014,2
https://openalex.org/A5030706452,2014,2
https://openalex.org/A5031054137,2014,2
https://openalex.org/A5031533607,2014,2
https://openalex.org/A5031541564,2014,2
https://openalex.org/A5031903916,2014,2
https://openalex.org/A5033395667,2014,2
https://openalex.org/A5033579333,2014,2
https://openalex.org/A5033809734,2014,2
https://openalex.org/A5033881432,2014,2
https://openalex.org/A5033883510,2014,2
https://openalex.org/A5034069364,2014,2
https://openalex.org/A5034294738,2014,2
https://openalex.org/A5034525340,2014,2
https://openalex.org/A5035471281,2014,2
https://openalex.org/A5035692473,2014,2
https://openalex.org/A5036072727,2014,2
https://openalex.org/A5036218196,2014,2
https://openalex.org/A5036302820,2014,2
https://openalex.org/A5036555043,2014,2
https://openalex.org/A5036878383,2014,2
https://openalex.org/A5037306106,2014,2
https://openalex.org/A5037337384,2014,2
https://openalex.org/A5037771946,2014,2
https://openalex.org/A5037826633,2014,2
https://openalex.org/A5037853022,2014,2
https://openalex.org/A5038550838,2014,2
https://openalex.org/A5038685994,2014,2
https://openalex.org/A5038872849,2014,2
https://openalex.org/A5039076312,2014,2
https://openalex.org/A5039089757,2014,2
https://openalex.org/A5039160245,2014,2
https://openalex.org/A5039213686,2014,2
https://openalex.org/A5040245862,2014,2
https://openalex.org/A5040300410,2014,2
https://openalex.org/A5040437196,2014,2
https://openalex.org/A5040553734,2014,2
https://openalex.org/A5041530029,2014,2
https://openalex.org/A5041953271,2014,2
https://openalex.org/A5042014890,2014,2
https://openalex.org/A5042461725,2014,2
https://openalex.org/A5043131371,2014,2
https://openalex.org/A5043495145,2014,2
https://openalex.org/A5044389627,2014,2
https://openalex.org/A5045167637,2014,2
https://openalex.org/A5045316602,2014,2
https://openalex.org/A5045583589,2014,2
https://openalex.org/A5045719865,2014,2
https://openalex.org/A5045832504,2014,2
https://openalex.org/A5045956172,2014,2
https://openalex.org/A5046728432,2014,2
https://openalex.org/A5047314512,2014,2
https://openalex.org/A5047387730,2014,2
https://openalex.org/A5047526101,2014,2
https://openalex.org/A5047664722,2014,2
https://openalex.org/A5047894790,2014,2
https://openalex.org/A5048002342,2014,2
https://openalex.org/A5048208600,2014,2
https://openalex.org/A5048411778,2014,2
https://openalex.org/A5049280090,2014,2
https://openalex.org/A5050487558,2014,2
https://openalex.org/A5050630882,2014,2
https://openalex.org/A5050657606,2014,2
https://openalex.org/A5050801868,2014,2
https://openalex.org/A5051540673,2014,2
https://openalex.org/A5052699188,2014,2
https://openalex.org/A5052889198,2014,2
https://openalex.org/A5053247525,2014,2
https://openalex.org/A5053259123,2014,2
https://openalex.org/A5053549221,2014,2
https://openalex.org/A5053915453,2014,2
https://openalex.org/A5054509020,2014,2
https://openalex.org/A5054694306,2014,2
https://openalex.org/A5054893743,2014,2
https://openalex.org/A5054894664,2014,2
https://openalex.org/A5055423631,2014,2
https://openalex.org/A5055448513,2014,2
https://openalex.org/A5055480592,2014,2
https://openalex.org/A5055550697,2014,2
https://openalex.org/A5055614518,2014,2
https://openalex.org/A5055819776,2014,2
https://openalex.org/A5056058837,2014,2
https://openalex.org/A5056179227,2014,2
https://openalex.org/A5056299703,2014,2
https://openalex.org/A5056503617,2014,2
https://openalex.org/A5056551357,2014,2
https://openalex.org/A5056875847,2014,2
https://openalex.org/A5057346988,2014,2
https://openalex.org/A5057479446,2014,2
https://openalex.org/A5057685436,2014,2
https://openalex.org/A5057707318,2014,2
https://openalex.org/A5057883374,2014,2
https://openalex.org/A5057999830,2014,2
https://openalex.org/A5058678073,2014,2
https://openalex.org/A5058698516,2014,2
https://openalex.org/A5058747795,2014,2
https://openalex.org/A5058849717,2014,2
https://openalex.org/A5059810716,2014,2
https://openalex.org/A5059926057,2014,2
https://openalex.org/A5060143865,2014,2
https://openalex.org/A5060421432,2014,2
https://openalex.org/A5060807762,2014,2
https://openalex.org/A5061044862,2014,2
https://openalex.org/A5061110835,2014,2
https://openalex.org/A5061634216,2014,2
https://openalex.org/A5062009349,2014,2
https://openalex.org/A5062125413,2014,2
https://openalex.org/A5062182951,2014,2
https://openalex.org/A5062361716,2014,2
https://openalex.org/A5062442962,2014,2
https://openalex.org/A5062648585,2014,2
https://openalex.org/A5063002782,2014,2
https://openalex.org/A5063017140,2014,2
https://openalex.org/A5063324462,2014,2
https://openalex.org/A5063557387,2014,2
https://openalex.org/A5063558450,2014,2
https://openalex.org/A5063888301,2014,2
https://openalex.org/A5063992873,2014,2
https://openalex.org/A5064000393,2014,2
https://openalex.org/A5064157398,2014,2
https://openalex.org/A5064168853,2014,2
https://openalex.org/A5064255608,2014,2
https://openalex.org/A5064259943,2014,2
https://openalex.org/A5064873591,2014,2
https://openalex.org/A5064927253,2014,2
https://openalex.org/A5065063835,2014,2
https://openalex.org/A5065086376,2014,2
https://openalex.org/A5065380232,2014,2
https://openalex.org/A5065394791,2014,2
https://openalex.org/A5065560813,2014,2
https://openalex.org/A5065705883,2014,2
https://openalex.org/A5066064042,2014,2
https://openalex.org/A5066262755,2014,2
https://openalex.org/A5066373250,2014,2
https://openalex.org/A5066553616,2014,2
https://openalex.org/A5067302960,2014,2
https://openalex.org/A5067387435,2014,2
https://openalex.org/A5067506984,2014,2
https://openalex.org/A5067549788,2014,2
https://openalex.org/A5067688286,2014,2
https://openalex.org/A5068195972,2014,2
https://openalex.org/A5068291255,2014,2
https://openalex.org/A5068305732,2014,2
https://openalex.org/A5068469395,2014,2
https://openalex.org/A5068753038,2014,2
https://openalex.org/A5068847448,2014,2
https://openalex.org/A5069456676,2014,2
https://openalex.org/A5069842152,2014,2
https://openalex.org/A5070133907,2014,2
https://openalex.org/A5071031607,2014,2
https://openalex.org/A5071190331,2014,2
https://openalex.org/A5071669372,2014,2
https://openalex.org/A5072095401,2014,2
https://openalex.org/A5072218735,2014,2
https://openalex.org/A5072434846,2014,2
https://openalex.org/A5072453520,2014,2
https://openalex.org/A5072835010,2014,2
https://openalex.org/A5073119061,2014,2
https://openalex.org/A5073320959,2014,2
https://openalex.org/A5074103258,2014,2
https://openalex.org/A5075155488,2014,2
https://openalex.org/A5075425857,2014,2
https://openalex.org/A5075880303,2014,2
https://openalex.org/A5075939769,2014,2
https://openalex.org/A5076064509,2014,2
https://openalex.org/A5076090670,2014,2
https://openalex.org/A5076093418,2014,2
https://openalex.org/A5077183175,2014,2
https://openalex.org/A5077728082,2014,2
https://openalex.org/A5078015739,2014,2
https://openalex.org/A5078107720,2014,2
https://openalex.org/A5078730925,2014,2
https://openalex.org/A5078894464,2014,2
https://openalex.org/A5079016482,2014,2
https://openalex.org/A5079233454,2014,2
https://openalex.org/A5079786074,2014,2
https://openalex.org/A5080397654,2014,2
https://openalex.org/A5080687142,2014,2
https://openalex.org/A5080823547,2014,2
https://openalex.org/A5080842029,2014,2
https://openalex.org/A5081634601,2014,2
https://openalex.org/A5081693785,2014,2
https://openalex.org/A5081763875,2014,2
https://openalex.org/A5081957526,2014,2
https://openalex.org/A5082439609,2014,2
https://openalex.org/A5082732430,2014,2
https://openalex.org/A5083126155,2014,2
https://openalex.org/A5083362570,2014,2
https://openalex.org/A5083556808,2014,2
https://openalex.org/A5083652196,2014,2
https://openalex.org/A5083849173,2014,2
https://openalex.org/A5083869087,2014,2
https://openalex.org/A5084218062,2014,2
https://openalex.org/A5084235091,2014,2
https://openalex.org/A5084552425,2014,2
https://openalex.org/A5084598633,2014,2
https://openalex.org/A5084606605,2014,2
https://openalex.org/A5084688255,2014,2
https://openalex.org/A5084789304,2014,2
https://openalex.org/A5084800757,2014,2
https://openalex.org/A5085022758,2014,2
https://openalex.org/A5085191053,2014,2
https://openalex.org/A5085222374,2014,2
https://openalex.org/A5085870393,2014,2
https://openalex.org/A5086277648,2014,2
https://openalex.org/A5086880868,2014,2
https://openalex.org/A5087193137,2014,2
https://openalex.org/A5087726516,2014,2
https://openalex.org/A5088262368,2014,2
https://openalex.org/A5088840119,2014,2
https://openalex.org/A5089280934,2014,2
https://openalex.org/A5089484330,2014,2
https://openalex.org/A5089493027,2014,2
https://openalex.org/A5089847337,2014,2
https://openalex.org/A5090045508,2014,2
https://openalex.org/A5090172138,2014,2
https://openalex.org/A5090388482,2014,2
https://openalex.org/A5090845509,2014,2
https://openalex.org/A5091008519,2014,2
https://openalex.org/A5091051219,2014,2
https://openalex.org/A5091447107,2014,2
https://openalex.org/A5091895626,2014,2
https://openalex.org/A5100322114,2014,2
https://openalex.org/A5100335132,2014,2
https://openalex.org/A5100338853,2014,2
https://openalex.org/A5100339552,2014,2
https://openalex.org/A5100361857,2014,2
https://openalex.org/A5100362015,2014,2
https://openalex.org/A5100365836,2014,2
https://openalex.org/A5100374746,2014,2
https://openalex.org/A5100381999,2014,2
https://openalex.org/A5100389329,2014,2
https://openalex.org/A5100393445,2014,2
https://openalex.org/A5100399257,2014,2
https://openalex.org/A5100403129,2014,2
https://openalex.org/A5100409861,2014,2
https://openalex.org/A5100412443,2014,2
https://openalex.org/A5100418684,2014,2
https://openalex.org/A5100427076,2014,2
https://openalex.org/A5100431257,2014,2
https://openalex.org/A5100435494,2014,2
https://openalex.org/A5100436501,2014,2
https://openalex.org/A5100440604,2014,2
https://openalex.org/A5100449043,2014,2
https://openalex.org/A5100600271,2014,2
https://openalex.org/A5100602553,2014,2
https://openalex.org/A5100608185,2014,2
https://openalex.org/A5100613529,2014,2
https://openalex.org/A5100621476,2014,2
https://openalex.org/A5100622028,2014,2
https://openalex.org/A5100668600,2014,2
https://openalex.org/A5100701612,2014,2
https://openalex.org/A5100761750,2014,2
https://openalex.org/A5100766315,2014,2
https://openalex.org/A5101233627,2014,2
https://openalex.org/A5101391750,2014,2
https://openalex.org/A5101398091,2014,2
https://openalex.org/A5101401215,2014,2
https://openalex.org/A5101423778,2014,2
https://openalex.org/A5101457342,2014,2
https://openalex.org/A5101461004,2014,2
https://openalex.org/A5101498950,2014,2
https://openalex.org/A5101550628,2014,2
https://openalex.org/A5101589057,2014,2
https://openalex.org/A5101640103,2014,2
https://openalex.org/A5101699334,2014,2
https://openalex.org/A5101799712,2014,2
https://openalex.org/A5101868179,2014,2
https://openalex.org/A5101880946,2014,2
https://openalex.org/A5101886203,2014,2
https://openalex.org/A5101976473,2014,2
https://openalex.org/A5102014000,2014,2
https://openalex.org/A5102083144,2014,2
https://openalex.org/A5102250816,2014,2
https://openalex.org/A5102300685,2014,2
https://openalex.org/A5102416863,2014,2
https://openalex.org/A5102798544,2014,2
https://openalex.org/A5102816082,2014,2
https://openalex.org/A5102825817,2014,2
https://openalex.org/A5102864523,2014,2
https://openalex.org/A5102865824,2014,2
https://openalex.org/A5102888926,2014,2
https://openalex.org/A5102904934,2014,2
https://openalex.org/A5102939161,2014,2
https://openalex.org/A5103093001,2014,2
https://openalex.org/A5103418041,2014,2
https://openalex.org/A5103471095,2014,2
https://openalex.org/A5103508272,2014,2
https://openalex.org/A5103651548,2014,2
https://openalex.org/A5104361813,2014,2
https://openalex.org/A5108091314,2014,2
https://openalex.org/A5108187909,2014,2
https://openalex.org/A5108509054,2014,2
https://openalex.org/A5108565885,2014,2
https://openalex.org/A5108642431,2014,2
https://openalex.org/A5109584759,2014,2
https://openalex.org/A5109787260,2014,2
https://openalex.org/A5109898919,2014,2
https://openalex.org/A5110230867,2014,2
https://openalex.org/A5110462436,2014,2
https://openalex.org/A5110505504,2014,2
https://openalex.org/A5111201294,2014,2
https://openalex.org/A5111780313,2014,2
https://openalex.org/A5111963744,2014,2
https://openalex.org/A5112193907,2014,2
https://openalex.org/A5112203511,2014,2
https://openalex.org/A5112240250,2014,2
https://openalex.org/A5112253415,2014,2
https://openalex.org/A5112309914,2014,2
https://openalex.org/A5112579199,2014,2
https://openalex.org/A5112795941,2014,2
https://openalex.org/A5113113768,2014,2
https://openalex.org/A5113777904,2014,2
https://openalex.org/A5113908330,2014,2
https://openalex.org/A5113987537,2014,2
https://openalex.org/A5114017833,2014,2
https://openalex.org/A5117823215,2014,2
https://openalex.org/A5127217702,2014,2
https://openalex.org/A5000126238,2015,2
https://openalex.org/A5000244663,2015,2
https://openalex.org/A5000302987,2015,2
https://openalex.org/A5000326208,2015,2
https://openalex.org/A5000328546,2015,2
https://openalex.org/A5000454484,2015,2
https://openalex.org/A5000650022,2015,2
https://openalex.org/A5001082656,2015,2
https://openalex.org/A5001445783,2015,2
https://openalex.org/A5001502834,2015,2
https://openalex.org/A5001522727,2015,2
https://openalex.org/A5001531117,2015,2
https://openalex.org/A5001534492,2015,2
https://openalex.org/A5001707003,2015,2
https://openalex.org/A5002068604,2015,2
https://openalex.org/A5002237194,2015,2
https://openalex.org/A5002311435,2015,2
https://openalex.org/A5002498656,2015,2
https://openalex.org/A5003589751,2015,2
https://openalex.org/A5003638555,2015,2
https://openalex.org/A5003710781,2015,2
https://openalex.org/A5003860347,2015,2
https://openalex.org/A5003978255,2015,2
https://openalex.org/A5004096995,2015,2
https://openalex.org/A5004295653,2015,2
https://openalex.org/A5004562224,2015,2
https://openalex.org/A5004624616,2015,2
https://openalex.org/A5004721126,2015,2
https://openalex.org/A5004750246,2015,2
https://openalex.org/A5004994916,2015,2
https://openalex.org/A5005315243,2015,2
https://openalex.org/A5005694106,2015,2
https://openalex.org/A5005905514,2015,2
https://openalex.org/A5006056157,2015,2
https://openalex.org/A5006117551,2015,2
https://openalex.org/A5006329260,2015,2
https://openalex.org/A5006403714,2015,2
https://openalex.org/A5007005038,2015,2
https://openalex.org/A5007320561,2015,2
https://openalex.org/A5007441610,2015,2
https://openalex.org/A5008002599,2015,2
https://openalex.org/A5008264072,2015,2
https://openalex.org/A5008661738,2015,2
https://openalex.org/A5009032240,2015,2
https://openalex.org/A5009154893,2015,2
https://openalex.org/A5009608923,2015,2
https://openalex.org/A5010277066,2015,2
https://openalex.org/A5010401680,2015,2
https://openalex.org/A5011059906,2015,2
https://openalex.org/A5011424640,2015,2
https://openalex.org/A5011674867,2015,2
https://openalex.org/A5011795407,2015,2
https://openalex.org/A5011824101,2015,2
https://openalex.org/A5012065009,2015,2
https://openalex.org/A5012657462,2015,2
https://openalex.org/A5012903661,2015,2
https://openalex.org/A5013101916,2015,2
https://openalex.org/A5013197657,2015,2
https://openalex.org/A5013282268,2015,2
https://openalex.org/A5014100513,2015,2
https://openalex.org/A5014123545,2015,2
https://openalex.org/A5014362734,2015,2
https://openalex.org/A5014732934,2015,2
https://openalex.org/A5014918931,2015,2
https://openalex.org/A5015357432,2015,2
https://openalex.org/A5015435082,2015,2
https://openalex.org/A5015612495,2015,2
https://openalex.org/A5015656536,2015,2
https://openalex.org/A5015856151,2015,2
https://openalex.org/A5016925752,2015,2
https://openalex.org/A5016957024,2015,2
https://openalex.org/A5017047998,2015,2
https://openalex.org/A5017263427,2015,2
https://openalex.org/A5017399707,2015,2
https://openalex.org/A5018207993,2015,2
https://openalex.org/A5018292103,2015,2
https://openalex.org/A5018385297,2015,2
https://openalex.org/A5018553457,2015,2
https://openalex.org/A5018556494,2015,2
https://openalex.org/A5018626055,2015,2
https://openalex.org/A5018793406,2015,2
https://openalex.org/A5019313200,2015,2
https://openalex.org/A5019328343,2015,2
https://openalex.org/A5019419833,2015,2
https://openalex.org/A5019471288,2015,2
https://openalex.org/A5019525045,2015,2
https://openalex.org/A5019655341,2015,2
https://openalex.org/A5020181962,2015,2
https://openalex.org/A5020400305,2015,2
https://openalex.org/A5020781629,2015,2
https://openalex.org/A5020789777,2015,2
https://openalex.org/A5020921619,2015,2
https://openalex.org/A5021062973,2015,2
https://openalex.org/A5021396157,2015,2
https://openalex.org/A5021908609,2015,2
https://openalex.org/A5022815207,2015,2
https://openalex.org/A5022938074,2015,2
https://openalex.org/A5023365259,2015,2
https://openalex.org/A5023456426,2015,2
https://openalex.org/A5023698748,2015,2
https://openalex.org/A5023897120,2015,2
https://openalex.org/A5023897646,2015,2
https://openalex.org/A5024074640,2015,2
https://openalex.org/A5024453550,2015,2
https://openalex.org/A5024657461,2015,2
https://openalex.org/A5024769212,2015,2
https://openalex.org/A5025030042,2015,2
https://openalex.org/A5025139735,2015,2
https://openalex.org/A5025629651,2015,2
https://openalex.org/A5026419383,2015,2
https://openalex.org/A5026880795,2015,2
https://openalex.org/A5027074210,2015,2
https://openalex.org/A5027526503,2015,2
https://openalex.org/A5027938867,2015,2
https://openalex.org/A5028182466,2015,2
https://openalex.org/A5028628615,2015,2
https://openalex.org/A5030046423,2015,2
https://openalex.org/A5030149703,2015,2
https://openalex.org/A5030675176,2015,2
https://openalex.org/A5030951605,2015,2
https://openalex.org/A5031127974,2015,2
https://openalex.org/A5031205865,2015,2
https://openalex.org/A5031351366,2015,2
https://openalex.org/A5031548623,2015,2
https://openalex.org/A5031729932,2015,2
https://openalex.org/A5032046813,2015,2
https://openalex.org/A5032429023,2015,2
https://openalex.org/A5033588812,2015,2
https://openalex.org/A5033615240,2015,2
https://openalex.org/A5034084717,2015,2
https://openalex.org/A5034095010,2015,2
https://openalex.org/A5034334762,2015,2
https://openalex.org/A5034470100,2015,2
https://openalex.org/A5034550765,2015,2
https://openalex.org/A5034654931,2015,2
https://openalex.org/A5036357902,2015,2
https://openalex.org/A5036469465,2015,2
https://openalex.org/A5036473782,2015,2
https://openalex.org/A5036481579,2015,2
https://openalex.org/A5036521015,2015,2
https://openalex.org/A5036585974,2015,2
https://openalex.org/A5036812674,2015,2
https://openalex.org/A5037534021,2015,2
https://openalex.org/A5037751002,2015,2
https://openalex.org/A5037751863,2015,2
https://openalex.org/A5037944527,2015,2
https://openalex.org/A5038020125,2015,2
https://openalex.org/A5038124844,2015,2
https://openalex.org/A5038397893,2015,2
https://openalex.org/A5038629539,2015,2
https://openalex.org/A5038634005,2015,2
https://openalex.org/A5038715612,2015,2
https://openalex.org/A5038847656,2015,2
https://openalex.org/A5039085081,2015,2
https://openalex.org/A5039092855,2015,2
https://openalex.org/A5039935479,2015,2
https://openalex.org/A5040009761,2015,2
https://openalex.org/A5040561209,2015,2
https://openalex.org/A5040657266,2015,2
https://openalex.org/A5041323275,2015,2
https://openalex.org/A5041837130,2015,2
https://openalex.org/A5042304641,2015,2
https://openalex.org/A5042370642,2015,2
https://openalex.org/A5042384129,2015,2
https://openalex.org/A5042603880,2015,2
https://openalex.org/A5042628612,2015,2
https://openalex.org/A5042656235,2015,2
https://openalex.org/A5043054994,2015,2
https://openalex.org/A5043350656,2015,2
https://openalex.org/A5043436299,2015,2
https://openalex.org/A5044333116,2015,2
https://openalex.org/A5044660416,2015,2
https://openalex.org/A5044781129,2015,2
https://openalex.org/A5045225880,2015,2
https://openalex.org/A5045966421,2015,2
https://openalex.org/A5046502683,2015,2
https://openalex.org/A5046679722,2015,2
https://openalex.org/A5047001937,2015,2
https://openalex.org/A5047049836,2015,2
https://openalex.org/A5047385834,2015,2
https://openalex.org/A5047981471,2015,2
https://openalex.org/A5048181211,2015,2
https://openalex.org/A5048218964,2015,2
https://openalex.org/A5048818071,2015,2
https://openalex.org/A5048972267,2015,2
https://openalex.org/A5049178654,2015,2
https://openalex.org/A5049581991,2015,2
https://openalex.org/A5049756010,2015,2
https://openalex.org/A5050408389,2015,2
https://openalex.org/A5050532724,2015,2
https://openalex.org/A5050772860,2015,2
https://openalex.org/A5050970490,2015,2
https://openalex.org/A5051285695,2015,2
https://openalex.org/A5051411799,2015,2
https://openalex.org/A5051574174,2015,2
https://openalex.org/A5051587486,2015,2
https://openalex.org/A5051720300,2015,2
https://openalex.org/A5051951021,2015,2
https://openalex.org/A5052007145,2015,2
https://openalex.org/A5052027599,2015,2
https://openalex.org/A5052378033,2015,2
https://openalex.org/A5052390500,2015,2
https://openalex.org/A5052437707,2015,2
https://openalex.org/A5052650235,2015,2
https://openalex.org/A5052688161,2015,2
https://openalex.org/A5053717025,2015,2
https://openalex.org/A5053836350,2015,2
https://openalex.org/A5054214875,2015,2
https://openalex.org/A5054369332,2015,2
https://openalex.org/A5054494771,2015,2
https://openalex.org/A5054496648,2015,2
https://openalex.org/A5054532679,2015,2
https://openalex.org/A5054710041,2015,2
https://openalex.org/A5054882290,2015,2
https://openalex.org/A5055225377,2015,2
https://openalex.org/A5055399590,2015,2
https://openalex.org/A5055490949,2015,2
https://openalex.org/A5055827952,2015,2
https://openalex.org/A5056104510,2015,2
https://openalex.org/A5056136429,2015,2
https://openalex.org/A5056246621,2015,2
https://openalex.org/A5056315702,2015,2
https://openalex.org/A5056376686,2015,2
https://openalex.org/A5056643573,2015,2
https://openalex.org/A5056972984,2015,2
https://openalex.org/A5057118376,2015,2
https://openalex.org/A5057227915,2015,2
https://openalex.org/A5057693146,2015,2
https://openalex.org/A5057948189,2015,2
https://openalex.org/A5058249810,2015,2
https://openalex.org/A5058844317,2015,2
https://openalex.org/A5058891617,2015,2
https://openalex.org/A5059141039,2015,2
https://openalex.org/A5059193137,2015,2
https://openalex.org/A5059428657,2015,2
https://openalex.org/A5059759159,2015,2
https://openalex.org/A5060417632,2015,2
https://openalex.org/A5060853163,2015,2
https://openalex.org/A5061307027,2015,2
https://openalex.org/A5061445436,2015,2
https://openalex.org/A5061469520,2015,2
https://openalex.org/A5061839283,2015,2
https://openalex.org/A5062380683,2015,2
https://openalex.org/A5062940343,2015,2
https://openalex.org/A5062981565,2015,2
https://openalex.org/A5063294319,2015,2
https://openalex.org/A5063413749,2015,2
https://openalex.org/A5063443405,2015,2
https://openalex.org/A5063607239,2015,2
https://openalex.org/A5063672185,2015,2
https://openalex.org/A5063903016,2015,2
https://openalex.org/A5064465418,2015,2
https://openalex.org/A5064602852,2015,2
https://openalex.org/A5064724661,2015,2
https://openalex.org/A5064764513,2015,2
https://openalex.org/A5064771173,2015,2
https://openalex.org/A5064970467,2015,2
https://openalex.org/A5065047223,2015,2
https://openalex.org/A5065359946,2015,2
https://openalex.org/A5065782725,2015,2
https://openalex.org/A5065836447,2015,2
https://openalex.org/A5066241370,2015,2
https://openalex.org/A5066428999,2015,2
https://openalex.org/A5066958531,2015,2
https://openalex.org/A5067036768,2015,2
https://openalex.org/A5067066896,2015,2
https://openalex.org/A5068036295,2015,2
https://openalex.org/A5068236230,2015,2
https://openalex.org/A5068418488,2015,2
https://openalex.org/A5068454170,2015,2
https://openalex.org/A5069316879,2015,2
https://openalex.org/A5069494139,2015,2
https://openalex.org/A5069954850,2015,2
https://openalex.org/A5070324349,2015,2
https://openalex.org/A5070375939,2015,2
https://openalex.org/A5070440074,2015,2
https://openalex.org/A5070926896,2015,2
https://openalex.org/A5071088986,2015,2
https://openalex.org/A5071500355,2015,2
https://openalex.org/A5071650241,2015,2
https://openalex.org/A5071825172,2015,2
https://openalex.org/A5072072153,2015,2
https://openalex.org/A5072186051,2015,2
https://openalex.org/A5072235649,2015,2
https://openalex.org/A5072557190,2015,2
https://openalex.org/A5072616312,2015,2
https://openalex.org/A5073052384,2015,2
https://openalex.org/A5073617460,2015,2
https://openalex.org/A5073761333,2015,2
https://openalex.org/A5074826046,2015,2
https://openalex.org/A5075135419,2015,2
https://openalex.org/A5075311767,2015,2
https://openalex.org/A5075325937,2015,2
https://openalex.org/A5075571902,2015,2
https://openalex.org/A5075643472,2015,2
https://openalex.org/A5075751396,2015,2
https://openalex.org/A5075798949,2015,2
https://openalex.org/A5075832074,2015,2
https://openalex.org/A5075931354,2015,2
https://openalex.org/A5076036737,2015,2
https://openalex.org/A5076182014,2015,2
https://openalex.org/A5076229234,2015,2
https://openalex.org/A5076635608,2015,2
https://openalex.org/A5076963210,2015,2
https://openalex.org/A5077003979,2015,2
https://openalex.org/A5077095604,2015,2
https://openalex.org/A5077275324,2015,2
https://openalex.org/A5077450332,2015,2
https://openalex.org/A5077785532,2015,2
https://openalex.org/A5077832834,2015,2
https://openalex.org/A5078386015,2015,2
https://openalex.org/A5078645258,2015,2
https://openalex.org/A5079367150,2015,2
https://openalex.org/A5079883919,2015,2
https://openalex.org/A5080125160,2015,2
https://openalex.org/A5080194185,2015,2
https://openalex.org/A5080246635,2015,2
https://openalex.org/A5080652935,2015,2
https://openalex.org/A5080970103,2015,2
https://openalex.org/A5081780094,2015,2
https://openalex.org/A5081881122,2015,2
https://openalex.org/A5082095784,2015,2
https://openalex.org/A5082581224,2015,2
https://openalex.org/A5082808731,2015,2
https://openalex.org/A5083064838,2015,2
https://openalex.org/A5083438499,2015,2
https://openalex.org/A5083540777,2015,2
https://openalex.org/A5083730924,2015,2
https://openalex.org/A5083784220,2015,2
https://openalex.org/A5083884675,2015,2
https://openalex.org/A5083946493,2015,2
https://openalex.org/A5083960523,2015,2
https://openalex.org/A5084342236,2015,2
https://openalex.org/A5084365150,2015,2
https://openalex.org/A5084553481,2015,2
https://openalex.org/A5084959430,2015,2
https://openalex.org/A5085089542,2015,2
https://openalex.org/A5085091191,2015,2
https://openalex.org/A5085340418,2015,2
https://openalex.org/A5085657325,2015,2
https://openalex.org/A5086869042,2015,2
https://openalex.org/A5088218392,2015,2
https://openalex.org/A5088224232,2015,2
https://openalex.org/A5088721804,2015,2
https://openalex.org/A5088774511,2015,2
https://openalex.org/A5088944309,2015,2
https://openalex.org/A5089083083,2015,2
https://openalex.org/A5089191503,2015,2
https://openalex.org/A5089627980,2015,2
https://openalex.org/A5089652606,2015,2
https://openalex.org/A5090091276,2015,2
https://openalex.org/A5091058342,2015,2
https://openalex.org/A5091237703,2015,2
https://openalex.org/A5091292516,2015,2
https://openalex.org/A5091513740,2015,2
https://openalex.org/A5091810567,2015,2
https://openalex.org/A5094303162,2015,2
https://openalex.org/A5100338855,2015,2
https://openalex.org/A5100351304,2015,2
https://openalex.org/A5100361625,2015,2
https://openalex.org/A5100369648,2015,2
https://openalex.org/A5100388188,2015,2
https://openalex.org/A5100398661,2015,2
https://openalex.org/A5100398953,2015,2
https://openalex.org/A5100418950,2015,2
https://openalex.org/A5100425726,2015,2
https://openalex.org/A5100429208,2015,2
https://openalex.org/A5100437082,2015,2
https://openalex.org/A5100443473,2015,2
https://openalex.org/A5100453993,2015,2
https://openalex.org/A5100456467,2015,2
https://openalex.org/A5100520423,2015,2
https://openalex.org/A5100606500,2015,2
https://openalex.org/A5100654349,2015,2
https://openalex.org/A5100660295,2015,2
https://openalex.org/A5100662007,2015,2
https://openalex.org/A5100670947,2015,2
https://openalex.org/A5100703373,2015,2
https://openalex.org/A5100707595,2015,2
https://openalex.org/A5100717222,2015,2
https://openalex.org/A5100718116,2015,2
https://openalex.org/A5100722973,2015,2
https://openalex.org/A5100727519,2015,2
https://openalex.org/A5100746784,2015,2
https://openalex.org/A5100773623,2015,2
https://openalex.org/A5101417967,2015,2
https://openalex.org/A5101426340,2015,2
https://openalex.org/A5101431381,2015,2
https://openalex.org/A5101443252,2015,2
https://openalex.org/A5101454723,2015,2
https://openalex.org/A5101466411,2015,2
https://openalex.org/A5101540588,2015,2
https://openalex.org/A5101540850,2015,2
https://openalex.org/A5101576595,2015,2
https://openalex.org/A5101600257,2015,2
https://openalex.org/A5101648731,2015,2
https://openalex.org/A5101745114,2015,2
https://openalex.org/A5101748510,2015,2
https://openalex.org/A5101767301,2015,2
https://openalex.org/A5101768429,2015,2
https://openalex.org/A5101819568,2015,2
https://openalex.org/A5101851026,2015,2
https://openalex.org/A5101854044,2015,2
https://openalex.org/A5101886642,2015,2
https://openalex.org/A5101890714,2015,2
https://openalex.org/A5101900435,2015,2
https://openalex.org/A5102178876,2015,2
https://openalex.org/A5102179624,2015,2
https://openalex.org/A5102387389,2015,2
https://openalex.org/A5102719190,2015,2
https://openalex.org/A5102747855,2015,2
https://openalex.org/A5102830078,2015,2
https://openalex.org/A5102863711,2015,2
https://openalex.org/A5102885920,2015,2
https://openalex.org/A5102941528,2015,2
https://openalex.org/A5103023462,2015,2
https://openalex.org/A5103083219,2015,2
https://openalex.org/A5103091648,2015,2
https://openalex.org/A5103119755,2015,2
https://openalex.org/A5103126568,2015,2
https://openalex.org/A5103270436,2015,2
https://openalex.org/A5103271811,2015,2
https://openalex.org/A5103281087,2015,2
https://openalex.org/A5103367450,2015,2
https://openalex.org/A5103512058,2015,2
https://openalex.org/A5103721234,2015,2
https://openalex.org/A5103852640,2015,2
https://openalex.org/A5105769246,2015,2
https://openalex.org/A5106691454,2015,2
https://openalex.org/A5107838508,2015,2
https://openalex.org/A5108700962,2015,2
https://openalex.org/A5108777711,2015,2
https://openalex.org/A5108999784,2015,2
https://openalex.org/A5109010081,2015,2
https://openalex.org/A5109360409,2015,2
https://openalex.org/A5109434734,2015,2
https://openalex.org/A5109439142,2015,2
https://openalex.org/A5109844945,2015,2
https://openalex.org/A5110111037,2015,2
https://openalex.org/A5110132392,2015,2
https://openalex.org/A5110446693,2015,2
https://openalex.org/A5110622773,2015,2
https://openalex.org/A5110698966,2015,2
https://openalex.org/A5110744540,2015,2
https://openalex.org/A5111509913,2015,2
https://openalex.org/A5111520613,2015,2
https://openalex.org/A5111621582,2015,2
https://openalex.org/A5111985072,2015,2
https://openalex.org/A5112062626,2015,2
https://openalex.org/A5112245750,2015,2
https://openalex.org/A5112347601,2015,2
https://openalex.org/A5112369518,2015,2
https://openalex.org/A5112389563,2015,2
https://openalex.org/A5112504929,2015,2
https://openalex.org/A5113618316,2015,2
https://openalex.org/A5113804858,2015,2
https://openalex.org/A5121208122,2015,2
https://openalex.org/A5000103239,2016,2
https://openalex.org/A5000150746,2016,2
https://openalex.org/A5000408865,2016,2
https://openalex.org/A5001632955,2016,2
https://openalex.org/A5001777432,2016,2
https://openalex.org/A5001806269,2016,2
https://openalex.org/A5002346706,2016,2
https://openalex.org/A5002819026,2016,2
https://openalex.org/A5003257470,2016,2
https://openalex.org/A5003630193,2016,2
https://openalex.org/A5004531184,2016,2
https://openalex.org/A5004572970,2016,2
https://openalex.org/A5004627713,2016,2
https://openalex.org/A5004732580,2016,2
https://openalex.org/A5005085749,2016,2
https://openalex.org/A5005095861,2016,2
https://openalex.org/A5005156569,2016,2
https://openalex.org/A5005456292,2016,2
https://openalex.org/A5005498985,2016,2
https://openalex.org/A5005513786,2016,2
https://openalex.org/A5005792703,2016,2
https://openalex.org/A5005807223,2016,2
https://openalex.org/A5005817824,2016,2
https://openalex.org/A5006181255,2016,2
https://openalex.org/A5006294869,2016,2
https://openalex.org/A5006837984,2016,2
https://openalex.org/A5006895046,2016,2
https://openalex.org/A5006940044,2016,2
https://openalex.org/A5007100784,2016,2
https://openalex.org/A5007109424,2016,2
https://openalex.org/A5007140634,2016,2
https://openalex.org/A5007681565,2016,2
https://openalex.org/A5007973437,2016,2
https://openalex.org/A5008190759,2016,2
https://openalex.org/A5008257790,2016,2
https://openalex.org/A5008259889,2016,2
https://openalex.org/A5008266542,2016,2
https://openalex.org/A5008452367,2016,2
https://openalex.org/A5008481820,2016,2
https://openalex.org/A5008904142,2016,2
https://openalex.org/A5009322683,2016,2
https://openalex.org/A5009550511,2016,2
https://openalex.org/A5009584867,2016,2
https://openalex.org/A5009749936,2016,2
https://openalex.org/A5009930587,2016,2
https://openalex.org/A5011132357,2016,2
https://openalex.org/A5011375551,2016,2
https://openalex.org/A5011829015,2016,2
https://openalex.org/A5012464160,2016,2
https://openalex.org/A5012859570,2016,2
https://openalex.org/A5012951358,2016,2
https://openalex.org/A5013018598,2016,2
https://openalex.org/A5013053208,2016,2
https://openalex.org/A5013064425,2016,2
https://openalex.org/A5013151488,2016,2
https://openalex.org/A5013240665,2016,2
https://openalex.org/A5013806560,2016,2
https://openalex.org/A5014407395,2016,2
https://openalex.org/A5015356807,2016,2
https://openalex.org/A5015401462,2016,2
https://openalex.org/A5015477848,2016,2
https://openalex.org/A5016208719,2016,2
https://openalex.org/A5016340673,2016,2
https://openalex.org/A5016412404,2016,2
https://openalex.org/A5016989631,2016,2
https://openalex.org/A5017183605,2016,2
https://openalex.org/A5017412373,2016,2
https://openalex.org/A5017421145,2016,2
https://openalex.org/A5017456911,2016,2
https://openalex.org/A5017597537,2016,2
https://openalex.org/A5017608155,2016,2
https://openalex.org/A5018111215,2016,2
https://openalex.org/A5018824735,2016,2
https://openalex.org/A5019260966,2016,2
https://openalex.org/A5019573115,2016,2
https://openalex.org/A5020025718,2016,2
https://openalex.org/A5020068117,2016,2
https://openalex.org/A5020229540,2016,2
https://openalex.org/A5020279598,2016,2
https://openalex.org/A5020310463,2016,2
https://openalex.org/A5020910026,2016,2
https://openalex.org/A5020945377,2016,2
https://openalex.org/A5021059533,2016,2
https://openalex.org/A5021138044,2016,2
https://openalex.org/A5021162375,2016,2
https://openalex.org/A5021598695,2016,2
https://openalex.org/A5021772140,2016,2
https://openalex.org/A5022141765,2016,2
https://openalex.org/A5022437377,2016,2
https://openalex.org/A5022673546,2016,2
https://openalex.org/A5022800415,2016,2
https://openalex.org/A5023089209,2016,2
https://openalex.org/A5023251818,2016,2
https://openalex.org/A5023448834,2016,2
https://openalex.org/A5023657363,2016,2
https://openalex.org/A5023671959,2016,2
https://openalex.org/A5023802054,2016,2
https://openalex.org/A5023847482,2016,2
https://openalex.org/A5023849469,2016,2
https://openalex.org/A5023956515,2016,2
https://openalex.org/A5023967844,2016,2
https://openalex.org/A5025071606,2016,2
https://openalex.org/A5025108500,2016,2
https://openalex.org/A5025255782,2016,2
https://openalex.org/A5025685148,2016,2
https://openalex.org/A5025827839,2016,2
https://openalex.org/A5026924151,2016,2
https://openalex.org/A5026944066,2016,2
https://openalex.org/A5027204382,2016,2
https://openalex.org/A5027278356,2016,2
https://openalex.org/A5027450194,2016,2
https://openalex.org/A5027674875,2016,2
https://openalex.org/A5027797559,2016,2
https://openalex.org/A5028132236,2016,2
https://openalex.org/A5028476919,2016,2
https://openalex.org/A5028602246,2016,2
https://openalex.org/A5028696478,2016,2
https://openalex.org/A5028837571,2016,2
https://openalex.org/A5029113299,2016,2
https://openalex.org/A5029688962,2016,2
https://openalex.org/A5029714394,2016,2
https://openalex.org/A5029718965,2016,2
https://openalex.org/A5029932788,2016,2
https://openalex.org/A5030128034,2016,2
https://openalex.org/A5030183406,2016,2
https://openalex.org/A5030271887,2016,2
https://openalex.org/A5030425660,2016,2
https://openalex.org/A5030468199,2016,2
https://openalex.org/A5030891292,2016,2
https://openalex.org/A5031250432,2016,2
https://openalex.org/A5031503129,2016,2
https://openalex.org/A5031790556,2016,2
https://openalex.org/A5031842812,2016,2
https://openalex.org/A5032389695,2016,2
https://openalex.org/A5032437290,2016,2
https://openalex.org/A5032475867,2016,2
https://openalex.org/A5032809289,2016,2
https://openalex.org/A5033228519,2016,2
https://openalex.org/A5033286111,2016,2
https://openalex.org/A5033391525,2016,2
https://openalex.org/A5033526822,2016,2
https://openalex.org/A5033691647,2016,2
https://openalex.org/A5033945505,2016,2
https://openalex.org/A5034014954,2016,2
https://openalex.org/A5034280318,2016,2
https://openalex.org/A5034744347,2016,2
https://openalex.org/A5034765410,2016,2
https://openalex.org/A5034770439,2016,2
https://openalex.org/A5035040752,2016,2
https://openalex.org/A5035200265,2016,2
https://openalex.org/A5035901640,2016,2
https://openalex.org/A5036221929,2016,2
https://openalex.org/A5036392768,2016,2
https://openalex.org/A5036537988,2016,2
https://openalex.org/A5036848200,2016,2
https://openalex.org/A5037717507,2016,2
https://openalex.org/A5038249161,2016,2
https://openalex.org/A5038700830,2016,2
https://openalex.org/A5038775008,2016,2
https://openalex.org/A5038989175,2016,2
https://openalex.org/A5039079586,2016,2
https://openalex.org/A5039276358,2016,2
https://openalex.org/A5039363991,2016,2
https://openalex.org/A5039782724,2016,2
https://openalex.org/A5039935806,2016,2
https://openalex.org/A5040124198,2016,2
https://openalex.org/A5040248599,2016,2
https://openalex.org/A5040312210,2016,2
https://openalex.org/A5040427757,2016,2
https://openalex.org/A5040945291,2016,2
https://openalex.org/A5041190229,2016,2
https://openalex.org/A5041559636,2016,2
https://openalex.org/A5041887072,2016,2
https://openalex.org/A5041906762,2016,2
https://openalex.org/A5042160852,2016,2
https://openalex.org/A5043602973,2016,2
https://openalex.org/A5043841208,2016,2
https://openalex.org/A5043861936,2016,2
https://openalex.org/A5043872671,2016,2
https://openalex.org/A5043917976,2016,2
https://openalex.org/A5044010123,2016,2
https://openalex.org/A5045031910,2016,2
https://openalex.org/A5045147286,2016,2
https://openalex.org/A5045365430,2016,2
https://openalex.org/A5045719436,2016,2
https://openalex.org/A5045872048,2016,2
https://openalex.org/A5045951678,2016,2
https://openalex.org/A5046449484,2016,2
https://openalex.org/A5046642290,2016,2
https://openalex.org/A5046680695,2016,2
https://openalex.org/A5046866995,2016,2
https://openalex.org/A5047048054,2016,2
https://openalex.org/A5047697094,2016,2
https://openalex.org/A5048223241,2016,2
https://openalex.org/A5048233348,2016,2
https://openalex.org/A5048594191,2016,2
https://openalex.org/A5049090525,2016,2
https://openalex.org/A5049161422,2016,2
https://openalex.org/A5049273485,2016,2
https://openalex.org/A5049607435,2016,2
https://openalex.org/A5049638480,2016,2
https://openalex.org/A5049733139,2016,2
https://openalex.org/A5050262765,2016,2
https://openalex.org/A5050467922,2016,2
https://openalex.org/A5050892798,2016,2
https://openalex.org/A5051127663,2016,2
https://openalex.org/A5051713084,2016,2
https://openalex.org/A5052193317,2016,2
https://openalex.org/A5052407971,2016,2
https://openalex.org/A5052664403,2016,2
https://openalex.org/A5052993469,2016,2
https://openalex.org/A5053102850,2016,2
https://openalex.org/A5053219234,2016,2
https://openalex.org/A5053316728,2016,2
https://openalex.org/A5053521242,2016,2
https://openalex.org/A5053947568,2016,2
https://openalex.org/A5054309068,2016,2
https://openalex.org/A5054371148,2016,2
https://openalex.org/A5054392060,2016,2
https://openalex.org/A5054808675,2016,2
https://openalex.org/A5055085354,2016,2
https://openalex.org/A5055469774,2016,2
https://openalex.org/A5056111015,2016,2
https://openalex.org/A5056657586,2016,2
https://openalex.org/A5056788240,2016,2
https://openalex.org/A5056944331,2016,2
https://openalex.org/A5057029916,2016,2
https://openalex.org/A5057092051,2016,2
https://openalex.org/A5057914051,2016,2
https://openalex.org/A5057958949,2016,2
https://openalex.org/A5058506688,2016,2
https://openalex.org/A5058693398,2016,2
https://openalex.org/A5059006240,2016,2
https://openalex.org/A5059096599,2016,2
https://openalex.org/A5059512412,2016,2
https://openalex.org/A5059577211,2016,2
https://openalex.org/A5059594867,2016,2
https://openalex.org/A5059859009,2016,2
https://openalex.org/A5059899470,2016,2
https://openalex.org/A5059955534,2016,2
https://openalex.org/A5060259737,2016,2
https://openalex.org/A5060554975,2016,2
https://openalex.org/A5061045500,2016,2
https://openalex.org/A5061121204,2016,2
https://openalex.org/A5061237128,2016,2
https://openalex.org/A5061668167,2016,2
https://openalex.org/A5061931124,2016,2
https://openalex.org/A5061951606,2016,2
https://openalex.org/A5062650781,2016,2
https://openalex.org/A5062662918,2016,2
https://openalex.org/A5062819602,2016,2
https://openalex.org/A5063234434,2016,2
https://openalex.org/A5063358572,2016,2
https://openalex.org/A5063581021,2016,2
https://openalex.org/A5063600625,2016,2
https://openalex.org/A5063890110,2016,2
https://openalex.org/A5064265174,2016,2
https://openalex.org/A5064514063,2016,2
https://openalex.org/A5064573190,2016,2
https://openalex.org/A5064623336,2016,2
https://openalex.org/A5064752243,2016,2
https://openalex.org/A5064822721,2016,2
https://openalex.org/A5064976870,2016,2
https://openalex.org/A5064993375,2016,2
https://openalex.org/A5065386783,2016,2
https://openalex.org/A5066044954,2016,2
https://openalex.org/A5066405061,2016,2
https://openalex.org/A5066431124,2016,2
https://openalex.org/A5067705953,2016,2
https://openalex.org/A5068463418,2016,2
https://openalex.org/A5068667478,2016,2
https://openalex.org/A5069030737,2016,2
https://openalex.org/A5069031865,2016,2
https://openalex.org/A5069267601,2016,2
https://openalex.org/A5069414172,2016,2
https://openalex.org/A5069774616,2016,2
https://openalex.org/A5069868868,2016,2
https://openalex.org/A5070217169,2016,2
https://openalex.org/A5070286319,2016,2
https://openalex.org/A5070418792,2016,2
https://openalex.org/A5070581336,2016,2
https://openalex.org/A5070884682,2016,2
https://openalex.org/A5072672577,2016,2
https://openalex.org/A5072811055,2016,2
https://openalex.org/A5073139380,2016,2
https://openalex.org/A5073227709,2016,2
https://openalex.org/A5073341246,2016,2
https://openalex.org/A5073483751,2016,2
https://openalex.org/A5073495183,2016,2
https://openalex.org/A5073851856,2016,2
https://openalex.org/A5074244244,2016,2
https://openalex.org/A5074304207,2016,2
https://openalex.org/A5074393185,2016,2
https://openalex.org/A5074944268,2016,2
https://openalex.org/A5075004917,2016,2
https://openalex.org/A5075972332,2016,2
https://openalex.org/A5076026731,2016,2
https://openalex.org/A5076173089,2016,2
https://openalex.org/A5076800816,2016,2
https://openalex.org/A5077746237,2016,2
https://openalex.org/A5079004337,2016,2
https://openalex.org/A5079253389,2016,2
https://openalex.org/A5079302941,2016,2
https://openalex.org/A5079462322,2016,2
https://openalex.org/A5079642914,2016,2
https://openalex.org/A5080258610,2016,2
https://openalex.org/A5080734619,2016,2
https://openalex.org/A5081900133,2016,2
https://openalex.org/A5082230429,2016,2
https://openalex.org/A5082305994,2016,2
https://openalex.org/A5082417280,2016,2
https://openalex.org/A5082656584,2016,2
https://openalex.org/A5083153177,2016,2
https://openalex.org/A5083219539,2016,2
https://openalex.org/A5083284230,2016,2
https://openalex.org/A5083458209,2016,2
https://openalex.org/A5083516691,2016,2
https://openalex.org/A5084125668,2016,2
https://openalex.org/A5084196073,2016,2
https://openalex.org/A5084348345,2016,2
https://openalex.org/A5084552262,2016,2
https://openalex.org/A5084594132,2016,2
https://openalex.org/A5085388970,2016,2
https://openalex.org/A5085441311,2016,2
https://openalex.org/A5085565911,2016,2
https://openalex.org/A5085971943,2016,2
https://openalex.org/A5086456256,2016,2
https://openalex.org/A5086592919,2016,2
https://openalex.org/A5086801574,2016,2
https://openalex.org/A5087022523,2016,2
https://openalex.org/A5087088138,2016,2
https://openalex.org/A5087450445,2016,2
https://openalex.org/A5087600210,2016,2
https://openalex.org/A5087642472,2016,2
https://openalex.org/A5088218200,2016,2
https://openalex.org/A5088280960,2016,2
https://openalex.org/A5088347883,2016,2
https://openalex.org/A5088583491,2016,2
https://openalex.org/A5088630634,2016,2
https://openalex.org/A5088721081,2016,2
https://openalex.org/A5088760097,2016,2
https://openalex.org/A5089068361,2016,2
https://openalex.org/A5089346635,2016,2
https://openalex.org/A5089894436,2016,2
https://openalex.org/A5090078239,2016,2
https://openalex.org/A5090437430,2016,2
https://openalex.org/A5091179481,2016,2
https://openalex.org/A5091474846,2016,2
https://openalex.org/A5091475858,2016,2
https://openalex.org/A5091515481,2016,2
https://openalex.org/A5091868145,2016,2
https://openalex.org/A5094344517,2016,2
https://openalex.org/A5100318416,2016,2
https://openalex.org/A5100324098,2016,2
https://openalex.org/A5100329852,2016,2
https://openalex.org/A5100334733,2016,2
https://openalex.org/A5100342785,2016,2
https://openalex.org/A5100347785,2016,2
https://openalex.org/A5100351175,2016,2
https://openalex.org/A5100353141,2016,2
https://openalex.org/A5100357613,2016,2
https://openalex.org/A5100362650,2016,2
https://openalex.org/A5100372639,2016,2
https://openalex.org/A5100377386,2016,2
https://openalex.org/A5100378208,2016,2
https://openalex.org/A5100381761,2016,2
https://openalex.org/A5100388716,2016,2
https://openalex.org/A5100406711,2016,2
https://openalex.org/A5100409994,2016,2
https://openalex.org/A5100412474,2016,2
https://openalex.org/A5100415051,2016,2
https://openalex.org/A5100418120,2016,2
https://openalex.org/A5100419834,2016,2
https://openalex.org/A5100432795,2016,2
https://openalex.org/A5100446064,2016,2
https://openalex.org/A5100454211,2016,2
https://openalex.org/A5100454944,2016,2
https://openalex.org/A5100458457,2016,2
https://openalex.org/A5100463006,2016,2
https://openalex.org/A5100559086,2016,2
https://openalex.org/A5100604456,2016,2
https://openalex.org/A5100641283,2016,2
https://openalex.org/A5100663564,2016,2
https://openalex.org/A5100700858,2016,2
https://openalex.org/A5100701574,2016,2
https://openalex.org/A5100715424,2016,2
https://openalex.org/A5100715425,2016,2
https://openalex.org/A5100726984,2016,2
https://openalex.org/A5100729080,2016,2
https://openalex.org/A5100729756,2016,2
https://openalex.org/A5100736164,2016,2
https://openalex.org/A5100745497,2016,2
https://openalex.org/A5100751506,2016,2
https://openalex.org/A5100773554,2016,2
https://openalex.org/A5100778012,2016,2
https://openalex.org/A5100908682,2016,2
https://openalex.org/A5100987949,2016,2
https://openalex.org/A5101045889,2016,2
https://openalex.org/A5101058734,2016,2
https://openalex.org/A5101082924,2016,2
https://openalex.org/A5101419280,2016,2
https://openalex.org/A5101444117,2016,2
https://openalex.org/A5101456902,2016,2
https://openalex.org/A5101518849,2016,2
https://openalex.org/A5101536090,2016,2
https://openalex.org/A5101564904,2016,2
https://openalex.org/A5101595563,2016,2
https://openalex.org/A5101598361,2016,2
https://openalex.org/A5101616527,2016,2
https://openalex.org/A5101644228,2016,2
https://openalex.org/A5101688710,2016,2
https://openalex.org/A5101690738,2016,2
https://openalex.org/A5101696375,2016,2
https://openalex.org/A5101805096,2016,2
https://openalex.org/A5101853761,2016,2
https://openalex.org/A5101884287,2016,2
https://openalex.org/A5101896611,2016,2
https://openalex.org/A5101930005,2016,2
https://openalex.org/A5102016617,2016,2
https://openalex.org/A5102269757,2016,2
https://openalex.org/A5102730595,2016,2
https://openalex.org/A5102782582,2016,2
https://openalex.org/A5102790470,2016,2
https://openalex.org/A5102972645,2016,2
https://openalex.org/A5102992157,2016,2
https://openalex.org/A5103005683,2016,2
https://openalex.org/A5103043591,2016,2
https://openalex.org/A5103083233,2016,2
https://openalex.org/A5103113734,2016,2
https://openalex.org/A5103171376,2016,2
https://openalex.org/A5103175123,2016,2
https://openalex.org/A5103282437,2016,2
https://openalex.org/A5103376786,2016,2
https://openalex.org/A5103531364,2016,2
https://openalex.org/A5103677947,2016,2
https://openalex.org/A5103720047,2016,2
https://openalex.org/A5103750792,2016,2
https://openalex.org/A5103918167,2016,2
https://openalex.org/A5103947107,2016,2
https://openalex.org/A5104017592,2016,2
https://openalex.org/A5104305335,2016,2
https://openalex.org/A5106793186,2016,2
https://openalex.org/A5108250962,2016,2
https://openalex.org/A5108571614,2016,2
https://openalex.org/A5108609179,2016,2
https://openalex.org/A5109431422,2016,2
https://openalex.org/A5110293322,2016,2
https://openalex.org/A5110374716,2016,2
https://openalex.org/A5110453805,2016,2
https://openalex.org/A5110458562,2016,2
https://openalex.org/A5111598130,2016,2
https://openalex.org/A5111977677,2016,2
https://openalex.org/A5112030698,2016,2
https://openalex.org/A5112315093,2016,2
https://openalex.org/A5112749024,2016,2
https://openalex.org/A5112798858,2016,2
https://openalex.org/A5113491293,2016,2
https://openalex.org/A5113796756,2016,2
https://openalex.org/A5113856683,2016,2
https://openalex.org/A5114377956,2016,2
https://openalex.org/A5115595070,2016,2
https://openalex.org/A5115695483,2016,2
https://openalex.org/A5000027184,2014,1
https://openalex.org/A5000079751,2014,1
https://openalex.org/A5000114636,2014,1
https://openalex.org/A5000153949,2014,1
https://openalex.org/A5000177737,2014,1
https://openalex.org/A5000201209,2014,1
https://openalex.org/A5000216744,2014,1
https://openalex.org/A5000245150,2014,1
https://openalex.org/A5000330447,2014,1
https://openalex.org/A5000356392,2014,1
https://openalex.org/A5000389309,2014,1
https://openalex.org/A5000402168,2014,1
https://openalex.org/A5000447801,2014,1
https://openalex.org/A5000541391,2014,1
https://openalex.org/A5000620878,2014,1
https://openalex.org/A5000621526,2014,1
https://openalex.org/A5000654348,2014,1
https://openalex.org/A5000670364,2014,1
https://openalex.org/A5000692949,2014,1
https://openalex.org/A5000735215,2014,1
https://openalex.org/A5000825585,2014,1
https://openalex.org/A5000832454,2014,1
https://openalex.org/A5000938619,2014,1
https://openalex.org/A5001000212,2014,1
https://openalex.org/A5001087292,2014,1
https://openalex.org/A5001177307,2014,1
https://openalex.org/A5001286007,2014,1
https://openalex.org/A5001406512,2014,1
https://openalex.org/A5001436236,2014,1
https://openalex.org/A5001437690,2014,1
https://openalex.org/A5001470418,2014,1
https://openalex.org/A5001478135,2014,1
https://openalex.org/A5001597665,2014,1
https://openalex.org/A5001649868,2014,1
https://openalex.org/A5001653924,2014,1
https://openalex.org/A5001657905,2014,1
https://openalex.org/A5001726949,2014,1
https://openalex.org/A5001871036,2014,1
https://openalex.org/A5001914649,2014,1
https://openalex.org/A5001949949,2014,1
https://openalex.org/A5001979415,2014,1
https://openalex.org/A5002035343,2014,1
https://openalex.org/A5002077573,2014,1
https://openalex.org/A5002106839,2014,1
https://openalex.org/A5002158047,2014,1
https://openalex.org/A5002235017,2014,1
https://openalex.org/A5002264864,2014,1
https://openalex.org/A5002322874,2014,1
https://openalex.org/A5002414265,2014,1
https://openalex.org/A5002478933,2014,1
https://openalex.org/A5002504304,2014,1
https://openalex.org/A5002660690,2014,1
https://openalex.org/A5002740176,2014,1
https://openalex.org/A5002748144,2014,1
https://openalex.org/A5002768743,2014,1
https://openalex.org/A5002768909,2014,1
https://openalex.org/A5002769727,2014,1
https://openalex.org/A5002834524,2014,1
https://openalex.org/A5002898479,2014,1
https://openalex.org/A5002905948,2014,1
https://openalex.org/A5003060327,2014,1
https://openalex.org/A5003103553,2014,1
https://openalex.org/A5003176673,2014,1
https://openalex.org/A5003205841,2014,1
https://openalex.org/A5003217535,2014,1
https://openalex.org/A5003241875,2014,1
https://openalex.org/A5003257736,2014,1
https://openalex.org/A5003263181,2014,1
https://openalex.org/A5003333136,2014,1
https://openalex.org/A5003405959,2014,1
https://openalex.org/A5003539831,2014,1
https://openalex.org/A5003541507,2014,1
https://openalex.org/A5003613132,2014,1
https://openalex.org/A5003680309,2014,1
https://openalex.org/A5003709708,2014,1
https://openalex.org/A5003774412,2014,1
https://openalex.org/A5003854328,2014,1
https://openalex.org/A5003948470,2014,1
https://openalex.org/A5003950623,2014,1
https://openalex.org/A5003969300,2014,1
https://openalex.org/A5004014436,2014,1
https://openalex.org/A5004018591,2014,1
https://openalex.org/A5004083108,2014,1
https://openalex.org/A5004089495,2014,1
https://openalex.org/A5004091674,2014,1
https://openalex.org/A5004114954,2014,1
https://openalex.org/A5004164569,2014,1
https://openalex.org/A5004382350,2014,1
https://openalex.org/A5004416399,2014,1
https://openalex.org/A5004459962,2014,1
https://openalex.org/A5004549615,2014,1
https://openalex.org/A5004659592,2014,1
https://openalex.org/A5004695687,2014,1
https://openalex.org/A5004736321,2014,1
https://openalex.org/A5004777939,2014,1
https://openalex.org/A5004812994,2014,1
https://openalex.org/A5004895639,2014,1
https://openalex.org/A5004928383,2014,1
https://openalex.org/A5005037579,2014,1
https://openalex.org/A5005128603,2014,1
https://openalex.org/A5005334221,2014,1
https://openalex.org/A5005445343,2014,1
https://openalex.org/A5005572363,2014,1
https://openalex.org/A5005575361,2014,1
https://openalex.org/A5005640811,2014,1
https://openalex.org/A5005684560,2014,1
https://openalex.org/A5005783301,2014,1
https://openalex.org/A5005843312,2014,1
https://openalex.org/A5006018801,2014,1
https://openalex.org/A5006054555,2014,1
https://openalex.org/A5006172625,2014,1
https://openalex.org/A5006199483,2014,1
https://openalex.org/A5006272190,2014,1
https://openalex.org/A5006308263,2014,1
https://openalex.org/A5006421650,2014,1
https://openalex.org/A5006513718,2014,1
https://openalex.org/A5006595431,2014,1
https://openalex.org/A5006645409,2014,1
https://openalex.org/A5006721558,2014,1
https://openalex.org/A5006973011,2014,1
https://openalex.org/A5007036695,2014,1
https://openalex.org/A5007048244,2014,1
https://openalex.org/A5007134352,2014,1
https://openalex.org/A5007352437,2014,1
https://openalex.org/A5007408403,2014,1
https://openalex.org/A5007465292,2014,1
https://openalex.org/A5007479190,2014,1
https://openalex.org/A5007538828,2014,1
https://openalex.org/A5007538830,2014,1
https://openalex.org/A5007542664,2014,1
https://openalex.org/A5007620149,2014,1
https://openalex.org/A5007711043,2014,1
https://openalex.org/A5008012042,2014,1
https://openalex.org/A5008061061,2014,1
https://openalex.org/A5008091994,2014,1
https://openalex.org/A5008228550,2014,1
https://openalex.org/A5008334309,2014,1
https://openalex.org/A5008362908,2014,1
https://openalex.org/A5008390638,2014,1
https://openalex.org/A5008430334,2014,1
https://openalex.org/A5008492967,2014,1
https://openalex.org/A5008555556,2014,1
https://openalex.org/A5008961324,2014,1
https://openalex.org/A5009039106,2014,1
https://openalex.org/A5009078636,2014,1
https://openalex.org/A5009082194,2014,1
https://openalex.org/A5009196800,2014,1
https://openalex.org/A5009206070,2014,1
https://openalex.org/A5009225420,2014,1
https://openalex.org/A5009275869,2014,1
https://openalex.org/A5009351660,2014,1
https://openalex.org/A5009422994,2014,1
https://openalex.org/A5009439627,2014,1
https://openalex.org/A5009519223,2014,1
https://openalex.org/A5009746978,2014,1
https://openalex.org/A5009794638,2014,1
https://openalex.org/A5009803415,2014,1
https://openalex.org/A5009820805,2014,1
https://openalex.org/A5010048557,2014,1
https://openalex.org/A5010085896,2014,1
https://openalex.org/A5010099016,2014,1
https://openalex.org/A5010162099,2014,1
https://openalex.org/A5010182611,2014,1
https://openalex.org/A5010297594,2014,1
https://openalex.org/A5010359809,2014,1
https://openalex.org/A5010400579,2014,1
https://openalex.org/A5010447681,2014,1
https://openalex.org/A5010459085,2014,1
https://openalex.org/A5010462182,2014,1
https://openalex.org/A5010463807,2014,1
https://openalex.org/A5010499689,2014,1
https://openalex.org/A5010540039,2014,1
https://openalex.org/A5010546001,2014,1
https://openalex.org/A5010546914,2014,1
https://openalex.org/A5010601626,2014,1
https://openalex.org/A5010645264,2014,1
https://openalex.org/A5010752347,2014,1
https://openalex.org/A5010790996,2014,1
https://openalex.org/A5010884586,2014,1
https://openalex.org/A5010913270,2014,1
https://openalex.org/A5010923663,2014,1
https://openalex.org/A5011032655,2014,1
https://openalex.org/A5011102765,2014,1
https://openalex.org/A5011110095,2014,1
https://openalex.org/A5011196578,2014,1
https://openalex.org/A5011307478,2014,1
https://openalex.org/A5011320381,2014,1
https://openalex.org/A5011444017,2014,1
https://openalex.org/A5011478276,2014,1
https://openalex.org/A5011488728,2014,1
https://openalex.org/A5011501359,2014,1
https://openalex.org/A5011521089,2014,1
https://openalex.org/A5011531089,2014,1
https://openalex.org/A5011598788,2014,1
https://openalex.org/A5011720909,2014,1
https://openalex.org/A5011848591,2014,1
https://openalex.org/A5012001714,2014,1
https://openalex.org/A5012002926,2014,1
https://openalex.org/A5012187461,2014,1
https://openalex.org/A5012277015,2014,1
https://openalex.org/A5012297231,2014,1
https://openalex.org/A5012372169,2014,1
https://openalex.org/A5012569786,2014,1
https://openalex.org/A5012575423,2014,1
https://openalex.org/A5012579504,2014,1
https://openalex.org/A5012846099,2014,1
https://openalex.org/A5012848015,2014,1
https://openalex.org/A5012870600,2014,1
https://openalex.org/A5012970470,2014,1
https://openalex.org/A5013078199,2014,1
https://openalex.org/A5013119881,2014,1
https://openalex.org/A5013138003,2014,1
https://openalex.org/A5013138223,2014,1
https://openalex.org/A5013146947,2014,1
https://openalex.org/A5013163413,2014,1
https://openalex.org/A5013178600,2014,1
https://openalex.org/A5013208803,2014,1
https://openalex.org/A5013259601,2014,1
https://openalex.org/A5013375957,2014,1
https://openalex.org/A5013412113,2014,1
https://openalex.org/A5013457730,2014,1
https://openalex.org/A5013503431,2014,1
https://openalex.org/A5013509964,2014,1
https://openalex.org/A5013562432,2014,1
https://openalex.org/A5013579805,2014,1
https://openalex.org/A5013584794,2014,1
https://openalex.org/A5013603000,2014,1
https://openalex.org/A5013671245,2014,1
https://openalex.org/A5013698523,2014,1
https://openalex.org/A5013743040,2014,1
https://openalex.org/A5013872186,2014,1
https://openalex.org/A5014128572,2014,1
https://openalex.org/A5014138897,2014,1
https://openalex.org/A5014253435,2014,1
https://openalex.org/A5014623586,2014,1
https://openalex.org/A5014679005,2014,1
https://openalex.org/A5014749699,2014,1
https://openalex.org/A5014759933,2014,1
https://openalex.org/A5014825481,2014,1
https://openalex.org/A5014982508,2014,1
https://openalex.org/A5015007406,2014,1
https://openalex.org/A5015089888,2014,1
https://openalex.org/A5015129355,2014,1
https://openalex.org/A5015134320,2014,1
https://openalex.org/A5015182080,2014,1
https://openalex.org/A5015279307,2014,1
https://openalex.org/A5015293969,2014,1
https://openalex.org/A5015294353,2014,1
https://openalex.org/A5015319419,2014,1
https://openalex.org/A5015341709,2014,1
https://openalex.org/A5015361484,2014,1
https://openalex.org/A5015366699,2014,1
https://openalex.org/A5015389773,2014,1
https://openalex.org/A5015408848,2014,1
https://openalex.org/A5015410834,2014,1
https://openalex.org/A5015448185,2014,1
https://openalex.org/A5015469709,2014,1
https://openalex.org/A5015687827,2014,1
https://openalex.org/A5015698434,2014,1
https://openalex.org/A5015709853,2014,1
https://openalex.org/A5015726260,2014,1
https://openalex.org/A5015728508,2014,1
https://openalex.org/A5015731085,2014,1
https://openalex.org/A5016023991,2014,1
https://openalex.org/A5016053771,2014,1
https://openalex.org/A5016305009,2014,1
https://openalex.org/A5016483209,2014,1
https://openalex.org/A5016508212,2014,1
https://openalex.org/A5016570930,2014,1
https://openalex.org/A5016756842,2014,1
https://openalex.org/A5016864581,2014,1
https://openalex.org/A5016962143,2014,1
https://openalex.org/A5017065424,2014,1
https://openalex.org/A5017072420,2014,1
https://openalex.org/A5017188204,2014,1
https://openalex.org/A5017255435,2014,1
https://openalex.org/A5017292577,2014,1
https://openalex.org/A5017409643,2014,1
https://openalex.org/A5017494483,2014,1
https://openalex.org/A5017605774,2014,1
https://openalex.org/A5017799984,2014,1
https://openalex.org/A5017839697,2014,1
https://openalex.org/A5017880637,2014,1
https://openalex.org/A5017897821,2014,1
https://openalex.org/A5017912215,2014,1
https://openalex.org/A5017961841,2014,1
https://openalex.org/A5017986653,2014,1
https://openalex.org/A5018051509,2014,1
https://openalex.org/A5018077047,2014,1
https://openalex.org/A5018172201,2014,1
https://openalex.org/A5018435725,2014,1
https://openalex.org/A5018442305,2014,1
https://openalex.org/A5018546163,2014,1
https://openalex.org/A5018630995,2014,1
https://openalex.org/A5018674487,2014,1
https://openalex.org/A5018698233,2014,1
https://openalex.org/A5018746628,2014,1
https://openalex.org/A5018746731,2014,1
https://openalex.org/A5018749138,2014,1
https://openalex.org/A5018767527,2014,1
https://openalex.org/A5018849653,2014,1
https://openalex.org/A5018875718,2014,1
https://openalex.org/A5018915600,2014,1
https://openalex.org/A5019022575,2014,1
https://openalex.org/A5019205311,2014,1
https://openalex.org/A5019235433,2014,1
https://openalex.org/A5019301980,2014,1
https://openalex.org/A5019797810,2014,1
https://openalex.org/A5019805736,2014,1
https://openalex.org/A5019957675,2014,1
https://openalex.org/A5019965402,2014,1
https://openalex.org/A5020009592,2014,1
https://openalex.org/A5020054745,2014,1
https://openalex.org/A5020090103,2014,1
https://openalex.org/A5020139411,2014,1
https://openalex.org/A5020166329,2014,1
https://openalex.org/A5020200003,2014,1
https://openalex.org/A5020262439,2014,1
https://openalex.org/A5020266080,2014,1
https://openalex.org/A5020452893,2014,1
https://openalex.org/A5020500536,2014,1
https://openalex.org/A5020517877,2014,1
https://openalex.org/A5020666164,2014,1
https://openalex.org/A5020693411,2014,1
https://openalex.org/A5020717683,2014,1
https://openalex.org/A5020734340,2014,1
https://openalex.org/A5020741412,2014,1
https://openalex.org/A5020755725,2014,1
https://openalex.org/A5020947793,2014,1
https://openalex.org/A5021040304,2014,1
https://openalex.org/A5021105278,2014,1
https://openalex.org/A5021143575,2014,1
https://openalex.org/A5021257546,2014,1
https://openalex.org/A5021302609,2014,1
https://openalex.org/A5021318037,2014,1
https://openalex.org/A5021320173,2014,1
https://openalex.org/A5021400317,2014,1
https://openalex.org/A5021434770,2014,1
https://openalex.org/A5021605473,2014,1
https://openalex.org/A5021634773,2014,1
https://openalex.org/A5021656344,2014,1
https://openalex.org/A5021676602,2014,1
https://openalex.org/A5021750107,2014,1
https://openalex.org/A5021886781,2014,1
https://openalex.org/A5021933811,2014,1
https://openalex.org/A5021981442,2014,1
https://openalex.org/A5022040991,2014,1
https://openalex.org/A5022136329,2014,1
https://openalex.org/A5022222761,2014,1
https://openalex.org/A5022228258,2014,1
https://openalex.org/A5022240849,2014,1
https://openalex.org/A5022274949,2014,1
https://openalex.org/A5022277511,2014,1
https://openalex.org/A5022780948,2014,1
https://openalex.org/A5022797703,2014,1
https://openalex.org/A5022936484,2014,1
https://openalex.org/A5023012196,2014,1
https://openalex.org/A5023035795,2014,1
https://openalex.org/A5023142437,2014,1
https://openalex.org/A5023162149,2014,1
https://openalex.org/A5023184215,2014,1
https://openalex.org/A5023196554,2014,1
https://openalex.org/A5023248368,2014,1
https://openalex.org/A5023352135,2014,1
https://openalex.org/A5023503629,2014,1
https://openalex.org/A5023534301,2014,1
https://openalex.org/A5023618617,2014,1
https://openalex.org/A5023682671,2014,1
https://openalex.org/A5023705034,2014,1
https://openalex.org/A5023752172,2014,1
https://openalex.org/A5023786468,2014,1
https://openalex.org/A5023966263,2014,1
https://openalex.org/A5024015306,2014,1
https://openalex.org/A5024040216,2014,1
https://openalex.org/A5024055206,2014,1
https://openalex.org/A5024121629,2014,1
https://openalex.org/A5024199575,2014,1
https://openalex.org/A5024309592,2014,1
https://openalex.org/A5024385275,2014,1
https://openalex.org/A5024388037,2014,1
https://openalex.org/A5024414303,2014,1
https://openalex.org/A5024428242,2014,1
https://openalex.org/A5024437840,2014,1
https://openalex.org/A5024446524,2014,1
https://openalex.org/A5024453747,2014,1
https://openalex.org/A5024515193,2014,1
https://openalex.org/A5024664086,2014,1
https://openalex.org/A5024730386,2014,1
https://openalex.org/A5024829696,2014,1
https://openalex.org/A5024876563,2014,1
https://openalex.org/A5024899242,2014,1
https://openalex.org/A5024965898,2014,1
https://openalex.org/A5025056531,2014,1
https://openalex.org/A5025144832,2014,1
https://openalex.org/A5025157529,2014,1
https://openalex.org/A5025179447,2014,1
https://openalex.org/A5025207731,2014,1
https://openalex.org/A5025218580,2014,1
https://openalex.org/A5025234327,2014,1
https://openalex.org/A5025237352,2014,1
https://openalex.org/A5025254642,2014,1
https://openalex.org/A5025266126,2014,1
https://openalex.org/A5025286899,2014,1
https://openalex.org/A5025299951,2014,1
https://openalex.org/A5025369502,2014,1
https://openalex.org/A5025400174,2014,1
https://openalex.org/A5025693806,2014,1
https://openalex.org/A5025928099,2014,1
https://openalex.org/A5026022602,2014,1
https://openalex.org/A5026068874,2014,1
https://openalex.org/A5026092741,2014,1
https://openalex.org/A5026151886,2014,1
https://openalex.org/A5026308395,2014,1
https://openalex.org/A5026337741,2014,1
https://openalex.org/A5026455414,2014,1
https://openalex.org/A5026540573,2014,1
https://openalex.org/A5026746295,2014,1
https://openalex.org/A5026768340,2014,1
https://openalex.org/A5026772341,2014,1
https://openalex.org/A5026832890,2014,1
https://openalex.org/A5026916631,2014,1
https://openalex.org/A5026916804,2014,1
https://openalex.org/A5026936204,2014,1
https://openalex.org/A5027064514,2014,1
https://openalex.org/A5027133048,2014,1
https://openalex.org/A5027269321,2014,1
https://openalex.org/A5027292126,2014,1
https://openalex.org/A5027391745,2014,1
https://openalex.org/A5027428093,2014,1
https://openalex.org/A5027451254,2014,1
https://openalex.org/A5027537968,2014,1
https://openalex.org/A5027761977,2014,1
https://openalex.org/A5027778889,2014,1
https://openalex.org/A5027861695,2014,1
https://openalex.org/A5027868306,2014,1
https://openalex.org/A5027874987,2014,1
https://openalex.org/A5027910813,2014,1
https://openalex.org/A5027946490,2014,1
https://openalex.org/A5028101938,2014,1
https://openalex.org/A5028142937,2014,1
https://openalex.org/A5028178227,2014,1
https://openalex.org/A5028187159,2014,1
https://openalex.org/A5028383205,2014,1
https://openalex.org/A5028430549,2014,1
https://openalex.org/A5028461196,2014,1
https://openalex.org/A5028487132,2014,1
https://openalex.org/A5028537543,2014,1
https://openalex.org/A5028615475,2014,1
https://openalex.org/A5028771263,2014,1
https://openalex.org/A5028806333,2014,1
https://openalex.org/A5028852283,2014,1
https://openalex.org/A5028877572,2014,1
https://openalex.org/A5028921456,2014,1
https://openalex.org/A5029011081,2014,1
https://openalex.org/A5029085327,2014,1
https://openalex.org/A5029102969,2014,1
https://openalex.org/A5029201450,2014,1
https://openalex.org/A5029210745,2014,1
https://openalex.org/A5029219053,2014,1
https://openalex.org/A5029254196,2014,1
https://openalex.org/A5029262106,2014,1
https://openalex.org/A5029318291,2014,1
https://openalex.org/A5029350661,2014,1
https://openalex.org/A5029372331,2014,1
https://openalex.org/A5029372795,2014,1
https://openalex.org/A5029378981,2014,1
https://openalex.org/A5029427713,2014,1
https://openalex.org/A5029433188,2014,1
https://openalex.org/A5029494148,2014,1
https://openalex.org/A5029705118,2014,1
https://openalex.org/A5029754146,2014,1
https://openalex.org/A5029760000,2014,1
https://openalex.org/A5029941394,2014,1
https://openalex.org/A5029942650,2014,1
https://openalex.org/A5030016355,2014,1
https://openalex.org/A5030037960,2014,1
https://openalex.org/A5030047934,2014,1
https://openalex.org/A5030065419,2014,1
https://openalex.org/A5030100285,2014,1
https://openalex.org/A5030110600,2014,1
https://openalex.org/A5030111621,2014,1
https://openalex.org/A5030121038,2014,1
https://openalex.org/A5030153192,2014,1
https://openalex.org/A5030187602,2014,1
https://openalex.org/A5030263957,2014,1
https://openalex.org/A5030282096,2014,1
https://openalex.org/A5030319715,2014,1
https://openalex.org/A5030335492,2014,1
https://openalex.org/A5030382432,2014,1
https://openalex.org/A5030464683,2014,1
https://openalex.org/A5030471172,2014,1
https://openalex.org/A5030474704,2014,1
https://openalex.org/A5030518831,2014,1
https://openalex.org/A5030565922,2014,1
https://openalex.org/A5030600192,2014,1
https://openalex.org/A5030615769,2014,1
https://openalex.org/A5030677882,2014,1
https://openalex.org/A5030697996,2014,1
https://openalex.org/A5030762176,2014,1
https://openalex.org/A5030783699,2014,1
https://openalex.org/A5030809156,2014,1
https://openalex.org/A5030810381,2014,1
https://openalex.org/A5030824965,2014,1
https://openalex.org/A5030842566,2014,1
https://openalex.org/A5030910160,2014,1
https://openalex.org/A5030967366,2014,1
https://openalex.org/A5031013366,2014,1
https://openalex.org/A5031031799,2014,1
https://openalex.org/A5031137488,2014,1
https://openalex.org/A5031212309,2014,1
https://openalex.org/A5031225104,2014,1
https://openalex.org/A5031367720,2014,1
https://openalex.org/A5031503225,2014,1
https://openalex.org/A5031632001,2014,1
https://openalex.org/A5031663094,2014,1
https://openalex.org/A5031672480,2014,1
https://openalex.org/A5031760772,2014,1
https://openalex.org/A5031761453,2014,1
https://openalex.org/A5031831286,2014,1
https://openalex.org/A5031841032,2014,1
https://openalex.org/A5031875598,2014,1
https://openalex.org/A5031926199,2014,1
https://openalex.org/A5032097519,2014,1
https://openalex.org/A5032145605,2014,1
https://openalex.org/A5032297546,2014,1
https://openalex.org/A5032391613,2014,1
https://openalex.org/A5032407331,2014,1
https://openalex.org/A5032417006,2014,1
https://openalex.org/A5032612924,2014,1
https://openalex.org/A5032642601,2014,1
https://openalex.org/A5032839103,2014,1
https://openalex.org/A5032863417,2014,1
https://openalex.org/A5032955522,2014,1
https://openalex.org/A5033042917,2014,1
https://openalex.org/A5033117805,2014,1
https://openalex.org/A5033136903,2014,1
https://openalex.org/A5033156106,2014,1
https://openalex.org/A5033179914,2014,1
https://openalex.org/A5033182062,2014,1
https://openalex.org/A5033242656,2014,1
https://openalex.org/A5033257344,2014,1
https://openalex.org/A5033296108,2014,1
https://openalex.org/A5033402696,2014,1
https://openalex.org/A5033421073,2014,1
https://openalex.org/A5033427557,2014,1
https://openalex.org/A5033491986,2014,1
https://openalex.org/A5033565017,2014,1
https://openalex.org/A5033677284,2014,1
https://openalex.org/A5033697975,2014,1
https://openalex.org/A5033734187,2014,1
https://openalex.org/A5033770606,2014,1
https://openalex.org/A5033801781,2014,1
https://openalex.org/A5033887787,2014,1
https://openalex.org/A5034012821,2014,1
https://openalex.org/A5034040678,2014,1
https://openalex.org/A5034138123,2014,1
https://openalex.org/A5034146490,2014,1
https://openalex.org/A5034153807,2014,1
https://openalex.org/A5034191338,2014,1
https://openalex.org/A5034223830,2014,1
https://openalex.org/A5034257498,2014,1
https://openalex.org/A5034280037,2014,1
https://openalex.org/A5034383475,2014,1
https://openalex.org/A5034391525,2014,1
https://openalex.org/A5034393879,2014,1
https://openalex.org/A5034398854,2014,1
https://openalex.org/A5034441570,2014,1
https://openalex.org/A5034470930,2014,1
https://openalex.org/A5034536236,2014,1
https://openalex.org/A5034551675,2014,1
https://openalex.org/A5034554287,2014,1
https://openalex.org/A5034584759,2014,1
https://openalex.org/A5034685928,2014,1
https://openalex.org/A5034687880,2014,1
https://openalex.org/A5034738514,2014,1
https://openalex.org/A5034850558,2014,1
https://openalex.org/A5034929287,2014,1
https://openalex.org/A5034962986,2014,1
https://openalex.org/A5035017358,2014,1
https://openalex.org/A5035031033,2014,1
https://openalex.org/A5035039048,2014,1
https://openalex.org/A5035118280,2014,1
https://openalex.org/A5035139201,2014,1
https://openalex.org/A5035141289,2014,1
https://openalex.org/A5035195436,2014,1
https://openalex.org/A5035281912,2014,1
https://openalex.org/A5035296513,2014,1
https://openalex.org/A5035329024,2014,1
https://openalex.org/A5035332649,2014,1
https://openalex.org/A5035341421,2014,1
https://openalex.org/A5035392944,2014,1
https://openalex.org/A5035422552,2014,1
https://openalex.org/A5035526773,2014,1
https://openalex.org/A5035550613,2014,1
https://openalex.org/A5035563653,2014,1
https://openalex.org/A5035718126,2014,1
https://openalex.org/A5035888669,2014,1
https://openalex.org/A5035974468,2014,1
https://openalex.org/A5035994027,2014,1
https://openalex.org/A5036019279,2014,1
https://openalex.org/A5036091832,2014,1
https://openalex.org/A5036176104,2014,1
https://openalex.org/A5036243123,2014,1
https://openalex.org/A5036257821,2014,1
https://openalex.org/A5036278339,2014,1
https://openalex.org/A5036340946,2014,1
https://openalex.org/A5036383115,2014,1
https://openalex.org/A5036395763,2014,1
https://openalex.org/A5036395846,2014,1
https://openalex.org/A5036425121,2014,1
https://openalex.org/A5036466084,2014,1
https://openalex.org/A5036567109,2014,1
https://openalex.org/A5036614797,2014,1
https://openalex.org/A5036631469,2014,1
https://openalex.org/A5036649966,2014,1
https://openalex.org/A5036718835,2014,1
https://openalex.org/A5036723055,2014,1
https://openalex.org/A5036799760,2014,1
https://openalex.org/A5036815104,2014,1
https://openalex.org/A5036863955,2014,1
https://openalex.org/A5036969459,2014,1
https://openalex.org/A5037093214,2014,1
https://openalex.org/A5037131765,2014,1
https://openalex.org/A5037169042,2014,1
https://openalex.org/A5037287842,2014,1
https://openalex.org/A5037290359,2014,1
https://openalex.org/A5037340457,2014,1
https://openalex.org/A5037356267,2014,1
https://openalex.org/A5037490613,2014,1
https://openalex.org/A5037493591,2014,1
https://openalex.org/A5037636074,2014,1
https://openalex.org/A5037747070,2014,1
https://openalex.org/A5037770227,2014,1
https://openalex.org/A5037795370,2014,1
https://openalex.org/A5037823825,2014,1
https://openalex.org/A5037833781,2014,1
https://openalex.org/A5037910646,2014,1
https://openalex.org/A5037937808,2014,1
https://openalex.org/A5037994740,2014,1
https://openalex.org/A5038032119,2014,1
https://openalex.org/A5038039561,2014,1
https://openalex.org/A5038044561,2014,1
https://openalex.org/A5038058818,2014,1
https://openalex.org/A5038131784,2014,1
https://openalex.org/A5038136715,2014,1
https://openalex.org/A5038270992,2014,1
https://openalex.org/A5038272034,2014,1
https://openalex.org/A5038476909,2014,1
https://openalex.org/A5038570344,2014,1
https://openalex.org/A5038617538,2014,1
https://openalex.org/A5038646521,2014,1
https://openalex.org/A5038683888,2014,1
https://openalex.org/A5038689385,2014,1
https://openalex.org/A5038798134,2014,1
https://openalex.org/A5038877365,2014,1
https://openalex.org/A5038981328,2014,1
https://openalex.org/A5039042181,2014,1
https://openalex.org/A5039054469,2014,1
https://openalex.org/A5039056029,2014,1
https://openalex.org/A5039109466,2014,1
https://openalex.org/A5039368187,2014,1
https://openalex.org/A5039432625,2014,1
https://openalex.org/A5039466940,2014,1
https://openalex.org/A5039532032,2014,1
https://openalex.org/A5039602194,2014,1
https://openalex.org/A5039610391,2014,1
https://openalex.org/A5039691266,2014,1
https://openalex.org/A5039868013,2014,1
https://openalex.org/A5039872410,2014,1
https://openalex.org/A5039966518,2014,1
https://openalex.org/A5040058009,2014,1
https://openalex.org/A5040085308,2014,1
https://openalex.org/A5040108974,2014,1
https://openalex.org/A5040165594,2014,1
https://openalex.org/A5040213240,2014,1
https://openalex.org/A5040239471,2014,1
https://openalex.org/A5040395839,2014,1
https://openalex.org/A5040430749,2014,1
https://openalex.org/A5040447817,2014,1
https://openalex.org/A5040513195,2014,1
https://openalex.org/A5040529849,2014,1
https://openalex.org/A5040549881,2014,1
https://openalex.org/A5040560755,2014,1
https://openalex.org/A5040563581,2014,1
https://openalex.org/A5040574805,2014,1
https://openalex.org/A5040713423,2014,1
https://openalex.org/A5040747484,2014,1
https://openalex.org/A5040760837,2014,1
https://openalex.org/A5040798226,2014,1
https://openalex.org/A5040936593,2014,1
https://openalex.org/A5040994373,2014,1
https://openalex.org/A5041077012,2014,1
https://openalex.org/A5041147657,2014,1
https://openalex.org/A5041174333,2014,1
https://openalex.org/A5041281028,2014,1
https://openalex.org/A5041324054,2014,1
https://openalex.org/A5041399266,2014,1
https://openalex.org/A5041437150,2014,1
https://openalex.org/A5041442202,2014,1
https://openalex.org/A5041599050,2014,1
https://openalex.org/A5041603024,2014,1
https://openalex.org/A5041662804,2014,1
https://openalex.org/A5041755679,2014,1
https://openalex.org/A5041819512,2014,1
https://openalex.org/A5041907084,2014,1
https://openalex.org/A5041933010,2014,1
https://openalex.org/A5041938820,2014,1
https://openalex.org/A5041981312,2014,1
https://openalex.org/A5042000826,2014,1
https://openalex.org/A5042160031,2014,1
https://openalex.org/A5042162631,2014,1
https://openalex.org/A5042229726,2014,1
https://openalex.org/A5042314072,2014,1
https://openalex.org/A5042392794,2014,1
https://openalex.org/A5042464818,2014,1
https://openalex.org/A5042598325,2014,1
https://openalex.org/A5042643287,2014,1
https://openalex.org/A5042646536,2014,1
https://openalex.org/A5042730643,2014,1
https://openalex.org/A5042850624,2014,1
https://openalex.org/A5042923696,2014,1
https://openalex.org/A5042974995,2014,1
https://openalex.org/A5043026412,2014,1
https://openalex.org/A5043071325,2014,1
https://openalex.org/A5043102840,2014,1
https://openalex.org/A5043124468,2014,1
https://openalex.org/A5043209699,2014,1
https://openalex.org/A5043249000,2014,1
https://openalex.org/A5043251921,2014,1
https://openalex.org/A5043344688,2014,1
https://openalex.org/A5043423833,2014,1
https://openalex.org/A5043438567,2014,1
https://openalex.org/A5043883129,2014,1
https://openalex.org/A5043927433,2014,1
https://openalex.org/A5043943508,2014,1
https://openalex.org/A5043953788,2014,1
https://openalex.org/A5043988501,2014,1
https://openalex.org/A5044005697,2014,1
https://openalex.org/A5044114300,2014,1
https://openalex.org/A5044145078,2014,1
https://openalex.org/A5044152927,2014,1
https://openalex.org/A5044202277,2014,1
https://openalex.org/A5044207475,2014,1
https://openalex.org/A5044253542,2014,1
https://openalex.org/A5044342671,2014,1
https://openalex.org/A5044369113,2014,1
https://openalex.org/A5044384469,2014,1
https://openalex.org/A5044588362,2014,1
https://openalex.org/A5044652727,2014,1
https://openalex.org/A5044747957,2014,1
https://openalex.org/A5044784780,2014,1
https://openalex.org/A5044785581,2014,1
https://openalex.org/A5044903815,2014,1
https://openalex.org/A5044988387,2014,1
https://openalex.org/A5045017963,2014,1
https://openalex.org/A5045054705,2014,1
https://openalex.org/A5045064598,2014,1
https://openalex.org/A5045144404,2014,1
https://openalex.org/A5045274091,2014,1
https://openalex.org/A5045329304,2014,1
https://openalex.org/A5045384249,2014,1
https://openalex.org/A5045451133,2014,1
https://openalex.org/A5045466316,2014,1
https://openalex.org/A5045486619,2014,1
https://openalex.org/A5045563074,2014,1
https://openalex.org/A5045616699,2014,1
https://openalex.org/A5045667274,2014,1
https://openalex.org/A5045674062,2014,1
https://openalex.org/A5045680682,2014,1
https://openalex.org/A5045716284,2014,1
https://openalex.org/A5045725633,2014,1
https://openalex.org/A5045744709,2014,1
https://openalex.org/A5045766292,2014,1
https://openalex.org/A5045823971,2014,1
https://openalex.org/A5045848118,2014,1
https://openalex.org/A5045940041,2014,1
https://openalex.org/A5046009217,2014,1
https://openalex.org/A5046306838,2014,1
https://openalex.org/A5046322298,2014,1
https://openalex.org/A5046334627,2014,1
https://openalex.org/A5046367231,2014,1
https://openalex.org/A5046396291,2014,1
https://openalex.org/A5046412453,2014,1
https://openalex.org/A5046459017,2014,1
https://openalex.org/A5046519614,2014,1
https://openalex.org/A5046703129,2014,1
https://openalex.org/A5046834273,2014,1
https://openalex.org/A5046838645,2014,1
https://openalex.org/A5046882659,2014,1
https://openalex.org/A5046894922,2014,1
https://openalex.org/A5047109253,2014,1
https://openalex.org/A5047114006,2014,1
https://openalex.org/A5047281691,2014,1
https://openalex.org/A5047390963,2014,1
https://openalex.org/A5047423470,2014,1
https://openalex.org/A5047541392,2014,1
https://openalex.org/A5047630552,2014,1
https://openalex.org/A5047698992,2014,1
https://openalex.org/A5047758853,2014,1
https://openalex.org/A5047851681,2014,1
https://openalex.org/A5047897607,2014,1
https://openalex.org/A5047926904,2014,1
https://openalex.org/A5048073398,2014,1
https://openalex.org/A5048105755,2014,1
https://openalex.org/A5048153709,2014,1
https://openalex.org/A5048157868,2014,1
https://openalex.org/A5048178899,2014,1
https://openalex.org/A5048180251,2014,1
https://openalex.org/A5048202050,2014,1
https://openalex.org/A5048208797,2014,1
https://openalex.org/A5048252658,2014,1
https://openalex.org/A5048297745,2014,1
https://openalex.org/A5048542194,2014,1
https://openalex.org/A5048624196,2014,1
https://openalex.org/A5048723240,2014,1
https://openalex.org/A5048725475,2014,1
https://openalex.org/A5048781628,2014,1
https://openalex.org/A5049151814,2014,1
https://openalex.org/A5049239903,2014,1
https://openalex.org/A5049246408,2014,1
https://openalex.org/A5049265499,2014,1
https://openalex.org/A5049304665,2014,1
https://openalex.org/A5049310461,2014,1
https://openalex.org/A5049337533,2014,1
https://openalex.org/A5049344677,2014,1
https://openalex.org/A5049361006,2014,1
https://openalex.org/A5049380055,2014,1
https://openalex.org/A5049465811,2014,1
https://openalex.org/A5049479425,2014,1
https://openalex.org/A5049591157,2014,1
https://openalex.org/A5049786535,2014,1
https://openalex.org/A5049973896,2014,1
https://openalex.org/A5050010293,2014,1
https://openalex.org/A5050071790,2014,1
https://openalex.org/A5050090185,2014,1
https://openalex.org/A5050181741,2014,1
https://openalex.org/A5050183326,2014,1
https://openalex.org/A5050276788,2014,1
https://openalex.org/A5050309898,2014,1
https://openalex.org/A5050457891,2014,1
https://openalex.org/A5050510157,2014,1
https://openalex.org/A5050605759,2014,1
https://openalex.org/A5050629184,2014,1
https://openalex.org/A5050802695,2014,1
https://openalex.org/A5050851364,2014,1
https://openalex.org/A5051092577,2014,1
https://openalex.org/A5051093567,2014,1
https://openalex.org/A5051102142,2014,1
https://openalex.org/A5051107199,2014,1
https://openalex.org/A5051222892,2014,1
https://openalex.org/A5051254965,2014,1
https://openalex.org/A5051435132,2014,1
https://openalex.org/A5051445938,2014,1
https://openalex.org/A5051478972,2014,1
https://openalex.org/A5051668484,2014,1
https://openalex.org/A5051681787,2014,1
https://openalex.org/A5051726607,2014,1
https://openalex.org/A5051734487,2014,1
https://openalex.org/A5051766631,2014,1
https://openalex.org/A5051794439,2014,1
https://openalex.org/A5051796014,2014,1
https://openalex.org/A5051833350,2014,1
https://openalex.org/A5051877693,2014,1
https://openalex.org/A5052040630,2014,1
https://openalex.org/A5052143104,2014,1
https://openalex.org/A5052175650,2014,1
https://openalex.org/A5052269467,2014,1
https://openalex.org/A5052278195,2014,1
https://openalex.org/A5052280678,2014,1
https://openalex.org/A5052340319,2014,1
https://openalex.org/A5052377100,2014,1
https://openalex.org/A5052428595,2014,1
https://openalex.org/A5052435039,2014,1
https://openalex.org/A5052458337,2014,1
https://openalex.org/A5052510175,2014,1
https://openalex.org/A5052575309,2014,1
https://openalex.org/A5052773501,2014,1
https://openalex.org/A5052872082,2014,1
https://openalex.org/A5052950997,2014,1
https://openalex.org/A5053116894,2014,1
https://openalex.org/A5053246942,2014,1
https://openalex.org/A5053274349,2014,1
https://openalex.org/A5053328508,2014,1
https://openalex.org/A5053409780,2014,1
https://openalex.org/A5053432736,2014,1
https://openalex.org/A5053438147,2014,1
https://openalex.org/A5053536550,2014,1
https://openalex.org/A5053618028,2014,1
https://openalex.org/A5053769720,2014,1
https://openalex.org/A5053824527,2014,1
https://openalex.org/A5053832748,2014,1
https://openalex.org/A5053890378,2014,1
https://openalex.org/A5053906071,2014,1
https://openalex.org/A5053992284,2014,1
https://openalex.org/A5054100996,2014,1
https://openalex.org/A5054118529,2014,1
https://openalex.org/A5054273103,2014,1
https://openalex.org/A5054316514,2014,1
https://openalex.org/A5054377524,2014,1
https://openalex.org/A5054382056,2014,1
https://openalex.org/A5054383967,2014,1
https://openalex.org/A5054412358,2014,1
https://openalex.org/A5054452842,2014,1
https://openalex.org/A5054491296,2014,1
https://openalex.org/A5054533256,2014,1
https://openalex.org/A5054603650,2014,1
https://openalex.org/A5054624574,2014,1
https://openalex.org/A5054667015,2014,1
https://openalex.org/A5054673513,2014,1
https://openalex.org/A5054829924,2014,1
https://openalex.org/A5054878958,2014,1
https://openalex.org/A5054945634,2014,1
https://openalex.org/A5054982204,2014,1
https://openalex.org/A5055000679,2014,1
https://openalex.org/A5055312613,2014,1
https://openalex.org/A5055416007,2014,1
https://openalex.org/A5055432844,2014,1
https://openalex.org/A5055448726,2014,1
https://openalex.org/A5055467664,2014,1
https://openalex.org/A5055468115,2014,1
https://openalex.org/A5055562421,2014,1
https://openalex.org/A5055575637,2014,1
https://openalex.org/A5055654445,2014,1
https://openalex.org/A5055794083,2014,1
https://openalex.org/A5055795757,2014,1
https://openalex.org/A5055932687,2014,1
https://openalex.org/A5056134197,2014,1
https://openalex.org/A5056141212,2014,1
https://openalex.org/A5056349630,2014,1
https://openalex.org/A5056389122,2014,1
https://openalex.org/A5056468192,2014,1
https://openalex.org/A5056529215,2014,1
https://openalex.org/A5056592615,2014,1
https://openalex.org/A5056606270,2014,1
https://openalex.org/A5056637571,2014,1
https://openalex.org/A5056668165,2014,1
https://openalex.org/A5056703497,2014,1
https://openalex.org/A5056709028,2014,1
https://openalex.org/A5056747070,2014,1
https://openalex.org/A5056775618,2014,1
https://openalex.org/A5056778408,2014,1
https://openalex.org/A5056881442,2014,1
https://openalex.org/A5056932023,2014,1
https://openalex.org/A5057060580,2014,1
https://openalex.org/A5057081217,2014,1
https://openalex.org/A5057264590,2014,1
https://openalex.org/A5057282687,2014,1
https://openalex.org/A5057314144,2014,1
https://openalex.org/A5057503784,2014,1
https://openalex.org/A5057547564,2014,1
https://openalex.org/A5057568743,2014,1
https://openalex.org/A5057648803,2014,1
https://openalex.org/A5057661449,2014,1
https://openalex.org/A5057665099,2014,1
https://openalex.org/A5057828550,2014,1
https://openalex.org/A5057845734,2014,1
https://openalex.org/A5057863052,2014,1
https://openalex.org/A5057893924,2014,1
https://openalex.org/A5057946762,2014,1
https://openalex.org/A5057959263,2014,1
https://openalex.org/A5058069510,2014,1
https://openalex.org/A5058104443,2014,1
https://openalex.org/A5058124458,2014,1
https://openalex.org/A5058145900,2014,1
https://openalex.org/A5058244094,2014,1
https://openalex.org/A5058265572,2014,1
https://openalex.org/A5058270794,2014,1
https://openalex.org/A5058317524,2014,1
https://openalex.org/A5058457237,2014,1
https://openalex.org/A5058524457,2014,1
https://openalex.org/A5058527652,2014,1
https://openalex.org/A5058539554,2014,1
https://openalex.org/A5058580744,2014,1
https://openalex.org/A5058611459,2014,1
https://openalex.org/A5058663898,2014,1
https://openalex.org/A5058669446,2014,1
https://openalex.org/A5058712938,2014,1
https://openalex.org/A5058715327,2014,1
https://openalex.org/A5058771052,2014,1
https://openalex.org/A5058836126,2014,1
https://openalex.org/A5059012644,2014,1
https://openalex.org/A5059013717,2014,1
https://openalex.org/A5059074612,2014,1
https://openalex.org/A5059076487,2014,1
https://openalex.org/A5059133053,2014,1
https://openalex.org/A5059337672,2014,1
https://openalex.org/A5059401408,2014,1
https://openalex.org/A5059481774,2014,1
https://openalex.org/A5059498912,2014,1
https://openalex.org/A5059674449,2014,1
https://openalex.org/A5059694083,2014,1
https://openalex.org/A5059704045,2014,1
https://openalex.org/A5059869734,2014,1
https://openalex.org/A5059877794,2014,1
https://openalex.org/A5059890049,2014,1
https://openalex.org/A5059991070,2014,1
https://openalex.org/A5060084240,2014,1
https://openalex.org/A5060111679,2014,1
https://openalex.org/A5060126451,2014,1
https://openalex.org/A5060172068,2014,1
https://openalex.org/A5060222566,2014,1
https://openalex.org/A5060277182,2014,1
https://openalex.org/A5060296717,2014,1
https://openalex.org/A5060374574,2014,1
https://openalex.org/A5060403058,2014,1
https://openalex.org/A5060420492,2014,1
https://openalex.org/A5060559818,2014,1
https://openalex.org/A5060675843,2014,1
https://openalex.org/A5060709021,2014,1
https://openalex.org/A5060861978,2014,1
https://openalex.org/A5060889456,2014,1
https://openalex.org/A5060924942,2014,1
https://openalex.org/A5060928668,2014,1
https://openalex.org/A5061047919,2014,1
https://openalex.org/A5061052866,2014,1
https://openalex.org/A5061066282,2014,1
https://openalex.org/A5061127681,2014,1
https://openalex.org/A5061136279,2014,1
https://openalex.org/A5061140074,2014,1
https://openalex.org/A5061278083,2014,1
https://openalex.org/A5061303719,2014,1
https://openalex.org/A5061516246,2014,1
https://openalex.org/A5061522868,2014,1
https://openalex.org/A5061564158,2014,1
https://openalex.org/A5061697310,2014,1
https://openalex.org/A5061700722,2014,1
https://openalex.org/A5061753929,2014,1
https://openalex.org/A5061813834,2014,1
https://openalex.org/A5061883150,2014,1
https://openalex.org/A5062061419,2014,1
https://openalex.org/A5062127860,2014,1
https://openalex.org/A5062243742,2014,1
https://openalex.org/A5062247330,2014,1
https://openalex.org/A5062355201,2014,1
https://openalex.org/A5062408175,2014,1
https://openalex.org/A5062471881,2014,1
https://openalex.org/A5062503736,2014,1
https://openalex.org/A5062561900,2014,1
https://openalex.org/A5062788375,2014,1
https://openalex.org/A5062797994,2014,1
https://openalex.org/A5062835183,2014,1
https://openalex.org/A5062867977,2014,1
https://openalex.org/A5062899493,2014,1
https://openalex.org/A5062918181,2014,1
https://openalex.org/A5062999608,2014,1
https://openalex.org/A5063007722,2014,1
https://openalex.org/A5063054083,2014,1
https://openalex.org/A5063100084,2014,1
https://openalex.org/A5063335866,2014,1
https://openalex.org/A5063347482,2014,1
https://openalex.org/A5063479190,2014,1
https://openalex.org/A5063540582,2014,1
https://openalex.org/A5063734298,2014,1
https://openalex.org/A5063795069,2014,1
https://openalex.org/A5063849169,2014,1
https://openalex.org/A5063907340,2014,1
https://openalex.org/A5063930069,2014,1
https://openalex.org/A5063956725,2014,1
https://openalex.org/A5064013852,2014,1
https://openalex.org/A5064038500,2014,1
https://openalex.org/A5064118261,2014,1
https://openalex.org/A5064232831,2014,1
https://openalex.org/A5064279441,2014,1
https://openalex.org/A5064323671,2014,1
https://openalex.org/A5064332795,2014,1
https://openalex.org/A5064352107,2014,1
https://openalex.org/A5064406666,2014,1
https://openalex.org/A5064414556,2014,1
https://openalex.org/A5064500054,2014,1
https://openalex.org/A5064528139,2014,1
https://openalex.org/A5064606251,2014,1
https://openalex.org/A5064714589,2014,1
https://openalex.org/A5064773194,2014,1
https://openalex.org/A5064777270,2014,1
https://openalex.org/A5064948020,2014,1
https://openalex.org/A5064968285,2014,1
https://openalex.org/A5064969499,2014,1
https://openalex.org/A5064985080,2014,1
https://openalex.org/A5065003610,2014,1
https://openalex.org/A5065014903,2014,1
https://openalex.org/A5065061690,2014,1
https://openalex.org/A5065075847,2014,1
https://openalex.org/A5065113853,2014,1
https://openalex.org/A5065246944,2014,1
https://openalex.org/A5065308067,2014,1
https://openalex.org/A5065331001,2014,1
https://openalex.org/A5065334484,2014,1
https://openalex.org/A5065360065,2014,1
https://openalex.org/A5065474305,2014,1
https://openalex.org/A5065515042,2014,1
https://openalex.org/A5065589042,2014,1
https://openalex.org/A5065617716,2014,1
https://openalex.org/A5065680386,2014,1
https://openalex.org/A5065772884,2014,1
https://openalex.org/A5065828548,2014,1
https://openalex.org/A5065865175,2014,1
https://openalex.org/A5065906603,2014,1
https://openalex.org/A5065922761,2014,1
https://openalex.org/A5065968153,2014,1
https://openalex.org/A5066006862,2014,1
https://openalex.org/A5066014847,2014,1
https://openalex.org/A5066031675,2014,1
https://openalex.org/A5066102558,2014,1
https://openalex.org/A5066116024,2014,1
https://openalex.org/A5066122836,2014,1
https://openalex.org/A5066348149,2014,1
https://openalex.org/A5066349269,2014,1
https://openalex.org/A5066371518,2014,1
https://openalex.org/A5066511261,2014,1
https://openalex.org/A5066537128,2014,1
https://openalex.org/A5066610508,2014,1
https://openalex.org/A5066624181,2014,1
https://openalex.org/A5066638397,2014,1
https://openalex.org/A5066769688,2014,1
https://openalex.org/A5066774697,2014,1
https://openalex.org/A5066806652,2014,1
https://openalex.org/A5066856244,2014,1
https://openalex.org/A5066927931,2014,1
https://openalex.org/A5067134159,2014,1
https://openalex.org/A5067156323,2014,1
https://openalex.org/A5067263769,2014,1
https://openalex.org/A5067319601,2014,1
https://openalex.org/A5067376506,2014,1
https://openalex.org/A5067386769,2014,1
https://openalex.org/A5067431833,2014,1
https://openalex.org/A5067435146,2014,1
https://openalex.org/A5067441563,2014,1
https://openalex.org/A5067458289,2014,1
https://openalex.org/A5067584450,2014,1
https://openalex.org/A5067593913,2014,1
https://openalex.org/A5067599928,2014,1
https://openalex.org/A5067600725,2014,1
https://openalex.org/A5067612932,2014,1
https://openalex.org/A5067758292,2014,1
https://openalex.org/A5067778010,2014,1
https://openalex.org/A5067850699,2014,1
https://openalex.org/A5067873183,2014,1
https://openalex.org/A5068018936,2014,1
https://openalex.org/A5068034476,2014,1
https://openalex.org/A5068039998,2014,1
https://openalex.org/A5068084464,2014,1
https://openalex.org/A5068169406,2014,1
https://openalex.org/A5068181105,2014,1
https://openalex.org/A5068334152,2014,1
https://openalex.org/A5068340465,2014,1
https://openalex.org/A5068360111,2014,1
https://openalex.org/A5068382625,2014,1
https://openalex.org/A5068406248,2014,1
https://openalex.org/A5068445086,2014,1
https://openalex.org/A5068555585,2014,1
https://openalex.org/A5068562200,2014,1
https://openalex.org/A5068605485,2014,1
https://openalex.org/A5068647455,2014,1
https://openalex.org/A5068660181,2014,1
https://openalex.org/A5068718984,2014,1
https://openalex.org/A5068742982,2014,1
https://openalex.org/A5068835267,2014,1
https://openalex.org/A5068886220,2014,1
https://openalex.org/A5068913551,2014,1
https://openalex.org/A5069107526,2014,1
https://openalex.org/A5069158193,2014,1
https://openalex.org/A5069176378,2014,1
https://openalex.org/A5069195910,2014,1
https://openalex.org/A5069218226,2014,1
https://openalex.org/A5069235913,2014,1
https://openalex.org/A5069251985,2014,1
https://openalex.org/A5069259977,2014,1
https://openalex.org/A5069267169,2014,1
https://openalex.org/A5069437963,2014,1
https://openalex.org/A5069540177,2014,1
https://openalex.org/A5069572787,2014,1
https://openalex.org/A5069689382,2014,1
https://openalex.org/A5069768212,2014,1
https://openalex.org/A5069770710,2014,1
https://openalex.org/A5069798381,2014,1
https://openalex.org/A5069820193,2014,1
https://openalex.org/A5069861564,2014,1
https://openalex.org/A5069871949,2014,1
https://openalex.org/A5069904949,2014,1
https://openalex.org/A5069922911,2014,1
https://openalex.org/A5069925788,2014,1
https://openalex.org/A5069966368,2014,1
https://openalex.org/A5069982192,2014,1
https://openalex.org/A5069988750,2014,1
https://openalex.org/A5070001121,2014,1
https://openalex.org/A5070080557,2014,1
https://openalex.org/A5070097140,2014,1
https://openalex.org/A5070191324,2014,1
https://openalex.org/A5070209697,2014,1
https://openalex.org/A5070267336,2014,1
https://openalex.org/A5070351194,2014,1
https://openalex.org/A5070398937,2014,1
https://openalex.org/A5070515834,2014,1
https://openalex.org/A5070518091,2014,1
https://openalex.org/A5070532992,2014,1
https://openalex.org/A5070561629,2014,1
https://openalex.org/A5070568795,2014,1
https://openalex.org/A5070609210,2014,1
https://openalex.org/A5070696659,2014,1
https://openalex.org/A5070702602,2014,1
https://openalex.org/A5070839877,2014,1
https://openalex.org/A5070864056,2014,1
https://openalex.org/A5070975042,2014,1
https://openalex.org/A5071115491,2014,1
https://openalex.org/A5071200909,2014,1
https://openalex.org/A5071261610,2014,1
https://openalex.org/A5071313696,2014,1
https://openalex.org/A5071555701,2014,1
https://openalex.org/A5071583767,2014,1
https://openalex.org/A5071599879,2014,1
https://openalex.org/A5071671670,2014,1
https://openalex.org/A5071767161,2014,1
https://openalex.org/A5071782757,2014,1
https://openalex.org/A5071828327,2014,1
https://openalex.org/A5071839266,2014,1
https://openalex.org/A5071906256,2014,1
https://openalex.org/A5071910735,2014,1
https://openalex.org/A5072018988,2014,1
https://openalex.org/A5072051543,2014,1
https://openalex.org/A5072095858,2014,1
https://openalex.org/A5072116560,2014,1
https://openalex.org/A5072168425,2014,1
https://openalex.org/A5072249624,2014,1
https://openalex.org/A5072270057,2014,1
https://openalex.org/A5072332244,2014,1
https://openalex.org/A5072360933,2014,1
https://openalex.org/A5072419341,2014,1
https://openalex.org/A5072460548,2014,1
https://openalex.org/A5072536381,2014,1
https://openalex.org/A5072614716,2014,1
https://openalex.org/A5072628047,2014,1
https://openalex.org/A5072694219,2014,1
https://openalex.org/A5072726154,2014,1
https://openalex.org/A5072786541,2014,1
https://openalex.org/A5072790694,2014,1
https://openalex.org/A5072803477,2014,1
https://openalex.org/A5072809798,2014,1
https://openalex.org/A5072875068,2014,1
https://openalex.org/A5072956540,2014,1
https://openalex.org/A5072957773,2014,1
https://openalex.org/A5073154117,2014,1
https://openalex.org/A5073198546,2014,1
https://openalex.org/A5073220063,2014,1
https://openalex.org/A5073284166,2014,1
https://openalex.org/A5073314514,2014,1
https://openalex.org/A5073372182,2014,1
https://openalex.org/A5073453358,2014,1
https://openalex.org/A5073588989,2014,1
https://openalex.org/A5073592373,2014,1
https://openalex.org/A5073619925,2014,1
https://openalex.org/A5073647612,2014,1
https://openalex.org/A5073665992,2014,1
https://openalex.org/A5073695427,2014,1
https://openalex.org/A5073717923,2014,1
https://openalex.org/A5073742611,2014,1
https://openalex.org/A5073758445,2014,1
https://openalex.org/A5073847213,2014,1
https://openalex.org/A5073930300,2014,1
https://openalex.org/A5073978499,2014,1
https://openalex.org/A5074009644,2014,1
https://openalex.org/A5074021977,2014,1
https://openalex.org/A5074068971,2014,1
https://openalex.org/A5074213486,2014,1
https://openalex.org/A5074247699,2014,1
https://openalex.org/A5074346045,2014,1
https://openalex.org/A5074480499,2014,1
https://openalex.org/A5074521294,2014,1
https://openalex.org/A5074526911,2014,1
https://openalex.org/A5074542850,2014,1
https://openalex.org/A5074615912,2014,1
https://openalex.org/A5074618508,2014,1
https://openalex.org/A5074688815,2014,1
https://openalex.org/A5074695747,2014,1
https://openalex.org/A5074766810,2014,1
https://openalex.org/A5074801670,2014,1
https://openalex.org/A5074819032,2014,1
https://openalex.org/A5074976770,2014,1
https://openalex.org/A5075135655,2014,1
https://openalex.org/A5075223907,2014,1
https://openalex.org/A5075238444,2014,1
https://openalex.org/A5075263565,2014,1
https://openalex.org/A5075656287,2014,1
https://openalex.org/A5075713165,2014,1
https://openalex.org/A5075719824,2014,1
https://openalex.org/A5075833032,2014,1
https://openalex.org/A5075844125,2014,1
https://openalex.org/A5075859880,2014,1
https://openalex.org/A5075896032,2014,1
https://openalex.org/A5076031727,2014,1
https://openalex.org/A5076095092,2014,1
https://openalex.org/A5076128543,2014,1
https://openalex.org/A5076163050,2014,1
https://openalex.org/A5076193296,2014,1
https://openalex.org/A5076210591,2014,1
https://openalex.org/A5076246283,2014,1
https://openalex.org/A5076295398,2014,1
https://openalex.org/A5076299325,2014,1
https://openalex.org/A5076307452,2014,1
https://openalex.org/A5076396658,2014,1
https://openalex.org/A5076404341,2014,1
https://openalex.org/A5076436228,2014,1
https://openalex.org/A5076514134,2014,1
https://openalex.org/A5076548037,2014,1
https://openalex.org/A5076603409,2014,1
https://openalex.org/A5076826398,2014,1
https://openalex.org/A5076846929,2014,1
https://openalex.org/A5076875788,2014,1
https://openalex.org/A5076913371,2014,1
https://openalex.org/A5076930600,2014,1
https://openalex.org/A5076944498,2014,1
https://openalex.org/A5077097271,2014,1
https://openalex.org/A5077133583,2014,1
https://openalex.org/A5077150648,2014,1
https://openalex.org/A5077181262,2014,1
https://openalex.org/A5077226712,2014,1
https://openalex.org/A5077261824,2014,1
https://openalex.org/A5077267552,2014,1
https://openalex.org/A5077322091,2014,1
https://openalex.org/A5077504079,2014,1
https://openalex.org/A5077595378,2014,1
https://openalex.org/A5077610457,2014,1
https://openalex.org/A5077671600,2014,1
https://openalex.org/A5077709897,2014,1
https://openalex.org/A5077753977,2014,1
https://openalex.org/A5077801678,2014,1
https://openalex.org/A5077838128,2014,1
https://openalex.org/A5077919788,2014,1
https://openalex.org/A5077997329,2014,1
https://openalex.org/A5078004388,2014,1
https://openalex.org/A5078142671,2014,1
https://openalex.org/A5078148171,2014,1
https://openalex.org/A5078263052,2014,1
https://openalex.org/A5078330211,2014,1
https://openalex.org/A5078399012,2014,1
https://openalex.org/A5078436932,2014,1
https://openalex.org/A5078531449,2014,1
https://openalex.org/A5078567249,2014,1
https://openalex.org/A5078630420,2014,1
https://openalex.org/A5078643095,2014,1
https://openalex.org/A5078741384,2014,1
https://openalex.org/A5078793326,2014,1
https://openalex.org/A5078838951,2014,1
https://openalex.org/A5078869796,2014,1
https://openalex.org/A5078950035,2014,1
https://openalex.org/A5078969904,2014,1
https://openalex.org/A5079062539,2014,1
https://openalex.org/A5079121661,2014,1
https://openalex.org/A5079135001,2014,1
https://openalex.org/A5079139351,2014,1
https://openalex.org/A5079173060,2014,1
https://openalex.org/A5079209289,2014,1
https://openalex.org/A5079220852,2014,1
https://openalex.org/A5079236729,2014,1
https://openalex.org/A5079300528,2014,1
https://openalex.org/A5079312541,2014,1
https://openalex.org/A5079335291,2014,1
https://openalex.org/A5079375197,2014,1
https://openalex.org/A5079446827,2014,1
https://openalex.org/A5079515172,2014,1
https://openalex.org/A5079689850,2014,1
https://openalex.org/A5079922833,2014,1
https://openalex.org/A5079937813,2014,1
https://openalex.org/A5080273841,2014,1
https://openalex.org/A5080275149,2014,1
https://openalex.org/A5080296321,2014,1
https://openalex.org/A5080320718,2014,1
https://openalex.org/A5080372175,2014,1
https://openalex.org/A5080405467,2014,1
https://openalex.org/A5080427828,2014,1
https://openalex.org/A5080467362,2014,1
https://openalex.org/A5080674767,2014,1
https://openalex.org/A5080720961,2014,1
https://openalex.org/A5080722708,2014,1
https://openalex.org/A5081060064,2014,1
https://openalex.org/A5081243976,2014,1
https://openalex.org/A5081273303,2014,1
https://openalex.org/A5081277836,2014,1
https://openalex.org/A5081337679,2014,1
https://openalex.org/A5081346901,2014,1
https://openalex.org/A5081387614,2014,1
https://openalex.org/A5081436755,2014,1
https://openalex.org/A5081645262,2014,1
https://openalex.org/A5081752237,2014,1
https://openalex.org/A5081767617,2014,1
https://openalex.org/A5081786152,2014,1
https://openalex.org/A5081801388,2014,1
https://openalex.org/A5081847831,2014,1
https://openalex.org/A5082133960,2014,1
https://openalex.org/A5082173143,2014,1
https://openalex.org/A5082238801,2014,1
https://openalex.org/A5082256691,2014,1
https://openalex.org/A5082264407,2014,1
https://openalex.org/A5082298010,2014,1
https://openalex.org/A5082455802,2014,1
https://openalex.org/A5082548671,2014,1
https://openalex.org/A5082621363,2014,1
https://openalex.org/A5082630968,2014,1
https://openalex.org/A5082830662,2014,1
https://openalex.org/A5082863333,2014,1
https://openalex.org/A5082889537,2014,1
https://openalex.org/A5082964599,2014,1
https://openalex.org/A5082966474,2014,1
https://openalex.org/A5083074622,2014,1
https://openalex.org/A5083090794,2014,1
https://openalex.org/A5083199991,2014,1
https://openalex.org/A5083259261,2014,1
https://openalex.org/A5083283256,2014,1
https://openalex.org/A5083466715,2014,1
https://openalex.org/A5083502688,2014,1
https://openalex.org/A5083520298,2014,1
https://openalex.org/A5083559440,2014,1
https://openalex.org/A5083711832,2014,1
https://openalex.org/A5083741065,2014,1
https://openalex.org/A5083741896,2014,1
https://openalex.org/A5083835269,2014,1
https://openalex.org/A5083849065,2014,1
https://openalex.org/A5083867344,2014,1
https://openalex.org/A5083896531,2014,1
https://openalex.org/A5084072729,2014,1
https://openalex.org/A5084139328,2014,1
https://openalex.org/A5084142086,2014,1
https://openalex.org/A5084195197,2014,1
https://openalex.org/A5084226420,2014,1
https://openalex.org/A5084258294,2014,1
https://openalex.org/A5084415727,2014,1
https://openalex.org/A5084590062,2014,1
https://openalex.org/A5084604611,2014,1
https://openalex.org/A5084639423,2014,1
https://openalex.org/A5084685506,2014,1
https://openalex.org/A5084754494,2014,1
https://openalex.org/A5084801659,2014,1
https://openalex.org/A5084846822,2014,1
https://openalex.org/A5084852550,2014,1
https://openalex.org/A5084943562,2014,1
https://openalex.org/A5085061478,2014,1
https://openalex.org/A5085108752,2014,1
https://openalex.org/A5085236897,2014,1
https://openalex.org/A5085284883,2014,1
https://openalex.org/A5085335109,2014,1
https://openalex.org/A5085345894,2014,1
https://openalex.org/A5085440169,2014,1
https://openalex.org/A5085473486,2014,1
https://openalex.org/A5085507659,2014,1
https://openalex.org/A5085603665,2014,1
https://openalex.org/A5085628044,2014,1
https://openalex.org/A5085746798,2014,1
https://openalex.org/A5085769320,2014,1
https://openalex.org/A5085834871,2014,1
https://openalex.org/A5085872633,2014,1
https://openalex.org/A5085923133,2014,1
https://openalex.org/A5085976665,2014,1
https://openalex.org/A5085978246,2014,1
https://openalex.org/A5085994982,2014,1
https://openalex.org/A5086002484,2014,1
https://openalex.org/A5086032634,2014,1
https://openalex.org/A5086140600,2014,1
https://openalex.org/A5086223886,2014,1
https://openalex.org/A5086318716,2014,1
https://openalex.org/A5086367897,2014,1
https://openalex.org/A5086460192,2014,1
https://openalex.org/A5086477995,2014,1
https://openalex.org/A5086478716,2014,1
https://openalex.org/A5086479489,2014,1
https://openalex.org/A5086566231,2014,1
https://openalex.org/A5086636630,2014,1
https://openalex.org/A5086670992,2014,1
https://openalex.org/A5086673159,2014,1
https://openalex.org/A5086706224,2014,1
https://openalex.org/A5086719401,2014,1
https://openalex.org/A5086736722,2014,1
https://openalex.org/A5086813706,2014,1
https://openalex.org/A5086873676,2014,1
https://openalex.org/A5086922590,2014,1
https://openalex.org/A5086941896,2014,1
https://openalex.org/A5087017829,2014,1
https://openalex.org/A5087075374,2014,1
https://openalex.org/A5087085701,2014,1
https://openalex.org/A5087152421,2014,1
https://openalex.org/A5087158377,2014,1
https://openalex.org/A5087196859,2014,1
https://openalex.org/A5087287079,2014,1
https://openalex.org/A5087315113,2014,1
https://openalex.org/A5087318119,2014,1
https://openalex.org/A5087477578,2014,1
https://openalex.org/A5087492771,2014,1
https://openalex.org/A5087532093,2014,1
https://openalex.org/A5087682807,2014,1
https://openalex.org/A5087688702,2014,1
https://openalex.org/A5087755852,2014,1
https://openalex.org/A5087757953,2014,1
https://openalex.org/A5087779646,2014,1
https://openalex.org/A5087781064,2014,1
https://openalex.org/A5087860339,2014,1
https://openalex.org/A5087889937,2014,1
https://openalex.org/A5088045690,2014,1
https://openalex.org/A5088062859,2014,1
https://openalex.org/A5088078468,2014,1
https://openalex.org/A5088089404,2014,1
https://openalex.org/A5088176987,2014,1
https://openalex.org/A5088190500,2014,1
https://openalex.org/A5088215033,2014,1
https://openalex.org/A5088249159,2014,1
https://openalex.org/A5088320874,2014,1
https://openalex.org/A5088347189,2014,1
https://openalex.org/A5088389215,2014,1
https://openalex.org/A5088461583,2014,1
https://openalex.org/A5088473271,2014,1
https://openalex.org/A5088585651,2014,1
https://openalex.org/A5088626491,2014,1
https://openalex.org/A5088630925,2014,1
https://openalex.org/A5088647539,2014,1
https://openalex.org/A5088723986,2014,1
https://openalex.org/A5088848527,2014,1
https://openalex.org/A5089058714,2014,1
https://openalex.org/A5089102239,2014,1
https://openalex.org/A5089144501,2014,1
https://openalex.org/A5089146657,2014,1
https://openalex.org/A5089246257,2014,1
https://openalex.org/A5089247623,2014,1
https://openalex.org/A5089318941,2014,1
https://openalex.org/A5089381674,2014,1
https://openalex.org/A5089401735,2014,1
https://openalex.org/A5089481275,2014,1
https://openalex.org/A5089528037,2014,1
https://openalex.org/A5089566120,2014,1
https://openalex.org/A5089625210,2014,1
https://openalex.org/A5089769758,2014,1
https://openalex.org/A5089838274,2014,1
https://openalex.org/A5089861813,2014,1
https://openalex.org/A5089915702,2014,1
https://openalex.org/A5090091739,2014,1
https://openalex.org/A5090172608,2014,1
https://openalex.org/A5090184883,2014,1
https://openalex.org/A5090339552,2014,1
https://openalex.org/A5090415513,2014,1
https://openalex.org/A5090607818,2014,1
https://openalex.org/A5090629839,2014,1
https://openalex.org/A5090643747,2014,1
https://openalex.org/A5090692782,2014,1
https://openalex.org/A5090713998,2014,1
https://openalex.org/A5090833580,2014,1
https://openalex.org/A5090906323,2014,1
https://openalex.org/A5090932389,2014,1
https://openalex.org/A5090937408,2014,1
https://openalex.org/A5091212780,2014,1
https://openalex.org/A5091227928,2014,1
https://openalex.org/A5091264098,2014,1
https://openalex.org/A5091279733,2014,1
https://openalex.org/A5091349047,2014,1
https://openalex.org/A5091401602,2014,1
https://openalex.org/A5091421478,2014,1
https://openalex.org/A5091543199,2014,1
https://openalex.org/A5091563396,2014,1
https://openalex.org/A5091606744,2014,1
https://openalex.org/A5091674984,2014,1
https://openalex.org/A5091703595,2014,1
https://openalex.org/A5091750387,2014,1
https://openalex.org/A5091779986,2014,1
https://openalex.org/A5091854068,2014,1
https://openalex.org/A5095024281,2014,1
https://openalex.org/A5095061447,2014,1
https://openalex.org/A5095108559,2014,1
https://openalex.org/A5096881303,2014,1
https://openalex.org/A5096883628,2014,1
https://openalex.org/A5096883629,2014,1
https://openalex.org/A5096883630,2014,1
https://openalex.org/A5096907343,2014,1
https://openalex.org/A5097144636,2014,1
https://openalex.org/A5097824299,2014,1
https://openalex.org/A5100323216,2014,1
https://openalex.org/A5100329981,2014,1
https://openalex.org/A5100330839,2014,1
https://openalex.org/A5100333275,2014,1
https://openalex.org/A5100337868,2014,1
https://openalex.org/A5100338593,2014,1
https://openalex.org/A5100341219,2014,1
https://openalex.org/A5100343458,2014,1
https://openalex.org/A5100344786,2014,1
https://openalex.org/A5100345141,2014,1
https://openalex.org/A5100345803,2014,1
https://openalex.org/A5100346745,2014,1
https://openalex.org/A5100348617,2014,1
https://openalex.org/A5100350696,2014,1
https://openalex.org/A5100351623,2014,1
https://openalex.org/A5100353596,2014,1
https://openalex.org/A5100357542,2014,1
https://openalex.org/A5100359489,2014,1
https://openalex.org/A5100360655,2014,1
https://openalex.org/A5100362366,2014,1
https://openalex.org/A5100364997,2014,1
https://openalex.org/A5100365163,2014,1
https://openalex.org/A5100366303,2014,1
https://openalex.org/A5100368805,2014,1
https://openalex.org/A5100369619,2014,1
https://openalex.org/A5100370155,2014,1
https://openalex.org/A5100372368,2014,1
https://openalex.org/A5100377917,2014,1
https://openalex.org/A5100378447,2014,1
https://openalex.org/A5100379203,2014,1
https://openalex.org/A5100380499,2014,1
https://openalex.org/A5100380940,2014,1
https://openalex.org/A5100381479,2014,1
https://openalex.org/A5100383985,2014,1
https://openalex.org/A5100386372,2014,1
https://openalex.org/A5100391361,2014,1
https://openalex.org/A5100394809,2014,1
https://openalex.org/A5100395816,2014,1
https://openalex.org/A5100397127,2014,1
https://openalex.org/A5100399142,2014,1
https://openalex.org/A5100399867,2014,1
https://openalex.org/A5100400217,2014,1
https://openalex.org/A5100400242,2014,1
https://openalex.org/A5100401220,2014,1
https://openalex.org/A5100401503,2014,1
https://openalex.org/A5100403515,2014,1
https://openalex.org/A5100404091,2014,1
https://openalex.org/A5100410352,2014,1
https://openalex.org/A5100411794,2014,1
https://openalex.org/A5100412846,2014,1
https://openalex.org/A5100413542,2014,1
https://openalex.org/A5100415842,2014,1
https://openalex.org/A5100418765,2014,1
https://openalex.org/A5100418783,2014,1
https://openalex.org/A5100419573,2014,1
https://openalex.org/A5100419650,2014,1
https://openalex.org/A5100423838,2014,1
https://openalex.org/A5100423895,2014,1
https://openalex.org/A5100424105,2014,1
https://openalex.org/A5100424254,2014,1
https://openalex.org/A5100425107,2014,1
https://openalex.org/A5100425448,2014,1
https://openalex.org/A5100429826,2014,1
https://openalex.org/A5100430408,2014,1
https://openalex.org/A5100430491,2014,1
https://openalex.org/A5100434028,2014,1
https://openalex.org/A5100435832,2014,1
https://openalex.org/A5100438525,2014,1
https://openalex.org/A5100440385,2014,1
https://openalex.org/A5100442536,2014,1
https://openalex.org/A5100443408,2014,1
https://openalex.org/A5100446881,2014,1
https://openalex.org/A5100449906,2014,1
https://openalex.org/A5100450359,2014,1
https://openalex.org/A5100451844,2014,1
https://openalex.org/A5100455362,2014,1
https://openalex.org/A5100457556,2014,1
https://openalex.org/A5100460272,2014,1
https://openalex.org/A5100462135,2014,1
https://openalex.org/A5100525180,2014,1
https://openalex.org/A5100538412,2014,1
https://openalex.org/A5100599484,2014,1
https://openalex.org/A5100602872,2014,1
https://openalex.org/A5100603203,2014,1
https://openalex.org/A5100604282,2014,1
https://openalex.org/A5100609129,2014,1
https://openalex.org/A5100609820,2014,1
https://openalex.org/A5100612128,2014,1
https://openalex.org/A5100612423,2014,1
https://openalex.org/A5100621421,2014,1
https://openalex.org/A5100624527,2014,1
https://openalex.org/A5100625089,2014,1
https://openalex.org/A5100627221,2014,1
https://openalex.org/A5100628752,2014,1
https://openalex.org/A5100634431,2014,1
https://openalex.org/A5100634706,2014,1
https://openalex.org/A5100636362,2014,1
https://openalex.org/A5100641788,2014,1
https://openalex.org/A5100646137,2014,1
https://openalex.org/A5100647035,2014,1
https://openalex.org/A5100653784,2014,1
https://openalex.org/A5100658019,2014,1
https://openalex.org/A5100659446,2014,1
https://openalex.org/A5100664608,2014,1
https://openalex.org/A5100667567,2014,1
https://openalex.org/A5100668732,2014,1
https://openalex.org/A5100677409,2014,1
https://openalex.org/A5100684571,2014,1
https://openalex.org/A5100684572,2014,1
https://openalex.org/A5100693269,2014,1
https://openalex.org/A5100693795,2014,1
https://openalex.org/A5100694658,2014,1
https://openalex.org/A5100699702,2014,1
https://openalex.org/A5100705174,2014,1
https://openalex.org/A5100707254,2014,1
https://openalex.org/A5100710713,2014,1
https://openalex.org/A5100712505,2014,1
https://openalex.org/A5100713500,2014,1
https://openalex.org/A5100714202,2014,1
https://openalex.org/A5100718257,2014,1
https://openalex.org/A5100721786,2014,1
https://openalex.org/A5100721790,2014,1
https://openalex.org/A5100724297,2014,1
https://openalex.org/A5100727124,2014,1
https://openalex.org/A5100731832,2014,1
https://openalex.org/A5100732746,2014,1
https://openalex.org/A5100736156,2014,1
https://openalex.org/A5100739100,2014,1
https://openalex.org/A5100740368,2014,1
https://openalex.org/A5100741750,2014,1
https://openalex.org/A5100745599,2014,1
https://openalex.org/A5100748345,2014,1
https://openalex.org/A5100749933,2014,1
https://openalex.org/A5100749934,2014,1
https://openalex.org/A5100750046,2014,1
https://openalex.org/A5100750894,2014,1
https://openalex.org/A5100767232,2014,1
https://openalex.org/A5100775693,2014,1
https://openalex.org/A5100776555,2014,1
https://openalex.org/A5100778479,2014,1
https://openalex.org/A5100779701,2014,1
https://openalex.org/A5100781249,2014,1
https://openalex.org/A5100781284,2014,1
https://openalex.org/A5100781388,2014,1
https://openalex.org/A5100784734,2014,1
https://openalex.org/A5100785055,2014,1
https://openalex.org/A5100785435,2014,1
https://openalex.org/A5100873220,2014,1
https://openalex.org/A5100891241,2014,1
https://openalex.org/A5100934649,2014,1
https://openalex.org/A5100947460,2014,1
https://openalex.org/A5100988814,2014,1
https://openalex.org/A5101005562,2014,1
https://openalex.org/A5101014571,2014,1
https://openalex.org/A5101059302,2014,1
https://openalex.org/A5101074620,2014,1
https://openalex.org/A5101095357,2014,1
https://openalex.org/A5101163745,2014,1
https://openalex.org/A5101399826,2014,1
https://openalex.org/A5101400399,2014,1
https://openalex.org/A5101404148,2014,1
https://openalex.org/A5101404216,2014,1
https://openalex.org/A5101414106,2014,1
https://openalex.org/A5101414202,2014,1
https://openalex.org/A5101424728,2014,1
https://openalex.org/A5101424735,2014,1
https://openalex.org/A5101428128,2014,1
https://openalex.org/A5101431315,2014,1
https://openalex.org/A5101453472,2014,1
https://openalex.org/A5101459282,2014,1
https://openalex.org/A5101462459,2014,1
https://openalex.org/A5101476667,2014,1
https://openalex.org/A5101485990,2014,1
https://openalex.org/A5101491074,2014,1
https://openalex.org/A5101494817,2014,1
https://openalex.org/A5101500427,2014,1
https://openalex.org/A5101507566,2014,1
https://openalex.org/A5101511019,2014,1
https://openalex.org/A5101514536,2014,1
https://openalex.org/A5101522431,2014,1
https://openalex.org/A5101532199,2014,1
https://openalex.org/A5101541045,2014,1
https://openalex.org/A5101543210,2014,1
https://openalex.org/A5101544732,2014,1
https://openalex.org/A5101545465,2014,1
https://openalex.org/A5101551686,2014,1
https://openalex.org/A5101551739,2014,1
https://openalex.org/A5101557904,2014,1
https://openalex.org/A5101565511,2014,1
https://openalex.org/A5101568187,2014,1
https://openalex.org/A5101571225,2014,1
https://openalex.org/A5101578854,2014,1
https://openalex.org/A5101583277,2014,1
https://openalex.org/A5101585261,2014,1
https://openalex.org/A5101590080,2014,1
https://openalex.org/A5101591422,2014,1
https://openalex.org/A5101591964,2014,1
https://openalex.org/A5101609697,2014,1
https://openalex.org/A5101632853,2014,1
https://openalex.org/A5101646796,2014,1
https://openalex.org/A5101655873,2014,1
https://openalex.org/A5101659754,2014,1
https://openalex.org/A5101699390,2014,1
https://openalex.org/A5101700587,2014,1
https://openalex.org/A5101735956,2014,1
https://openalex.org/A5101735957,2014,1
https://openalex.org/A5101738495,2014,1
https://openalex.org/A5101745053,2014,1
https://openalex.org/A5101746911,2014,1
https://openalex.org/A5101763824,2014,1
https://openalex.org/A5101765247,2014,1
https://openalex.org/A5101772424,2014,1
https://openalex.org/A5101778845,2014,1
https://openalex.org/A5101790691,2014,1
https://openalex.org/A5101790836,2014,1
https://openalex.org/A5101792673,2014,1
https://openalex.org/A5101795031,2014,1
https://openalex.org/A5101818211,2014,1
https://openalex.org/A5101831882,2014,1
https://openalex.org/A5101866629,2014,1
https://openalex.org/A5101867605,2014,1
https://openalex.org/A5101871097,2014,1
https://openalex.org/A5101875767,2014,1
https://openalex.org/A5101892238,2014,1
https://openalex.org/A5101895423,2014,1
https://openalex.org/A5101895600,2014,1
https://openalex.org/A5101921248,2014,1
https://openalex.org/A5101929996,2014,1
https://openalex.org/A5101937023,2014,1
https://openalex.org/A5101939395,2014,1
https://openalex.org/A5101942855,2014,1
https://openalex.org/A5101945817,2014,1
https://openalex.org/A5101958358,2014,1
https://openalex.org/A5101970013,2014,1
https://openalex.org/A5101973034,2014,1
https://openalex.org/A5101977460,2014,1
https://openalex.org/A5101981296,2014,1
https://openalex.org/A5101982814,2014,1
https://openalex.org/A5102002663,2014,1
https://openalex.org/A5102003121,2014,1
https://openalex.org/A5102050549,2014,1
https://openalex.org/A5102073354,2014,1
https://openalex.org/A5102146587,2014,1
https://openalex.org/A5102148748,2014,1
https://openalex.org/A5102172141,2014,1
https://openalex.org/A5102179112,2014,1
https://openalex.org/A5102186934,2014,1
https://openalex.org/A5102207341,2014,1
https://openalex.org/A5102265682,2014,1
https://openalex.org/A5102277882,2014,1
https://openalex.org/A5102376547,2014,1
https://openalex.org/A5102397186,2014,1
https://openalex.org/A5102494018,2014,1
https://openalex.org/A5102498323,2014,1
https://openalex.org/A5102670875,2014,1
https://openalex.org/A5102707440,2014,1
https://openalex.org/A5102734768,2014,1
https://openalex.org/A5102746545,2014,1
https://openalex.org/A5102759669,2014,1
https://openalex.org/A5102760647,2014,1
https://openalex.org/A5102765877,2014,1
https://openalex.org/A5102770824,2014,1
https://openalex.org/A5102773565,2014,1
https://openalex.org/A5102780674,2014,1
https://openalex.org/A5102794326,2014,1
https://openalex.org/A5102831353,2014,1
https://openalex.org/A5102839531,2014,1
https://openalex.org/A5102840909,2014,1
https://openalex.org/A5102898115,2014,1
https://openalex.org/A5102902131,2014,1
https://openalex.org/A5102909463,2014,1
https://openalex.org/A5102919922,2014,1
https://openalex.org/A5102923625,2014,1
https://openalex.org/A5102929462,2014,1
https://openalex.org/A5102936000,2014,1
https://openalex.org/A5102940408,2014,1
https://openalex.org/A5102957650,2014,1
https://openalex.org/A5102959646,2014,1
https://openalex.org/A5102959956,2014,1
https://openalex.org/A5102971583,2014,1
https://openalex.org/A5102980368,2014,1
https://openalex.org/A5103020462,2014,1
https://openalex.org/A5103027200,2014,1
https://openalex.org/A5103053776,2014,1
https://openalex.org/A5103068084,2014,1
https://openalex.org/A5103073708,2014,1
https://openalex.org/A5103078340,2014,1
https://openalex.org/A5103092623,2014,1
https://openalex.org/A5103124015,2014,1
https://openalex.org/A5103131452,2014,1
https://openalex.org/A5103150619,2014,1
https://openalex.org/A5103157959,2014,1
https://openalex.org/A5103158964,2014,1
https://openalex.org/A5103248641,2014,1
https://openalex.org/A5103269196,2014,1
https://openalex.org/A5103282547,2014,1
https://openalex.org/A5103290194,2014,1
https://openalex.org/A5103414455,2014,1
https://openalex.org/A5103500713,2014,1
https://openalex.org/A5103512686,2014,1
https://openalex.org/A5103519497,2014,1
https://openalex.org/A5103526223,2014,1
https://openalex.org/A5103542284,2014,1
https://openalex.org/A5103552829,2014,1
https://openalex.org/A5103557594,2014,1
https://openalex.org/A5103558670,2014,1
https://openalex.org/A5103587655,2014,1
https://openalex.org/A5103620030,2014,1
https://openalex.org/A5103621355,2014,1
https://openalex.org/A5103718978,2014,1
https://openalex.org/A5103731815,2014,1
https://openalex.org/A5103848142,2014,1
https://openalex.org/A5103908898,2014,1
https://openalex.org/A5103925576,2014,1
https://openalex.org/A5103933556,2014,1
https://openalex.org/A5103997751,2014,1
https://openalex.org/A5104009605,2014,1
https://openalex.org/A5104079782,2014,1
https://openalex.org/A5104109481,2014,1
https://openalex.org/A5104357268,2014,1
https://openalex.org/A5104594597,2014,1
https://openalex.org/A5105755996,2014,1
https://openalex.org/A5105759393,2014,1
https://openalex.org/A5105767248,2014,1
https://openalex.org/A5105988174,2014,1
https://openalex.org/A5106235574,2014,1
https://openalex.org/A5106364328,2014,1
https://openalex.org/A5106920585,2014,1
https://openalex.org/A5106943333,2014,1
https://openalex.org/A5107114251,2014,1
https://openalex.org/A5107826529,2014,1
https://openalex.org/A5107864118,2014,1
https://openalex.org/A5108106727,2014,1
https://openalex.org/A5108231284,2014,1
https://openalex.org/A5108232815,2014,1
https://openalex.org/A5108236865,2014,1
https://openalex.org/A5108242315,2014,1
https://openalex.org/A5108345272,2014,1
https://openalex.org/A5108387638,2014,1
https://openalex.org/A5108402511,2014,1
https://openalex.org/A5108467590,2014,1
https://openalex.org/A5108531335,2014,1
https://openalex.org/A5108538229,2014,1
https://openalex.org/A5108556959,2014,1
https://openalex.org/A5108557359,2014,1
https://openalex.org/A5108562921,2014,1
https://openalex.org/A5108573695,2014,1
https://openalex.org/A5108581398,2014,1
https://openalex.org/A5108608102,2014,1
https://openalex.org/A5108657702,2014,1
https://openalex.org/A5108688389,2014,1
https://openalex.org/A5108705560,2014,1
https://openalex.org/A5108711541,2014,1
https://openalex.org/A5108748377,2014,1
https://openalex.org/A5108818069,2014,1
https://openalex.org/A5108839223,2014,1
https://openalex.org/A5108860011,2014,1
https://openalex.org/A5109090681,2014,1
https://openalex.org/A5109110893,2014,1
https://openalex.org/A5109120062,2014,1
https://openalex.org/A5109129350,2014,1
https://openalex.org/A5109170625,2014,1
https://openalex.org/A5109183994,2014,1
https://openalex.org/A5109223348,2014,1
https://openalex.org/A5109254912,2014,1
https://openalex.org/A5109287496,2014,1
https://openalex.org/A5109306633,2014,1
https://openalex.org/A5109361725,2014,1
https://openalex.org/A5109446982,2014,1
https://openalex.org/A5109555570,2014,1
https://openalex.org/A5109558506,2014,1
https://openalex.org/A5109801469,2014,1
https://openalex.org/A5109838698,2014,1
https://openalex.org/A5109851187,2014,1
https://openalex.org/A5109918389,2014,1
https://openalex.org/A5109946025,2014,1
https://openalex.org/A5110050339,2014,1
https://openalex.org/A5110053397,2014,1
https://openalex.org/A5110131136,2014,1
https://openalex.org/A5110139923,2014,1
https://openalex.org/A5110220840,2014,1
https://openalex.org/A5110248343,2014,1
https://openalex.org/A5110281408,2014,1
https://openalex.org/A5110289925,2014,1
https://openalex.org/A5110342739,2014,1
https://openalex.org/A5110352482,2014,1
https://openalex.org/A5110378804,2014,1
https://openalex.org/A5110477793,2014,1
https://openalex.org/A5110573833,2014,1
https://openalex.org/A5110574930,2014,1
https://openalex.org/A5110681087,2014,1
https://openalex.org/A5110710143,2014,1
https://openalex.org/A5110758043,2014,1
https://openalex.org/A5110797010,2014,1
https://openalex.org/A5110829680,2014,1
https://openalex.org/A5110862527,2014,1
https://openalex.org/A5110935514,2014,1
https://openalex.org/A5110954116,2014,1
https://openalex.org/A5111012239,2014,1
https://openalex.org/A5111117966,2014,1
https://openalex.org/A5111166733,2014,1
https://openalex.org/A5111179234,2014,1
https://openalex.org/A5111259855,2014,1
https://openalex.org/A5111388453,2014,1
https://openalex.org/A5111394020,2014,1
https://openalex.org/A5111440859,2014,1
https://openalex.org/A5111465122,2014,1
https://openalex.org/A5111529343,2014,1
https://openalex.org/A5111537710,2014,1
https://openalex.org/A5111539568,2014,1
https://openalex.org/A5111544136,2014,1
https://openalex.org/A5111550040,2014,1
https://openalex.org/A5111619024,2014,1
https://openalex.org/A5111660469,2014,1
https://openalex.org/A5111679813,2014,1
https://openalex.org/A5111690903,2014,1
https://openalex.org/A5111693639,2014,1
https://openalex.org/A5111721578,2014,1
https://openalex.org/A5111728681,2014,1
https://openalex.org/A5111782235,2014,1
https://openalex.org/A5111789821,2014,1
https://openalex.org/A5111797215,2014,1
https://openalex.org/A5111804676,2014,1
https://openalex.org/A5111850610,2014,1
https://openalex.org/A5111873835,2014,1
https://openalex.org/A5111874270,2014,1
https://openalex.org/A5111874731,2014,1
https://openalex.org/A5111976503,2014,1
https://openalex.org/A5111988653,2014,1
https://openalex.org/A5111996562,2014,1
https://openalex.org/A5112016803,2014,1
https://openalex.org/A5112031604,2014,1
https://openalex.org/A5112061271,2014,1
https://openalex.org/A5112107092,2014,1
https://openalex.org/A5112119400,2014,1
https://openalex.org/A5112133862,2014,1
https://openalex.org/A5112149353,2014,1
https://openalex.org/A5112217286,2014,1
https://openalex.org/A5112247615,2014,1
https://openalex.org/A5112299371,2014,1
https://openalex.org/A5112400421,2014,1
https://openalex.org/A5112406082,2014,1
https://openalex.org/A5112408603,2014,1
https://openalex.org/A5112475327,2014,1
https://openalex.org/A5112527799,2014,1
https://openalex.org/A5112574070,2014,1
https://openalex.org/A5112582451,2014,1
https://openalex.org/A5112584073,2014,1
https://openalex.org/A5112585980,2014,1
https://openalex.org/A5112593568,2014,1
https://openalex.org/A5112619839,2014,1
https://openalex.org/A5112621485,2014,1
https://openalex.org/A5112622092,2014,1
https://openalex.org/A5112622343,2014,1
https://openalex.org/A5112627555,2014,1
https://openalex.org/A5112836322,2014,1
https://openalex.org/A5112849014,2014,1
https://openalex.org/A5112874884,2014,1
https://openalex.org/A5112906152,2014,1
https://openalex.org/A5113169906,2014,1
https://openalex.org/A5113176094,2014,1
https://openalex.org/A5113433371,2014,1
https://openalex.org/A5113463861,2014,1
https://openalex.org/A5113463901,2014,1
https://openalex.org/A5113483422,2014,1
https://openalex.org/A5113520485,2014,1
https://openalex.org/A5113547255,2014,1
https://openalex.org/A5113555353,2014,1
https://openalex.org/A5113618675,2014,1
https://openalex.org/A5113622445,2014,1
https://openalex.org/A5113685071,2014,1
https://openalex.org/A5113708019,2014,1
https://openalex.org/A5113725205,2014,1
https://openalex.org/A5113777582,2014,1
https://openalex.org/A5113797205,2014,1
https://openalex.org/A5113819719,2014,1
https://openalex.org/A5113823812,2014,1
https://openalex.org/A5113840908,2014,1
https://openalex.org/A5113844227,2014,1
https://openalex.org/A5113916695,2014,1
https://openalex.org/A5113921396,2014,1
https://openalex.org/A5113938753,2014,1
https://openalex.org/A5113945914,2014,1
https://openalex.org/A5113955219,2014,1
https://openalex.org/A5113965474,2014,1
https://openalex.org/A5114016365,2014,1
https://openalex.org/A5114028415,2014,1
https://openalex.org/A5114034916,2014,1
https://openalex.org/A5114099832,2014,1
https://openalex.org/A5114146422,2014,1
https://openalex.org/A5114170545,2014,1
https://openalex.org/A5114378014,2014,1
https://openalex.org/A5115588410,2014,1
https://openalex.org/A5115598059,2014,1
https://openalex.org/A5115602971,2014,1
https://openalex.org/A5115695506,2014,1
https://openalex.org/A5116225829,2014,1
https://openalex.org/A5118713906,2014,1
https://openalex.org/A5122995579,2014,1
https://openalex.org/A5123003840,2014,1
https://openalex.org/A5127117404,2014,1
https://openalex.org/A5127208748,2014,1
https://openalex.org/A5127220875,2014,1
https://openalex.org/A5128719468,2014,1
https://openalex.org/A5128929061,2014,1
https://openalex.org/A5128964480,2014,1
https://openalex.org/A5129026453,2014,1
https://openalex.org/A5129027217,2014,1
https://openalex.org/A5129080912,2014,1
https://openalex.org/A5000045048,2015,1
https://openalex.org/A5000073019,2015,1
https://openalex.org/A5000073166,2015,1
https://openalex.org/A5000091490,2015,1
https://openalex.org/A5000093181,2015,1
https://openalex.org/A5000106487,2015,1
https://openalex.org/A5000161403,2015,1
https://openalex.org/A5000176820,2015,1
https://openalex.org/A5000188286,2015,1
https://openalex.org/A5000254294,2015,1
https://openalex.org/A5000260467,2015,1
https://openalex.org/A5000272528,2015,1
https://openalex.org/A5000304443,2015,1
https://openalex.org/A5000410753,2015,1
https://openalex.org/A5000420547,2015,1
https://openalex.org/A5000531041,2015,1
https://openalex.org/A5000571465,2015,1
https://openalex.org/A5000710567,2015,1
https://openalex.org/A5000761221,2015,1
https://openalex.org/A5000774782,2015,1
https://openalex.org/A5000787711,2015,1
https://openalex.org/A5000791513,2015,1
https://openalex.org/A5000851816,2015,1
https://openalex.org/A5000943889,2015,1
https://openalex.org/A5000961715,2015,1
https://openalex.org/A5001011609,2015,1
https://openalex.org/A5001022487,2015,1
https://openalex.org/A5001053269,2015,1
https://openalex.org/A5001056000,2015,1
https://openalex.org/A5001072775,2015,1
https://openalex.org/A5001133932,2015,1
https://openalex.org/A5001277681,2015,1
https://openalex.org/A5001287137,2015,1
https://openalex.org/A5001362069,2015,1
https://openalex.org/A5001418073,2015,1
https://openalex.org/A5001469325,2015,1
https://openalex.org/A5001555134,2015,1
https://openalex.org/A5001590907,2015,1
https://openalex.org/A5001617564,2015,1
https://openalex.org/A5001740210,2015,1
https://openalex.org/A5001751801,2015,1
https://openalex.org/A5001833084,2015,1
https://openalex.org/A5001860954,2015,1
https://openalex.org/A5001877403,2015,1
https://openalex.org/A5001934217,2015,1
https://openalex.org/A5002007962,2015,1
https://openalex.org/A5002010944,2015,1
https://openalex.org/A5002028345,2015,1
https://openalex.org/A5002056104,2015,1
https://openalex.org/A5002088191,2015,1
https://openalex.org/A5002109966,2015,1
https://openalex.org/A5002110023,2015,1
https://openalex.org/A5002146682,2015,1
https://openalex.org/A5002221991,2015,1
https://openalex.org/A5002239046,2015,1
https://openalex.org/A5002248149,2015,1
https://openalex.org/A5002277899,2015,1
https://openalex.org/A5002388250,2015,1
https://openalex.org/A5002584045,2015,1
https://openalex.org/A5002616981,2015,1
https://openalex.org/A5002627939,2015,1
https://openalex.org/A5002662561,2015,1
https://openalex.org/A5002713363,2015,1
https://openalex.org/A5002778168,2015,1
https://openalex.org/A5002817190,2015,1
https://openalex.org/A5002834603,2015,1
https://openalex.org/A5002955145,2015,1
https://openalex.org/A5003093414,2015,1
https://openalex.org/A5003113744,2015,1
https://openalex.org/A5003125633,2015,1
https://openalex.org/A5003155208,2015,1
https://openalex.org/A5003184501,2015,1
https://openalex.org/A5003204398,2015,1
https://openalex.org/A5003302169,2015,1
https://openalex.org/A5003318791,2015,1
https://openalex.org/A5003339876,2015,1
https://openalex.org/A5003426494,2015,1
https://openalex.org/A5003480256,2015,1
https://openalex.org/A5003483157,2015,1
https://openalex.org/A5003521007,2015,1
https://openalex.org/A5003659878,2015,1
https://openalex.org/A5003720673,2015,1
https://openalex.org/A5003734008,2015,1
https://openalex.org/A5003768123,2015,1
https://openalex.org/A5003803425,2015,1
https://openalex.org/A5003875781,2015,1
https://openalex.org/A5003977369,2015,1
https://openalex.org/A5004085786,2015,1
https://openalex.org/A5004151307,2015,1
https://openalex.org/A5004215191,2015,1
https://openalex.org/A5004233779,2015,1
https://openalex.org/A5004323982,2015,1
https://openalex.org/A5004461539,2015,1
https://openalex.org/A5004552407,2015,1
https://openalex.org/A5004584268,2015,1
https://openalex.org/A5004617986,2015,1
https://openalex.org/A5004648493,2015,1
https://openalex.org/A5004665770,2015,1
https://openalex.org/A5004763853,2015,1
https://openalex.org/A5004771743,2015,1
https://openalex.org/A5004844723,2015,1
https://openalex.org/A5004909394,2015,1
https://openalex.org/A5004961625,2015,1
https://openalex.org/A5004967932,2015,1
https://openalex.org/A5004996586,2015,1
https://openalex.org/A5005061777,2015,1
https://openalex.org/A5005075022,2015,1
https://openalex.org/A5005086088,2015,1
https://openalex.org/A5005093280,2015,1
https://openalex.org/A5005103916,2015,1
https://openalex.org/A5005114139,2015,1
https://openalex.org/A5005117825,2015,1
https://openalex.org/A5005163929,2015,1
https://openalex.org/A5005166657,2015,1
https://openalex.org/A5005227623,2015,1
https://openalex.org/A5005237219,2015,1
https://openalex.org/A5005310508,2015,1
https://openalex.org/A5005355623,2015,1
https://openalex.org/A5005409465,2015,1
https://openalex.org/A5005443526,2015,1
https://openalex.org/A5005456663,2015,1
https://openalex.org/A5005467474,2015,1
https://openalex.org/A5005504082,2015,1
https://openalex.org/A5005505577,2015,1
https://openalex.org/A5005575731,2015,1
https://openalex.org/A5005607315,2015,1
https://openalex.org/A5005607506,2015,1
https://openalex.org/A5005627523,2015,1
https://openalex.org/A5005710874,2015,1
https://openalex.org/A5005856325,2015,1
https://openalex.org/A5005866826,2015,1
https://openalex.org/A5005891853,2015,1
https://openalex.org/A5005922407,2015,1
https://openalex.org/A5005974017,2015,1
https://openalex.org/A5006012153,2015,1
https://openalex.org/A5006038667,2015,1
https://openalex.org/A5006135936,2015,1
https://openalex.org/A5006208338,2015,1
https://openalex.org/A5006238093,2015,1
https://openalex.org/A5006278643,2015,1
https://openalex.org/A5006334862,2015,1
https://openalex.org/A5006349871,2015,1
https://openalex.org/A5006388602,2015,1
https://openalex.org/A5006455453,2015,1
https://openalex.org/A5006566635,2015,1
https://openalex.org/A5006597291,2015,1
https://openalex.org/A5006597472,2015,1
https://openalex.org/A5006668977,2015,1
https://openalex.org/A5006669453,2015,1
https://openalex.org/A5006693250,2015,1
https://openalex.org/A5006817258,2015,1
https://openalex.org/A5006818887,2015,1
https://openalex.org/A5006953226,2015,1
https://openalex.org/A5006956791,2015,1
https://openalex.org/A5006983953,2015,1
https://openalex.org/A5007090883,2015,1
https://openalex.org/A5007154515,2015,1
https://openalex.org/A5007248971,2015,1
https://openalex.org/A5007276383,2015,1
https://openalex.org/A5007292294,2015,1
https://openalex.org/A5007317974,2015,1
https://openalex.org/A5007332388,2015,1
https://openalex.org/A5007352291,2015,1
https://openalex.org/A5007367807,2015,1
https://openalex.org/A5007398316,2015,1
https://openalex.org/A5007399164,2015,1
https://openalex.org/A5007541789,2015,1
https://openalex.org/A5007560175,2015,1
https://openalex.org/A5007639385,2015,1
https://openalex.org/A5007676766,2015,1
https://openalex.org/A5007740741,2015,1
https://openalex.org/A5007778524,2015,1
https://openalex.org/A5007824071,2015,1
https://openalex.org/A5007836080,2015,1
https://openalex.org/A5007892780,2015,1
https://openalex.org/A5007903682,2015,1
https://openalex.org/A5008141914,2015,1
https://openalex.org/A5008185852,2015,1
https://openalex.org/A5008201587,2015,1
https://openalex.org/A5008215567,2015,1
https://openalex.org/A5008260665,2015,1
https://openalex.org/A5008365067,2015,1
https://openalex.org/A5008367647,2015,1
https://openalex.org/A5008382926,2015,1
https://openalex.org/A5008567121,2015,1
https://openalex.org/A5008584338,2015,1
https://openalex.org/A5008666077,2015,1
https://openalex.org/A5008721449,2015,1
https://openalex.org/A5008755808,2015,1
https://openalex.org/A5008763930,2015,1
https://openalex.org/A5008771904,2015,1
https://openalex.org/A5008807859,2015,1
https://openalex.org/A5008812074,2015,1
https://openalex.org/A5008821666,2015,1
https://openalex.org/A5008859688,2015,1
https://openalex.org/A5008957721,2015,1
https://openalex.org/A5008993224,2015,1
https://openalex.org/A5009032084,2015,1
https://openalex.org/A5009164568,2015,1
https://openalex.org/A5009284729,2015,1
https://openalex.org/A5009290031,2015,1
https://openalex.org/A5009291095,2015,1
https://openalex.org/A5009321575,2015,1
https://openalex.org/A5009450763,2015,1
https://openalex.org/A5009474955,2015,1
https://openalex.org/A5009542542,2015,1
https://openalex.org/A5009571718,2015,1
https://openalex.org/A5009614926,2015,1
https://openalex.org/A5009616191,2015,1
https://openalex.org/A5009663537,2015,1
https://openalex.org/A5009732907,2015,1
https://openalex.org/A5009761926,2015,1
https://openalex.org/A5009796023,2015,1
https://openalex.org/A5009841991,2015,1
https://openalex.org/A5009847434,2015,1
https://openalex.org/A5009923183,2015,1
https://openalex.org/A5009961413,2015,1
https://openalex.org/A5010050463,2015,1
https://openalex.org/A5010053170,2015,1
https://openalex.org/A5010137118,2015,1
https://openalex.org/A5010153532,2015,1
https://openalex.org/A5010225522,2015,1
https://openalex.org/A5010255725,2015,1
https://openalex.org/A5010335317,2015,1
https://openalex.org/A5010461150,2015,1
https://openalex.org/A5010472115,2015,1
https://openalex.org/A5010475586,2015,1
https://openalex.org/A5010481211,2015,1
https://openalex.org/A5010557705,2015,1
https://openalex.org/A5010591374,2015,1
https://openalex.org/A5010607659,2015,1
https://openalex.org/A5010613321,2015,1
https://openalex.org/A5010616151,2015,1
https://openalex.org/A5010680275,2015,1
https://openalex.org/A5010705908,2015,1
https://openalex.org/A5010805525,2015,1
https://openalex.org/A5010923018,2015,1
https://openalex.org/A5010923976,2015,1
https://openalex.org/A5011019400,2015,1
https://openalex.org/A5011052693,2015,1
https://openalex.org/A5011076157,2015,1
https://openalex.org/A5011088033,2015,1
https://openalex.org/A5011159421,2015,1
https://openalex.org/A5011200911,2015,1
https://openalex.org/A5011285708,2015,1
https://openalex.org/A5011347521,2015,1
https://openalex.org/A5011378626,2015,1
https://openalex.org/A5011384119,2015,1
https://openalex.org/A5011399306,2015,1
https://openalex.org/A5011433814,2015,1
https://openalex.org/A5011498939,2015,1
https://openalex.org/A5011507387,2015,1
https://openalex.org/A5011578490,2015,1
https://openalex.org/A5011614455,2015,1
https://openalex.org/A5011707621,2015,1
https://openalex.org/A5011715660,2015,1
https://openalex.org/A5011738676,2015,1
https://openalex.org/A5011746019,2015,1
https://openalex.org/A5011799999,2015,1
https://openalex.org/A5011814350,2015,1
https://openalex.org/A5011834144,2015,1
https://openalex.org/A5011868394,2015,1
https://openalex.org/A5012055259,2015,1
https://openalex.org/A5012240246,2015,1
https://openalex.org/A5012262523,2015,1
https://openalex.org/A5012268339,2015,1
https://openalex.org/A5012286492,2015,1
https://openalex.org/A5012312987,2015,1
https://openalex.org/A5012361506,2015,1
https://openalex.org/A5012368084,2015,1
https://openalex.org/A5012568469,2015,1
https://openalex.org/A5012577032,2015,1
https://openalex.org/A5012595591,2015,1
https://openalex.org/A5012637532,2015,1
https://openalex.org/A5012655281,2015,1
https://openalex.org/A5012715049,2015,1
https://openalex.org/A5012745310,2015,1
https://openalex.org/A5012773420,2015,1
https://openalex.org/A5012803997,2015,1
https://openalex.org/A5012854701,2015,1
https://openalex.org/A5012878268,2015,1
https://openalex.org/A5012948584,2015,1
https://openalex.org/A5012961763,2015,1
https://openalex.org/A5013075810,2015,1
https://openalex.org/A5013115888,2015,1
https://openalex.org/A5013173120,2015,1
https://openalex.org/A5013243910,2015,1
https://openalex.org/A5013283012,2015,1
https://openalex.org/A5013324026,2015,1
https://openalex.org/A5013348818,2015,1
https://openalex.org/A5013431023,2015,1
https://openalex.org/A5013502032,2015,1
https://openalex.org/A5013651188,2015,1
https://openalex.org/A5013745239,2015,1
https://openalex.org/A5013751677,2015,1
https://openalex.org/A5013758719,2015,1
https://openalex.org/A5013790771,2015,1
https://openalex.org/A5013860869,2015,1
https://openalex.org/A5013864165,2015,1
https://openalex.org/A5013914716,2015,1
https://openalex.org/A5014020176,2015,1
https://openalex.org/A5014073853,2015,1
https://openalex.org/A5014105370,2015,1
https://openalex.org/A5014124403,2015,1
https://openalex.org/A5014139975,2015,1
https://openalex.org/A5014158759,2015,1
https://openalex.org/A5014251181,2015,1
https://openalex.org/A5014342884,2015,1
https://openalex.org/A5014350721,2015,1
https://openalex.org/A5014356475,2015,1
https://openalex.org/A5014360993,2015,1
https://openalex.org/A5014433885,2015,1
https://openalex.org/A5014498545,2015,1
https://openalex.org/A5014566663,2015,1
https://openalex.org/A5014611255,2015,1
https://openalex.org/A5014617340,2015,1
https://openalex.org/A5014621224,2015,1
https://openalex.org/A5014814792,2015,1
https://openalex.org/A5014918159,2015,1
https://openalex.org/A5014952448,2015,1
https://openalex.org/A5015003622,2015,1
https://openalex.org/A5015011850,2015,1
https://openalex.org/A5015026639,2015,1
https://openalex.org/A5015057235,2015,1
https://openalex.org/A5015089246,2015,1
https://openalex.org/A5015094039,2015,1
https://openalex.org/A5015110422,2015,1
https://openalex.org/A5015208408,2015,1
https://openalex.org/A5015241528,2015,1
https://openalex.org/A5015275837,2015,1
https://openalex.org/A5015344753,2015,1
https://openalex.org/A5015352479,2015,1
https://openalex.org/A5015355219,2015,1
https://openalex.org/A5015371269,2015,1
https://openalex.org/A5015483032,2015,1
https://openalex.org/A5015525787,2015,1
https://openalex.org/A5015525872,2015,1
https://openalex.org/A5015589507,2015,1
https://openalex.org/A5015678456,2015,1
https://openalex.org/A5015685149,2015,1
https://openalex.org/A5015707925,2015,1
https://openalex.org/A5015809390,2015,1
https://openalex.org/A5015857371,2015,1
https://openalex.org/A5015951381,2015,1
https://openalex.org/A5015995416,2015,1
https://openalex.org/A5016108095,2015,1
https://openalex.org/A5016207990,2015,1
https://openalex.org/A5016217712,2015,1
https://openalex.org/A5016247760,2015,1
https://openalex.org/A5016267591,2015,1
https://openalex.org/A5016301913,2015,1
https://openalex.org/A5016304102,2015,1
https://openalex.org/A5016355665,2015,1
https://openalex.org/A5016373418,2015,1
https://openalex.org/A5016398897,2015,1
https://openalex.org/A5016461590,2015,1
https://openalex.org/A5016544515,2015,1
https://openalex.org/A5016728322,2015,1
https://openalex.org/A5016773101,2015,1
https://openalex.org/A5016838632,2015,1
https://openalex.org/A5016839533,2015,1
https://openalex.org/A5016846734,2015,1
https://openalex.org/A5016899499,2015,1
https://openalex.org/A5016915945,2015,1
https://openalex.org/A5016920083,2015,1
https://openalex.org/A5017017502,2015,1
https://openalex.org/A5017213156,2015,1
https://openalex.org/A5017232974,2015,1
https://openalex.org/A5017248988,2015,1
https://openalex.org/A5017295309,2015,1
https://openalex.org/A5017322165,2015,1
https://openalex.org/A5017351306,2015,1
https://openalex.org/A5017373826,2015,1
https://openalex.org/A5017393846,2015,1
https://openalex.org/A5017400582,2015,1
https://openalex.org/A5017463435,2015,1
https://openalex.org/A5017472089,2015,1
https://openalex.org/A5017475996,2015,1
https://openalex.org/A5017575646,2015,1
https://openalex.org/A5017643614,2015,1
https://openalex.org/A5017670842,2015,1
https://openalex.org/A5017796934,2015,1
https://openalex.org/A5017801839,2015,1
https://openalex.org/A5017807804,2015,1
https://openalex.org/A5017811469,2015,1
https://openalex.org/A5017813263,2015,1
https://openalex.org/A5017839661,2015,1
https://openalex.org/A5017862559,2015,1
https://openalex.org/A5017949214,2015,1
https://openalex.org/A5017968460,2015,1
https://openalex.org/A5017989673,2015,1
https://openalex.org/A5018017185,2015,1
https://openalex.org/A5018076484,2015,1
https://openalex.org/A5018096769,2015,1
https://openalex.org/A5018130292,2015,1
https://openalex.org/A5018195524,2015,1
https://openalex.org/A5018204443,2015,1
https://openalex.org/A5018208772,2015,1
https://openalex.org/A5018235230,2015,1
https://openalex.org/A5018255936,2015,1
https://openalex.org/A5018316581,2015,1
https://openalex.org/A5018323141,2015,1
https://openalex.org/A5018346049,2015,1
https://openalex.org/A5018347958,2015,1
https://openalex.org/A5018369948,2015,1
https://openalex.org/A5018370354,2015,1
https://openalex.org/A5018377604,2015,1
https://openalex.org/A5018558163,2015,1
https://openalex.org/A5018563642,2015,1
https://openalex.org/A5018584668,2015,1
https://openalex.org/A5018652821,2015,1
https://openalex.org/A5018710229,2015,1
https://openalex.org/A5018841476,2015,1
https://openalex.org/A5018925864,2015,1
https://openalex.org/A5018949481,2015,1
https://openalex.org/A5018966248,2015,1
https://openalex.org/A5018972560,2015,1
https://openalex.org/A5019012876,2015,1
https://openalex.org/A5019122788,2015,1
https://openalex.org/A5019141418,2015,1
https://openalex.org/A5019202832,2015,1
https://openalex.org/A5019241553,2015,1
https://openalex.org/A5019299084,2015,1
https://openalex.org/A5019420056,2015,1
https://openalex.org/A5019453814,2015,1
https://openalex.org/A5019462695,2015,1
https://openalex.org/A5019511958,2015,1
https://openalex.org/A5019578849,2015,1
https://openalex.org/A5019582175,2015,1
https://openalex.org/A5019714812,2015,1
https://openalex.org/A5019716296,2015,1
https://openalex.org/A5019735658,2015,1
https://openalex.org/A5019801361,2015,1
https://openalex.org/A5019817292,2015,1
https://openalex.org/A5019874874,2015,1
https://openalex.org/A5019898208,2015,1
https://openalex.org/A5019953360,2015,1
https://openalex.org/A5019981693,2015,1
https://openalex.org/A5020020314,2015,1
https://openalex.org/A5020068498,2015,1
https://openalex.org/A5020118550,2015,1
https://openalex.org/A5020139568,2015,1
https://openalex.org/A5020214726,2015,1
https://openalex.org/A5020238198,2015,1
https://openalex.org/A5020240144,2015,1
https://openalex.org/A5020256944,2015,1
https://openalex.org/A5020294916,2015,1
https://openalex.org/A5020313082,2015,1
https://openalex.org/A5020362345,2015,1
https://openalex.org/A5020362970,2015,1
https://openalex.org/A5020382116,2015,1
https://openalex.org/A5020469348,2015,1
https://openalex.org/A5020532619,2015,1
https://openalex.org/A5020558443,2015,1
https://openalex.org/A5020628204,2015,1
https://openalex.org/A5020654022,2015,1
https://openalex.org/A5020682523,2015,1
https://openalex.org/A5020724249,2015,1
https://openalex.org/A5020764575,2015,1
https://openalex.org/A5020848011,2015,1
https://openalex.org/A5020980461,2015,1
https://openalex.org/A5021089553,2015,1
https://openalex.org/A5021107714,2015,1
https://openalex.org/A5021179252,2015,1
https://openalex.org/A5021260328,2015,1
https://openalex.org/A5021272610,2015,1
https://openalex.org/A5021294422,2015,1
https://openalex.org/A5021332177,2015,1
https://openalex.org/A5021342028,2015,1
https://openalex.org/A5021520042,2015,1
https://openalex.org/A5021577114,2015,1
https://openalex.org/A5021585095,2015,1
https://openalex.org/A5021644951,2015,1
https://openalex.org/A5021701501,2015,1
https://openalex.org/A5021842545,2015,1
https://openalex.org/A5021923917,2015,1
https://openalex.org/A5021989698,2015,1
https://openalex.org/A5022004321,2015,1
https://openalex.org/A5022027837,2015,1
https://openalex.org/A5022034656,2015,1
https://openalex.org/A5022036826,2015,1
https://openalex.org/A5022042532,2015,1
https://openalex.org/A5022249033,2015,1
https://openalex.org/A5022259772,2015,1
https://openalex.org/A5022262922,2015,1
https://openalex.org/A5022288538,2015,1
https://openalex.org/A5022288678,2015,1
https://openalex.org/A5022289805,2015,1
https://openalex.org/A5022303970,2015,1
https://openalex.org/A5022342273,2015,1
https://openalex.org/A5022383639,2015,1
https://openalex.org/A5022398389,2015,1
https://openalex.org/A5022419964,2015,1
https://openalex.org/A5022455023,2015,1
https://openalex.org/A5022515123,2015,1
https://openalex.org/A5022518949,2015,1
https://openalex.org/A5022525223,2015,1
https://openalex.org/A5022536181,2015,1
https://openalex.org/A5022610816,2015,1
https://openalex.org/A5022687630,2015,1
https://openalex.org/A5022731352,2015,1
https://openalex.org/A5022771488,2015,1
https://openalex.org/A5022781127,2015,1
https://openalex.org/A5022782894,2015,1
https://openalex.org/A5022949758,2015,1
https://openalex.org/A5022988118,2015,1
https://openalex.org/A5023089810,2015,1
https://openalex.org/A5023096174,2015,1
https://openalex.org/A5023196037,2015,1
https://openalex.org/A5023215207,2015,1
https://openalex.org/A5023255633,2015,1
https://openalex.org/A5023303446,2015,1
https://openalex.org/A5023308696,2015,1
https://openalex.org/A5023333354,2015,1
https://openalex.org/A5023370333,2015,1
https://openalex.org/A5023442981,2015,1
https://openalex.org/A5023451069,2015,1
https://openalex.org/A5023515783,2015,1
https://openalex.org/A5023551959,2015,1
https://openalex.org/A5023582230,2015,1
https://openalex.org/A5023605306,2015,1
https://openalex.org/A5023612311,2015,1
https://openalex.org/A5023709104,2015,1
https://openalex.org/A5023738988,2015,1
https://openalex.org/A5023777775,2015,1
https://openalex.org/A5023810758,2015,1
https://openalex.org/A5023881129,2015,1
https://openalex.org/A5023881831,2015,1
https://openalex.org/A5023922102,2015,1
https://openalex.org/A5024025031,2015,1
https://openalex.org/A5024122307,2015,1
https://openalex.org/A5024150922,2015,1
https://openalex.org/A5024296934,2015,1
https://openalex.org/A5024362574,2015,1
https://openalex.org/A5024416044,2015,1
https://openalex.org/A5024427391,2015,1
https://openalex.org/A5024455147,2015,1
https://openalex.org/A5024486202,2015,1
https://openalex.org/A5024500162,2015,1
https://openalex.org/A5024502896,2015,1
https://openalex.org/A5024508073,2015,1
https://openalex.org/A5024525181,2015,1
https://openalex.org/A5024609220,2015,1
https://openalex.org/A5024610456,2015,1
https://openalex.org/A5024611007,2015,1
https://openalex.org/A5024655064,2015,1
https://openalex.org/A5024655760,2015,1
https://openalex.org/A5024679109,2015,1
https://openalex.org/A5024708790,2015,1
https://openalex.org/A5024762789,2015,1
https://openalex.org/A5024892041,2015,1
https://openalex.org/A5024940986,2015,1
https://openalex.org/A5024954605,2015,1
https://openalex.org/A5025011454,2015,1
https://openalex.org/A5025078923,2015,1
https://openalex.org/A5025084930,2015,1
https://openalex.org/A5025140104,2015,1
https://openalex.org/A5025235595,2015,1
https://openalex.org/A5025249509,2015,1
https://openalex.org/A5025262377,2015,1
https://openalex.org/A5025371735,2015,1
https://openalex.org/A5025481175,2015,1
https://openalex.org/A5025529103,2015,1
https://openalex.org/A5025565467,2015,1
https://openalex.org/A5025579578,2015,1
https://openalex.org/A5025618142,2015,1
https://openalex.org/A5025628196,2015,1
https://openalex.org/A5025633053,2015,1
https://openalex.org/A5025894735,2015,1
https://openalex.org/A5025933605,2015,1
https://openalex.org/A5025988741,2015,1
https://openalex.org/A5026002433,2015,1
https://openalex.org/A5026069604,2015,1
https://openalex.org/A5026077636,2015,1
https://openalex.org/A5026087837,2015,1
https://openalex.org/A5026092790,2015,1
https://openalex.org/A5026139768,2015,1
https://openalex.org/A5026158102,2015,1
https://openalex.org/A5026178235,2015,1
https://openalex.org/A5026202021,2015,1
https://openalex.org/A5026211041,2015,1
https://openalex.org/A5026294946,2015,1
https://openalex.org/A5026338484,2015,1
https://openalex.org/A5026339113,2015,1
https://openalex.org/A5026341838,2015,1
https://openalex.org/A5026351199,2015,1
https://openalex.org/A5026354959,2015,1
https://openalex.org/A5026417747,2015,1
https://openalex.org/A5026532752,2015,1
https://openalex.org/A5026539577,2015,1
https://openalex.org/A5026611408,2015,1
https://openalex.org/A5026627016,2015,1
https://openalex.org/A5026768950,2015,1
https://openalex.org/A5026839907,2015,1
https://openalex.org/A5026845189,2015,1
https://openalex.org/A5026850588,2015,1
https://openalex.org/A5026877965,2015,1
https://openalex.org/A5026941940,2015,1
https://openalex.org/A5026985873,2015,1
https://openalex.org/A5026991814,2015,1
https://openalex.org/A5027059634,2015,1
https://openalex.org/A5027159712,2015,1
https://openalex.org/A5027171999,2015,1
https://openalex.org/A5027195669,2015,1
https://openalex.org/A5027304168,2015,1
https://openalex.org/A5027311612,2015,1
https://openalex.org/A5027401320,2015,1
https://openalex.org/A5027403411,2015,1
https://openalex.org/A5027403894,2015,1
https://openalex.org/A5027483233,2015,1
https://openalex.org/A5027502276,2015,1
https://openalex.org/A5027522976,2015,1
https://openalex.org/A5027644899,2015,1
https://openalex.org/A5027647574,2015,1
https://openalex.org/A5027663239,2015,1
https://openalex.org/A5027689782,2015,1
https://openalex.org/A5027754969,2015,1
https://openalex.org/A5027804272,2015,1
https://openalex.org/A5027837272,2015,1
https://openalex.org/A5027842012,2015,1
https://openalex.org/A5027876337,2015,1
https://openalex.org/A5027895791,2015,1
https://openalex.org/A5028103893,2015,1
https://openalex.org/A5028124265,2015,1
https://openalex.org/A5028132771,2015,1
https://openalex.org/A5028162566,2015,1
https://openalex.org/A5028183845,2015,1
https://openalex.org/A5028231346,2015,1
https://openalex.org/A5028254695,2015,1
https://openalex.org/A5028308544,2015,1
https://openalex.org/A5028322139,2015,1
https://openalex.org/A5028347723,2015,1
https://openalex.org/A5028359630,2015,1
https://openalex.org/A5028395540,2015,1
https://openalex.org/A5028520160,2015,1
https://openalex.org/A5028594479,2015,1
https://openalex.org/A5028643834,2015,1
https://openalex.org/A5028650738,2015,1
https://openalex.org/A5028771487,2015,1
https://openalex.org/A5028816046,2015,1
https://openalex.org/A5028911374,2015,1
https://openalex.org/A5028983353,2015,1
https://openalex.org/A5028984284,2015,1
https://openalex.org/A5029037529,2015,1
https://openalex.org/A5029076454,2015,1
https://openalex.org/A5029102289,2015,1
https://openalex.org/A5029104204,2015,1
https://openalex.org/A5029172959,2015,1
https://openalex.org/A5029173597,2015,1
https://openalex.org/A5029203655,2015,1
https://openalex.org/A5029215323,2015,1
https://openalex.org/A5029228100,2015,1
https://openalex.org/A5029260213,2015,1
https://openalex.org/A5029298215,2015,1
https://openalex.org/A5029379635,2015,1
https://openalex.org/A5029412223,2015,1
https://openalex.org/A5029421861,2015,1
https://openalex.org/A5029448258,2015,1
https://openalex.org/A5029449532,2015,1
https://openalex.org/A5029494729,2015,1
https://openalex.org/A5029619778,2015,1
https://openalex.org/A5029762552,2015,1
https://openalex.org/A5029794599,2015,1
https://openalex.org/A5029828175,2015,1
https://openalex.org/A5029829754,2015,1
https://openalex.org/A5029875531,2015,1
https://openalex.org/A5029911788,2015,1
https://openalex.org/A5029989008,2015,1
https://openalex.org/A5030024625,2015,1
https://openalex.org/A5030048808,2015,1
https://openalex.org/A5030057689,2015,1
https://openalex.org/A5030087058,2015,1
https://openalex.org/A5030088869,2015,1
https://openalex.org/A5030109648,2015,1
https://openalex.org/A5030120520,2015,1
https://openalex.org/A5030196289,2015,1
https://openalex.org/A5030298766,2015,1
https://openalex.org/A5030319196,2015,1
https://openalex.org/A5030519822,2015,1
https://openalex.org/A5030594119,2015,1
https://openalex.org/A5030640907,2015,1
https://openalex.org/A5030657709,2015,1
https://openalex.org/A5030666537,2015,1
https://openalex.org/A5030751090,2015,1
https://openalex.org/A5030751509,2015,1
https://openalex.org/A5030789376,2015,1
https://openalex.org/A5030791404,2015,1
https://openalex.org/A5031003688,2015,1
https://openalex.org/A5031100432,2015,1
https://openalex.org/A5031118378,2015,1
https://openalex.org/A5031136250,2015,1
https://openalex.org/A5031163174,2015,1
https://openalex.org/A5031167959,2015,1
https://openalex.org/A5031170568,2015,1
https://openalex.org/A5031187863,2015,1
https://openalex.org/A5031192892,2015,1
https://openalex.org/A5031198186,2015,1
https://openalex.org/A5031208504,2015,1
https://openalex.org/A5031217617,2015,1
https://openalex.org/A5031367186,2015,1
https://openalex.org/A5031426563,2015,1
https://openalex.org/A5031528072,2015,1
https://openalex.org/A5031567903,2015,1
https://openalex.org/A5031601763,2015,1
https://openalex.org/A5031622107,2015,1
https://openalex.org/A5031738776,2015,1
https://openalex.org/A5031788391,2015,1
https://openalex.org/A5031819155,2015,1
https://openalex.org/A5031854562,2015,1
https://openalex.org/A5031884787,2015,1
https://openalex.org/A5031987489,2015,1
https://openalex.org/A5032033224,2015,1
https://openalex.org/A5032145074,2015,1
https://openalex.org/A5032168693,2015,1
https://openalex.org/A5032174741,2015,1
https://openalex.org/A5032205387,2015,1
https://openalex.org/A5032383034,2015,1
https://openalex.org/A5032522626,2015,1
https://openalex.org/A5032539495,2015,1
https://openalex.org/A5032586525,2015,1
https://openalex.org/A5032638535,2015,1
https://openalex.org/A5032650028,2015,1
https://openalex.org/A5032801642,2015,1
https://openalex.org/A5032819063,2015,1
https://openalex.org/A5032875389,2015,1
https://openalex.org/A5032984256,2015,1
https://openalex.org/A5033014667,2015,1
https://openalex.org/A5033076979,2015,1
https://openalex.org/A5033255115,2015,1
https://openalex.org/A5033292090,2015,1
https://openalex.org/A5033576739,2015,1
https://openalex.org/A5033711071,2015,1
https://openalex.org/A5033809109,2015,1
https://openalex.org/A5033821431,2015,1
https://openalex.org/A5033979357,2015,1
https://openalex.org/A5033980103,2015,1
https://openalex.org/A5033982124,2015,1
https://openalex.org/A5034047752,2015,1
https://openalex.org/A5034066829,2015,1
https://openalex.org/A5034161060,2015,1
https://openalex.org/A5034208717,2015,1
https://openalex.org/A5034253077,2015,1
https://openalex.org/A5034336370,2015,1
https://openalex.org/A5034339267,2015,1
https://openalex.org/A5034347136,2015,1
https://openalex.org/A5034355629,2015,1
https://openalex.org/A5034356857,2015,1
https://openalex.org/A5034420111,2015,1
https://openalex.org/A5034437774,2015,1
https://openalex.org/A5034529659,2015,1
https://openalex.org/A5034685587,2015,1
https://openalex.org/A5034700690,2015,1
https://openalex.org/A5034709910,2015,1
https://openalex.org/A5034773269,2015,1
https://openalex.org/A5034788724,2015,1
https://openalex.org/A5034941285,2015,1
https://openalex.org/A5034956679,2015,1
https://openalex.org/A5034998359,2015,1
https://openalex.org/A5035034196,2015,1
https://openalex.org/A5035085912,2015,1
https://openalex.org/A5035092491,2015,1
https://openalex.org/A5035123135,2015,1
https://openalex.org/A5035127254,2015,1
https://openalex.org/A5035137252,2015,1
https://openalex.org/A5035225925,2015,1
https://openalex.org/A5035227520,2015,1
https://openalex.org/A5035229636,2015,1
https://openalex.org/A5035256639,2015,1
https://openalex.org/A5035257892,2015,1
https://openalex.org/A5035366862,2015,1
https://openalex.org/A5035559540,2015,1
https://openalex.org/A5035639688,2015,1
https://openalex.org/A5035668831,2015,1
https://openalex.org/A5035693450,2015,1
https://openalex.org/A5035708362,2015,1
https://openalex.org/A5035709176,2015,1
https://openalex.org/A5035833982,2015,1
https://openalex.org/A5035905957,2015,1
https://openalex.org/A5035915560,2015,1
https://openalex.org/A5036117804,2015,1
https://openalex.org/A5036202579,2015,1
https://openalex.org/A5036221136,2015,1
https://openalex.org/A5036221560,2015,1
https://openalex.org/A5036299437,2015,1
https://openalex.org/A5036364888,2015,1
https://openalex.org/A5036366808,2015,1
https://openalex.org/A5036413461,2015,1
https://openalex.org/A5036488365,2015,1
https://openalex.org/A5036533424,2015,1
https://openalex.org/A5036537097,2015,1
https://openalex.org/A5036561877,2015,1
https://openalex.org/A5036599838,2015,1
https://openalex.org/A5036601505,2015,1
https://openalex.org/A5036629618,2015,1
https://openalex.org/A5036676657,2015,1
https://openalex.org/A5036714279,2015,1
https://openalex.org/A5036754797,2015,1
https://openalex.org/A5036770027,2015,1
https://openalex.org/A5036786337,2015,1
https://openalex.org/A5036825618,2015,1
https://openalex.org/A5036853118,2015,1
https://openalex.org/A5036853120,2015,1
https://openalex.org/A5036888639,2015,1
https://openalex.org/A5036920760,2015,1
https://openalex.org/A5037006973,2015,1
https://openalex.org/A5037061685,2015,1
https://openalex.org/A5037084477,2015,1
https://openalex.org/A5037149733,2015,1
https://openalex.org/A5037161973,2015,1
https://openalex.org/A5037179146,2015,1
https://openalex.org/A5037206229,2015,1
https://openalex.org/A5037261892,2015,1
https://openalex.org/A5037268828,2015,1
https://openalex.org/A5037412507,2015,1
https://openalex.org/A5037455341,2015,1
https://openalex.org/A5037492743,2015,1
https://openalex.org/A5037566609,2015,1
https://openalex.org/A5037575909,2015,1
https://openalex.org/A5037579360,2015,1
https://openalex.org/A5037647265,2015,1
https://openalex.org/A5037688227,2015,1
https://openalex.org/A5037736483,2015,1
https://openalex.org/A5037847564,2015,1
https://openalex.org/A5037873810,2015,1
https://openalex.org/A5037890009,2015,1
https://openalex.org/A5037905541,2015,1
https://openalex.org/A5037908462,2015,1
https://openalex.org/A5037941555,2015,1
https://openalex.org/A5037954184,2015,1
https://openalex.org/A5038055291,2015,1
https://openalex.org/A5038073200,2015,1
https://openalex.org/A5038186958,2015,1
https://openalex.org/A5038197511,2015,1
https://openalex.org/A5038233934,2015,1
https://openalex.org/A5038246567,2015,1
https://openalex.org/A5038254582,2015,1
https://openalex.org/A5038257980,2015,1
https://openalex.org/A5038265293,2015,1
https://openalex.org/A5038266557,2015,1
https://openalex.org/A5038286261,2015,1
https://openalex.org/A5038289054,2015,1
https://openalex.org/A5038421917,2015,1
https://openalex.org/A5038426107,2015,1
https://openalex.org/A5038461246,2015,1
https://openalex.org/A5038494715,2015,1
https://openalex.org/A5038516431,2015,1
https://openalex.org/A5038519991,2015,1
https://openalex.org/A5038613072,2015,1
https://openalex.org/A5038663636,2015,1
https://openalex.org/A5038704996,2015,1
https://openalex.org/A5038799336,2015,1
https://openalex.org/A5038882588,2015,1
https://openalex.org/A5038924707,2015,1
https://openalex.org/A5039051309,2015,1
https://openalex.org/A5039109630,2015,1
https://openalex.org/A5039161616,2015,1
https://openalex.org/A5039165527,2015,1
https://openalex.org/A5039236019,2015,1
https://openalex.org/A5039277513,2015,1
https://openalex.org/A5039342146,2015,1
https://openalex.org/A5039371342,2015,1
https://openalex.org/A5039408375,2015,1
https://openalex.org/A5039439408,2015,1
https://openalex.org/A5039487615,2015,1
https://openalex.org/A5039488721,2015,1
https://openalex.org/A5039494416,2015,1
https://openalex.org/A5039539838,2015,1
https://openalex.org/A5039589270,2015,1
https://openalex.org/A5039660800,2015,1
https://openalex.org/A5039663119,2015,1
https://openalex.org/A5039717404,2015,1
https://openalex.org/A5039774014,2015,1
https://openalex.org/A5039797685,2015,1
https://openalex.org/A5039807515,2015,1
https://openalex.org/A5039827825,2015,1
https://openalex.org/A5039959148,2015,1
https://openalex.org/A5040005055,2015,1
https://openalex.org/A5040099356,2015,1
https://openalex.org/A5040116786,2015,1
https://openalex.org/A5040131037,2015,1
https://openalex.org/A5040193180,2015,1
https://openalex.org/A5040392623,2015,1
https://openalex.org/A5040418233,2015,1
https://openalex.org/A5040484687,2015,1
https://openalex.org/A5040593273,2015,1
https://openalex.org/A5040672765,2015,1
https://openalex.org/A5040717536,2015,1
https://openalex.org/A5041039212,2015,1
https://openalex.org/A5041096108,2015,1
https://openalex.org/A5041101317,2015,1
https://openalex.org/A5041128881,2015,1
https://openalex.org/A5041160609,2015,1
https://openalex.org/A5041162676,2015,1
https://openalex.org/A5041231414,2015,1
https://openalex.org/A5041234517,2015,1
https://openalex.org/A5041269367,2015,1
https://openalex.org/A5041283782,2015,1
https://openalex.org/A5041377957,2015,1
https://openalex.org/A5041405652,2015,1
https://openalex.org/A5041471776,2015,1
https://openalex.org/A5041502285,2015,1
https://openalex.org/A5041505094,2015,1
https://openalex.org/A5041586873,2015,1
https://openalex.org/A5041628335,2015,1
https://openalex.org/A5041630241,2015,1
https://openalex.org/A5041664883,2015,1
https://openalex.org/A5041678227,2015,1
https://openalex.org/A5041721032,2015,1
https://openalex.org/A5041729360,2015,1
https://openalex.org/A5041771052,2015,1
https://openalex.org/A5041820633,2015,1
https://openalex.org/A5041864838,2015,1
https://openalex.org/A5041865368,2015,1
https://openalex.org/A5041929046,2015,1
https://openalex.org/A5041963902,2015,1
https://openalex.org/A5041978982,2015,1
https://openalex.org/A5042053820,2015,1
https://openalex.org/A5042078365,2015,1
https://openalex.org/A5042080057,2015,1
https://openalex.org/A5042087981,2015,1
https://openalex.org/A5042091362,2015,1
https://openalex.org/A5042140271,2015,1
https://openalex.org/A5042153476,2015,1
https://openalex.org/A5042183747,2015,1
https://openalex.org/A5042237725,2015,1
https://openalex.org/A5042251906,2015,1
https://openalex.org/A5042260417,2015,1
https://openalex.org/A5042324027,2015,1
https://openalex.org/A5042335952,2015,1
https://openalex.org/A5042388284,2015,1
https://openalex.org/A5042507252,2015,1
https://openalex.org/A5042544148,2015,1
https://openalex.org/A5042626023,2015,1
https://openalex.org/A5042659302,2015,1
https://openalex.org/A5042701714,2015,1
https://openalex.org/A5042709468,2015,1
https://openalex.org/A5042795557,2015,1
https://openalex.org/A5042807760,2015,1
https://openalex.org/A5042838696,2015,1
https://openalex.org/A5042842884,2015,1
https://openalex.org/A5042890818,2015,1
https://openalex.org/A5042975074,2015,1
https://openalex.org/A5043007164,2015,1
https://openalex.org/A5043060302,2015,1
https://openalex.org/A5043068470,2015,1
https://openalex.org/A5043108409,2015,1
https://openalex.org/A5043130497,2015,1
https://openalex.org/A5043230526,2015,1
https://openalex.org/A5043357677,2015,1
https://openalex.org/A5043390109,2015,1
https://openalex.org/A5043399804,2015,1
https://openalex.org/A5043540428,2015,1
https://openalex.org/A5043570905,2015,1
https://openalex.org/A5043609255,2015,1
https://openalex.org/A5043627040,2015,1
https://openalex.org/A5043679792,2015,1
https://openalex.org/A5043697555,2015,1
https://openalex.org/A5043709904,2015,1
https://openalex.org/A5043735770,2015,1
https://openalex.org/A5043747222,2015,1
https://openalex.org/A5043777077,2015,1
https://openalex.org/A5043840749,2015,1
https://openalex.org/A5043845885,2015,1
https://openalex.org/A5043886864,2015,1
https://openalex.org/A5043932631,2015,1
https://openalex.org/A5043940479,2015,1
https://openalex.org/A5043956670,2015,1
https://openalex.org/A5043982085,2015,1
https://openalex.org/A5044152080,2015,1
https://openalex.org/A5044207756,2015,1
https://openalex.org/A5044240021,2015,1
https://openalex.org/A5044290557,2015,1
https://openalex.org/A5044294595,2015,1
https://openalex.org/A5044328711,2015,1
https://openalex.org/A5044352783,2015,1
https://openalex.org/A5044363900,2015,1
https://openalex.org/A5044369720,2015,1
https://openalex.org/A5044384097,2015,1
https://openalex.org/A5044385270,2015,1
https://openalex.org/A5044460012,2015,1
https://openalex.org/A5044512769,2015,1
https://openalex.org/A5044616563,2015,1
https://openalex.org/A5044837065,2015,1
https://openalex.org/A5044845314,2015,1
https://openalex.org/A5044873595,2015,1
https://openalex.org/A5044937787,2015,1
https://openalex.org/A5044968511,2015,1
https://openalex.org/A5044977352,2015,1
https://openalex.org/A5045114877,2015,1
https://openalex.org/A5045190418,2015,1
https://openalex.org/A5045202802,2015,1
https://openalex.org/A5045265607,2015,1
https://openalex.org/A5045300698,2015,1
https://openalex.org/A5045354577,2015,1
https://openalex.org/A5045585535,2015,1
https://openalex.org/A5045611819,2015,1
https://openalex.org/A5045615014,2015,1
https://openalex.org/A5045684091,2015,1
https://openalex.org/A5045803392,2015,1
https://openalex.org/A5045805879,2015,1
https://openalex.org/A5045813547,2015,1
https://openalex.org/A5045867920,2015,1
https://openalex.org/A5045976228,2015,1
https://openalex.org/A5046025754,2015,1
https://openalex.org/A5046046128,2015,1
https://openalex.org/A5046261938,2015,1
https://openalex.org/A5046288856,2015,1
https://openalex.org/A5046309817,2015,1
https://openalex.org/A5046364553,2015,1
https://openalex.org/A5046433030,2015,1
https://openalex.org/A5046504049,2015,1
https://openalex.org/A5046509055,2015,1
https://openalex.org/A5046580532,2015,1
https://openalex.org/A5046618429,2015,1
https://openalex.org/A5046627420,2015,1
https://openalex.org/A5046633846,2015,1
https://openalex.org/A5046650862,2015,1
https://openalex.org/A5046673910,2015,1
https://openalex.org/A5046705907,2015,1
https://openalex.org/A5046729254,2015,1
https://openalex.org/A5046765053,2015,1
https://openalex.org/A5046787989,2015,1
https://openalex.org/A5046791121,2015,1
https://openalex.org/A5046967437,2015,1
https://openalex.org/A5047056785,2015,1
https://openalex.org/A5047098924,2015,1
https://openalex.org/A5047123633,2015,1
https://openalex.org/A5047285420,2015,1
https://openalex.org/A5047376165,2015,1
https://openalex.org/A5047398633,2015,1
https://openalex.org/A5047399467,2015,1
https://openalex.org/A5047404919,2015,1
https://openalex.org/A5047406141,2015,1
https://openalex.org/A5047478037,2015,1
https://openalex.org/A5047520245,2015,1
https://openalex.org/A5047582292,2015,1
https://openalex.org/A5047679253,2015,1
https://openalex.org/A5047682975,2015,1
https://openalex.org/A5047698904,2015,1
https://openalex.org/A5047705397,2015,1
https://openalex.org/A5047737556,2015,1
https://openalex.org/A5047758640,2015,1
https://openalex.org/A5047832410,2015,1
https://openalex.org/A5047846788,2015,1
https://openalex.org/A5047946128,2015,1
https://openalex.org/A5047960331,2015,1
https://openalex.org/A5047960853,2015,1
https://openalex.org/A5048169637,2015,1
https://openalex.org/A5048171717,2015,1
https://openalex.org/A5048237545,2015,1
https://openalex.org/A5048382625,2015,1
https://openalex.org/A5048508271,2015,1
https://openalex.org/A5048522863,2015,1
https://openalex.org/A5048536643,2015,1
https://openalex.org/A5048565091,2015,1
https://openalex.org/A5048569908,2015,1
https://openalex.org/A5048686388,2015,1
https://openalex.org/A5048801644,2015,1
https://openalex.org/A5048870398,2015,1
https://openalex.org/A5048889276,2015,1
https://openalex.org/A5048915192,2015,1
https://openalex.org/A5048915657,2015,1
https://openalex.org/A5048969697,2015,1
https://openalex.org/A5048982466,2015,1
https://openalex.org/A5048992536,2015,1
https://openalex.org/A5049028253,2015,1
https://openalex.org/A5049112222,2015,1
https://openalex.org/A5049154222,2015,1
https://openalex.org/A5049219173,2015,1
https://openalex.org/A5049248317,2015,1
https://openalex.org/A5049303100,2015,1
https://openalex.org/A5049310490,2015,1
https://openalex.org/A5049311446,2015,1
https://openalex.org/A5049339482,2015,1
https://openalex.org/A5049379999,2015,1
https://openalex.org/A5049380792,2015,1
https://openalex.org/A5049381844,2015,1
https://openalex.org/A5049423857,2015,1
https://openalex.org/A5049460257,2015,1
https://openalex.org/A5049474875,2015,1
https://openalex.org/A5049542765,2015,1
https://openalex.org/A5049576317,2015,1
https://openalex.org/A5049608856,2015,1
https://openalex.org/A5049613402,2015,1
https://openalex.org/A5049645642,2015,1
https://openalex.org/A5049795223,2015,1
https://openalex.org/A5049802779,2015,1
https://openalex.org/A5049812527,2015,1
https://openalex.org/A5049823434,2015,1
https://openalex.org/A5049870010,2015,1
https://openalex.org/A5049896757,2015,1
https://openalex.org/A5049917170,2015,1
https://openalex.org/A5049953837,2015,1
https://openalex.org/A5049974633,2015,1
https://openalex.org/A5050027410,2015,1
https://openalex.org/A5050126891,2015,1
https://openalex.org/A5050169933,2015,1
https://openalex.org/A5050201629,2015,1
https://openalex.org/A5050244538,2015,1
https://openalex.org/A5050306217,2015,1
https://openalex.org/A5050445437,2015,1
https://openalex.org/A5050558613,2015,1
https://openalex.org/A5050578984,2015,1
https://openalex.org/A5050611080,2015,1
https://openalex.org/A5050639290,2015,1
https://openalex.org/A5050715529,2015,1
https://openalex.org/A5050828238,2015,1
https://openalex.org/A5050856176,2015,1
https://openalex.org/A5050894011,2015,1
https://openalex.org/A5050920253,2015,1
https://openalex.org/A5051011998,2015,1
https://openalex.org/A5051039167,2015,1
https://openalex.org/A5051063821,2015,1
https://openalex.org/A5051076050,2015,1
https://openalex.org/A5051104134,2015,1
https://openalex.org/A5051181280,2015,1
https://openalex.org/A5051181433,2015,1
https://openalex.org/A5051331112,2015,1
https://openalex.org/A5051332663,2015,1
https://openalex.org/A5051364778,2015,1
https://openalex.org/A5051404919,2015,1
https://openalex.org/A5051437872,2015,1
https://openalex.org/A5051458831,2015,1
https://openalex.org/A5051476078,2015,1
https://openalex.org/A5051525211,2015,1
https://openalex.org/A5051691401,2015,1
https://openalex.org/A5051692839,2015,1
https://openalex.org/A5051788408,2015,1
https://openalex.org/A5051883285,2015,1
https://openalex.org/A5051961507,2015,1
https://openalex.org/A5051962181,2015,1
https://openalex.org/A5051966838,2015,1
https://openalex.org/A5051999681,2015,1
https://openalex.org/A5052128749,2015,1
https://openalex.org/A5052162680,2015,1
https://openalex.org/A5052265238,2015,1
https://openalex.org/A5052292010,2015,1
https://openalex.org/A5052386336,2015,1
https://openalex.org/A5052438458,2015,1
https://openalex.org/A5052584160,2015,1
https://openalex.org/A5052594325,2015,1
https://openalex.org/A5052611320,2015,1
https://openalex.org/A5052721627,2015,1
https://openalex.org/A5052743446,2015,1
https://openalex.org/A5052791052,2015,1
https://openalex.org/A5052828423,2015,1
https://openalex.org/A5052886607,2015,1
https://openalex.org/A5052954102,2015,1
https://openalex.org/A5053001881,2015,1
https://openalex.org/A5053042574,2015,1
https://openalex.org/A5053156190,2015,1
https://openalex.org/A5053182948,2015,1
https://openalex.org/A5053236822,2015,1
https://openalex.org/A5053314887,2015,1
https://openalex.org/A5053327055,2015,1
https://openalex.org/A5053331744,2015,1
https://openalex.org/A5053597276,2015,1
https://openalex.org/A5053601529,2015,1
https://openalex.org/A5053645636,2015,1
https://openalex.org/A5053668279,2015,1
https://openalex.org/A5053838315,2015,1
https://openalex.org/A5053895172,2015,1
https://openalex.org/A5053954966,2015,1
https://openalex.org/A5054108552,2015,1
https://openalex.org/A5054286392,2015,1
https://openalex.org/A5054298929,2015,1
https://openalex.org/A5054299179,2015,1
https://openalex.org/A5054372964,2015,1
https://openalex.org/A5054433147,2015,1
https://openalex.org/A5054478787,2015,1
https://openalex.org/A5054590402,2015,1
https://openalex.org/A5054594732,2015,1
https://openalex.org/A5054652139,2015,1
https://openalex.org/A5054662534,2015,1
https://openalex.org/A5054685454,2015,1
https://openalex.org/A5054686254,2015,1
https://openalex.org/A5054691751,2015,1
https://openalex.org/A5054694646,2015,1
https://openalex.org/A5054854013,2015,1
https://openalex.org/A5054878147,2015,1
https://openalex.org/A5054888241,2015,1
https://openalex.org/A5054933220,2015,1
https://openalex.org/A5054958460,2015,1
https://openalex.org/A5054979460,2015,1
https://openalex.org/A5054990968,2015,1
https://openalex.org/A5055060420,2015,1
https://openalex.org/A5055091440,2015,1
https://openalex.org/A5055108547,2015,1
https://openalex.org/A5055127380,2015,1
https://openalex.org/A5055171648,2015,1
https://openalex.org/A5055210221,2015,1
https://openalex.org/A5055304515,2015,1
https://openalex.org/A5055314620,2015,1
https://openalex.org/A5055325745,2015,1
https://openalex.org/A5055416606,2015,1
https://openalex.org/A5055433254,2015,1
https://openalex.org/A5055433405,2015,1
https://openalex.org/A5055458377,2015,1
https://openalex.org/A5055459864,2015,1
https://openalex.org/A5055529924,2015,1
https://openalex.org/A5055582468,2015,1
https://openalex.org/A5055642276,2015,1
https://openalex.org/A5055695215,2015,1
https://openalex.org/A5055730549,2015,1
https://openalex.org/A5055835028,2015,1
https://openalex.org/A5055917371,2015,1
https://openalex.org/A5055961501,2015,1
https://openalex.org/A5055963122,2015,1
https://openalex.org/A5056012285,2015,1
https://openalex.org/A5056032893,2015,1
https://openalex.org/A5056069234,2015,1
https://openalex.org/A5056096563,2015,1
https://openalex.org/A5056128255,2015,1
https://openalex.org/A5056155405,2015,1
https://openalex.org/A5056216412,2015,1
https://openalex.org/A5056584544,2015,1
https://openalex.org/A5056686459,2015,1
https://openalex.org/A5056705041,2015,1
https://openalex.org/A5056731668,2015,1
https://openalex.org/A5056743688,2015,1
https://openalex.org/A5056826429,2015,1
https://openalex.org/A5056867931,2015,1
https://openalex.org/A5056871083,2015,1
https://openalex.org/A5056933176,2015,1
https://openalex.org/A5056952478,2015,1
https://openalex.org/A5057054246,2015,1
https://openalex.org/A5057065873,2015,1
https://openalex.org/A5057067781,2015,1
https://openalex.org/A5057085782,2015,1
https://openalex.org/A5057105630,2015,1
https://openalex.org/A5057250378,2015,1
https://openalex.org/A5057354021,2015,1
https://openalex.org/A5057377890,2015,1
https://openalex.org/A5057392864,2015,1
https://openalex.org/A5057427279,2015,1
https://openalex.org/A5057473424,2015,1
https://openalex.org/A5057667924,2015,1
https://openalex.org/A5057699229,2015,1
https://openalex.org/A5057732142,2015,1
https://openalex.org/A5057761132,2015,1
https://openalex.org/A5057842914,2015,1
https://openalex.org/A5057919935,2015,1
https://openalex.org/A5057926703,2015,1
https://openalex.org/A5057989605,2015,1
https://openalex.org/A5057995059,2015,1
https://openalex.org/A5058028526,2015,1
https://openalex.org/A5058073688,2015,1
https://openalex.org/A5058132072,2015,1
https://openalex.org/A5058333070,2015,1
https://openalex.org/A5058390519,2015,1
https://openalex.org/A5058448163,2015,1
https://openalex.org/A5058456050,2015,1
https://openalex.org/A5058479436,2015,1
https://openalex.org/A5058579412,2015,1
https://openalex.org/A5058597860,2015,1
https://openalex.org/A5058601387,2015,1
https://openalex.org/A5058626953,2015,1
https://openalex.org/A5058778218,2015,1
https://openalex.org/A5058890009,2015,1
https://openalex.org/A5058898555,2015,1
https://openalex.org/A5058957444,2015,1
https://openalex.org/A5058999985,2015,1
https://openalex.org/A5059000010,2015,1
https://openalex.org/A5059040370,2015,1
https://openalex.org/A5059045166,2015,1
https://openalex.org/A5059101637,2015,1
https://openalex.org/A5059130960,2015,1
https://openalex.org/A5059259956,2015,1
https://openalex.org/A5059313456,2015,1
https://openalex.org/A5059368182,2015,1
https://openalex.org/A5059388072,2015,1
https://openalex.org/A5059401443,2015,1
https://openalex.org/A5059445942,2015,1
https://openalex.org/A5059449357,2015,1
https://openalex.org/A5059496438,2015,1
https://openalex.org/A5059567997,2015,1
https://openalex.org/A5059573874,2015,1
https://openalex.org/A5059575276,2015,1
https://openalex.org/A5059611639,2015,1
https://openalex.org/A5059643162,2015,1
https://openalex.org/A5059679736,2015,1
https://openalex.org/A5059689500,2015,1
https://openalex.org/A5059739223,2015,1
https://openalex.org/A5059773941,2015,1
https://openalex.org/A5059778310,2015,1
https://openalex.org/A5059789560,2015,1
https://openalex.org/A5059859891,2015,1
https://openalex.org/A5059907674,2015,1
https://openalex.org/A5059926864,2015,1
https://openalex.org/A5059958834,2015,1
https://openalex.org/A5059995847,2015,1
https://openalex.org/A5060064717,2015,1
https://openalex.org/A5060076409,2015,1
https://openalex.org/A5060081711,2015,1
https://openalex.org/A5060090893,2015,1
https://openalex.org/A5060193696,2015,1
https://openalex.org/A5060200753,2015,1
https://openalex.org/A5060270456,2015,1
https://openalex.org/A5060288969,2015,1
https://openalex.org/A5060388871,2015,1
https://openalex.org/A5060431447,2015,1
https://openalex.org/A5060440830,2015,1
https://openalex.org/A5060481572,2015,1
https://openalex.org/A5060496545,2015,1
https://openalex.org/A5060598527,2015,1
https://openalex.org/A5060678975,2015,1
https://openalex.org/A5060685958,2015,1
https://openalex.org/A5060713777,2015,1
https://openalex.org/A5060717631,2015,1
https://openalex.org/A5060825302,2015,1
https://openalex.org/A5060882679,2015,1
https://openalex.org/A5060901632,2015,1
https://openalex.org/A5060935547,2015,1
https://openalex.org/A5060985830,2015,1
https://openalex.org/A5061050831,2015,1
https://openalex.org/A5061108501,2015,1
https://openalex.org/A5061157599,2015,1
https://openalex.org/A5061177999,2015,1
https://openalex.org/A5061220999,2015,1
https://openalex.org/A5061337913,2015,1
https://openalex.org/A5061389884,2015,1
https://openalex.org/A5061469583,2015,1
https://openalex.org/A5061545780,2015,1
https://openalex.org/A5061657103,2015,1
https://openalex.org/A5061723278,2015,1
https://openalex.org/A5061732525,2015,1
https://openalex.org/A5061775143,2015,1
https://openalex.org/A5061858713,2015,1
https://openalex.org/A5061880171,2015,1
https://openalex.org/A5061901900,2015,1
https://openalex.org/A5061932801,2015,1
https://openalex.org/A5062022693,2015,1
https://openalex.org/A5062117648,2015,1
https://openalex.org/A5062209641,2015,1
https://openalex.org/A5062211930,2015,1
https://openalex.org/A5062227409,2015,1
https://openalex.org/A5062257899,2015,1
https://openalex.org/A5062268280,2015,1
https://openalex.org/A5062278509,2015,1
https://openalex.org/A5062373963,2015,1
https://openalex.org/A5062424547,2015,1
https://openalex.org/A5062428452,2015,1
https://openalex.org/A5062436468,2015,1
https://openalex.org/A5062473985,2015,1
https://openalex.org/A5062504389,2015,1
https://openalex.org/A5062523195,2015,1
https://openalex.org/A5062573204,2015,1
https://openalex.org/A5062577671,2015,1
https://openalex.org/A5062639778,2015,1
https://openalex.org/A5062642598,2015,1
https://openalex.org/A5062709079,2015,1
https://openalex.org/A5062714971,2015,1
https://openalex.org/A5062879885,2015,1
https://openalex.org/A5062893639,2015,1
https://openalex.org/A5062927535,2015,1
https://openalex.org/A5062939537,2015,1
https://openalex.org/A5062977306,2015,1
https://openalex.org/A5063010655,2015,1
https://openalex.org/A5063048612,2015,1
https://openalex.org/A5063059454,2015,1
https://openalex.org/A5063110936,2015,1
https://openalex.org/A5063120291,2015,1
https://openalex.org/A5063173199,2015,1
https://openalex.org/A5063199297,2015,1
https://openalex.org/A5063378845,2015,1
https://openalex.org/A5063396453,2015,1
https://openalex.org/A5063407036,2015,1
https://openalex.org/A5063416909,2015,1
https://openalex.org/A5063427541,2015,1
https://openalex.org/A5063457961,2015,1
https://openalex.org/A5063511327,2015,1
https://openalex.org/A5063554682,2015,1
https://openalex.org/A5063717040,2015,1
https://openalex.org/A5063752250,2015,1
https://openalex.org/A5063773228,2015,1
https://openalex.org/A5063815941,2015,1
https://openalex.org/A5063831080,2015,1
https://openalex.org/A5063860136,2015,1
https://openalex.org/A5063896943,2015,1
https://openalex.org/A5063986559,2015,1
https://openalex.org/A5064024025,2015,1
https://openalex.org/A5064024856,2015,1
https://openalex.org/A5064085132,2015,1
https://openalex.org/A5064091476,2015,1
https://openalex.org/A5064103302,2015,1
https://openalex.org/A5064153596,2015,1
https://openalex.org/A5064190651,2015,1
https://openalex.org/A5064210946,2015,1
https://openalex.org/A5064313881,2015,1
https://openalex.org/A5064372346,2015,1
https://openalex.org/A5064389287,2015,1
https://openalex.org/A5064454940,2015,1
https://openalex.org/A5064467474,2015,1
https://openalex.org/A5064518425,2015,1
https://openalex.org/A5064520786,2015,1
https://openalex.org/A5064567279,2015,1
https://openalex.org/A5064590368,2015,1
https://openalex.org/A5064641247,2015,1
https://openalex.org/A5064689258,2015,1
https://openalex.org/A5064707969,2015,1
https://openalex.org/A5064769090,2015,1
https://openalex.org/A5064789325,2015,1
https://openalex.org/A5064872472,2015,1
https://openalex.org/A5064907154,2015,1
https://openalex.org/A5064930986,2015,1
https://openalex.org/A5064984043,2015,1
https://openalex.org/A5065059558,2015,1
https://openalex.org/A5065121504,2015,1
https://openalex.org/A5065151369,2015,1
https://openalex.org/A5065284737,2015,1
https://openalex.org/A5065322660,2015,1
https://openalex.org/A5065366930,2015,1
https://openalex.org/A5065372985,2015,1
https://openalex.org/A5065379186,2015,1
https://openalex.org/A5065382850,2015,1
https://openalex.org/A5065416953,2015,1
https://openalex.org/A5065436485,2015,1
https://openalex.org/A5065631626,2015,1
https://openalex.org/A5065649079,2015,1
https://openalex.org/A5065692332,2015,1
https://openalex.org/A5065722787,2015,1
https://openalex.org/A5065770950,2015,1
https://openalex.org/A5065839334,2015,1
https://openalex.org/A5065964089,2015,1
https://openalex.org/A5065964693,2015,1
https://openalex.org/A5065994253,2015,1
https://openalex.org/A5066011484,2015,1
https://openalex.org/A5066062254,2015,1
https://openalex.org/A5066066361,2015,1
https://openalex.org/A5066091062,2015,1
https://openalex.org/A5066126918,2015,1
https://openalex.org/A5066129550,2015,1
https://openalex.org/A5066163749,2015,1
https://openalex.org/A5066190233,2015,1
https://openalex.org/A5066279187,2015,1
https://openalex.org/A5066282225,2015,1
https://openalex.org/A5066294254,2015,1
https://openalex.org/A5066297852,2015,1
https://openalex.org/A5066303103,2015,1
https://openalex.org/A5066383976,2015,1
https://openalex.org/A5066404470,2015,1
https://openalex.org/A5066473712,2015,1
https://openalex.org/A5066476486,2015,1
https://openalex.org/A5066553195,2015,1
https://openalex.org/A5066555593,2015,1
https://openalex.org/A5066638255,2015,1
https://openalex.org/A5066668148,2015,1
https://openalex.org/A5066668599,2015,1
https://openalex.org/A5066682675,2015,1
https://openalex.org/A5066699367,2015,1
https://openalex.org/A5066790167,2015,1
https://openalex.org/A5066800932,2015,1
https://openalex.org/A5067054613,2015,1
https://openalex.org/A5067139869,2015,1
https://openalex.org/A5067166128,2015,1
https://openalex.org/A5067256645,2015,1
https://openalex.org/A5067264401,2015,1
https://openalex.org/A5067291216,2015,1
https://openalex.org/A5067337671,2015,1
https://openalex.org/A5067391021,2015,1
https://openalex.org/A5067401921,2015,1
https://openalex.org/A5067432260,2015,1
https://openalex.org/A5067578751,2015,1
https://openalex.org/A5067608694,2015,1
https://openalex.org/A5067651004,2015,1
https://openalex.org/A5067752227,2015,1
https://openalex.org/A5067759783,2015,1
https://openalex.org/A5067849336,2015,1
https://openalex.org/A5067884423,2015,1
https://openalex.org/A5067912169,2015,1
https://openalex.org/A5067943980,2015,1
https://openalex.org/A5068036711,2015,1
https://openalex.org/A5068071077,2015,1
https://openalex.org/A5068090762,2015,1
https://openalex.org/A5068114009,2015,1
https://openalex.org/A5068175092,2015,1
https://openalex.org/A5068330156,2015,1
https://openalex.org/A5068330560,2015,1
https://openalex.org/A5068333871,2015,1
https://openalex.org/A5068348097,2015,1
https://openalex.org/A5068405086,2015,1
https://openalex.org/A5068510937,2015,1
https://openalex.org/A5068522324,2015,1
https://openalex.org/A5068641652,2015,1
https://openalex.org/A5068646703,2015,1
https://openalex.org/A5068647751,2015,1
https://openalex.org/A5068691936,2015,1
https://openalex.org/A5068728736,2015,1
https://openalex.org/A5068743986,2015,1
https://openalex.org/A5068778375,2015,1
https://openalex.org/A5068828035,2015,1
https://openalex.org/A5068877119,2015,1
https://openalex.org/A5068910731,2015,1
https://openalex.org/A5068951317,2015,1
https://openalex.org/A5068978543,2015,1
https://openalex.org/A5069031451,2015,1
https://openalex.org/A5069056157,2015,1
https://openalex.org/A5069075900,2015,1
https://openalex.org/A5069150352,2015,1
https://openalex.org/A5069195306,2015,1
https://openalex.org/A5069218599,2015,1
https://openalex.org/A5069229983,2015,1
https://openalex.org/A5069254226,2015,1
https://openalex.org/A5069362029,2015,1
https://openalex.org/A5069367912,2015,1
https://openalex.org/A5069418251,2015,1
https://openalex.org/A5069436479,2015,1
https://openalex.org/A5069537935,2015,1
https://openalex.org/A5069566549,2015,1
https://openalex.org/A5069570300,2015,1
https://openalex.org/A5069596411,2015,1
https://openalex.org/A5069596903,2015,1
https://openalex.org/A5069699303,2015,1
https://openalex.org/A5069857974,2015,1
https://openalex.org/A5069878201,2015,1
https://openalex.org/A5069885643,2015,1
https://openalex.org/A5069886022,2015,1
https://openalex.org/A5069890710,2015,1
https://openalex.org/A5070140601,2015,1
https://openalex.org/A5070239285,2015,1
https://openalex.org/A5070307702,2015,1
https://openalex.org/A5070327976,2015,1
https://openalex.org/A5070353311,2015,1
https://openalex.org/A5070559820,2015,1
https://openalex.org/A5070645298,2015,1
https://openalex.org/A5071007807,2015,1
https://openalex.org/A5071051261,2015,1
https://openalex.org/A5071182902,2015,1
https://openalex.org/A5071279656,2015,1
https://openalex.org/A5071286017,2015,1
https://openalex.org/A5071297635,2015,1
https://openalex.org/A5071320151,2015,1
https://openalex.org/A5071409817,2015,1
https://openalex.org/A5071412927,2015,1
https://openalex.org/A5071428253,2015,1
https://openalex.org/A5071503238,2015,1
https://openalex.org/A5071505335,2015,1
https://openalex.org/A5071673546,2015,1
https://openalex.org/A5071768744,2015,1
https://openalex.org/A5071792338,2015,1
https://openalex.org/A5071823183,2015,1
https://openalex.org/A5071956319,2015,1
https://openalex.org/A5072038015,2015,1
https://openalex.org/A5072041767,2015,1
https://openalex.org/A5072045623,2015,1
https://openalex.org/A5072206545,2015,1
https://openalex.org/A5072217873,2015,1
https://openalex.org/A5072283762,2015,1
https://openalex.org/A5072314269,2015,1
https://openalex.org/A5072320253,2015,1
https://openalex.org/A5072358528,2015,1
https://openalex.org/A5072435188,2015,1
https://openalex.org/A5072462809,2015,1
https://openalex.org/A5072469414,2015,1
https://openalex.org/A5072507680,2015,1
https://openalex.org/A5072581395,2015,1
https://openalex.org/A5072585037,2015,1
https://openalex.org/A5072586806,2015,1
https://openalex.org/A5072607139,2015,1
https://openalex.org/A5072625595,2015,1
https://openalex.org/A5072654239,2015,1
https://openalex.org/A5072685717,2015,1
https://openalex.org/A5072726122,2015,1
https://openalex.org/A5072759052,2015,1
https://openalex.org/A5072908989,2015,1
https://openalex.org/A5072946816,2015,1
https://openalex.org/A5072975676,2015,1
https://openalex.org/A5072984053,2015,1
https://openalex.org/A5073048943,2015,1
https://openalex.org/A5073048951,2015,1
https://openalex.org/A5073078577,2015,1
https://openalex.org/A5073145610,2015,1
https://openalex.org/A5073199165,2015,1
https://openalex.org/A5073245734,2015,1
https://openalex.org/A5073287545,2015,1
https://openalex.org/A5073297953,2015,1
https://openalex.org/A5073303043,2015,1
https://openalex.org/A5073326796,2015,1
https://openalex.org/A5073389107,2015,1
https://openalex.org/A5073455439,2015,1
https://openalex.org/A5073482795,2015,1
https://openalex.org/A5073507304,2015,1
https://openalex.org/A5073514348,2015,1
https://openalex.org/A5073707664,2015,1
https://openalex.org/A5073763227,2015,1
https://openalex.org/A5073790847,2015,1
https://openalex.org/A5073820422,2015,1
https://openalex.org/A5073873489,2015,1
https://openalex.org/A5073968910,2015,1
https://openalex.org/A5074025474,2015,1
https://openalex.org/A5074034203,2015,1
https://openalex.org/A5074137007,2015,1
https://openalex.org/A5074239955,2015,1
https://openalex.org/A5074242318,2015,1
https://openalex.org/A5074306939,2015,1
https://openalex.org/A5074358807,2015,1
https://openalex.org/A5074364411,2015,1
https://openalex.org/A5074400591,2015,1
https://openalex.org/A5074462753,2015,1
https://openalex.org/A5074551690,2015,1
https://openalex.org/A5074580099,2015,1
https://openalex.org/A5074703556,2015,1
https://openalex.org/A5074713056,2015,1
https://openalex.org/A5074827504,2015,1
https://openalex.org/A5074860210,2015,1
https://openalex.org/A5074890965,2015,1
https://openalex.org/A5074900697,2015,1
https://openalex.org/A5074921958,2015,1
https://openalex.org/A5074955362,2015,1
https://openalex.org/A5074957947,2015,1
https://openalex.org/A5074980431,2015,1
https://openalex.org/A5075086878,2015,1
https://openalex.org/A5075106453,2015,1
https://openalex.org/A5075196244,2015,1
https://openalex.org/A5075221489,2015,1
https://openalex.org/A5075236930,2015,1
https://openalex.org/A5075237757,2015,1
https://openalex.org/A5075242841,2015,1
https://openalex.org/A5075284188,2015,1
https://openalex.org/A5075304260,2015,1
https://openalex.org/A5075314438,2015,1
https://openalex.org/A5075366851,2015,1
https://openalex.org/A5075463806,2015,1
https://openalex.org/A5075569536,2015,1
https://openalex.org/A5075603650,2015,1
https://openalex.org/A5075622613,2015,1
https://openalex.org/A5075684974,2015,1
https://openalex.org/A5075701602,2015,1
https://openalex.org/A5075778250,2015,1
https://openalex.org/A5075845136,2015,1
https://openalex.org/A5075860726,2015,1
https://openalex.org/A5075880248,2015,1
https://openalex.org/A5075892991,2015,1
https://openalex.org/A5075905404,2015,1
https://openalex.org/A5075940390,2015,1
https://openalex.org/A5075972411,2015,1
https://openalex.org/A5075984781,2015,1
https://openalex.org/A5076003622,2015,1
https://openalex.org/A5076014905,2015,1
https://openalex.org/A5076037043,2015,1
https://openalex.org/A5076068660,2015,1
https://openalex.org/A5076203419,2015,1
https://openalex.org/A5076223460,2015,1
https://openalex.org/A5076259788,2015,1
https://openalex.org/A5076275177,2015,1
https://openalex.org/A5076317762,2015,1
https://openalex.org/A5076373841,2015,1
https://openalex.org/A5076437154,2015,1
https://openalex.org/A5076438062,2015,1
https://openalex.org/A5076442506,2015,1
https://openalex.org/A5076482730,2015,1
https://openalex.org/A5076498350,2015,1
https://openalex.org/A5076501466,2015,1
https://openalex.org/A5076535503,2015,1
https://openalex.org/A5076641940,2015,1
https://openalex.org/A5076652615,2015,1
https://openalex.org/A5076689969,2015,1
https://openalex.org/A5076761279,2015,1
https://openalex.org/A5076770026,2015,1
https://openalex.org/A5076784728,2015,1
https://openalex.org/A5076794038,2015,1
https://openalex.org/A5076835782,2015,1
https://openalex.org/A5077029839,2015,1
https://openalex.org/A5077080413,2015,1
https://openalex.org/A5077082220,2015,1
https://openalex.org/A5077089453,2015,1
https://openalex.org/A5077109450,2015,1
https://openalex.org/A5077181434,2015,1
https://openalex.org/A5077187699,2015,1
https://openalex.org/A5077324169,2015,1
https://openalex.org/A5077379469,2015,1
https://openalex.org/A5077391729,2015,1
https://openalex.org/A5077419846,2015,1
https://openalex.org/A5077426193,2015,1
https://openalex.org/A5077444714,2015,1
https://openalex.org/A5077581741,2015,1
https://openalex.org/A5077583068,2015,1
https://openalex.org/A5077602332,2015,1
https://openalex.org/A5077723460,2015,1
https://openalex.org/A5077732223,2015,1
https://openalex.org/A5077833009,2015,1
https://openalex.org/A5077838056,2015,1
https://openalex.org/A5077852542,2015,1
https://openalex.org/A5077896259,2015,1
https://openalex.org/A5078025082,2015,1
https://openalex.org/A5078051602,2015,1
https://openalex.org/A5078118467,2015,1
https://openalex.org/A5078123349,2015,1
https://openalex.org/A5078127910,2015,1
https://openalex.org/A5078136383,2015,1
https://openalex.org/A5078139608,2015,1
https://openalex.org/A5078277002,2015,1
https://openalex.org/A5078293232,2015,1
https://openalex.org/A5078374737,2015,1
https://openalex.org/A5078381665,2015,1
https://openalex.org/A5078452838,2015,1
https://openalex.org/A5078599837,2015,1
https://openalex.org/A5078632534,2015,1
https://openalex.org/A5078695322,2015,1
https://openalex.org/A5078818302,2015,1
https://openalex.org/A5078847008,2015,1
https://openalex.org/A5078861996,2015,1
https://openalex.org/A5079082222,2015,1
https://openalex.org/A5079220372,2015,1
https://openalex.org/A5079301873,2015,1
https://openalex.org/A5079302923,2015,1
https://openalex.org/A5079344793,2015,1
https://openalex.org/A5079352192,2015,1
https://openalex.org/A5079384927,2015,1
https://openalex.org/A5079411373,2015,1
https://openalex.org/A5079413889,2015,1
https://openalex.org/A5079447321,2015,1
https://openalex.org/A5079466450,2015,1
https://openalex.org/A5079523968,2015,1
https://openalex.org/A5079652386,2015,1
https://openalex.org/A5079655708,2015,1
https://openalex.org/A5079673052,2015,1
https://openalex.org/A5079699792,2015,1
https://openalex.org/A5079747112,2015,1
https://openalex.org/A5079786046,2015,1
https://openalex.org/A5079803500,2015,1
https://openalex.org/A5079816011,2015,1
https://openalex.org/A5079882875,2015,1
https://openalex.org/A5079933043,2015,1
https://openalex.org/A5079968502,2015,1
https://openalex.org/A5079982764,2015,1
https://openalex.org/A5080005256,2015,1
https://openalex.org/A5080012634,2015,1
https://openalex.org/A5080022233,2015,1
https://openalex.org/A5080104372,2015,1
https://openalex.org/A5080154864,2015,1
https://openalex.org/A5080225957,2015,1
https://openalex.org/A5080273782,2015,1
https://openalex.org/A5080305480,2015,1
https://openalex.org/A5080323544,2015,1
https://openalex.org/A5080328620,2015,1
https://openalex.org/A5080353854,2015,1
https://openalex.org/A5080423640,2015,1
https://openalex.org/A5080524660,2015,1
https://openalex.org/A5080625139,2015,1
https://openalex.org/A5080635629,2015,1
https://openalex.org/A5080652581,2015,1
https://openalex.org/A5080658446,2015,1
https://openalex.org/A5080721363,2015,1
https://openalex.org/A5080771457,2015,1
https://openalex.org/A5080836593,2015,1
https://openalex.org/A5080859330,2015,1
https://openalex.org/A5080894318,2015,1
https://openalex.org/A5080895071,2015,1
https://openalex.org/A5080973347,2015,1
https://openalex.org/A5080977911,2015,1
https://openalex.org/A5081000697,2015,1
https://openalex.org/A5081089928,2015,1
https://openalex.org/A5081170782,2015,1
https://openalex.org/A5081200507,2015,1
https://openalex.org/A5081206531,2015,1
https://openalex.org/A5081231468,2015,1
https://openalex.org/A5081251432,2015,1
https://openalex.org/A5081342676,2015,1
https://openalex.org/A5081354508,2015,1
https://openalex.org/A5081364769,2015,1
https://openalex.org/A5081383365,2015,1
https://openalex.org/A5081521788,2015,1
https://openalex.org/A5081541767,2015,1
https://openalex.org/A5081573544,2015,1
https://openalex.org/A5081629672,2015,1
https://openalex.org/A5081662508,2015,1
https://openalex.org/A5081722371,2015,1
https://openalex.org/A5081758689,2015,1
https://openalex.org/A5081777844,2015,1
https://openalex.org/A5081821579,2015,1
https://openalex.org/A5081848769,2015,1
https://openalex.org/A5081981044,2015,1
https://openalex.org/A5082042144,2015,1
https://openalex.org/A5082047396,2015,1
https://openalex.org/A5082062863,2015,1
https://openalex.org/A5082080836,2015,1
https://openalex.org/A5082106258,2015,1
https://openalex.org/A5082169271,2015,1
https://openalex.org/A5082216222,2015,1
https://openalex.org/A5082328321,2015,1
https://openalex.org/A5082445591,2015,1
https://openalex.org/A5082464861,2015,1
https://openalex.org/A5082504366,2015,1
https://openalex.org/A5082622296,2015,1
https://openalex.org/A5082626624,2015,1
https://openalex.org/A5082668502,2015,1
https://openalex.org/A5082686024,2015,1
https://openalex.org/A5082688406,2015,1
https://openalex.org/A5082693508,2015,1
https://openalex.org/A5082721294,2015,1
https://openalex.org/A5082816838,2015,1
https://openalex.org/A5082842681,2015,1
https://openalex.org/A5082855933,2015,1
https://openalex.org/A5082997494,2015,1
https://openalex.org/A5083079916,2015,1
https://openalex.org/A5083126143,2015,1
https://openalex.org/A5083128712,2015,1
https://openalex.org/A5083151792,2015,1
https://openalex.org/A5083182498,2015,1
https://openalex.org/A5083188322,2015,1
https://openalex.org/A5083228645,2015,1
https://openalex.org/A5083293294,2015,1
https://openalex.org/A5083515279,2015,1
https://openalex.org/A5083515832,2015,1
https://openalex.org/A5083553317,2015,1
https://openalex.org/A5083582547,2015,1
https://openalex.org/A5083612229,2015,1
https://openalex.org/A5083768848,2015,1
https://openalex.org/A5083863746,2015,1
https://openalex.org/A5083889298,2015,1
https://openalex.org/A5083893564,2015,1
https://openalex.org/A5083916715,2015,1
https://openalex.org/A5083928542,2015,1
https://openalex.org/A5083949978,2015,1
https://openalex.org/A5083952212,2015,1
https://openalex.org/A5084104507,2015,1
https://openalex.org/A5084124163,2015,1
https://openalex.org/A5084140018,2015,1
https://openalex.org/A5084201204,2015,1
https://openalex.org/A5084203791,2015,1
https://openalex.org/A5084225369,2015,1
https://openalex.org/A5084236726,2015,1
https://openalex.org/A5084239511,2015,1
https://openalex.org/A5084241329,2015,1
https://openalex.org/A5084281207,2015,1
https://openalex.org/A5084316677,2015,1
https://openalex.org/A5084373356,2015,1
https://openalex.org/A5084383929,2015,1
https://openalex.org/A5084555916,2015,1
https://openalex.org/A5084667996,2015,1
https://openalex.org/A5084710018,2015,1
https://openalex.org/A5084710624,2015,1
https://openalex.org/A5084819987,2015,1
https://openalex.org/A5084848414,2015,1
https://openalex.org/A5084909078,2015,1
https://openalex.org/A5084975486,2015,1
https://openalex.org/A5085039548,2015,1
https://openalex.org/A5085099200,2015,1
https://openalex.org/A5085107758,2015,1
https://openalex.org/A5085171842,2015,1
https://openalex.org/A5085172385,2015,1
https://openalex.org/A5085220186,2015,1
https://openalex.org/A5085406955,2015,1
https://openalex.org/A5085411961,2015,1
https://openalex.org/A5085480957,2015,1
https://openalex.org/A5085521287,2015,1
https://openalex.org/A5085569895,2015,1
https://openalex.org/A5085609943,2015,1
https://openalex.org/A5085673014,2015,1
https://openalex.org/A5085711082,2015,1
https://openalex.org/A5085715249,2015,1
https://openalex.org/A5085741517,2015,1
https://openalex.org/A5085822697,2015,1
https://openalex.org/A5085828573,2015,1
https://openalex.org/A5085853201,2015,1
https://openalex.org/A5085953846,2015,1
https://openalex.org/A5086144702,2015,1
https://openalex.org/A5086176978,2015,1
https://openalex.org/A5086221076,2015,1
https://openalex.org/A5086242686,2015,1
https://openalex.org/A5086310915,2015,1
https://openalex.org/A5086316879,2015,1
https://openalex.org/A5086349901,2015,1
https://openalex.org/A5086465134,2015,1
https://openalex.org/A5086495456,2015,1
https://openalex.org/A5086536694,2015,1
https://openalex.org/A5086538298,2015,1
https://openalex.org/A5086592148,2015,1
https://openalex.org/A5086622575,2015,1
https://openalex.org/A5086654973,2015,1
https://openalex.org/A5086714399,2015,1
https://openalex.org/A5086722172,2015,1
https://openalex.org/A5086736070,2015,1
https://openalex.org/A5086877012,2015,1
https://openalex.org/A5086937086,2015,1
https://openalex.org/A5087012500,2015,1
https://openalex.org/A5087021319,2015,1
https://openalex.org/A5087027601,2015,1
https://openalex.org/A5087051920,2015,1
https://openalex.org/A5087052285,2015,1
https://openalex.org/A5087070861,2015,1
https://openalex.org/A5087195337,2015,1
https://openalex.org/A5087197974,2015,1
https://openalex.org/A5087301349,2015,1
https://openalex.org/A5087399190,2015,1
https://openalex.org/A5087476784,2015,1
https://openalex.org/A5087517555,2015,1
https://openalex.org/A5087576483,2015,1
https://openalex.org/A5087652102,2015,1
https://openalex.org/A5087790881,2015,1
https://openalex.org/A5087823932,2015,1
https://openalex.org/A5087989185,2015,1
https://openalex.org/A5088104427,2015,1
https://openalex.org/A5088164486,2015,1
https://openalex.org/A5088266806,2015,1
https://openalex.org/A5088470753,2015,1
https://openalex.org/A5088517824,2015,1
https://openalex.org/A5088577132,2015,1
https://openalex.org/A5088598176,2015,1
https://openalex.org/A5088604670,2015,1
https://openalex.org/A5088651750,2015,1
https://openalex.org/A5088658116,2015,1
https://openalex.org/A5088703748,2015,1
https://openalex.org/A5088731748,2015,1
https://openalex.org/A5088759070,2015,1
https://openalex.org/A5088769942,2015,1
https://openalex.org/A5088973930,2015,1
https://openalex.org/A5089005116,2015,1
https://openalex.org/A5089056727,2015,1
https://openalex.org/A5089058945,2015,1
https://openalex.org/A5089152419,2015,1
https://openalex.org/A5089192334,2015,1
https://openalex.org/A5089349439,2015,1
https://openalex.org/A5089388395,2015,1
https://openalex.org/A5089421697,2015,1
https://openalex.org/A5089476776,2015,1
https://openalex.org/A5089498346,2015,1
https://openalex.org/A5089630690,2015,1
https://openalex.org/A5089634641,2015,1
https://openalex.org/A5089674075,2015,1
https://openalex.org/A5089702832,2015,1
https://openalex.org/A5089724714,2015,1
https://openalex.org/A5089730327,2015,1
https://openalex.org/A5089765894,2015,1
https://openalex.org/A5089784119,2015,1
https://openalex.org/A5089843351,2015,1
https://openalex.org/A5089919340,2015,1
https://openalex.org/A5090071128,2015,1
https://openalex.org/A5090133726,2015,1
https://openalex.org/A5090173005,2015,1
https://openalex.org/A5090203361,2015,1
https://openalex.org/A5090252672,2015,1
https://openalex.org/A5090313817,2015,1
https://openalex.org/A5090387403,2015,1
https://openalex.org/A5090406308,2015,1
https://openalex.org/A5090452659,2015,1
https://openalex.org/A5090544756,2015,1
https://openalex.org/A5090574964,2015,1
https://openalex.org/A5090587372,2015,1
https://openalex.org/A5090603617,2015,1
https://openalex.org/A5090628891,2015,1
https://openalex.org/A5090709130,2015,1
https://openalex.org/A5090750242,2015,1
https://openalex.org/A5090814788,2015,1
https://openalex.org/A5090829129,2015,1
https://openalex.org/A5090851954,2015,1
https://openalex.org/A5090857846,2015,1
https://openalex.org/A5090871683,2015,1
https://openalex.org/A5091049278,2015,1
https://openalex.org/A5091107483,2015,1
https://openalex.org/A5091225711,2015,1
https://openalex.org/A5091397528,2015,1
https://openalex.org/A5091408102,2015,1
https://openalex.org/A5091412497,2015,1
https://openalex.org/A5091498234,2015,1
https://openalex.org/A5091580276,2015,1
https://openalex.org/A5091600002,2015,1
https://openalex.org/A5091677854,2015,1
https://openalex.org/A5091734590,2015,1
https://openalex.org/A5091782158,2015,1
https://openalex.org/A5091808302,2015,1
https://openalex.org/A5091863587,2015,1
https://openalex.org/A5091882389,2015,1
https://openalex.org/A5091897405,2015,1
https://openalex.org/A5091900033,2015,1
https://openalex.org/A5091906979,2015,1
https://openalex.org/A5092355007,2015,1
https://openalex.org/A5095021441,2015,1
https://openalex.org/A5095055755,2015,1
https://openalex.org/A5095260641,2015,1
https://openalex.org/A5095268090,2015,1
https://openalex.org/A5096895314,2015,1
https://openalex.org/A5097177798,2015,1
https://openalex.org/A5097834176,2015,1
https://openalex.org/A5097858598,2015,1
https://openalex.org/A5098061983,2015,1
https://openalex.org/A5098087853,2015,1
https://openalex.org/A5098191317,2015,1
https://openalex.org/A5098791487,2015,1
https://openalex.org/A5099923127,2015,1
https://openalex.org/A5100295169,2015,1
https://openalex.org/A5100317841,2015,1
https://openalex.org/A5100318938,2015,1
https://openalex.org/A5100320839,2015,1
https://openalex.org/A5100321495,2015,1
https://openalex.org/A5100326162,2015,1
https://openalex.org/A5100332655,2015,1
https://openalex.org/A5100336774,2015,1
https://openalex.org/A5100339106,2015,1
https://openalex.org/A5100342544,2015,1
https://openalex.org/A5100342771,2015,1
https://openalex.org/A5100344294,2015,1
https://openalex.org/A5100346583,2015,1
https://openalex.org/A5100348176,2015,1
https://openalex.org/A5100352180,2015,1
https://openalex.org/A5100353783,2015,1
https://openalex.org/A5100354154,2015,1
https://openalex.org/A5100355406,2015,1
https://openalex.org/A5100357108,2015,1
https://openalex.org/A5100359975,2015,1
https://openalex.org/A5100361699,2015,1
https://openalex.org/A5100361742,2015,1
https://openalex.org/A5100362745,2015,1
https://openalex.org/A5100364443,2015,1
https://openalex.org/A5100365162,2015,1
https://openalex.org/A5100365755,2015,1
https://openalex.org/A5100366134,2015,1
https://openalex.org/A5100367225,2015,1
https://openalex.org/A5100367292,2015,1
https://openalex.org/A5100373517,2015,1
https://openalex.org/A5100374427,2015,1
https://openalex.org/A5100374840,2015,1
https://openalex.org/A5100375073,2015,1
https://openalex.org/A5100377013,2015,1
https://openalex.org/A5100379239,2015,1
https://openalex.org/A5100380514,2015,1
https://openalex.org/A5100382667,2015,1
https://openalex.org/A5100383041,2015,1
https://openalex.org/A5100383184,2015,1
https://openalex.org/A5100383797,2015,1
https://openalex.org/A5100383945,2015,1
https://openalex.org/A5100384902,2015,1
https://openalex.org/A5100388504,2015,1
https://openalex.org/A5100389510,2015,1
https://openalex.org/A5100390573,2015,1
https://openalex.org/A5100391659,2015,1
https://openalex.org/A5100392005,2015,1
https://openalex.org/A5100392060,2015,1
https://openalex.org/A5100393447,2015,1
https://openalex.org/A5100395049,2015,1
https://openalex.org/A5100395140,2015,1
https://openalex.org/A5100395443,2015,1
https://openalex.org/A5100399861,2015,1
https://openalex.org/A5100403647,2015,1
https://openalex.org/A5100404959,2015,1
https://openalex.org/A5100405180,2015,1
https://openalex.org/A5100406525,2015,1
https://openalex.org/A5100406748,2015,1
https://openalex.org/A5100408833,2015,1
https://openalex.org/A5100409053,2015,1
https://openalex.org/A5100410890,2015,1
https://openalex.org/A5100410902,2015,1
https://openalex.org/A5100412142,2015,1
https://openalex.org/A5100413085,2015,1
https://openalex.org/A5100414124,2015,1
https://openalex.org/A5100416750,2015,1
https://openalex.org/A5100421368,2015,1
https://openalex.org/A5100423879,2015,1
https://openalex.org/A5100427797,2015,1
https://openalex.org/A5100430255,2015,1
https://openalex.org/A5100430415,2015,1
https://openalex.org/A5100430876,2015,1
https://openalex.org/A5100431792,2015,1
https://openalex.org/A5100434137,2015,1
https://openalex.org/A5100435411,2015,1
https://openalex.org/A5100436755,2015,1
https://openalex.org/A5100442358,2015,1
https://openalex.org/A5100443320,2015,1
https://openalex.org/A5100443527,2015,1
https://openalex.org/A5100443971,2015,1
https://openalex.org/A5100444188,2015,1
https://openalex.org/A5100445304,2015,1
https://openalex.org/A5100445395,2015,1
https://openalex.org/A5100448958,2015,1
https://openalex.org/A5100449566,2015,1
https://openalex.org/A5100450462,2015,1
https://openalex.org/A5100452641,2015,1
https://openalex.org/A5100453200,2015,1
https://openalex.org/A5100456303,2015,1
https://openalex.org/A5100456371,2015,1
https://openalex.org/A5100459624,2015,1
https://openalex.org/A5100460521,2015,1
https://openalex.org/A5100462591,2015,1
https://openalex.org/A5100462851,2015,1
https://openalex.org/A5100511929,2015,1
https://openalex.org/A5100513210,2015,1
https://openalex.org/A5100524726,2015,1
https://openalex.org/A5100532925,2015,1
https://openalex.org/A5100535963,2015,1
https://openalex.org/A5100541506,2015,1
https://openalex.org/A5100560279,2015,1
https://openalex.org/A5100563129,2015,1
https://openalex.org/A5100566791,2015,1
https://openalex.org/A5100595590,2015,1
https://openalex.org/A5100600356,2015,1
https://openalex.org/A5100600701,2015,1
https://openalex.org/A5100603825,2015,1
https://openalex.org/A5100606640,2015,1
https://openalex.org/A5100606719,2015,1
https://openalex.org/A5100609726,2015,1
https://openalex.org/A5100611030,2015,1
https://openalex.org/A5100612523,2015,1
https://openalex.org/A5100616579,2015,1
https://openalex.org/A5100616835,2015,1
https://openalex.org/A5100618357,2015,1
https://openalex.org/A5100622769,2015,1
https://openalex.org/A5100623580,2015,1
https://openalex.org/A5100623582,2015,1
https://openalex.org/A5100623583,2015,1
https://openalex.org/A5100624436,2015,1
https://openalex.org/A5100627443,2015,1
https://openalex.org/A5100627876,2015,1
https://openalex.org/A5100629506,2015,1
https://openalex.org/A5100631154,2015,1
https://openalex.org/A5100631945,2015,1
https://openalex.org/A5100634103,2015,1
https://openalex.org/A5100634285,2015,1
https://openalex.org/A5100634465,2015,1
https://openalex.org/A5100636371,2015,1
https://openalex.org/A5100636372,2015,1
https://openalex.org/A5100637432,2015,1
https://openalex.org/A5100641428,2015,1
https://openalex.org/A5100642398,2015,1
https://openalex.org/A5100653933,2015,1
https://openalex.org/A5100656154,2015,1
https://openalex.org/A5100657763,2015,1
https://openalex.org/A5100668653,2015,1
https://openalex.org/A5100668826,2015,1
https://openalex.org/A5100668966,2015,1
https://openalex.org/A5100669427,2015,1
https://openalex.org/A5100669433,2015,1
https://openalex.org/A5100669506,2015,1
https://openalex.org/A5100669853,2015,1
https://openalex.org/A5100673751,2015,1
https://openalex.org/A5100673874,2015,1
https://openalex.org/A5100677765,2015,1
https://openalex.org/A5100678327,2015,1
https://openalex.org/A5100684063,2015,1
https://openalex.org/A5100684582,2015,1
https://openalex.org/A5100690662,2015,1
https://openalex.org/A5100695583,2015,1
https://openalex.org/A5100697315,2015,1
https://openalex.org/A5100698619,2015,1
https://openalex.org/A5100698865,2015,1
https://openalex.org/A5100699815,2015,1
https://openalex.org/A5100701445,2015,1
https://openalex.org/A5100701961,2015,1
https://openalex.org/A5100702071,2015,1
https://openalex.org/A5100702644,2015,1
https://openalex.org/A5100704189,2015,1
https://openalex.org/A5100704266,2015,1
https://openalex.org/A5100705185,2015,1
https://openalex.org/A5100706486,2015,1
https://openalex.org/A5100707648,2015,1
https://openalex.org/A5100708035,2015,1
https://openalex.org/A5100712049,2015,1
https://openalex.org/A5100712154,2015,1
https://openalex.org/A5100717660,2015,1
https://openalex.org/A5100722971,2015,1
https://openalex.org/A5100723904,2015,1
https://openalex.org/A5100725933,2015,1
https://openalex.org/A5100730004,2015,1
https://openalex.org/A5100732844,2015,1
https://openalex.org/A5100734876,2015,1
https://openalex.org/A5100739538,2015,1
https://openalex.org/A5100740618,2015,1
https://openalex.org/A5100743988,2015,1
https://openalex.org/A5100744463,2015,1
https://openalex.org/A5100747319,2015,1
https://openalex.org/A5100749519,2015,1
https://openalex.org/A5100753190,2015,1
https://openalex.org/A5100763891,2015,1
https://openalex.org/A5100769854,2015,1
https://openalex.org/A5100772365,2015,1
https://openalex.org/A5100774606,2015,1
https://openalex.org/A5100774710,2015,1
https://openalex.org/A5100775774,2015,1
https://openalex.org/A5100776476,2015,1
https://openalex.org/A5100776798,2015,1
https://openalex.org/A5100778142,2015,1
https://openalex.org/A5100778999,2015,1
https://openalex.org/A5100781389,2015,1
https://openalex.org/A5100784430,2015,1
https://openalex.org/A5100786227,2015,1
https://openalex.org/A5100800340,2015,1
https://openalex.org/A5100833876,2015,1
https://openalex.org/A5100850952,2015,1
https://openalex.org/A5100884860,2015,1
https://openalex.org/A5100893330,2015,1
https://openalex.org/A5100902059,2015,1
https://openalex.org/A5100906364,2015,1
https://openalex.org/A5100907873,2015,1
https://openalex.org/A5100914465,2015,1
https://openalex.org/A5100973028,2015,1
https://openalex.org/A5100974850,2015,1
https://openalex.org/A5101009801,2015,1
https://openalex.org/A5101010094,2015,1
https://openalex.org/A5101018865,2015,1
https://openalex.org/A5101019778,2015,1
https://openalex.org/A5101026745,2015,1
https://openalex.org/A5101057701,2015,1
https://openalex.org/A5101082232,2015,1
https://openalex.org/A5101125070,2015,1
https://openalex.org/A5101332093,2015,1
https://openalex.org/A5101402020,2015,1
https://openalex.org/A5101404293,2015,1
https://openalex.org/A5101404512,2015,1
https://openalex.org/A5101405270,2015,1
https://openalex.org/A5101430063,2015,1
https://openalex.org/A5101435481,2015,1
https://openalex.org/A5101438876,2015,1
https://openalex.org/A5101453970,2015,1
https://openalex.org/A5101459082,2015,1
https://openalex.org/A5101461879,2015,1
https://openalex.org/A5101464703,2015,1
https://openalex.org/A5101472597,2015,1
https://openalex.org/A5101475431,2015,1
https://openalex.org/A5101478393,2015,1
https://openalex.org/A5101479832,2015,1
https://openalex.org/A5101488069,2015,1
https://openalex.org/A5101490234,2015,1
https://openalex.org/A5101490891,2015,1
https://openalex.org/A5101493251,2015,1
https://openalex.org/A5101507269,2015,1
https://openalex.org/A5101507281,2015,1
https://openalex.org/A5101508750,2015,1
https://openalex.org/A5101511539,2015,1
https://openalex.org/A5101511614,2015,1
https://openalex.org/A5101513179,2015,1
https://openalex.org/A5101517880,2015,1
https://openalex.org/A5101524504,2015,1
https://openalex.org/A5101526016,2015,1
https://openalex.org/A5101530176,2015,1
https://openalex.org/A5101533407,2015,1
https://openalex.org/A5101535389,2015,1
https://openalex.org/A5101561383,2015,1
https://openalex.org/A5101563987,2015,1
https://openalex.org/A5101569881,2015,1
https://openalex.org/A5101571739,2015,1
https://openalex.org/A5101577180,2015,1
https://openalex.org/A5101578273,2015,1
https://openalex.org/A5101579465,2015,1
https://openalex.org/A5101585391,2015,1
https://openalex.org/A5101586250,2015,1
https://openalex.org/A5101593048,2015,1
https://openalex.org/A5101593418,2015,1
https://openalex.org/A5101600438,2015,1
https://openalex.org/A5101602542,2015,1
https://openalex.org/A5101603610,2015,1
https://openalex.org/A5101604890,2015,1
https://openalex.org/A5101628460,2015,1
https://openalex.org/A5101635490,2015,1
https://openalex.org/A5101646487,2015,1
https://openalex.org/A5101659945,2015,1
https://openalex.org/A5101684449,2015,1
https://openalex.org/A5101698841,2015,1
https://openalex.org/A5101704771,2015,1
https://openalex.org/A5101707747,2015,1
https://openalex.org/A5101710319,2015,1
https://openalex.org/A5101714403,2015,1
https://openalex.org/A5101714859,2015,1
https://openalex.org/A5101718920,2015,1
https://openalex.org/A5101723852,2015,1
https://openalex.org/A5101731788,2015,1
https://openalex.org/A5101735564,2015,1
https://openalex.org/A5101736420,2015,1
https://openalex.org/A5101739005,2015,1
https://openalex.org/A5101739941,2015,1
https://openalex.org/A5101745788,2015,1
https://openalex.org/A5101746224,2015,1
https://openalex.org/A5101754023,2015,1
https://openalex.org/A5101761065,2015,1
https://openalex.org/A5101761248,2015,1
https://openalex.org/A5101765540,2015,1
https://openalex.org/A5101767360,2015,1
https://openalex.org/A5101774515,2015,1
https://openalex.org/A5101775557,2015,1
https://openalex.org/A5101787146,2015,1
https://openalex.org/A5101806571,2015,1
https://openalex.org/A5101814668,2015,1
https://openalex.org/A5101821613,2015,1
https://openalex.org/A5101821970,2015,1
https://openalex.org/A5101829682,2015,1
https://openalex.org/A5101830775,2015,1
https://openalex.org/A5101843626,2015,1
https://openalex.org/A5101843778,2015,1
https://openalex.org/A5101845152,2015,1
https://openalex.org/A5101850837,2015,1
https://openalex.org/A5101878902,2015,1
https://openalex.org/A5101882659,2015,1
https://openalex.org/A5101887206,2015,1
https://openalex.org/A5101887962,2015,1
https://openalex.org/A5101892837,2015,1
https://openalex.org/A5101895121,2015,1
https://openalex.org/A5101913040,2015,1
https://openalex.org/A5101917213,2015,1
https://openalex.org/A5101920058,2015,1
https://openalex.org/A5101930309,2015,1
https://openalex.org/A5101933711,2015,1
https://openalex.org/A5101937724,2015,1
https://openalex.org/A5101945552,2015,1
https://openalex.org/A5101945816,2015,1
https://openalex.org/A5101951979,2015,1
https://openalex.org/A5101954843,2015,1
https://openalex.org/A5101956285,2015,1
https://openalex.org/A5101958746,2015,1
https://openalex.org/A5101967703,2015,1
https://openalex.org/A5101978424,2015,1
https://openalex.org/A5101980541,2015,1
https://openalex.org/A5101993851,2015,1
https://openalex.org/A5101998160,2015,1
https://openalex.org/A5101998859,2015,1
https://openalex.org/A5102011568,2015,1
https://openalex.org/A5102013345,2015,1
https://openalex.org/A5102013742,2015,1
https://openalex.org/A5102018078,2015,1
https://openalex.org/A5102019603,2015,1
https://openalex.org/A5102020639,2015,1
https://openalex.org/A5102021514,2015,1
https://openalex.org/A5102183740,2015,1
https://openalex.org/A5102246878,2015,1
https://openalex.org/A5102251459,2015,1
https://openalex.org/A5102287542,2015,1
https://openalex.org/A5102295991,2015,1
https://openalex.org/A5102344236,2015,1
https://openalex.org/A5102412241,2015,1
https://openalex.org/A5102449159,2015,1
https://openalex.org/A5102494374,2015,1
https://openalex.org/A5102509331,2015,1
https://openalex.org/A5102710920,2015,1
https://openalex.org/A5102720394,2015,1
https://openalex.org/A5102730672,2015,1
https://openalex.org/A5102731965,2015,1
https://openalex.org/A5102732335,2015,1
https://openalex.org/A5102762132,2015,1
https://openalex.org/A5102762239,2015,1
https://openalex.org/A5102772460,2015,1
https://openalex.org/A5102775650,2015,1
https://openalex.org/A5102825966,2015,1
https://openalex.org/A5102845976,2015,1
https://openalex.org/A5102852032,2015,1
https://openalex.org/A5102852669,2015,1
https://openalex.org/A5102863276,2015,1
https://openalex.org/A5102872275,2015,1
https://openalex.org/A5102876329,2015,1
https://openalex.org/A5102876857,2015,1
https://openalex.org/A5102879545,2015,1
https://openalex.org/A5102890494,2015,1
https://openalex.org/A5102895706,2015,1
https://openalex.org/A5102906657,2015,1
https://openalex.org/A5102917243,2015,1
https://openalex.org/A5102932665,2015,1
https://openalex.org/A5102937162,2015,1
https://openalex.org/A5102939795,2015,1
https://openalex.org/A5102945984,2015,1
https://openalex.org/A5102960813,2015,1
https://openalex.org/A5102961332,2015,1
https://openalex.org/A5102977753,2015,1
https://openalex.org/A5102988093,2015,1
https://openalex.org/A5103006530,2015,1
https://openalex.org/A5103038673,2015,1
https://openalex.org/A5103070090,2015,1
https://openalex.org/A5103079300,2015,1
https://openalex.org/A5103087247,2015,1
https://openalex.org/A5103117056,2015,1
https://openalex.org/A5103123751,2015,1
https://openalex.org/A5103124223,2015,1
https://openalex.org/A5103144961,2015,1
https://openalex.org/A5103145761,2015,1
https://openalex.org/A5103150417,2015,1
https://openalex.org/A5103157434,2015,1
https://openalex.org/A5103160858,2015,1
https://openalex.org/A5103178261,2015,1
https://openalex.org/A5103179667,2015,1
https://openalex.org/A5103179681,2015,1
https://openalex.org/A5103191238,2015,1
https://openalex.org/A5103202808,2015,1
https://openalex.org/A5103209777,2015,1
https://openalex.org/A5103237741,2015,1
https://openalex.org/A5103240136,2015,1
https://openalex.org/A5103269946,2015,1
https://openalex.org/A5103273466,2015,1
https://openalex.org/A5103326675,2015,1
https://openalex.org/A5103356376,2015,1
https://openalex.org/A5103363313,2015,1
https://openalex.org/A5103367535,2015,1
https://openalex.org/A5103368313,2015,1
https://openalex.org/A5103369028,2015,1
https://openalex.org/A5103372090,2015,1
https://openalex.org/A5103373441,2015,1
https://openalex.org/A5103381585,2015,1
https://openalex.org/A5103423039,2015,1
https://openalex.org/A5103455376,2015,1
https://openalex.org/A5103476017,2015,1
https://openalex.org/A5103478315,2015,1
https://openalex.org/A5103500807,2015,1
https://openalex.org/A5103511095,2015,1
https://openalex.org/A5103541044,2015,1
https://openalex.org/A5103580744,2015,1
https://openalex.org/A5103584438,2015,1
https://openalex.org/A5103603545,2015,1
https://openalex.org/A5103610134,2015,1
https://openalex.org/A5103615441,2015,1
https://openalex.org/A5103682090,2015,1
https://openalex.org/A5103704551,2015,1
https://openalex.org/A5103706809,2015,1
https://openalex.org/A5103714205,2015,1
https://openalex.org/A5103823912,2015,1
https://openalex.org/A5103854790,2015,1
https://openalex.org/A5103878948,2015,1
https://openalex.org/A5103890628,2015,1
https://openalex.org/A5103959191,2015,1
https://openalex.org/A5103969076,2015,1
https://openalex.org/A5104078895,2015,1
https://openalex.org/A5104087148,2015,1
https://openalex.org/A5104147275,2015,1
https://openalex.org/A5104264294,2015,1
https://openalex.org/A5104504677,2015,1
https://openalex.org/A5104594792,2015,1
https://openalex.org/A5104754338,2015,1
https://openalex.org/A5105366551,2015,1
https://openalex.org/A5105420555,2015,1
https://openalex.org/A5105589349,2015,1
https://openalex.org/A5105839123,2015,1
https://openalex.org/A5105891901,2015,1
https://openalex.org/A5105936935,2015,1
https://openalex.org/A5106071718,2015,1
https://openalex.org/A5106128689,2015,1
https://openalex.org/A5106183857,2015,1
https://openalex.org/A5106416248,2015,1
https://openalex.org/A5106456971,2015,1
https://openalex.org/A5106466957,2015,1
https://openalex.org/A5106666086,2015,1
https://openalex.org/A5107430132,2015,1
https://openalex.org/A5107519484,2015,1
https://openalex.org/A5107908583,2015,1
https://openalex.org/A5107954208,2015,1
https://openalex.org/A5108009213,2015,1
https://openalex.org/A5108030232,2015,1
https://openalex.org/A5108032935,2015,1
https://openalex.org/A5108050577,2015,1
https://openalex.org/A5108054841,2015,1
https://openalex.org/A5108067566,2015,1
https://openalex.org/A5108112434,2015,1
https://openalex.org/A5108112541,2015,1
https://openalex.org/A5108204467,2015,1
https://openalex.org/A5108225617,2015,1
https://openalex.org/A5108243977,2015,1
https://openalex.org/A5108263586,2015,1
https://openalex.org/A5108273448,2015,1
https://openalex.org/A5108298060,2015,1
https://openalex.org/A5108321347,2015,1
https://openalex.org/A5108353087,2015,1
https://openalex.org/A5108357002,2015,1
https://openalex.org/A5108365103,2015,1
https://openalex.org/A5108373424,2015,1
https://openalex.org/A5108378754,2015,1
https://openalex.org/A5108379405,2015,1
https://openalex.org/A5108455904,2015,1
https://openalex.org/A5108462638,2015,1
https://openalex.org/A5108504337,2015,1
https://openalex.org/A5108510739,2015,1
https://openalex.org/A5108520440,2015,1
https://openalex.org/A5108573864,2015,1
https://openalex.org/A5108609582,2015,1
https://openalex.org/A5108670049,2015,1
https://openalex.org/A5108678994,2015,1
https://openalex.org/A5108725459,2015,1
https://openalex.org/A5108730900,2015,1
https://openalex.org/A5108748465,2015,1
https://openalex.org/A5108770232,2015,1
https://openalex.org/A5108841568,2015,1
https://openalex.org/A5108916970,2015,1
https://openalex.org/A5109011173,2015,1
https://openalex.org/A5109012589,2015,1
https://openalex.org/A5109028548,2015,1
https://openalex.org/A5109043481,2015,1
https://openalex.org/A5109053424,2015,1
https://openalex.org/A5109058619,2015,1
https://openalex.org/A5109077961,2015,1
https://openalex.org/A5109079851,2015,1
https://openalex.org/A5109092234,2015,1
https://openalex.org/A5109103806,2015,1
https://openalex.org/A5109109458,2015,1
https://openalex.org/A5109131142,2015,1
https://openalex.org/A5109197540,2015,1
https://openalex.org/A5109335836,2015,1
https://openalex.org/A5109346631,2015,1
https://openalex.org/A5109392994,2015,1
https://openalex.org/A5109420470,2015,1
https://openalex.org/A5109464360,2015,1
https://openalex.org/A5109476969,2015,1
https://openalex.org/A5109494091,2015,1
https://openalex.org/A5109558480,2015,1
https://openalex.org/A5109565051,2015,1
https://openalex.org/A5109582233,2015,1
https://openalex.org/A5109588482,2015,1
https://openalex.org/A5109833529,2015,1
https://openalex.org/A5109854669,2015,1
https://openalex.org/A5109870937,2015,1
https://openalex.org/A5109941579,2015,1
https://openalex.org/A5110022606,2015,1
https://openalex.org/A5110090141,2015,1
https://openalex.org/A5110253211,2015,1
https://openalex.org/A5110261261,2015,1
https://openalex.org/A5110285701,2015,1
https://openalex.org/A5110297988,2015,1
https://openalex.org/A5110315557,2015,1
https://openalex.org/A5110349089,2015,1
https://openalex.org/A5110356898,2015,1
https://openalex.org/A5110464078,2015,1
https://openalex.org/A5110492675,2015,1
https://openalex.org/A5110492740,2015,1
https://openalex.org/A5110496763,2015,1
https://openalex.org/A5110498175,2015,1
https://openalex.org/A5110499737,2015,1
https://openalex.org/A5110606857,2015,1
https://openalex.org/A5110636784,2015,1
https://openalex.org/A5110791031,2015,1
https://openalex.org/A5110818527,2015,1
https://openalex.org/A5110927536,2015,1
https://openalex.org/A5110930504,2015,1
https://openalex.org/A5110934048,2015,1
https://openalex.org/A5110972385,2015,1
https://openalex.org/A5110988386,2015,1
https://openalex.org/A5111158022,2015,1
https://openalex.org/A5111166027,2015,1
https://openalex.org/A5111183477,2015,1
https://openalex.org/A5111404801,2015,1
https://openalex.org/A5111440537,2015,1
https://openalex.org/A5111463297,2015,1
https://openalex.org/A5111481228,2015,1
https://openalex.org/A5111496136,2015,1
https://openalex.org/A5111547748,2015,1
https://openalex.org/A5111554215,2015,1
https://openalex.org/A5111680493,2015,1
https://openalex.org/A5111692426,2015,1
https://openalex.org/A5111777892,2015,1
https://openalex.org/A5111816610,2015,1
https://openalex.org/A5111897184,2015,1
https://openalex.org/A5111908443,2015,1
https://openalex.org/A5111930106,2015,1
https://openalex.org/A5111959172,2015,1
https://openalex.org/A5111981707,2015,1
https://openalex.org/A5111995722,2015,1
https://openalex.org/A5112018326,2015,1
https://openalex.org/A5112025016,2015,1
https://openalex.org/A5112036683,2015,1
https://openalex.org/A5112041755,2015,1
https://openalex.org/A5112100079,2015,1
https://openalex.org/A5112113744,2015,1
https://openalex.org/A5112115680,2015,1
https://openalex.org/A5112208559,2015,1
https://openalex.org/A5112238886,2015,1
https://openalex.org/A5112267089,2015,1
https://openalex.org/A5112273779,2015,1
https://openalex.org/A5112278333,2015,1
https://openalex.org/A5112307326,2015,1
https://openalex.org/A5112325073,2015,1
https://openalex.org/A5112365916,2015,1
https://openalex.org/A5112414866,2015,1
https://openalex.org/A5112457697,2015,1
https://openalex.org/A5112521305,2015,1
https://openalex.org/A5112525655,2015,1
https://openalex.org/A5112564733,2015,1
https://openalex.org/A5112580753,2015,1
https://openalex.org/A5112613657,2015,1
https://openalex.org/A5112618719,2015,1
https://openalex.org/A5112621628,2015,1
https://openalex.org/A5112626051,2015,1
https://openalex.org/A5112700499,2015,1
https://openalex.org/A5112790443,2015,1
https://openalex.org/A5112836009,2015,1
https://openalex.org/A5112876826,2015,1
https://openalex.org/A5112956581,2015,1
https://openalex.org/A5113007468,2015,1
https://openalex.org/A5113017615,2015,1
https://openalex.org/A5113393295,2015,1
https://openalex.org/A5113431199,2015,1
https://openalex.org/A5113454589,2015,1
https://openalex.org/A5113478139,2015,1
https://openalex.org/A5113481342,2015,1
https://openalex.org/A5113492025,2015,1
https://openalex.org/A5113513843,2015,1
https://openalex.org/A5113551755,2015,1
https://openalex.org/A5113553795,2015,1
https://openalex.org/A5113563423,2015,1
https://openalex.org/A5113582906,2015,1
https://openalex.org/A5113609793,2015,1
https://openalex.org/A5113658630,2015,1
https://openalex.org/A5113684631,2015,1
https://openalex.org/A5113702502,2015,1
https://openalex.org/A5113706688,2015,1
https://openalex.org/A5113720546,2015,1
https://openalex.org/A5113724309,2015,1
https://openalex.org/A5113745320,2015,1
https://openalex.org/A5113750038,2015,1
https://openalex.org/A5113786934,2015,1
https://openalex.org/A5113814626,2015,1
https://openalex.org/A5113817891,2015,1
https://openalex.org/A5113822620,2015,1
https://openalex.org/A5113829216,2015,1
https://openalex.org/A5113832625,2015,1
https://openalex.org/A5113907903,2015,1
https://openalex.org/A5114031893,2015,1
https://openalex.org/A5114045607,2015,1
https://openalex.org/A5114048070,2015,1
https://openalex.org/A5114144740,2015,1
https://openalex.org/A5114162031,2015,1
https://openalex.org/A5114339857,2015,1
https://openalex.org/A5114375810,2015,1
https://openalex.org/A5114377934,2015,1
https://openalex.org/A5114549663,2015,1
https://openalex.org/A5114778025,2015,1
https://openalex.org/A5119011914,2015,1
https://openalex.org/A5120311900,2015,1
https://openalex.org/A5122616764,2015,1
https://openalex.org/A5124333924,2015,1
https://openalex.org/A5124344818,2015,1
https://openalex.org/A5124359796,2015,1
https://openalex.org/A5126201320,2015,1
https://openalex.org/A5126231166,2015,1
https://openalex.org/A5127007612,2015,1
https://openalex.org/A5000030706,2016,1
https://openalex.org/A5000058711,2016,1
https://openalex.org/A5000108869,2016,1
https://openalex.org/A5000121999,2016,1
https://openalex.org/A5000124326,2016,1
https://openalex.org/A5000132949,2016,1
https://openalex.org/A5000145545,2016,1
https://openalex.org/A5000203423,2016,1
https://openalex.org/A5000210772,2016,1
https://openalex.org/A5000258401,2016,1
https://openalex.org/A5000302015,2016,1
https://openalex.org/A5000355426,2016,1
https://openalex.org/A5000449040,2016,1
https://openalex.org/A5000460811,2016,1
https://openalex.org/A5000467703,2016,1
https://openalex.org/A5000486289,2016,1
https://openalex.org/A5000490086,2016,1
https://openalex.org/A5000526031,2016,1
https://openalex.org/A5000624422,2016,1
https://openalex.org/A5000715324,2016,1
https://openalex.org/A5000733584,2016,1
https://openalex.org/A5000796892,2016,1
https://openalex.org/A5000803152,2016,1
https://openalex.org/A5000817140,2016,1
https://openalex.org/A5000874697,2016,1
https://openalex.org/A5000900477,2016,1
https://openalex.org/A5000936680,2016,1
https://openalex.org/A5000937401,2016,1
https://openalex.org/A5000944002,2016,1
https://openalex.org/A5000961188,2016,1
https://openalex.org/A5000975435,2016,1
https://openalex.org/A5001013401,2016,1
https://openalex.org/A5001033487,2016,1
https://openalex.org/A5001075168,2016,1
https://openalex.org/A5001083977,2016,1
https://openalex.org/A5001153389,2016,1
https://openalex.org/A5001208451,2016,1
https://openalex.org/A5001241873,2016,1
https://openalex.org/A5001291873,2016,1
https://openalex.org/A5001295629,2016,1
https://openalex.org/A5001330664,2016,1
https://openalex.org/A5001406804,2016,1
https://openalex.org/A5001455682,2016,1
https://openalex.org/A5001504659,2016,1
https://openalex.org/A5001529504,2016,1
https://openalex.org/A5001571390,2016,1
https://openalex.org/A5001586341,2016,1
https://openalex.org/A5001588690,2016,1
https://openalex.org/A5001594330,2016,1
https://openalex.org/A5001601327,2016,1
https://openalex.org/A5001641297,2016,1
https://openalex.org/A5001666093,2016,1
https://openalex.org/A5001674378,2016,1
https://openalex.org/A5001679688,2016,1
https://openalex.org/A5001714538,2016,1
https://openalex.org/A5001720648,2016,1
https://openalex.org/A5001721893,2016,1
https://openalex.org/A5001742126,2016,1
https://openalex.org/A5001747980,2016,1
https://openalex.org/A5001772073,2016,1
https://openalex.org/A5001786160,2016,1
https://openalex.org/A5001788820,2016,1
https://openalex.org/A5001814930,2016,1
https://openalex.org/A5001886403,2016,1
https://openalex.org/A5001904143,2016,1
https://openalex.org/A5001905670,2016,1
https://openalex.org/A5001912763,2016,1
https://openalex.org/A5001991479,2016,1
https://openalex.org/A5002003743,2016,1
https://openalex.org/A5002026884,2016,1
https://openalex.org/A5002060208,2016,1
https://openalex.org/A5002151905,2016,1
https://openalex.org/A5002311206,2016,1
https://openalex.org/A5002337437,2016,1
https://openalex.org/A5002363879,2016,1
https://openalex.org/A5002370856,2016,1
https://openalex.org/A5002381469,2016,1
https://openalex.org/A5002394922,2016,1
https://openalex.org/A5002406417,2016,1
https://openalex.org/A5002407078,2016,1
https://openalex.org/A5002437182,2016,1
https://openalex.org/A5002449898,2016,1
https://openalex.org/A5002549964,2016,1
https://openalex.org/A5002579815,2016,1
https://openalex.org/A5002603615,2016,1
https://openalex.org/A5002645143,2016,1
https://openalex.org/A5002690361,2016,1
https://openalex.org/A5002709735,2016,1
https://openalex.org/A5002740493,2016,1
https://openalex.org/A5002806249,2016,1
https://openalex.org/A5002810304,2016,1
https://openalex.org/A5002889525,2016,1
https://openalex.org/A5002902965,2016,1
https://openalex.org/A5002908108,2016,1
https://openalex.org/A5002930547,2016,1
https://openalex.org/A5003006275,2016,1
https://openalex.org/A5003070174,2016,1
https://openalex.org/A5003150643,2016,1
https://openalex.org/A5003180256,2016,1
https://openalex.org/A5003239155,2016,1
https://openalex.org/A5003328943,2016,1
https://openalex.org/A5003378750,2016,1
https://openalex.org/A5003438319,2016,1
https://openalex.org/A5003450797,2016,1
https://openalex.org/A5003525641,2016,1
https://openalex.org/A5003556834,2016,1
https://openalex.org/A5003571988,2016,1
https://openalex.org/A5003702883,2016,1
https://openalex.org/A5003762688,2016,1
https://openalex.org/A5003836761,2016,1
https://openalex.org/A5003901768,2016,1
https://openalex.org/A5004028922,2016,1
https://openalex.org/A5004078797,2016,1
https://openalex.org/A5004100809,2016,1
https://openalex.org/A5004111663,2016,1
https://openalex.org/A5004160320,2016,1
https://openalex.org/A5004221927,2016,1
https://openalex.org/A5004251568,2016,1
https://openalex.org/A5004283063,2016,1
https://openalex.org/A5004436296,2016,1
https://openalex.org/A5004444958,2016,1
https://openalex.org/A5004447350,2016,1
https://openalex.org/A5004477424,2016,1
https://openalex.org/A5004478562,2016,1
https://openalex.org/A5004479133,2016,1
https://openalex.org/A5004550829,2016,1
https://openalex.org/A5004552381,2016,1
https://openalex.org/A5004634357,2016,1
https://openalex.org/A5004773085,2016,1
https://openalex.org/A5004829991,2016,1
https://openalex.org/A5004882141,2016,1
https://openalex.org/A5004896567,2016,1
https://openalex.org/A5004903288,2016,1
https://openalex.org/A5004961554,2016,1
https://openalex.org/A5004994278,2016,1
https://openalex.org/A5005022182,2016,1
https://openalex.org/A5005023779,2016,1
https://openalex.org/A5005037155,2016,1
https://openalex.org/A5005086061,2016,1
https://openalex.org/A5005152735,2016,1
https://openalex.org/A5005159503,2016,1
https://openalex.org/A5005169729,2016,1
https://openalex.org/A5005208902,2016,1
https://openalex.org/A5005224865,2016,1
https://openalex.org/A5005271648,2016,1
https://openalex.org/A5005304261,2016,1
https://openalex.org/A5005319406,2016,1
https://openalex.org/A5005334386,2016,1
https://openalex.org/A5005336295,2016,1
https://openalex.org/A5005354597,2016,1
https://openalex.org/A5005364117,2016,1
https://openalex.org/A5005409420,2016,1
https://openalex.org/A5005520249,2016,1
https://openalex.org/A5005533806,2016,1
https://openalex.org/A5005537270,2016,1
https://openalex.org/A5005537289,2016,1
https://openalex.org/A5005568710,2016,1
https://openalex.org/A5005569512,2016,1
https://openalex.org/A5005580789,2016,1
https://openalex.org/A5005583967,2016,1
https://openalex.org/A5005586947,2016,1
https://openalex.org/A5005619051,2016,1
https://openalex.org/A5005621635,2016,1
https://openalex.org/A5005681620,2016,1
https://openalex.org/A5005727907,2016,1
https://openalex.org/A5005772506,2016,1
https://openalex.org/A5005772610,2016,1
https://openalex.org/A5005781957,2016,1
https://openalex.org/A5005810332,2016,1
https://openalex.org/A5005819096,2016,1
https://openalex.org/A5005828574,2016,1
https://openalex.org/A5005868854,2016,1
https://openalex.org/A5005926197,2016,1
https://openalex.org/A5005949306,2016,1
https://openalex.org/A5005961131,2016,1
https://openalex.org/A5005983426,2016,1
https://openalex.org/A5006013675,2016,1
https://openalex.org/A5006048318,2016,1
https://openalex.org/A5006067420,2016,1
https://openalex.org/A5006068818,2016,1
https://openalex.org/A5006119564,2016,1
https://openalex.org/A5006145139,2016,1
https://openalex.org/A5006215136,2016,1
https://openalex.org/A5006275806,2016,1
https://openalex.org/A5006429157,2016,1
https://openalex.org/A5006437570,2016,1
https://openalex.org/A5006452373,2016,1
https://openalex.org/A5006467926,2016,1
https://openalex.org/A5006479715,2016,1
https://openalex.org/A5006505402,2016,1
https://openalex.org/A5006517585,2016,1
https://openalex.org/A5006533777,2016,1
https://openalex.org/A5006539067,2016,1
https://openalex.org/A5006669765,2016,1
https://openalex.org/A5006697816,2016,1
https://openalex.org/A5006780157,2016,1
https://openalex.org/A5006855428,2016,1
https://openalex.org/A5006929613,2016,1
https://openalex.org/A5006958961,2016,1
https://openalex.org/A5007023601,2016,1
https://openalex.org/A5007039819,2016,1
https://openalex.org/A5007087111,2016,1
https://openalex.org/A5007109351,2016,1
https://openalex.org/A5007110961,2016,1
https://openalex.org/A5007157109,2016,1
https://openalex.org/A5007160877,2016,1
https://openalex.org/A5007171156,2016,1
https://openalex.org/A5007176022,2016,1
https://openalex.org/A5007199595,2016,1
https://openalex.org/A5007251193,2016,1
https://openalex.org/A5007340121,2016,1
https://openalex.org/A5007351938,2016,1
https://openalex.org/A5007386966,2016,1
https://openalex.org/A5007389144,2016,1
https://openalex.org/A5007392907,2016,1
https://openalex.org/A5007475662,2016,1
https://openalex.org/A5007511354,2016,1
https://openalex.org/A5007535502,2016,1
https://openalex.org/A5007566160,2016,1
https://openalex.org/A5007579711,2016,1
https://openalex.org/A5007583477,2016,1
https://openalex.org/A5007592934,2016,1
https://openalex.org/A5007603660,2016,1
https://openalex.org/A5007616376,2016,1
https://openalex.org/A5007639805,2016,1
https://openalex.org/A5007656938,2016,1
https://openalex.org/A5007658840,2016,1
https://openalex.org/A5007676475,2016,1
https://openalex.org/A5007717960,2016,1
https://openalex.org/A5007735982,2016,1
https://openalex.org/A5007876570,2016,1
https://openalex.org/A5007890534,2016,1
https://openalex.org/A5007949063,2016,1
https://openalex.org/A5007992087,2016,1
https://openalex.org/A5008010813,2016,1
https://openalex.org/A5008013136,2016,1
https://openalex.org/A5008049062,2016,1
https://openalex.org/A5008084569,2016,1
https://openalex.org/A5008117094,2016,1
https://openalex.org/A5008127734,2016,1
https://openalex.org/A5008139007,2016,1
https://openalex.org/A5008141859,2016,1
https://openalex.org/A5008151206,2016,1
https://openalex.org/A5008167424,2016,1
https://openalex.org/A5008176468,2016,1
https://openalex.org/A5008192091,2016,1
https://openalex.org/A5008204710,2016,1
https://openalex.org/A5008317541,2016,1
https://openalex.org/A5008358835,2016,1
https://openalex.org/A5008413640,2016,1
https://openalex.org/A5008417257,2016,1
https://openalex.org/A5008454346,2016,1
https://openalex.org/A5008477841,2016,1
https://openalex.org/A5008486397,2016,1
https://openalex.org/A5008498756,2016,1
https://openalex.org/A5008515521,2016,1
https://openalex.org/A5008604873,2016,1
https://openalex.org/A5008618142,2016,1
https://openalex.org/A5008636170,2016,1
https://openalex.org/A5008675731,2016,1
https://openalex.org/A5008717888,2016,1
https://openalex.org/A5008749240,2016,1
https://openalex.org/A5008835175,2016,1
https://openalex.org/A5008835980,2016,1
https://openalex.org/A5008869143,2016,1
https://openalex.org/A5008888331,2016,1
https://openalex.org/A5008920000,2016,1
https://openalex.org/A5008952776,2016,1
https://openalex.org/A5009006248,2016,1
https://openalex.org/A5009041244,2016,1
https://openalex.org/A5009111809,2016,1
https://openalex.org/A5009116003,2016,1
https://openalex.org/A5009169155,2016,1
https://openalex.org/A5009239895,2016,1
https://openalex.org/A5009256505,2016,1
https://openalex.org/A5009262110,2016,1
https://openalex.org/A5009283470,2016,1
https://openalex.org/A5009305504,2016,1
https://openalex.org/A5009319211,2016,1
https://openalex.org/A5009322871,2016,1
https://openalex.org/A5009335876,2016,1
https://openalex.org/A5009372982,2016,1
https://openalex.org/A5009374923,2016,1
https://openalex.org/A5009385494,2016,1
https://openalex.org/A5009408707,2016,1
https://openalex.org/A5009415663,2016,1
https://openalex.org/A5009415797,2016,1
https://openalex.org/A5009513081,2016,1
https://openalex.org/A5009516958,2016,1
https://openalex.org/A5009531279,2016,1
https://openalex.org/A5009622718,2016,1
https://openalex.org/A5009696039,2016,1
https://openalex.org/A5009753242,2016,1
https://openalex.org/A5009753938,2016,1
https://openalex.org/A5009820747,2016,1
https://openalex.org/A5009830643,2016,1
https://openalex.org/A5009873600,2016,1
https://openalex.org/A5009874567,2016,1
https://openalex.org/A5009885710,2016,1
https://openalex.org/A5009896730,2016,1
https://openalex.org/A5009918788,2016,1
https://openalex.org/A5009969698,2016,1
https://openalex.org/A5010098474,2016,1
https://openalex.org/A5010124873,2016,1
https://openalex.org/A5010161997,2016,1
https://openalex.org/A5010173604,2016,1
https://openalex.org/A5010285657,2016,1
https://openalex.org/A5010289788,2016,1
https://openalex.org/A5010293904,2016,1
https://openalex.org/A5010323000,2016,1
https://openalex.org/A5010385821,2016,1
https://openalex.org/A5010392645,2016,1
https://openalex.org/A5010409710,2016,1
https://openalex.org/A5010421296,2016,1
https://openalex.org/A5010434823,2016,1
https://openalex.org/A5010513490,2016,1
https://openalex.org/A5010518533,2016,1
https://openalex.org/A5010538351,2016,1
https://openalex.org/A5010581004,2016,1
https://openalex.org/A5010638733,2016,1
https://openalex.org/A5010646067,2016,1
https://openalex.org/A5010658612,2016,1
https://openalex.org/A5010731962,2016,1
https://openalex.org/A5010754039,2016,1
https://openalex.org/A5010778644,2016,1
https://openalex.org/A5010786661,2016,1
https://openalex.org/A5010801490,2016,1
https://openalex.org/A5010930111,2016,1
https://openalex.org/A5010972507,2016,1
https://openalex.org/A5011038627,2016,1
https://openalex.org/A5011046074,2016,1
https://openalex.org/A5011048500,2016,1
https://openalex.org/A5011055397,2016,1
https://openalex.org/A5011074138,2016,1
https://openalex.org/A5011093719,2016,1
https://openalex.org/A5011112209,2016,1
https://openalex.org/A5011126092,2016,1
https://openalex.org/A5011226963,2016,1
https://openalex.org/A5011229651,2016,1
https://openalex.org/A5011279707,2016,1
https://openalex.org/A5011314787,2016,1
https://openalex.org/A5011321478,2016,1
https://openalex.org/A5011428379,2016,1
https://openalex.org/A5011488839,2016,1
https://openalex.org/A5011602242,2016,1
https://openalex.org/A5011695105,2016,1
https://openalex.org/A5011704511,2016,1
https://openalex.org/A5011810133,2016,1
https://openalex.org/A5011847318,2016,1
https://openalex.org/A5011853788,2016,1
https://openalex.org/A5011888340,2016,1
https://openalex.org/A5011959451,2016,1
https://openalex.org/A5012037805,2016,1
https://openalex.org/A5012091596,2016,1
https://openalex.org/A5012104119,2016,1
https://openalex.org/A5012127332,2016,1
https://openalex.org/A5012215753,2016,1
https://openalex.org/A5012274669,2016,1
https://openalex.org/A5012290484,2016,1
https://openalex.org/A5012311597,2016,1
https://openalex.org/A5012506279,2016,1
https://openalex.org/A5012559241,2016,1
https://openalex.org/A5012611836,2016,1
https://openalex.org/A5012725714,2016,1
https://openalex.org/A5012728201,2016,1
https://openalex.org/A5012740956,2016,1
https://openalex.org/A5012751147,2016,1
https://openalex.org/A5012765378,2016,1
https://openalex.org/A5012913359,2016,1
https://openalex.org/A5012998825,2016,1
https://openalex.org/A5013008075,2016,1
https://openalex.org/A5013019215,2016,1
https://openalex.org/A5013037351,2016,1
https://openalex.org/A5013049879,2016,1
https://openalex.org/A5013062076,2016,1
https://openalex.org/A5013135203,2016,1
https://openalex.org/A5013194007,2016,1
https://openalex.org/A5013224617,2016,1
https://openalex.org/A5013245536,2016,1
https://openalex.org/A5013281671,2016,1
https://openalex.org/A5013342066,2016,1
https://openalex.org/A5013345099,2016,1
https://openalex.org/A5013350630,2016,1
https://openalex.org/A5013373065,2016,1
https://openalex.org/A5013374223,2016,1
https://openalex.org/A5013438447,2016,1
https://openalex.org/A5013467728,2016,1
https://openalex.org/A5013514974,2016,1
https://openalex.org/A5013522667,2016,1
https://openalex.org/A5013549829,2016,1
https://openalex.org/A5013570285,2016,1
https://openalex.org/A5013606651,2016,1
https://openalex.org/A5013659514,2016,1
https://openalex.org/A5013720109,2016,1
https://openalex.org/A5013782239,2016,1
https://openalex.org/A5013843778,2016,1
https://openalex.org/A5013865524,2016,1
https://openalex.org/A5013882172,2016,1
https://openalex.org/A5013901660,2016,1
https://openalex.org/A5013947092,2016,1
https://openalex.org/A5014007811,2016,1
https://openalex.org/A5014018142,2016,1
https://openalex.org/A5014078777,2016,1
https://openalex.org/A5014138496,2016,1
https://openalex.org/A5014185009,2016,1
https://openalex.org/A5014189057,2016,1
https://openalex.org/A5014216077,2016,1
https://openalex.org/A5014220267,2016,1
https://openalex.org/A5014224647,2016,1
https://openalex.org/A5014244144,2016,1
https://openalex.org/A5014252021,2016,1
https://openalex.org/A5014282939,2016,1
https://openalex.org/A5014288493,2016,1
https://openalex.org/A5014309771,2016,1
https://openalex.org/A5014321482,2016,1
https://openalex.org/A5014346076,2016,1
https://openalex.org/A5014381403,2016,1
https://openalex.org/A5014409944,2016,1
https://openalex.org/A5014436524,2016,1
https://openalex.org/A5014444797,2016,1
https://openalex.org/A5014452233,2016,1
https://openalex.org/A5014456388,2016,1
https://openalex.org/A5014513182,2016,1
https://openalex.org/A5014597367,2016,1
https://openalex.org/A5014619289,2016,1
https://openalex.org/A5014641975,2016,1
https://openalex.org/A5014645747,2016,1
https://openalex.org/A5014663908,2016,1
https://openalex.org/A5014722987,2016,1
https://openalex.org/A5014756903,2016,1
https://openalex.org/A5014779317,2016,1
https://openalex.org/A5014787791,2016,1
https://openalex.org/A5014862300,2016,1
https://openalex.org/A5014918148,2016,1
https://openalex.org/A5014965984,2016,1
https://openalex.org/A5014972482,2016,1
https://openalex.org/A5015000978,2016,1
https://openalex.org/A5015026961,2016,1
https://openalex.org/A5015040768,2016,1
https://openalex.org/A5015066396,2016,1
https://openalex.org/A5015110706,2016,1
https://openalex.org/A5015113976,2016,1
https://openalex.org/A5015147112,2016,1
https://openalex.org/A5015170706,2016,1
https://openalex.org/A5015236185,2016,1
https://openalex.org/A5015243339,2016,1
https://openalex.org/A5015264623,2016,1
https://openalex.org/A5015267493,2016,1
https://openalex.org/A5015274097,2016,1
https://openalex.org/A5015286912,2016,1
https://openalex.org/A5015289739,2016,1
https://openalex.org/A5015322806,2016,1
https://openalex.org/A5015324410,2016,1
https://openalex.org/A5015332851,2016,1
https://openalex.org/A5015363344,2016,1
https://openalex.org/A5015394599,2016,1
https://openalex.org/A5015477108,2016,1
https://openalex.org/A5015482475,2016,1
https://openalex.org/A5015512461,2016,1
https://openalex.org/A5015542045,2016,1
https://openalex.org/A5015547427,2016,1
https://openalex.org/A5015588857,2016,1
https://openalex.org/A5015602781,2016,1
https://openalex.org/A5015743895,2016,1
https://openalex.org/A5015793563,2016,1
https://openalex.org/A5015852301,2016,1
https://openalex.org/A5015881531,2016,1
https://openalex.org/A5015894904,2016,1
https://openalex.org/A5015913640,2016,1
https://openalex.org/A5015927589,2016,1
https://openalex.org/A5015998840,2016,1
https://openalex.org/A5016010967,2016,1
https://openalex.org/A5016051350,2016,1
https://openalex.org/A5016100826,2016,1
https://openalex.org/A5016115865,2016,1
https://openalex.org/A5016129501,2016,1
https://openalex.org/A5016151753,2016,1
https://openalex.org/A5016179369,2016,1
https://openalex.org/A5016199185,2016,1
https://openalex.org/A5016210851,2016,1
https://openalex.org/A5016259488,2016,1
https://openalex.org/A5016286043,2016,1
https://openalex.org/A5016358286,2016,1
https://openalex.org/A5016399094,2016,1
https://openalex.org/A5016501970,2016,1
https://openalex.org/A5016535051,2016,1
https://openalex.org/A5016567568,2016,1
https://openalex.org/A5016568974,2016,1
https://openalex.org/A5016644251,2016,1
https://openalex.org/A5016646037,2016,1
https://openalex.org/A5016656414,2016,1
https://openalex.org/A5016775802,2016,1
https://openalex.org/A5016893403,2016,1
https://openalex.org/A5016912926,2016,1
https://openalex.org/A5016916513,2016,1
https://openalex.org/A5016918393,2016,1
https://openalex.org/A5016956860,2016,1
https://openalex.org/A5016988905,2016,1
https://openalex.org/A5017001073,2016,1
https://openalex.org/A5017009335,2016,1
https://openalex.org/A5017014140,2016,1
https://openalex.org/A5017039585,2016,1
https://openalex.org/A5017069785,2016,1
https://openalex.org/A5017074322,2016,1
https://openalex.org/A5017087427,2016,1
https://openalex.org/A5017096005,2016,1
https://openalex.org/A5017178147,2016,1
https://openalex.org/A5017247607,2016,1
https://openalex.org/A5017308702,2016,1
https://openalex.org/A5017460437,2016,1
https://openalex.org/A5017471172,2016,1
https://openalex.org/A5017506544,2016,1
https://openalex.org/A5017526976,2016,1
https://openalex.org/A5017541431,2016,1
https://openalex.org/A5017592111,2016,1
https://openalex.org/A5017594053,2016,1
https://openalex.org/A5017596078,2016,1
https://openalex.org/A5017647326,2016,1
https://openalex.org/A5017670779,2016,1
https://openalex.org/A5017696825,2016,1
https://openalex.org/A5017706314,2016,1
https://openalex.org/A5017712720,2016,1
https://openalex.org/A5017838459,2016,1
https://openalex.org/A5017862417,2016,1
https://openalex.org/A5017881105,2016,1
https://openalex.org/A5017899676,2016,1
https://openalex.org/A5017907473,2016,1
https://openalex.org/A5017983137,2016,1
https://openalex.org/A5018019178,2016,1
https://openalex.org/A5018040719,2016,1
https://openalex.org/A5018045484,2016,1
https://openalex.org/A5018059354,2016,1
https://openalex.org/A5018069317,2016,1
https://openalex.org/A5018094431,2016,1
https://openalex.org/A5018120863,2016,1
https://openalex.org/A5018122454,2016,1
https://openalex.org/A5018197988,2016,1
https://openalex.org/A5018231916,2016,1
https://openalex.org/A5018267399,2016,1
https://openalex.org/A5018383425,2016,1
https://openalex.org/A5018396769,2016,1
https://openalex.org/A5018476895,2016,1
https://openalex.org/A5018482955,2016,1
https://openalex.org/A5018500051,2016,1
https://openalex.org/A5018554930,2016,1
https://openalex.org/A5018611575,2016,1
https://openalex.org/A5018646392,2016,1
https://openalex.org/A5018681989,2016,1
https://openalex.org/A5018728658,2016,1
https://openalex.org/A5018741641,2016,1
https://openalex.org/A5018825245,2016,1
https://openalex.org/A5018830387,2016,1
https://openalex.org/A5018858351,2016,1
https://openalex.org/A5018917907,2016,1
https://openalex.org/A5018970859,2016,1
https://openalex.org/A5018976680,2016,1
https://openalex.org/A5018976766,2016,1
https://openalex.org/A5019047847,2016,1
https://openalex.org/A5019108029,2016,1
https://openalex.org/A5019164720,2016,1
https://openalex.org/A5019189387,2016,1
https://openalex.org/A5019215692,2016,1
https://openalex.org/A5019234181,2016,1
https://openalex.org/A5019248683,2016,1
https://openalex.org/A5019255222,2016,1
https://openalex.org/A5019270134,2016,1
https://openalex.org/A5019307868,2016,1
https://openalex.org/A5019329695,2016,1
https://openalex.org/A5019378198,2016,1
https://openalex.org/A5019416885,2016,1
https://openalex.org/A5019456222,2016,1
https://openalex.org/A5019478468,2016,1
https://openalex.org/A5019504600,2016,1
https://openalex.org/A5019518434,2016,1
https://openalex.org/A5019535607,2016,1
https://openalex.org/A5019536160,2016,1
https://openalex.org/A5019539746,2016,1
https://openalex.org/A5019556085,2016,1
https://openalex.org/A5019589369,2016,1
https://openalex.org/A5019597653,2016,1
https://openalex.org/A5019622550,2016,1
https://openalex.org/A5019673624,2016,1
https://openalex.org/A5019677533,2016,1
https://openalex.org/A5019715118,2016,1
https://openalex.org/A5019720185,2016,1
https://openalex.org/A5019758507,2016,1
https://openalex.org/A5019802248,2016,1
https://openalex.org/A5019807694,2016,1
https://openalex.org/A5019855239,2016,1
https://openalex.org/A5019867253,2016,1
https://openalex.org/A5019915591,2016,1
https://openalex.org/A5019931011,2016,1
https://openalex.org/A5019959232,2016,1
https://openalex.org/A5019965962,2016,1
https://openalex.org/A5020009031,2016,1
https://openalex.org/A5020052792,2016,1
https://openalex.org/A5020083340,2016,1
https://openalex.org/A5020105887,2016,1
https://openalex.org/A5020158403,2016,1
https://openalex.org/A5020159669,2016,1
https://openalex.org/A5020224649,2016,1
https://openalex.org/A5020254569,2016,1
https://openalex.org/A5020255650,2016,1
https://openalex.org/A5020314773,2016,1
https://openalex.org/A5020353235,2016,1
https://openalex.org/A5020402840,2016,1
https://openalex.org/A5020430024,2016,1
https://openalex.org/A5020435776,2016,1
https://openalex.org/A5020500064,2016,1
https://openalex.org/A5020527092,2016,1
https://openalex.org/A5020600038,2016,1
https://openalex.org/A5020645010,2016,1
https://openalex.org/A5020646237,2016,1
https://openalex.org/A5020691490,2016,1
https://openalex.org/A5020693766,2016,1
https://openalex.org/A5020756488,2016,1
https://openalex.org/A5020772193,2016,1
https://openalex.org/A5020785659,2016,1
https://openalex.org/A5020798627,2016,1
https://openalex.org/A5020876746,2016,1
https://openalex.org/A5020908928,2016,1
https://openalex.org/A5020945020,2016,1
https://openalex.org/A5020999053,2016,1
https://openalex.org/A5021136215,2016,1
https://openalex.org/A5021183086,2016,1
https://openalex.org/A5021198356,2016,1
https://openalex.org/A5021246376,2016,1
https://openalex.org/A5021268374,2016,1
https://openalex.org/A5021273980,2016,1
https://openalex.org/A5021328376,2016,1
https://openalex.org/A5021345568,2016,1
https://openalex.org/A5021380313,2016,1
https://openalex.org/A5021381854,2016,1
https://openalex.org/A5021411630,2016,1
https://openalex.org/A5021430446,2016,1
https://openalex.org/A5021472921,2016,1
https://openalex.org/A5021489495,2016,1
https://openalex.org/A5021527861,2016,1
https://openalex.org/A5021555539,2016,1
https://openalex.org/A5021592682,2016,1
https://openalex.org/A5021605670,2016,1
https://openalex.org/A5021673345,2016,1
https://openalex.org/A5021790939,2016,1
https://openalex.org/A5021811730,2016,1
https://openalex.org/A5021817717,2016,1
https://openalex.org/A5021822435,2016,1
https://openalex.org/A5021844660,2016,1
https://openalex.org/A5021851631,2016,1
https://openalex.org/A5021982940,2016,1
https://openalex.org/A5021985671,2016,1
https://openalex.org/A5022050902,2016,1
https://openalex.org/A5022201408,2016,1
https://openalex.org/A5022207426,2016,1
https://openalex.org/A5022335608,2016,1
https://openalex.org/A5022409351,2016,1
https://openalex.org/A5022477189,2016,1
https://openalex.org/A5022478307,2016,1
https://openalex.org/A5022526666,2016,1
https://openalex.org/A5022540803,2016,1
https://openalex.org/A5022565282,2016,1
https://openalex.org/A5022626150,2016,1
https://openalex.org/A5022634842,2016,1
https://openalex.org/A5022754348,2016,1
https://openalex.org/A5022859237,2016,1
https://openalex.org/A5022929869,2016,1
https://openalex.org/A5022987715,2016,1
https://openalex.org/A5022994077,2016,1
https://openalex.org/A5023053982,2016,1
https://openalex.org/A5023094774,2016,1
https://openalex.org/A5023134878,2016,1
https://openalex.org/A5023163819,2016,1
https://openalex.org/A5023185672,2016,1
https://openalex.org/A5023200402,2016,1
https://openalex.org/A5023236584,2016,1
https://openalex.org/A5023238988,2016,1
https://openalex.org/A5023278055,2016,1
https://openalex.org/A5023323596,2016,1
https://openalex.org/A5023346445,2016,1
https://openalex.org/A5023392498,2016,1
https://openalex.org/A5023434668,2016,1
https://openalex.org/A5023454820,2016,1
https://openalex.org/A5023482666,2016,1
https://openalex.org/A5023508792,2016,1
https://openalex.org/A5023556869,2016,1
https://openalex.org/A5023577472,2016,1
https://openalex.org/A5023581242,2016,1
https://openalex.org/A5023636029,2016,1
https://openalex.org/A5023691144,2016,1
https://openalex.org/A5023693837,2016,1
https://openalex.org/A5023716261,2016,1
https://openalex.org/A5023794901,2016,1
https://openalex.org/A5023824766,2016,1
https://openalex.org/A5023830645,2016,1
https://openalex.org/A5023954036,2016,1
https://openalex.org/A5023980255,2016,1
https://openalex.org/A5024023588,2016,1
https://openalex.org/A5024040521,2016,1
https://openalex.org/A5024042282,2016,1
https://openalex.org/A5024071323,2016,1
https://openalex.org/A5024090300,2016,1
https://openalex.org/A5024102378,2016,1
https://openalex.org/A5024110976,2016,1
https://openalex.org/A5024136480,2016,1
https://openalex.org/A5024170958,2016,1
https://openalex.org/A5024183744,2016,1
https://openalex.org/A5024219981,2016,1
https://openalex.org/A5024222154,2016,1
https://openalex.org/A5024299231,2016,1
https://openalex.org/A5024308681,2016,1
https://openalex.org/A5024309633,2016,1
https://openalex.org/A5024365894,2016,1
https://openalex.org/A5024393893,2016,1
https://openalex.org/A5024396150,2016,1
https://openalex.org/A5024579621,2016,1
https://openalex.org/A5024610129,2016,1
https://openalex.org/A5024638180,2016,1
https://openalex.org/A5024657771,2016,1
https://openalex.org/A5024704138,2016,1
https://openalex.org/A5024710105,2016,1
https://openalex.org/A5024779715,2016,1
https://openalex.org/A5024801876,2016,1
https://openalex.org/A5024833177,2016,1
https://openalex.org/A5024859711,2016,1
https://openalex.org/A5024901763,2016,1
https://openalex.org/A5024931297,2016,1
https://openalex.org/A5024958867,2016,1
https://openalex.org/A5024997350,2016,1
https://openalex.org/A5025016953,2016,1
https://openalex.org/A5025097784,2016,1
https://openalex.org/A5025130883,2016,1
https://openalex.org/A5025146455,2016,1
https://openalex.org/A5025168533,2016,1
https://openalex.org/A5025192002,2016,1
https://openalex.org/A5025205227,2016,1
https://openalex.org/A5025286474,2016,1
https://openalex.org/A5025299678,2016,1
https://openalex.org/A5025335469,2016,1
https://openalex.org/A5025349969,2016,1
https://openalex.org/A5025359141,2016,1
https://openalex.org/A5025372812,2016,1
https://openalex.org/A5025396815,2016,1
https://openalex.org/A5025420478,2016,1
https://openalex.org/A5025565222,2016,1
https://openalex.org/A5025638616,2016,1
https://openalex.org/A5025693167,2016,1
https://openalex.org/A5025700994,2016,1
https://openalex.org/A5025795866,2016,1
https://openalex.org/A5025835308,2016,1
https://openalex.org/A5025846619,2016,1
https://openalex.org/A5025848519,2016,1
https://openalex.org/A5025871978,2016,1
https://openalex.org/A5025894129,2016,1
https://openalex.org/A5025918292,2016,1
https://openalex.org/A5025952284,2016,1
https://openalex.org/A5025952568,2016,1
https://openalex.org/A5026049616,2016,1
https://openalex.org/A5026064427,2016,1
https://openalex.org/A5026077283,2016,1
https://openalex.org/A5026184280,2016,1
https://openalex.org/A5026251279,2016,1
https://openalex.org/A5026272806,2016,1
https://openalex.org/A5026338539,2016,1
https://openalex.org/A5026409211,2016,1
https://openalex.org/A5026422781,2016,1
https://openalex.org/A5026430708,2016,1
https://openalex.org/A5026516592,2016,1
https://openalex.org/A5026518815,2016,1
https://openalex.org/A5026520583,2016,1
https://openalex.org/A5026567140,2016,1
https://openalex.org/A5026581043,2016,1
https://openalex.org/A5026598475,2016,1
https://openalex.org/A5026626621,2016,1
https://openalex.org/A5026627052,2016,1
https://openalex.org/A5026630617,2016,1
https://openalex.org/A5026687501,2016,1
https://openalex.org/A5026777389,2016,1
https://openalex.org/A5026789962,2016,1
https://openalex.org/A5026793008,2016,1
https://openalex.org/A5026810266,2016,1
https://openalex.org/A5026846394,2016,1
https://openalex.org/A5026865102,2016,1
https://openalex.org/A5026932658,2016,1
https://openalex.org/A5026949619,2016,1
https://openalex.org/A5026960113,2016,1
https://openalex.org/A5027004576,2016,1
https://openalex.org/A5027119635,2016,1
https://openalex.org/A5027124439,2016,1
https://openalex.org/A5027128278,2016,1
https://openalex.org/A5027141302,2016,1
https://openalex.org/A5027155720,2016,1
https://openalex.org/A5027156714,2016,1
https://openalex.org/A5027223654,2016,1
https://openalex.org/A5027253674,2016,1
https://openalex.org/A5027269249,2016,1
https://openalex.org/A5027281004,2016,1
https://openalex.org/A5027294329,2016,1
https://openalex.org/A5027325688,2016,1
https://openalex.org/A5027375300,2016,1
https://openalex.org/A5027383005,2016,1
https://openalex.org/A5027403828,2016,1
https://openalex.org/A5027407975,2016,1
https://openalex.org/A5027418206,2016,1
https://openalex.org/A5027420297,2016,1
https://openalex.org/A5027441885,2016,1
https://openalex.org/A5027446640,2016,1
https://openalex.org/A5027472238,2016,1
https://openalex.org/A5027488390,2016,1
https://openalex.org/A5027577774,2016,1
https://openalex.org/A5027593635,2016,1
https://openalex.org/A5027593663,2016,1
https://openalex.org/A5027616188,2016,1
https://openalex.org/A5027642699,2016,1
https://openalex.org/A5027644295,2016,1
https://openalex.org/A5027723045,2016,1
https://openalex.org/A5027742996,2016,1
https://openalex.org/A5027763497,2016,1
https://openalex.org/A5027802291,2016,1
https://openalex.org/A5027821975,2016,1
https://openalex.org/A5027826197,2016,1
https://openalex.org/A5027855751,2016,1
https://openalex.org/A5027893749,2016,1
https://openalex.org/A5027904973,2016,1
https://openalex.org/A5027924492,2016,1
https://openalex.org/A5027947315,2016,1
https://openalex.org/A5027955349,2016,1
https://openalex.org/A5027990999,2016,1
https://openalex.org/A5027995560,2016,1
https://openalex.org/A5028016065,2016,1
https://openalex.org/A5028031083,2016,1
https://openalex.org/A5028032741,2016,1
https://openalex.org/A5028095251,2016,1
https://openalex.org/A5028109401,2016,1
https://openalex.org/A5028148644,2016,1
https://openalex.org/A5028209738,2016,1
https://openalex.org/A5028238038,2016,1
https://openalex.org/A5028376903,2016,1
https://openalex.org/A5028407723,2016,1
https://openalex.org/A5028410237,2016,1
https://openalex.org/A5028415358,2016,1
https://openalex.org/A5028464272,2016,1
https://openalex.org/A5028475719,2016,1
https://openalex.org/A5028562219,2016,1
https://openalex.org/A5028564314,2016,1
https://openalex.org/A5028609723,2016,1
https://openalex.org/A5028641941,2016,1
https://openalex.org/A5028679884,2016,1
https://openalex.org/A5028681099,2016,1
https://openalex.org/A5028717060,2016,1
https://openalex.org/A5028762600,2016,1
https://openalex.org/A5028809134,2016,1
https://openalex.org/A5028836340,2016,1
https://openalex.org/A5028858025,2016,1
https://openalex.org/A5028865449,2016,1
https://openalex.org/A5028882289,2016,1
https://openalex.org/A5028888294,2016,1
https://openalex.org/A5028901642,2016,1
https://openalex.org/A5028910864,2016,1
https://openalex.org/A5028990206,2016,1
https://openalex.org/A5029034525,2016,1
https://openalex.org/A5029082567,2016,1
https://openalex.org/A5029122399,2016,1
https://openalex.org/A5029197877,2016,1
https://openalex.org/A5029218568,2016,1
https://openalex.org/A5029273633,2016,1
https://openalex.org/A5029278866,2016,1
https://openalex.org/A5029311828,2016,1
https://openalex.org/A5029314133,2016,1
https://openalex.org/A5029378716,2016,1
https://openalex.org/A5029386791,2016,1
https://openalex.org/A5029439919,2016,1
https://openalex.org/A5029442242,2016,1
https://openalex.org/A5029540488,2016,1
https://openalex.org/A5029557305,2016,1
https://openalex.org/A5029617163,2016,1
https://openalex.org/A5029656834,2016,1
https://openalex.org/A5029728671,2016,1
https://openalex.org/A5029843829,2016,1
https://openalex.org/A5029864677,2016,1
https://openalex.org/A5029869840,2016,1
https://openalex.org/A5029927078,2016,1
https://openalex.org/A5029931791,2016,1
https://openalex.org/A5029961820,2016,1
https://openalex.org/A5029980724,2016,1
https://openalex.org/A5030012373,2016,1
https://openalex.org/A5030101950,2016,1
https://openalex.org/A5030102102,2016,1
https://openalex.org/A5030141359,2016,1
https://openalex.org/A5030148633,2016,1
https://openalex.org/A5030154822,2016,1
https://openalex.org/A5030164029,2016,1
https://openalex.org/A5030189297,2016,1
https://openalex.org/A5030191054,2016,1
https://openalex.org/A5030246894,2016,1
https://openalex.org/A5030291827,2016,1
https://openalex.org/A5030500977,2016,1
https://openalex.org/A5030503109,2016,1
https://openalex.org/A5030532093,2016,1
https://openalex.org/A5030624104,2016,1
https://openalex.org/A5030626459,2016,1
https://openalex.org/A5030733206,2016,1
https://openalex.org/A5030742594,2016,1
https://openalex.org/A5030804320,2016,1
https://openalex.org/A5030858758,2016,1
https://openalex.org/A5030914810,2016,1
https://openalex.org/A5030919202,2016,1
https://openalex.org/A5030977650,2016,1
https://openalex.org/A5031001415,2016,1
https://openalex.org/A5031081176,2016,1
https://openalex.org/A5031086670,2016,1
https://openalex.org/A5031127278,2016,1
https://openalex.org/A5031138348,2016,1
https://openalex.org/A5031175598,2016,1
https://openalex.org/A5031179413,2016,1
https://openalex.org/A5031241646,2016,1
https://openalex.org/A5031265662,2016,1
https://openalex.org/A5031376988,2016,1
https://openalex.org/A5031418059,2016,1
https://openalex.org/A5031467187,2016,1
https://openalex.org/A5031485083,2016,1
https://openalex.org/A5031562992,2016,1
https://openalex.org/A5031575281,2016,1
https://openalex.org/A5031592817,2016,1
https://openalex.org/A5031653079,2016,1
https://openalex.org/A5031653957,2016,1
https://openalex.org/A5031663706,2016,1
https://openalex.org/A5031685667,2016,1
https://openalex.org/A5031755964,2016,1
https://openalex.org/A5031773367,2016,1
https://openalex.org/A5031862671,2016,1
https://openalex.org/A5031876437,2016,1
https://openalex.org/A5031951061,2016,1
https://openalex.org/A5031963437,2016,1
https://openalex.org/A5032043435,2016,1
https://openalex.org/A5032090411,2016,1
https://openalex.org/A5032097567,2016,1
https://openalex.org/A5032132950,2016,1
https://openalex.org/A5032250412,2016,1
https://openalex.org/A5032308367,2016,1
https://openalex.org/A5032308508,2016,1
https://openalex.org/A5032353920,2016,1
https://openalex.org/A5032376404,2016,1
https://openalex.org/A5032400251,2016,1
https://openalex.org/A5032465079,2016,1
https://openalex.org/A5032466514,2016,1
https://openalex.org/A5032548762,2016,1
https://openalex.org/A5032569443,2016,1
https://openalex.org/A5032615847,2016,1
https://openalex.org/A5032646164,2016,1
https://openalex.org/A5032679061,2016,1
https://openalex.org/A5032798707,2016,1
https://openalex.org/A5032811639,2016,1
https://openalex.org/A5032812956,2016,1
https://openalex.org/A5032832318,2016,1
https://openalex.org/A5032849544,2016,1
https://openalex.org/A5032893754,2016,1
https://openalex.org/A5032934157,2016,1
https://openalex.org/A5032939618,2016,1
https://openalex.org/A5032951131,2016,1
https://openalex.org/A5032951414,2016,1
https://openalex.org/A5032965735,2016,1
https://openalex.org/A5032990261,2016,1
https://openalex.org/A5033006575,2016,1
https://openalex.org/A5033093688,2016,1
https://openalex.org/A5033106713,2016,1
https://openalex.org/A5033137339,2016,1
https://openalex.org/A5033198464,2016,1
https://openalex.org/A5033216359,2016,1
https://openalex.org/A5033226354,2016,1
https://openalex.org/A5033242618,2016,1
https://openalex.org/A5033352663,2016,1
https://openalex.org/A5033379481,2016,1
https://openalex.org/A5033445616,2016,1
https://openalex.org/A5033504184,2016,1
https://openalex.org/A5033570386,2016,1
https://openalex.org/A5033642313,2016,1
https://openalex.org/A5033713097,2016,1
https://openalex.org/A5033739514,2016,1
https://openalex.org/A5033770678,2016,1
https://openalex.org/A5033824989,2016,1
https://openalex.org/A5033828573,2016,1
https://openalex.org/A5033829205,2016,1
https://openalex.org/A5033829767,2016,1
https://openalex.org/A5033865377,2016,1
https://openalex.org/A5033883331,2016,1
https://openalex.org/A5033914440,2016,1
https://openalex.org/A5033975914,2016,1
https://openalex.org/A5034075879,2016,1
https://openalex.org/A5034103815,2016,1
https://openalex.org/A5034177039,2016,1
https://openalex.org/A5034184867,2016,1
https://openalex.org/A5034304163,2016,1
https://openalex.org/A5034313244,2016,1
https://openalex.org/A5034323655,2016,1
https://openalex.org/A5034324284,2016,1
https://openalex.org/A5034326134,2016,1
https://openalex.org/A5034416480,2016,1
https://openalex.org/A5034427070,2016,1
https://openalex.org/A5034451145,2016,1
https://openalex.org/A5034452294,2016,1
https://openalex.org/A5034461489,2016,1
https://openalex.org/A5034588377,2016,1
https://openalex.org/A5034683730,2016,1
https://openalex.org/A5034715099,2016,1
https://openalex.org/A5034749742,2016,1
https://openalex.org/A5034779557,2016,1
https://openalex.org/A5034826937,2016,1
https://openalex.org/A5034831664,2016,1
https://openalex.org/A5034864837,2016,1
https://openalex.org/A5034890057,2016,1
https://openalex.org/A5034895588,2016,1
https://openalex.org/A5034919841,2016,1
https://openalex.org/A5034991805,2016,1
https://openalex.org/A5035073741,2016,1
https://openalex.org/A5035076469,2016,1
https://openalex.org/A5035089536,2016,1
https://openalex.org/A5035113789,2016,1
https://openalex.org/A5035130915,2016,1
https://openalex.org/A5035166451,2016,1
https://openalex.org/A5035169954,2016,1
https://openalex.org/A5035187596,2016,1
https://openalex.org/A5035218967,2016,1
https://openalex.org/A5035229777,2016,1
https://openalex.org/A5035277014,2016,1
https://openalex.org/A5035288822,2016,1
https://openalex.org/A5035336277,2016,1
https://openalex.org/A5035353314,2016,1
https://openalex.org/A5035370466,2016,1
https://openalex.org/A5035377115,2016,1
https://openalex.org/A5035412958,2016,1
https://openalex.org/A5035427716,2016,1
https://openalex.org/A5035440115,2016,1
https://openalex.org/A5035455988,2016,1
https://openalex.org/A5035483798,2016,1
https://openalex.org/A5035555575,2016,1
https://openalex.org/A5035560190,2016,1
https://openalex.org/A5035561846,2016,1
https://openalex.org/A5035635558,2016,1
https://openalex.org/A5035705687,2016,1
https://openalex.org/A5035712939,2016,1
https://openalex.org/A5035722682,2016,1
https://openalex.org/A5035740091,2016,1
https://openalex.org/A5035755001,2016,1
https://openalex.org/A5035766880,2016,1
https://openalex.org/A5035793673,2016,1
https://openalex.org/A5035832379,2016,1
https://openalex.org/A5035836682,2016,1
https://openalex.org/A5035839484,2016,1
https://openalex.org/A5035841338,2016,1
https://openalex.org/A5035876314,2016,1
https://openalex.org/A5035876897,2016,1
https://openalex.org/A5035903654,2016,1
https://openalex.org/A5036002022,2016,1
https://openalex.org/A5036008539,2016,1
https://openalex.org/A5036011716,2016,1
https://openalex.org/A5036101186,2016,1
https://openalex.org/A5036133390,2016,1
https://openalex.org/A5036139315,2016,1
https://openalex.org/A5036188295,2016,1
https://openalex.org/A5036218807,2016,1
https://openalex.org/A5036260775,2016,1
https://openalex.org/A5036295862,2016,1
https://openalex.org/A5036318459,2016,1
https://openalex.org/A5036325834,2016,1
https://openalex.org/A5036489223,2016,1
https://openalex.org/A5036504609,2016,1
https://openalex.org/A5036532214,2016,1
https://openalex.org/A5036663577,2016,1
https://openalex.org/A5036671493,2016,1
https://openalex.org/A5036684787,2016,1
https://openalex.org/A5036688260,2016,1
https://openalex.org/A5036728419,2016,1
https://openalex.org/A5036729747,2016,1
https://openalex.org/A5036737229,2016,1
https://openalex.org/A5036738489,2016,1
https://openalex.org/A5036742375,2016,1
https://openalex.org/A5036763177,2016,1
https://openalex.org/A5036824294,2016,1
https://openalex.org/A5036849479,2016,1
https://openalex.org/A5036887497,2016,1
https://openalex.org/A5036900013,2016,1
https://openalex.org/A5036903688,2016,1
https://openalex.org/A5036939894,2016,1
https://openalex.org/A5036943629,2016,1
https://openalex.org/A5036948222,2016,1
https://openalex.org/A5037053325,2016,1
https://openalex.org/A5037057145,2016,1
https://openalex.org/A5037060733,2016,1
https://openalex.org/A5037069274,2016,1
https://openalex.org/A5037091907,2016,1
https://openalex.org/A5037136377,2016,1
https://openalex.org/A5037151107,2016,1
https://openalex.org/A5037203797,2016,1
https://openalex.org/A5037212091,2016,1
https://openalex.org/A5037245619,2016,1
https://openalex.org/A5037263298,2016,1
https://openalex.org/A5037274043,2016,1
https://openalex.org/A5037285672,2016,1
https://openalex.org/A5037443155,2016,1
https://openalex.org/A5037477246,2016,1
https://openalex.org/A5037595751,2016,1
https://openalex.org/A5037635654,2016,1
https://openalex.org/A5037646613,2016,1
https://openalex.org/A5037671508,2016,1
https://openalex.org/A5037736834,2016,1
https://openalex.org/A5037775679,2016,1
https://openalex.org/A5037782080,2016,1
https://openalex.org/A5037843848,2016,1
https://openalex.org/A5037853792,2016,1
https://openalex.org/A5037865550,2016,1
https://openalex.org/A5037878015,2016,1
https://openalex.org/A5037979193,2016,1
https://openalex.org/A5037988127,2016,1
https://openalex.org/A5038005798,2016,1
https://openalex.org/A5038017098,2016,1
https://openalex.org/A5038019602,2016,1
https://openalex.org/A5038069200,2016,1
https://openalex.org/A5038078845,2016,1
https://openalex.org/A5038091456,2016,1
https://openalex.org/A5038132345,2016,1
https://openalex.org/A5038141566,2016,1
https://openalex.org/A5038199211,2016,1
https://openalex.org/A5038206174,2016,1
https://openalex.org/A5038232756,2016,1
https://openalex.org/A5038235574,2016,1
https://openalex.org/A5038267072,2016,1
https://openalex.org/A5038306273,2016,1
https://openalex.org/A5038306864,2016,1
https://openalex.org/A5038405331,2016,1
https://openalex.org/A5038537171,2016,1
https://openalex.org/A5038560914,2016,1
https://openalex.org/A5038571306,2016,1
https://openalex.org/A5038606968,2016,1
https://openalex.org/A5038633752,2016,1
https://openalex.org/A5038643381,2016,1
https://openalex.org/A5038654477,2016,1
https://openalex.org/A5038654826,2016,1
https://openalex.org/A5038702721,2016,1
https://openalex.org/A5038730707,2016,1
https://openalex.org/A5038749570,2016,1
https://openalex.org/A5038792996,2016,1
https://openalex.org/A5038795686,2016,1
https://openalex.org/A5038846803,2016,1
https://openalex.org/A5038858717,2016,1
https://openalex.org/A5038861185,2016,1
https://openalex.org/A5038895545,2016,1
https://openalex.org/A5038902513,2016,1
https://openalex.org/A5038916044,2016,1
https://openalex.org/A5038920548,2016,1
https://openalex.org/A5038988028,2016,1
https://openalex.org/A5039004286,2016,1
https://openalex.org/A5039039221,2016,1
https://openalex.org/A5039093142,2016,1
https://openalex.org/A5039173605,2016,1
https://openalex.org/A5039185908,2016,1
https://openalex.org/A5039300689,2016,1
https://openalex.org/A5039318050,2016,1
https://openalex.org/A5039382169,2016,1
https://openalex.org/A5039483654,2016,1
https://openalex.org/A5039504780,2016,1
https://openalex.org/A5039518808,2016,1
https://openalex.org/A5039519155,2016,1
https://openalex.org/A5039525840,2016,1
https://openalex.org/A5039541296,2016,1
https://openalex.org/A5039546496,2016,1
https://openalex.org/A5039629929,2016,1
https://openalex.org/A5039644814,2016,1
https://openalex.org/A5039663126,2016,1
https://openalex.org/A5039721681,2016,1
https://openalex.org/A5039731055,2016,1
https://openalex.org/A5039768232,2016,1
https://openalex.org/A5039778879,2016,1
https://openalex.org/A5039812471,2016,1
https://openalex.org/A5039828286,2016,1
https://openalex.org/A5039928314,2016,1
https://openalex.org/A5039966693,2016,1
https://openalex.org/A5040075859,2016,1
https://openalex.org/A5040090483,2016,1
https://openalex.org/A5040091488,2016,1
https://openalex.org/A5040124705,2016,1
https://openalex.org/A5040125792,2016,1
https://openalex.org/A5040158255,2016,1
https://openalex.org/A5040179074,2016,1
https://openalex.org/A5040235604,2016,1
https://openalex.org/A5040260907,2016,1
https://openalex.org/A5040305226,2016,1
https://openalex.org/A5040432009,2016,1
https://openalex.org/A5040478758,2016,1
https://openalex.org/A5040494793,2016,1
https://openalex.org/A5040604072,2016,1
https://openalex.org/A5040639891,2016,1
https://openalex.org/A5040667804,2016,1
https://openalex.org/A5040756842,2016,1
https://openalex.org/A5040766342,2016,1
https://openalex.org/A5040796473,2016,1
https://openalex.org/A5040798177,2016,1
https://openalex.org/A5040813177,2016,1
https://openalex.org/A5040820818,2016,1
https://openalex.org/A5040853420,2016,1
https://openalex.org/A5040922631,2016,1
https://openalex.org/A5040943755,2016,1
https://openalex.org/A5040953494,2016,1
https://openalex.org/A5040961637,2016,1
https://openalex.org/A5040963610,2016,1
https://openalex.org/A5041011189,2016,1
https://openalex.org/A5041013981,2016,1
https://openalex.org/A5041050302,2016,1
https://openalex.org/A5041092666,2016,1
https://openalex.org/A5041107015,2016,1
https://openalex.org/A5041114345,2016,1
https://openalex.org/A5041123537,2016,1
https://openalex.org/A5041269156,2016,1
https://openalex.org/A5041279558,2016,1
https://openalex.org/A5041332614,2016,1
https://openalex.org/A5041351493,2016,1
https://openalex.org/A5041369939,2016,1
https://openalex.org/A5041386106,2016,1
https://openalex.org/A5041413098,2016,1
https://openalex.org/A5041420578,2016,1
https://openalex.org/A5041426444,2016,1
https://openalex.org/A5041502507,2016,1
https://openalex.org/A5041505651,2016,1
https://openalex.org/A5041540752,2016,1
https://openalex.org/A5041570266,2016,1
https://openalex.org/A5041572550,2016,1
https://openalex.org/A5041627156,2016,1
https://openalex.org/A5041717791,2016,1
https://openalex.org/A5041723842,2016,1
https://openalex.org/A5041754244,2016,1
https://openalex.org/A5041833636,2016,1
https://openalex.org/A5041843312,2016,1
https://openalex.org/A5041844737,2016,1
https://openalex.org/A5041862671,2016,1
https://openalex.org/A5041869459,2016,1
https://openalex.org/A5041901496,2016,1
https://openalex.org/A5041935669,2016,1
https://openalex.org/A5041954472,2016,1
https://openalex.org/A5041985180,2016,1
https://openalex.org/A5042006378,2016,1
https://openalex.org/A5042052273,2016,1
https://openalex.org/A5042062082,2016,1
https://openalex.org/A5042127858,2016,1
https://openalex.org/A5042132314,2016,1
https://openalex.org/A5042237237,2016,1
https://openalex.org/A5042247568,2016,1
https://openalex.org/A5042288796,2016,1
https://openalex.org/A5042319890,2016,1
https://openalex.org/A5042340163,2016,1
https://openalex.org/A5042391670,2016,1
https://openalex.org/A5042514819,2016,1
https://openalex.org/A5042516498,2016,1
https://openalex.org/A5042531796,2016,1
https://openalex.org/A5042565874,2016,1
https://openalex.org/A5042568554,2016,1
https://openalex.org/A5042597849,2016,1
https://openalex.org/A5042612188,2016,1
https://openalex.org/A5042615241,2016,1
https://openalex.org/A5042639533,2016,1
https://openalex.org/A5042683142,2016,1
https://openalex.org/A5042685404,2016,1
https://openalex.org/A5042711470,2016,1
https://openalex.org/A5042761955,2016,1
https://openalex.org/A5042802294,2016,1
https://openalex.org/A5042878737,2016,1
https://openalex.org/A5042916111,2016,1
https://openalex.org/A5042941682,2016,1
https://openalex.org/A5042948288,2016,1
https://openalex.org/A5042965582,2016,1
https://openalex.org/A5042982766,2016,1
https://openalex.org/A5043008976,2016,1
https://openalex.org/A5043015255,2016,1
https://openalex.org/A5043034121,2016,1
https://openalex.org/A5043098984,2016,1
https://openalex.org/A5043151044,2016,1
https://openalex.org/A5043267672,2016,1
https://openalex.org/A5043288749,2016,1
https://openalex.org/A5043299256,2016,1
https://openalex.org/A5043329650,2016,1
https://openalex.org/A5043341643,2016,1
https://openalex.org/A5043429713,2016,1
https://openalex.org/A5043436240,2016,1
https://openalex.org/A5043501767,2016,1
https://openalex.org/A5043542985,2016,1
https://openalex.org/A5043599485,2016,1
https://openalex.org/A5043627736,2016,1
https://openalex.org/A5043674574,2016,1
https://openalex.org/A5043738330,2016,1
https://openalex.org/A5043803604,2016,1
https://openalex.org/A5043808400,2016,1
https://openalex.org/A5043904334,2016,1
https://openalex.org/A5043910265,2016,1
https://openalex.org/A5043925072,2016,1
https://openalex.org/A5043933382,2016,1
https://openalex.org/A5043939351,2016,1
https://openalex.org/A5043949953,2016,1
https://openalex.org/A5044008055,2016,1
https://openalex.org/A5044127793,2016,1
https://openalex.org/A5044136236,2016,1
https://openalex.org/A5044159906,2016,1
https://openalex.org/A5044301434,2016,1
https://openalex.org/A5044324493,2016,1
https://openalex.org/A5044354277,2016,1
https://openalex.org/A5044383399,2016,1
https://openalex.org/A5044404289,2016,1
https://openalex.org/A5044425124,2016,1
https://openalex.org/A5044458831,2016,1
https://openalex.org/A5044477563,2016,1
https://openalex.org/A5044500273,2016,1
https://openalex.org/A5044512312,2016,1
https://openalex.org/A5044521500,2016,1
https://openalex.org/A5044528527,2016,1
https://openalex.org/A5044530743,2016,1
https://openalex.org/A5044666169,2016,1
https://openalex.org/A5044719233,2016,1
https://openalex.org/A5044768328,2016,1
https://openalex.org/A5044818616,2016,1
https://openalex.org/A5044840993,2016,1
https://openalex.org/A5044841280,2016,1
https://openalex.org/A5044894889,2016,1
https://openalex.org/A5044910234,2016,1
https://openalex.org/A5044964941,2016,1
https://openalex.org/A5044999818,2016,1
https://openalex.org/A5045140275,2016,1
https://openalex.org/A5045155396,2016,1
https://openalex.org/A5045185635,2016,1
https://openalex.org/A5045433274,2016,1
https://openalex.org/A5045459089,2016,1
https://openalex.org/A5045463433,2016,1
https://openalex.org/A5045476577,2016,1
https://openalex.org/A5045487590,2016,1
https://openalex.org/A5045536404,2016,1
https://openalex.org/A5045562050,2016,1
https://openalex.org/A5045611738,2016,1
https://openalex.org/A5045726796,2016,1
https://openalex.org/A5045751957,2016,1
https://openalex.org/A5045758746,2016,1
https://openalex.org/A5045811073,2016,1
https://openalex.org/A5045863346,2016,1
https://openalex.org/A5045878695,2016,1
https://openalex.org/A5045895845,2016,1
https://openalex.org/A5045922629,2016,1
https://openalex.org/A5045927034,2016,1
https://openalex.org/A5045985316,2016,1
https://openalex.org/A5045994318,2016,1
https://openalex.org/A5046108746,2016,1
https://openalex.org/A5046120187,2016,1
https://openalex.org/A5046120781,2016,1
https://openalex.org/A5046145205,2016,1
https://openalex.org/A5046155168,2016,1
https://openalex.org/A5046185637,2016,1
https://openalex.org/A5046201262,2016,1
https://openalex.org/A5046309233,2016,1
https://openalex.org/A5046311737,2016,1
https://openalex.org/A5046341358,2016,1
https://openalex.org/A5046372926,2016,1
https://openalex.org/A5046430072,2016,1
https://openalex.org/A5046454544,2016,1
https://openalex.org/A5046496877,2016,1
https://openalex.org/A5046513782,2016,1
https://openalex.org/A5046536801,2016,1
https://openalex.org/A5046543349,2016,1
https://openalex.org/A5046572165,2016,1
https://openalex.org/A5046573721,2016,1
https://openalex.org/A5046577455,2016,1
https://openalex.org/A5046603680,2016,1
https://openalex.org/A5046617410,2016,1
https://openalex.org/A5046631661,2016,1
https://openalex.org/A5046673670,2016,1
https://openalex.org/A5046704426,2016,1
https://openalex.org/A5046706345,2016,1
https://openalex.org/A5046825099,2016,1
https://openalex.org/A5046829356,2016,1
https://openalex.org/A5046830784,2016,1
https://openalex.org/A5046857483,2016,1
https://openalex.org/A5046925090,2016,1
https://openalex.org/A5046953502,2016,1
https://openalex.org/A5046969253,2016,1
https://openalex.org/A5047075508,2016,1
https://openalex.org/A5047097507,2016,1
https://openalex.org/A5047112337,2016,1
https://openalex.org/A5047126186,2016,1
https://openalex.org/A5047130674,2016,1
https://openalex.org/A5047133686,2016,1
https://openalex.org/A5047163027,2016,1
https://openalex.org/A5047169486,2016,1
https://openalex.org/A5047178506,2016,1
https://openalex.org/A5047207436,2016,1
https://openalex.org/A5047232379,2016,1
https://openalex.org/A5047255305,2016,1
https://openalex.org/A5047309501,2016,1
https://openalex.org/A5047320816,2016,1
https://openalex.org/A5047321640,2016,1
https://openalex.org/A5047338645,2016,1
https://openalex.org/A5047353872,2016,1
https://openalex.org/A5047364418,2016,1
https://openalex.org/A5047380888,2016,1
https://openalex.org/A5047428600,2016,1
https://openalex.org/A5047435543,2016,1
https://openalex.org/A5047484251,2016,1
https://openalex.org/A5047519113,2016,1
https://openalex.org/A5047532715,2016,1
https://openalex.org/A5047540261,2016,1
https://openalex.org/A5047545398,2016,1
https://openalex.org/A5047593242,2016,1
https://openalex.org/A5047600807,2016,1
https://openalex.org/A5047621891,2016,1
https://openalex.org/A5047629920,2016,1
https://openalex.org/A5047676907,2016,1
https://openalex.org/A5047695648,2016,1
https://openalex.org/A5047761999,2016,1
https://openalex.org/A5047764653,2016,1
https://openalex.org/A5047817959,2016,1
https://openalex.org/A5047846741,2016,1
https://openalex.org/A5047910888,2016,1
https://openalex.org/A5047996301,2016,1
https://openalex.org/A5048021125,2016,1
https://openalex.org/A5048043105,2016,1
https://openalex.org/A5048046762,2016,1
https://openalex.org/A5048065985,2016,1
https://openalex.org/A5048092944,2016,1
https://openalex.org/A5048164151,2016,1
https://openalex.org/A5048238468,2016,1
https://openalex.org/A5048240841,2016,1
https://openalex.org/A5048244493,2016,1
https://openalex.org/A5048269567,2016,1
https://openalex.org/A5048275057,2016,1
https://openalex.org/A5048302740,2016,1
https://openalex.org/A5048353325,2016,1
https://openalex.org/A5048379673,2016,1
https://openalex.org/A5048403532,2016,1
https://openalex.org/A5048405386,2016,1
https://openalex.org/A5048464041,2016,1
https://openalex.org/A5048496084,2016,1
https://openalex.org/A5048526734,2016,1
https://openalex.org/A5048555499,2016,1
https://openalex.org/A5048686150,2016,1
https://openalex.org/A5048689678,2016,1
https://openalex.org/A5048771631,2016,1
https://openalex.org/A5048808707,2016,1
https://openalex.org/A5048881400,2016,1
https://openalex.org/A5048907728,2016,1
https://openalex.org/A5048921152,2016,1
https://openalex.org/A5048972305,2016,1
https://openalex.org/A5049106121,2016,1
https://openalex.org/A5049250339,2016,1
https://openalex.org/A5049252151,2016,1
https://openalex.org/A5049338090,2016,1
https://openalex.org/A5049405959,2016,1
https://openalex.org/A5049406665,2016,1
https://openalex.org/A5049414745,2016,1
https://openalex.org/A5049427071,2016,1
https://openalex.org/A5049438204,2016,1
https://openalex.org/A5049498516,2016,1
https://openalex.org/A5049506022,2016,1
https://openalex.org/A5049563672,2016,1
https://openalex.org/A5049609687,2016,1
https://openalex.org/A5049661026,2016,1
https://openalex.org/A5049705911,2016,1
https://openalex.org/A5049713837,2016,1
https://openalex.org/A5049717648,2016,1
https://openalex.org/A5049798447,2016,1
https://openalex.org/A5049805682,2016,1
https://openalex.org/A5049826794,2016,1
https://openalex.org/A5049905544,2016,1
https://openalex.org/A5049929304,2016,1
https://openalex.org/A5049963367,2016,1
https://openalex.org/A5049966277,2016,1
https://openalex.org/A5049979509,2016,1
https://openalex.org/A5050050481,2016,1
https://openalex.org/A5050059152,2016,1
https://openalex.org/A5050070424,2016,1
https://openalex.org/A5050162696,2016,1
https://openalex.org/A5050237256,2016,1
https://openalex.org/A5050264065,2016,1
https://openalex.org/A5050276558,2016,1
https://openalex.org/A5050278139,2016,1
https://openalex.org/A5050306070,2016,1
https://openalex.org/A5050306634,2016,1
https://openalex.org/A5050325468,2016,1
https://openalex.org/A5050331145,2016,1
https://openalex.org/A5050480263,2016,1
https://openalex.org/A5050494871,2016,1
https://openalex.org/A5050523645,2016,1
https://openalex.org/A5050524011,2016,1
https://openalex.org/A5050525772,2016,1
https://openalex.org/A5050560417,2016,1
https://openalex.org/A5050571650,2016,1
https://openalex.org/A5050585145,2016,1
https://openalex.org/A5050660826,2016,1
https://openalex.org/A5050676039,2016,1
https://openalex.org/A5050677503,2016,1
https://openalex.org/A5050680937,2016,1
https://openalex.org/A5050734738,2016,1
https://openalex.org/A5050734835,2016,1
https://openalex.org/A5050759765,2016,1
https://openalex.org/A5050773373,2016,1
https://openalex.org/A5050864660,2016,1
https://openalex.org/A5050903837,2016,1
https://openalex.org/A5050947595,2016,1
https://openalex.org/A5051006031,2016,1
https://openalex.org/A5051062786,2016,1
https://openalex.org/A5051089396,2016,1
https://openalex.org/A5051092658,2016,1
https://openalex.org/A5051105922,2016,1
https://openalex.org/A5051121535,2016,1
https://openalex.org/A5051180628,2016,1
https://openalex.org/A5051184573,2016,1
https://openalex.org/A5051192482,2016,1
https://openalex.org/A5051198154,2016,1
https://openalex.org/A5051269765,2016,1
https://openalex.org/A5051332325,2016,1
https://openalex.org/A5051344053,2016,1
https://openalex.org/A5051359789,2016,1
https://openalex.org/A5051381076,2016,1
https://openalex.org/A5051400727,2016,1
https://openalex.org/A5051459492,2016,1
https://openalex.org/A5051512158,2016,1
https://openalex.org/A5051543240,2016,1
https://openalex.org/A5051588426,2016,1
https://openalex.org/A5051670543,2016,1
https://openalex.org/A5051680867,2016,1
https://openalex.org/A5051723295,2016,1
https://openalex.org/A5051863471,2016,1
https://openalex.org/A5051863472,2016,1
https://openalex.org/A5051880364,2016,1
https://openalex.org/A5051880838,2016,1
https://openalex.org/A5051925673,2016,1
https://openalex.org/A5051938893,2016,1
https://openalex.org/A5052074448,2016,1
https://openalex.org/A5052118864,2016,1
https://openalex.org/A5052138365,2016,1
https://openalex.org/A5052157244,2016,1
https://openalex.org/A5052178488,2016,1
https://openalex.org/A5052183511,2016,1
https://openalex.org/A5052213409,2016,1
https://openalex.org/A5052267743,2016,1
https://openalex.org/A5052299650,2016,1
https://openalex.org/A5052338017,2016,1
https://openalex.org/A5052357764,2016,1
https://openalex.org/A5052360334,2016,1
https://openalex.org/A5052371381,2016,1
https://openalex.org/A5052390026,2016,1
https://openalex.org/A5052410792,2016,1
https://openalex.org/A5052433010,2016,1
https://openalex.org/A5052467896,2016,1
https://openalex.org/A5052500398,2016,1
https://openalex.org/A5052528110,2016,1
https://openalex.org/A5052534353,2016,1
https://openalex.org/A5052558706,2016,1
https://openalex.org/A5052585492,2016,1
https://openalex.org/A5052585866,2016,1
https://openalex.org/A5052608405,2016,1
https://openalex.org/A5052673631,2016,1
https://openalex.org/A5052694618,2016,1
https://openalex.org/A5052720370,2016,1
https://openalex.org/A5052726452,2016,1
https://openalex.org/A5052777854,2016,1
https://openalex.org/A5052779906,2016,1
https://openalex.org/A5052790371,2016,1
https://openalex.org/A5052825663,2016,1
https://openalex.org/A5052852409,2016,1
https://openalex.org/A5052874187,2016,1
https://openalex.org/A5052899511,2016,1
https://openalex.org/A5052909911,2016,1
https://openalex.org/A5052971904,2016,1
https://openalex.org/A5052987286,2016,1
https://openalex.org/A5053018827,2016,1
https://openalex.org/A5053034244,2016,1
https://openalex.org/A5053040567,2016,1
https://openalex.org/A5053148274,2016,1
https://openalex.org/A5053148644,2016,1
https://openalex.org/A5053157650,2016,1
https://openalex.org/A5053183087,2016,1
https://openalex.org/A5053236771,2016,1
https://openalex.org/A5053293756,2016,1
https://openalex.org/A5053298425,2016,1
https://openalex.org/A5053326908,2016,1
https://openalex.org/A5053385558,2016,1
https://openalex.org/A5053446578,2016,1
https://openalex.org/A5053455950,2016,1
https://openalex.org/A5053503939,2016,1
https://openalex.org/A5053518240,2016,1
https://openalex.org/A5053553840,2016,1
https://openalex.org/A5053620536,2016,1
https://openalex.org/A5053632225,2016,1
https://openalex.org/A5053634119,2016,1
https://openalex.org/A5053744976,2016,1
https://openalex.org/A5053751445,2016,1
https://openalex.org/A5053771478,2016,1
https://openalex.org/A5053780707,2016,1
https://openalex.org/A5053812341,2016,1
https://openalex.org/A5053820454,2016,1
https://openalex.org/A5053836414,2016,1
https://openalex.org/A5053945083,2016,1
https://openalex.org/A5053948357,2016,1
https://openalex.org/A5053959379,2016,1
https://openalex.org/A5053981805,2016,1
https://openalex.org/A5054013958,2016,1
https://openalex.org/A5054094650,2016,1
https://openalex.org/A5054267417,2016,1
https://openalex.org/A5054296002,2016,1
https://openalex.org/A5054386013,2016,1
https://openalex.org/A5054409111,2016,1
https://openalex.org/A5054414618,2016,1
https://openalex.org/A5054414759,2016,1
https://openalex.org/A5054437456,2016,1
https://openalex.org/A5054537940,2016,1
https://openalex.org/A5054546213,2016,1
https://openalex.org/A5054564565,2016,1
https://openalex.org/A5054612911,2016,1
https://openalex.org/A5054654358,2016,1
https://openalex.org/A5054738049,2016,1
https://openalex.org/A5054745100,2016,1
https://openalex.org/A5054822570,2016,1
https://openalex.org/A5054839048,2016,1
https://openalex.org/A5054861182,2016,1
https://openalex.org/A5054882493,2016,1
https://openalex.org/A5054914861,2016,1
https://openalex.org/A5054999373,2016,1
https://openalex.org/A5055011124,2016,1
https://openalex.org/A5055140766,2016,1
https://openalex.org/A5055155740,2016,1
https://openalex.org/A5055174103,2016,1
https://openalex.org/A5055203561,2016,1
https://openalex.org/A5055221055,2016,1
https://openalex.org/A5055284175,2016,1
https://openalex.org/A5055304545,2016,1
https://openalex.org/A5055326508,2016,1
https://openalex.org/A5055330939,2016,1
https://openalex.org/A5055397774,2016,1
https://openalex.org/A5055409391,2016,1
https://openalex.org/A5055414768,2016,1
https://openalex.org/A5055423112,2016,1
https://openalex.org/A5055441775,2016,1
https://openalex.org/A5055505703,2016,1
https://openalex.org/A5055526431,2016,1
https://openalex.org/A5055551947,2016,1
https://openalex.org/A5055598349,2016,1
https://openalex.org/A5055636804,2016,1
https://openalex.org/A5055661493,2016,1
https://openalex.org/A5055678655,2016,1
https://openalex.org/A5055697525,2016,1
https://openalex.org/A5055731751,2016,1
https://openalex.org/A5055738288,2016,1
https://openalex.org/A5055743352,2016,1
https://openalex.org/A5055812530,2016,1
https://openalex.org/A5055833097,2016,1
https://openalex.org/A5055849526,2016,1
https://openalex.org/A5055864641,2016,1
https://openalex.org/A5055874248,2016,1
https://openalex.org/A5055922843,2016,1
https://openalex.org/A5055945720,2016,1
https://openalex.org/A5055953235,2016,1
https://openalex.org/A5055962379,2016,1
https://openalex.org/A5055964515,2016,1
https://openalex.org/A5055976816,2016,1
https://openalex.org/A5055988260,2016,1
https://openalex.org/A5056042800,2016,1
https://openalex.org/A5056190390,2016,1
https://openalex.org/A5056195210,2016,1
https://openalex.org/A5056199016,2016,1
https://openalex.org/A5056278800,2016,1
https://openalex.org/A5056356161,2016,1
https://openalex.org/A5056410851,2016,1
https://openalex.org/A5056424874,2016,1
https://openalex.org/A5056436767,2016,1
https://openalex.org/A5056451255,2016,1
https://openalex.org/A5056462004,2016,1
https://openalex.org/A5056471397,2016,1
https://openalex.org/A5056549033,2016,1
https://openalex.org/A5056577463,2016,1
https://openalex.org/A5056586161,2016,1
https://openalex.org/A5056622801,2016,1
https://openalex.org/A5056678557,2016,1
https://openalex.org/A5056874223,2016,1
https://openalex.org/A5056912495,2016,1
https://openalex.org/A5056925015,2016,1
https://openalex.org/A5057025128,2016,1
https://openalex.org/A5057042439,2016,1
https://openalex.org/A5057089763,2016,1
https://openalex.org/A5057115188,2016,1
https://openalex.org/A5057179411,2016,1
https://openalex.org/A5057214296,2016,1
https://openalex.org/A5057271863,2016,1
https://openalex.org/A5057277568,2016,1
https://openalex.org/A5057317300,2016,1
https://openalex.org/A5057354860,2016,1
https://openalex.org/A5057408485,2016,1
https://openalex.org/A5057489819,2016,1
https://openalex.org/A5057510792,2016,1
https://openalex.org/A5057526407,2016,1
https://openalex.org/A5057592818,2016,1
https://openalex.org/A5057606993,2016,1
https://openalex.org/A5057616484,2016,1
https://openalex.org/A5057651292,2016,1
https://openalex.org/A5057778679,2016,1
https://openalex.org/A5057803704,2016,1
https://openalex.org/A5057841017,2016,1
https://openalex.org/A5057853630,2016,1
https://openalex.org/A5057900432,2016,1
https://openalex.org/A5057904295,2016,1
https://openalex.org/A5057937692,2016,1
https://openalex.org/A5058054791,2016,1
https://openalex.org/A5058061726,2016,1
https://openalex.org/A5058084433,2016,1
https://openalex.org/A5058109847,2016,1
https://openalex.org/A5058133483,2016,1
https://openalex.org/A5058136205,2016,1
https://openalex.org/A5058140930,2016,1
https://openalex.org/A5058155042,2016,1
https://openalex.org/A5058158588,2016,1
https://openalex.org/A5058160171,2016,1
https://openalex.org/A5058178559,2016,1
https://openalex.org/A5058189297,2016,1
https://openalex.org/A5058199986,2016,1
https://openalex.org/A5058260888,2016,1
https://openalex.org/A5058280062,2016,1
https://openalex.org/A5058289754,2016,1
https://openalex.org/A5058291454,2016,1
https://openalex.org/A5058318737,2016,1
https://openalex.org/A5058353424,2016,1
https://openalex.org/A5058378959,2016,1
https://openalex.org/A5058413908,2016,1
https://openalex.org/A5058425001,2016,1
https://openalex.org/A5058514754,2016,1
https://openalex.org/A5058523747,2016,1
https://openalex.org/A5058530714,2016,1
https://openalex.org/A5058539660,2016,1
https://openalex.org/A5058557768,2016,1
https://openalex.org/A5058667777,2016,1
https://openalex.org/A5058669474,2016,1
https://openalex.org/A5058673990,2016,1
https://openalex.org/A5058698672,2016,1
https://openalex.org/A5058773557,2016,1
https://openalex.org/A5058812829,2016,1
https://openalex.org/A5058839665,2016,1
https://openalex.org/A5058906908,2016,1
https://openalex.org/A5058915769,2016,1
https://openalex.org/A5058970043,2016,1
https://openalex.org/A5058970517,2016,1
https://openalex.org/A5059004658,2016,1
https://openalex.org/A5059088410,2016,1
https://openalex.org/A5059095785,2016,1
https://openalex.org/A5059103390,2016,1
https://openalex.org/A5059125158,2016,1
https://openalex.org/A5059162440,2016,1
https://openalex.org/A5059166926,2016,1
https://openalex.org/A5059185942,2016,1
https://openalex.org/A5059229969,2016,1
https://openalex.org/A5059232859,2016,1
https://openalex.org/A5059262913,2016,1
https://openalex.org/A5059452904,2016,1
https://openalex.org/A5059604503,2016,1
https://openalex.org/A5059607447,2016,1
https://openalex.org/A5059700726,2016,1
https://openalex.org/A5059733728,2016,1
https://openalex.org/A5059740024,2016,1
https://openalex.org/A5059777037,2016,1
https://openalex.org/A5059781117,2016,1
https://openalex.org/A5059781171,2016,1
https://openalex.org/A5059792149,2016,1
https://openalex.org/A5059814300,2016,1
https://openalex.org/A5059818259,2016,1
https://openalex.org/A5059864207,2016,1
https://openalex.org/A5059918828,2016,1
https://openalex.org/A5059985904,2016,1
https://openalex.org/A5060021102,2016,1
https://openalex.org/A5060046440,2016,1
https://openalex.org/A5060065053,2016,1
https://openalex.org/A5060132050,2016,1
https://openalex.org/A5060178871,2016,1
https://openalex.org/A5060180828,2016,1
https://openalex.org/A5060191345,2016,1
https://openalex.org/A5060305629,2016,1
https://openalex.org/A5060306684,2016,1
https://openalex.org/A5060321325,2016,1
https://openalex.org/A5060335747,2016,1
https://openalex.org/A5060338294,2016,1
https://openalex.org/A5060354491,2016,1
https://openalex.org/A5060365277,2016,1
https://openalex.org/A5060375508,2016,1
https://openalex.org/A5060414926,2016,1
https://openalex.org/A5060417258,2016,1
https://openalex.org/A5060424860,2016,1
https://openalex.org/A5060432668,2016,1
https://openalex.org/A5060454956,2016,1
https://openalex.org/A5060476901,2016,1
https://openalex.org/A5060497847,2016,1
https://openalex.org/A5060498599,2016,1
https://openalex.org/A5060580193,2016,1
https://openalex.org/A5060599350,2016,1
https://openalex.org/A5060669124,2016,1
https://openalex.org/A5060691179,2016,1
https://openalex.org/A5060711609,2016,1
https://openalex.org/A5060811800,2016,1
https://openalex.org/A5060827560,2016,1
https://openalex.org/A5060901163,2016,1
https://openalex.org/A5060903460,2016,1
https://openalex.org/A5060913854,2016,1
https://openalex.org/A5060940663,2016,1
https://openalex.org/A5060956732,2016,1
https://openalex.org/A5061017734,2016,1
https://openalex.org/A5061046370,2016,1
https://openalex.org/A5061066447,2016,1
https://openalex.org/A5061070733,2016,1
https://openalex.org/A5061116103,2016,1
https://openalex.org/A5061140470,2016,1
https://openalex.org/A5061217514,2016,1
https://openalex.org/A5061238160,2016,1
https://openalex.org/A5061269668,2016,1
https://openalex.org/A5061296824,2016,1
https://openalex.org/A5061331291,2016,1
https://openalex.org/A5061405685,2016,1
https://openalex.org/A5061465935,2016,1
https://openalex.org/A5061473902,2016,1
https://openalex.org/A5061522940,2016,1
https://openalex.org/A5061525374,2016,1
https://openalex.org/A5061618260,2016,1
https://openalex.org/A5061681120,2016,1
https://openalex.org/A5061681424,2016,1
https://openalex.org/A5061687942,2016,1
https://openalex.org/A5061696740,2016,1
https://openalex.org/A5061700474,2016,1
https://openalex.org/A5061711435,2016,1
https://openalex.org/A5061720937,2016,1
https://openalex.org/A5061729224,2016,1
https://openalex.org/A5061754711,2016,1
https://openalex.org/A5061770659,2016,1
https://openalex.org/A5061838722,2016,1
https://openalex.org/A5061859365,2016,1
https://openalex.org/A5061879369,2016,1
https://openalex.org/A5061986801,2016,1
https://openalex.org/A5061993679,2016,1
https://openalex.org/A5062026103,2016,1
https://openalex.org/A5062029765,2016,1
https://openalex.org/A5062097625,2016,1
https://openalex.org/A5062104077,2016,1
https://openalex.org/A5062188134,2016,1
https://openalex.org/A5062254598,2016,1
https://openalex.org/A5062265005,2016,1
https://openalex.org/A5062284864,2016,1
https://openalex.org/A5062332580,2016,1
https://openalex.org/A5062404663,2016,1
https://openalex.org/A5062424030,2016,1
https://openalex.org/A5062499954,2016,1
https://openalex.org/A5062522462,2016,1
https://openalex.org/A5062620987,2016,1
https://openalex.org/A5062653961,2016,1
https://openalex.org/A5062674186,2016,1
https://openalex.org/A5062689953,2016,1
https://openalex.org/A5062691145,2016,1
https://openalex.org/A5062697535,2016,1
https://openalex.org/A5062724090,2016,1
https://openalex.org/A5062817741,2016,1
https://openalex.org/A5062841020,2016,1
https://openalex.org/A5062847008,2016,1
https://openalex.org/A5062849992,2016,1
https://openalex.org/A5062920290,2016,1
https://openalex.org/A5062946632,2016,1
https://openalex.org/A5063013411,2016,1
https://openalex.org/A5063013970,2016,1
https://openalex.org/A5063025899,2016,1
https://openalex.org/A5063048878,2016,1
https://openalex.org/A5063129465,2016,1
https://openalex.org/A5063145886,2016,1
https://openalex.org/A5063149046,2016,1
https://openalex.org/A5063162788,2016,1
https://openalex.org/A5063206840,2016,1
https://openalex.org/A5063210407,2016,1
https://openalex.org/A5063236753,2016,1
https://openalex.org/A5063254714,2016,1
https://openalex.org/A5063307557,2016,1
https://openalex.org/A5063323293,2016,1
https://openalex.org/A5063326523,2016,1
https://openalex.org/A5063328685,2016,1
https://openalex.org/A5063355236,2016,1
https://openalex.org/A5063357214,2016,1
https://openalex.org/A5063383250,2016,1
https://openalex.org/A5063398043,2016,1
https://openalex.org/A5063437738,2016,1
https://openalex.org/A5063439926,2016,1
https://openalex.org/A5063479535,2016,1
https://openalex.org/A5063516030,2016,1
https://openalex.org/A5063541182,2016,1
https://openalex.org/A5063612469,2016,1
https://openalex.org/A5063636725,2016,1
https://openalex.org/A5063672883,2016,1
https://openalex.org/A5063705074,2016,1
https://openalex.org/A5063758993,2016,1
https://openalex.org/A5063762124,2016,1
https://openalex.org/A5063764685,2016,1
https://openalex.org/A5063891979,2016,1
https://openalex.org/A5063930171,2016,1
https://openalex.org/A5063965796,2016,1
https://openalex.org/A5063979916,2016,1
https://openalex.org/A5064009397,2016,1
https://openalex.org/A5064130897,2016,1
https://openalex.org/A5064169083,2016,1
https://openalex.org/A5064221367,2016,1
https://openalex.org/A5064363522,2016,1
https://openalex.org/A5064373793,2016,1
https://openalex.org/A5064400393,2016,1
https://openalex.org/A5064423490,2016,1
https://openalex.org/A5064459820,2016,1
https://openalex.org/A5064487921,2016,1
https://openalex.org/A5064496195,2016,1
https://openalex.org/A5064564558,2016,1
https://openalex.org/A5064602468,2016,1
https://openalex.org/A5064633247,2016,1
https://openalex.org/A5064664343,2016,1
https://openalex.org/A5064692674,2016,1
https://openalex.org/A5064782634,2016,1
https://openalex.org/A5064802321,2016,1
https://openalex.org/A5064836764,2016,1
https://openalex.org/A5064842786,2016,1
https://openalex.org/A5064890839,2016,1
https://openalex.org/A5064912500,2016,1
https://openalex.org/A5064930345,2016,1
https://openalex.org/A5065006343,2016,1
https://openalex.org/A5065026133,2016,1
https://openalex.org/A5065053376,2016,1
https://openalex.org/A5065066935,2016,1
https://openalex.org/A5065100828,2016,1
https://openalex.org/A5065119978,2016,1
https://openalex.org/A5065160159,2016,1
https://openalex.org/A5065231138,2016,1
https://openalex.org/A5065266390,2016,1
https://openalex.org/A5065281659,2016,1
https://openalex.org/A5065368480,2016,1
https://openalex.org/A5065407374,2016,1
https://openalex.org/A5065548055,2016,1
https://openalex.org/A5065572305,2016,1
https://openalex.org/A5065573652,2016,1
https://openalex.org/A5065576006,2016,1
https://openalex.org/A5065597662,2016,1
https://openalex.org/A5065656858,2016,1
https://openalex.org/A5065688112,2016,1
https://openalex.org/A5065728469,2016,1
https://openalex.org/A5065777975,2016,1
https://openalex.org/A5065891142,2016,1
https://openalex.org/A5065907624,2016,1
https://openalex.org/A5065977211,2016,1
https://openalex.org/A5066039585,2016,1
https://openalex.org/A5066067863,2016,1
https://openalex.org/A5066072860,2016,1
https://openalex.org/A5066162138,2016,1
https://openalex.org/A5066195916,2016,1
https://openalex.org/A5066252215,2016,1
https://openalex.org/A5066258634,2016,1
https://openalex.org/A5066259370,2016,1
https://openalex.org/A5066276832,2016,1
https://openalex.org/A5066278103,2016,1
https://openalex.org/A5066299631,2016,1
https://openalex.org/A5066304301,2016,1
https://openalex.org/A5066411150,2016,1
https://openalex.org/A5066451569,2016,1
https://openalex.org/A5066456246,2016,1
https://openalex.org/A5066486693,2016,1
https://openalex.org/A5066509500,2016,1
https://openalex.org/A5066588418,2016,1
https://openalex.org/A5066594047,2016,1
https://openalex.org/A5066648354,2016,1
https://openalex.org/A5066659211,2016,1
https://openalex.org/A5066671649,2016,1
https://openalex.org/A5066709641,2016,1
https://openalex.org/A5066721731,2016,1
https://openalex.org/A5066728260,2016,1
https://openalex.org/A5066739954,2016,1
https://openalex.org/A5066779431,2016,1
https://openalex.org/A5066833672,2016,1
https://openalex.org/A5066899205,2016,1
https://openalex.org/A5066940046,2016,1
https://openalex.org/A5067011222,2016,1
https://openalex.org/A5067127999,2016,1
https://openalex.org/A5067150602,2016,1
https://openalex.org/A5067164546,2016,1
https://openalex.org/A5067170444,2016,1
https://openalex.org/A5067193315,2016,1
https://openalex.org/A5067206023,2016,1
https://openalex.org/A5067280360,2016,1
https://openalex.org/A5067358093,2016,1
https://openalex.org/A5067368513,2016,1
https://openalex.org/A5067371515,2016,1
https://openalex.org/A5067417451,2016,1
https://openalex.org/A5067427868,2016,1
https://openalex.org/A5067483843,2016,1
https://openalex.org/A5067487326,2016,1
https://openalex.org/A5067534025,2016,1
https://openalex.org/A5067556276,2016,1
https://openalex.org/A5067559937,2016,1
https://openalex.org/A5067592440,2016,1
https://openalex.org/A5067665101,2016,1
https://openalex.org/A5067671338,2016,1
https://openalex.org/A5067731189,2016,1
https://openalex.org/A5067824673,2016,1
https://openalex.org/A5068001656,2016,1
https://openalex.org/A5068067022,2016,1
https://openalex.org/A5068183040,2016,1
https://openalex.org/A5068185287,2016,1
https://openalex.org/A5068243197,2016,1
https://openalex.org/A5068244978,2016,1
https://openalex.org/A5068271733,2016,1
https://openalex.org/A5068316606,2016,1
https://openalex.org/A5068381864,2016,1
https://openalex.org/A5068382741,2016,1
https://openalex.org/A5068389832,2016,1
https://openalex.org/A5068438716,2016,1
https://openalex.org/A5068456323,2016,1
https://openalex.org/A5068464914,2016,1
https://openalex.org/A5068468882,2016,1
https://openalex.org/A5068495501,2016,1
https://openalex.org/A5068546548,2016,1
https://openalex.org/A5068550413,2016,1
https://openalex.org/A5068559249,2016,1
https://openalex.org/A5068604686,2016,1
https://openalex.org/A5068619130,2016,1
https://openalex.org/A5068645688,2016,1
https://openalex.org/A5068665347,2016,1
https://openalex.org/A5068668916,2016,1
https://openalex.org/A5068708594,2016,1
https://openalex.org/A5068709817,2016,1
https://openalex.org/A5068796821,2016,1
https://openalex.org/A5068803496,2016,1
https://openalex.org/A5068808729,2016,1
https://openalex.org/A5068830343,2016,1
https://openalex.org/A5068871701,2016,1
https://openalex.org/A5068908845,2016,1
https://openalex.org/A5068948322,2016,1
https://openalex.org/A5069001791,2016,1
https://openalex.org/A5069074343,2016,1
https://openalex.org/A5069079602,2016,1
https://openalex.org/A5069091337,2016,1
https://openalex.org/A5069096588,2016,1
https://openalex.org/A5069109019,2016,1
https://openalex.org/A5069110696,2016,1
https://openalex.org/A5069183549,2016,1
https://openalex.org/A5069190543,2016,1
https://openalex.org/A5069203512,2016,1
https://openalex.org/A5069205505,2016,1
https://openalex.org/A5069228908,2016,1
https://openalex.org/A5069240871,2016,1
https://openalex.org/A5069264793,2016,1
https://openalex.org/A5069278632,2016,1
https://openalex.org/A5069310600,2016,1
https://openalex.org/A5069313389,2016,1
https://openalex.org/A5069314219,2016,1
https://openalex.org/A5069316249,2016,1
https://openalex.org/A5069393574,2016,1
https://openalex.org/A5069446643,2016,1
https://openalex.org/A5069485824,2016,1
https://openalex.org/A5069487278,2016,1
https://openalex.org/A5069489799,2016,1
https://openalex.org/A5069597183,2016,1
https://openalex.org/A5069650618,2016,1
https://openalex.org/A5069653622,2016,1
https://openalex.org/A5069675985,2016,1
https://openalex.org/A5069688746,2016,1
https://openalex.org/A5069698101,2016,1
https://openalex.org/A5069704585,2016,1
https://openalex.org/A5069704873,2016,1
https://openalex.org/A5069778766,2016,1
https://openalex.org/A5069922029,2016,1
https://openalex.org/A5069962105,2016,1
https://openalex.org/A5069963995,2016,1
https://openalex.org/A5070046659,2016,1
https://openalex.org/A5070059389,2016,1
https://openalex.org/A5070071628,2016,1
https://openalex.org/A5070082035,2016,1
https://openalex.org/A5070110789,2016,1
https://openalex.org/A5070112807,2016,1
https://openalex.org/A5070125884,2016,1
https://openalex.org/A5070165028,2016,1
https://openalex.org/A5070201334,2016,1
https://openalex.org/A5070222190,2016,1
https://openalex.org/A5070250768,2016,1
https://openalex.org/A5070259643,2016,1
https://openalex.org/A5070354465,2016,1
https://openalex.org/A5070354721,2016,1
https://openalex.org/A5070489711,2016,1
https://openalex.org/A5070492114,2016,1
https://openalex.org/A5070542367,2016,1
https://openalex.org/A5070550428,2016,1
https://openalex.org/A5070563684,2016,1
https://openalex.org/A5070579330,2016,1
https://openalex.org/A5070584981,2016,1
https://openalex.org/A5070604109,2016,1
https://openalex.org/A5070623143,2016,1
https://openalex.org/A5070665912,2016,1
https://openalex.org/A5070670810,2016,1
https://openalex.org/A5070705033,2016,1
https://openalex.org/A5070731184,2016,1
https://openalex.org/A5070783395,2016,1
https://openalex.org/A5070784701,2016,1
https://openalex.org/A5070786484,2016,1
https://openalex.org/A5070802519,2016,1
https://openalex.org/A5070805897,2016,1
https://openalex.org/A5070840566,2016,1
https://openalex.org/A5070855105,2016,1
https://openalex.org/A5070913049,2016,1
https://openalex.org/A5070941128,2016,1
https://openalex.org/A5070952823,2016,1
https://openalex.org/A5070976480,2016,1
https://openalex.org/A5071026704,2016,1
https://openalex.org/A5071033380,2016,1
https://openalex.org/A5071093678,2016,1
https://openalex.org/A5071118987,2016,1
https://openalex.org/A5071144367,2016,1
https://openalex.org/A5071168434,2016,1
https://openalex.org/A5071181711,2016,1
https://openalex.org/A5071210334,2016,1
https://openalex.org/A5071291514,2016,1
https://openalex.org/A5071325330,2016,1
https://openalex.org/A5071340288,2016,1
https://openalex.org/A5071346206,2016,1
https://openalex.org/A5071373955,2016,1
https://openalex.org/A5071386001,2016,1
https://openalex.org/A5071419646,2016,1
https://openalex.org/A5071455286,2016,1
https://openalex.org/A5071500676,2016,1
https://openalex.org/A5071534235,2016,1
https://openalex.org/A5071546743,2016,1
https://openalex.org/A5071640510,2016,1
https://openalex.org/A5071715737,2016,1
https://openalex.org/A5071740726,2016,1
https://openalex.org/A5071757001,2016,1
https://openalex.org/A5071866612,2016,1
https://openalex.org/A5071893378,2016,1
https://openalex.org/A5071902327,2016,1
https://openalex.org/A5071922620,2016,1
https://openalex.org/A5071928559,2016,1
https://openalex.org/A5071931582,2016,1
https://openalex.org/A5072017302,2016,1
https://openalex.org/A5072032804,2016,1
https://openalex.org/A5072087471,2016,1
https://openalex.org/A5072108380,2016,1
https://openalex.org/A5072234491,2016,1
https://openalex.org/A5072235316,2016,1
https://openalex.org/A5072270816,2016,1
https://openalex.org/A5072272257,2016,1
https://openalex.org/A5072274879,2016,1
https://openalex.org/A5072322524,2016,1
https://openalex.org/A5072420270,2016,1
https://openalex.org/A5072453296,2016,1
https://openalex.org/A5072482402,2016,1
https://openalex.org/A5072516124,2016,1
https://openalex.org/A5072541586,2016,1
https://openalex.org/A5072648154,2016,1
https://openalex.org/A5072657678,2016,1
https://openalex.org/A5072669943,2016,1
https://openalex.org/A5072714962,2016,1
https://openalex.org/A5072801488,2016,1
https://openalex.org/A5072808499,2016,1
https://openalex.org/A5072865430,2016,1
https://openalex.org/A5072882318,2016,1
https://openalex.org/A5072893504,2016,1
https://openalex.org/A5072901873,2016,1
https://openalex.org/A5072932051,2016,1
https://openalex.org/A5072973548,2016,1
https://openalex.org/A5072995064,2016,1
https://openalex.org/A5073018001,2016,1
https://openalex.org/A5073036184,2016,1
https://openalex.org/A5073046122,2016,1
https://openalex.org/A5073048536,2016,1
https://openalex.org/A5073068261,2016,1
https://openalex.org/A5073075762,2016,1
https://openalex.org/A5073099904,2016,1
https://openalex.org/A5073110676,2016,1
https://openalex.org/A5073129092,2016,1
https://openalex.org/A5073200513,2016,1
https://openalex.org/A5073205003,2016,1
https://openalex.org/A5073263477,2016,1
https://openalex.org/A5073264631,2016,1
https://openalex.org/A5073287748,2016,1
https://openalex.org/A5073291285,2016,1
https://openalex.org/A5073299969,2016,1
https://openalex.org/A5073381909,2016,1
https://openalex.org/A5073446340,2016,1
https://openalex.org/A5073456486,2016,1
https://openalex.org/A5073502039,2016,1
https://openalex.org/A5073572923,2016,1
https://openalex.org/A5073581900,2016,1
https://openalex.org/A5073583396,2016,1
https://openalex.org/A5073599999,2016,1
https://openalex.org/A5073600541,2016,1
https://openalex.org/A5073601646,2016,1
https://openalex.org/A5073652996,2016,1
https://openalex.org/A5073681676,2016,1
https://openalex.org/A5073705151,2016,1
https://openalex.org/A5073709711,2016,1
https://openalex.org/A5073713636,2016,1
https://openalex.org/A5073785112,2016,1
https://openalex.org/A5073890256,2016,1
https://openalex.org/A5073907846,2016,1
https://openalex.org/A5073945927,2016,1
https://openalex.org/A5073954033,2016,1
https://openalex.org/A5073970832,2016,1
https://openalex.org/A5073976219,2016,1
https://openalex.org/A5073977028,2016,1
https://openalex.org/A5073981884,2016,1
https://openalex.org/A5073998510,2016,1
https://openalex.org/A5074035551,2016,1
https://openalex.org/A5074131748,2016,1
https://openalex.org/A5074242034,2016,1
https://openalex.org/A5074248112,2016,1
https://openalex.org/A5074249721,2016,1
https://openalex.org/A5074253710,2016,1
https://openalex.org/A5074280948,2016,1
https://openalex.org/A5074288533,2016,1
https://openalex.org/A5074301645,2016,1
https://openalex.org/A5074353158,2016,1
https://openalex.org/A5074376409,2016,1
https://openalex.org/A5074386604,2016,1
https://openalex.org/A5074423925,2016,1
https://openalex.org/A5074434132,2016,1
https://openalex.org/A5074463808,2016,1
https://openalex.org/A5074549935,2016,1
https://openalex.org/A5074794877,2016,1
https://openalex.org/A5074823373,2016,1
https://openalex.org/A5074849139,2016,1
https://openalex.org/A5075016331,2016,1
https://openalex.org/A5075050346,2016,1
https://openalex.org/A5075056899,2016,1
https://openalex.org/A5075057974,2016,1
https://openalex.org/A5075075434,2016,1
https://openalex.org/A5075147093,2016,1
https://openalex.org/A5075161910,2016,1
https://openalex.org/A5075204773,2016,1
https://openalex.org/A5075214995,2016,1
https://openalex.org/A5075267183,2016,1
https://openalex.org/A5075292558,2016,1
https://openalex.org/A5075295949,2016,1
https://openalex.org/A5075310174,2016,1
https://openalex.org/A5075323166,2016,1
https://openalex.org/A5075351897,2016,1
https://openalex.org/A5075360465,2016,1
https://openalex.org/A5075377647,2016,1
https://openalex.org/A5075412755,2016,1
https://openalex.org/A5075449178,2016,1
https://openalex.org/A5075497720,2016,1
https://openalex.org/A5075501154,2016,1
https://openalex.org/A5075502516,2016,1
https://openalex.org/A5075709311,2016,1
https://openalex.org/A5075743032,2016,1
https://openalex.org/A5075772312,2016,1
https://openalex.org/A5075774356,2016,1
https://openalex.org/A5075781293,2016,1
https://openalex.org/A5075795186,2016,1
https://openalex.org/A5075805948,2016,1
https://openalex.org/A5075825791,2016,1
https://openalex.org/A5075849780,2016,1
https://openalex.org/A5075858701,2016,1
https://openalex.org/A5075908315,2016,1
https://openalex.org/A5075922779,2016,1
https://openalex.org/A5075925664,2016,1
https://openalex.org/A5075992950,2016,1
https://openalex.org/A5076009426,2016,1
https://openalex.org/A5076013115,2016,1
https://openalex.org/A5076033734,2016,1
https://openalex.org/A5076092831,2016,1
https://openalex.org/A5076340798,2016,1
https://openalex.org/A5076418776,2016,1
https://openalex.org/A5076439457,2016,1
https://openalex.org/A5076453358,2016,1
https://openalex.org/A5076520272,2016,1
https://openalex.org/A5076524203,2016,1
https://openalex.org/A5076543472,2016,1
https://openalex.org/A5076587279,2016,1
https://openalex.org/A5076610826,2016,1
https://openalex.org/A5076683869,2016,1
https://openalex.org/A5076797601,2016,1
https://openalex.org/A5076818344,2016,1
https://openalex.org/A5076873402,2016,1
https://openalex.org/A5076901058,2016,1
https://openalex.org/A5076924304,2016,1
https://openalex.org/A5076932466,2016,1
https://openalex.org/A5076987947,2016,1
https://openalex.org/A5077016111,2016,1
https://openalex.org/A5077020264,2016,1
https://openalex.org/A5077067779,2016,1
https://openalex.org/A5077074739,2016,1
https://openalex.org/A5077145798,2016,1
https://openalex.org/A5077241821,2016,1
https://openalex.org/A5077258803,2016,1
https://openalex.org/A5077284122,2016,1
https://openalex.org/A5077302579,2016,1
https://openalex.org/A5077351640,2016,1
https://openalex.org/A5077358468,2016,1
https://openalex.org/A5077362985,2016,1
https://openalex.org/A5077373031,2016,1
https://openalex.org/A5077392695,2016,1
https://openalex.org/A5077413102,2016,1
https://openalex.org/A5077472667,2016,1
https://openalex.org/A5077490455,2016,1
https://openalex.org/A5077507065,2016,1
https://openalex.org/A5077509916,2016,1
https://openalex.org/A5077518751,2016,1
https://openalex.org/A5077551097,2016,1
https://openalex.org/A5077552169,2016,1
https://openalex.org/A5077591342,2016,1
https://openalex.org/A5077640348,2016,1
https://openalex.org/A5077668438,2016,1
https://openalex.org/A5077670684,2016,1
https://openalex.org/A5077676287,2016,1
https://openalex.org/A5077681143,2016,1
https://openalex.org/A5077797776,2016,1
https://openalex.org/A5077818759,2016,1
https://openalex.org/A5077831557,2016,1
https://openalex.org/A5077844355,2016,1
https://openalex.org/A5077851400,2016,1
https://openalex.org/A5077854349,2016,1
https://openalex.org/A5077935095,2016,1
https://openalex.org/A5078086577,2016,1
https://openalex.org/A5078106921,2016,1
https://openalex.org/A5078135859,2016,1
https://openalex.org/A5078141810,2016,1
https://openalex.org/A5078179016,2016,1
https://openalex.org/A5078189926,2016,1
https://openalex.org/A5078288274,2016,1
https://openalex.org/A5078328333,2016,1
https://openalex.org/A5078345967,2016,1
https://openalex.org/A5078377777,2016,1
https://openalex.org/A5078412860,2016,1
https://openalex.org/A5078457724,2016,1
https://openalex.org/A5078485902,2016,1
https://openalex.org/A5078496681,2016,1
https://openalex.org/A5078518595,2016,1
https://openalex.org/A5078539725,2016,1
https://openalex.org/A5078586452,2016,1
https://openalex.org/A5078658680,2016,1
https://openalex.org/A5078678331,2016,1
https://openalex.org/A5078738955,2016,1
https://openalex.org/A5078812204,2016,1
https://openalex.org/A5078946917,2016,1
https://openalex.org/A5078990130,2016,1
https://openalex.org/A5079130579,2016,1
https://openalex.org/A5079141778,2016,1
https://openalex.org/A5079162835,2016,1
https://openalex.org/A5079213628,2016,1
https://openalex.org/A5079253110,2016,1
https://openalex.org/A5079261632,2016,1
https://openalex.org/A5079293522,2016,1
https://openalex.org/A5079301210,2016,1
https://openalex.org/A5079305372,2016,1
https://openalex.org/A5079315903,2016,1
https://openalex.org/A5079324849,2016,1
https://openalex.org/A5079343876,2016,1
https://openalex.org/A5079362609,2016,1
https://openalex.org/A5079362815,2016,1
https://openalex.org/A5079422366,2016,1
https://openalex.org/A5079448044,2016,1
https://openalex.org/A5079484074,2016,1
https://openalex.org/A5079489298,2016,1
https://openalex.org/A5079534999,2016,1
https://openalex.org/A5079564314,2016,1
https://openalex.org/A5079616850,2016,1
https://openalex.org/A5079641793,2016,1
https://openalex.org/A5079643523,2016,1
https://openalex.org/A5079710814,2016,1
https://openalex.org/A5079736019,2016,1
https://openalex.org/A5079745325,2016,1
https://openalex.org/A5079759741,2016,1
https://openalex.org/A5079833242,2016,1
https://openalex.org/A5079852457,2016,1
https://openalex.org/A5079904889,2016,1
https://openalex.org/A5079969774,2016,1
https://openalex.org/A5079991004,2016,1
https://openalex.org/A5079993367,2016,1
https://openalex.org/A5080038836,2016,1
https://openalex.org/A5080045284,2016,1
https://openalex.org/A5080070181,2016,1
https://openalex.org/A5080078720,2016,1
https://openalex.org/A5080107216,2016,1
https://openalex.org/A5080133323,2016,1
https://openalex.org/A5080170083,2016,1
https://openalex.org/A5080170293,2016,1
https://openalex.org/A5080176294,2016,1
https://openalex.org/A5080203059,2016,1
https://openalex.org/A5080228850,2016,1
https://openalex.org/A5080237714,2016,1
https://openalex.org/A5080263475,2016,1
https://openalex.org/A5080330536,2016,1
https://openalex.org/A5080476548,2016,1
https://openalex.org/A5080484799,2016,1
https://openalex.org/A5080544452,2016,1
https://openalex.org/A5080618763,2016,1
https://openalex.org/A5080711681,2016,1
https://openalex.org/A5080770118,2016,1
https://openalex.org/A5080800965,2016,1
https://openalex.org/A5080802160,2016,1
https://openalex.org/A5080806852,2016,1
https://openalex.org/A5080868995,2016,1
https://openalex.org/A5080884307,2016,1
https://openalex.org/A5080899053,2016,1
https://openalex.org/A5080920610,2016,1
https://openalex.org/A5080928237,2016,1
https://openalex.org/A5080940147,2016,1
https://openalex.org/A5080946697,2016,1
https://openalex.org/A5081003438,2016,1
https://openalex.org/A5081037761,2016,1
https://openalex.org/A5081045402,2016,1
https://openalex.org/A5081097451,2016,1
https://openalex.org/A5081106100,2016,1
https://openalex.org/A5081107954,2016,1
https://openalex.org/A5081110877,2016,1
https://openalex.org/A5081114810,2016,1
https://openalex.org/A5081124990,2016,1
https://openalex.org/A5081220276,2016,1
https://openalex.org/A5081295860,2016,1
https://openalex.org/A5081302937,2016,1
https://openalex.org/A5081303849,2016,1
https://openalex.org/A5081412949,2016,1
https://openalex.org/A5081425138,2016,1
https://openalex.org/A5081452934,2016,1
https://openalex.org/A5081484700,2016,1
https://openalex.org/A5081485810,2016,1
https://openalex.org/A5081503523,2016,1
https://openalex.org/A5081506611,2016,1
https://openalex.org/A5081648782,2016,1
https://openalex.org/A5081662880,2016,1
https://openalex.org/A5081715147,2016,1
https://openalex.org/A5081811101,2016,1
https://openalex.org/A5081831577,2016,1
https://openalex.org/A5081831578,2016,1
https://openalex.org/A5081852018,2016,1
https://openalex.org/A5081855278,2016,1
https://openalex.org/A5081863591,2016,1
https://openalex.org/A5081869198,2016,1
https://openalex.org/A5081879366,2016,1
https://openalex.org/A5081928534,2016,1
https://openalex.org/A5081956148,2016,1
https://openalex.org/A5081988530,2016,1
https://openalex.org/A5082041657,2016,1
https://openalex.org/A5082067789,2016,1
https://openalex.org/A5082102505,2016,1
https://openalex.org/A5082113176,2016,1
https://openalex.org/A5082235051,2016,1
https://openalex.org/A5082236288,2016,1
https://openalex.org/A5082238675,2016,1
https://openalex.org/A5082298733,2016,1
https://openalex.org/A5082313025,2016,1
https://openalex.org/A5082389304,2016,1
https://openalex.org/A5082399168,2016,1
https://openalex.org/A5082447472,2016,1
https://openalex.org/A5082455911,2016,1
https://openalex.org/A5082462498,2016,1
https://openalex.org/A5082493786,2016,1
https://openalex.org/A5082520166,2016,1
https://openalex.org/A5082520918,2016,1
https://openalex.org/A5082578225,2016,1
https://openalex.org/A5082608814,2016,1
https://openalex.org/A5082672340,2016,1
https://openalex.org/A5082708331,2016,1
https://openalex.org/A5082718586,2016,1
https://openalex.org/A5082736347,2016,1
https://openalex.org/A5082748727,2016,1
https://openalex.org/A5082786719,2016,1
https://openalex.org/A5082965377,2016,1
https://openalex.org/A5082980284,2016,1
https://openalex.org/A5082984744,2016,1
https://openalex.org/A5083016682,2016,1
https://openalex.org/A5083054357,2016,1
https://openalex.org/A5083105856,2016,1
https://openalex.org/A5083129140,2016,1
https://openalex.org/A5083133653,2016,1
https://openalex.org/A5083156042,2016,1
https://openalex.org/A5083212211,2016,1
https://openalex.org/A5083303772,2016,1
https://openalex.org/A5083307694,2016,1
https://openalex.org/A5083320164,2016,1
https://openalex.org/A5083413381,2016,1
https://openalex.org/A5083429144,2016,1
https://openalex.org/A5083450863,2016,1
https://openalex.org/A5083561499,2016,1
https://openalex.org/A5083588442,2016,1
https://openalex.org/A5083632408,2016,1
https://openalex.org/A5083655399,2016,1
https://openalex.org/A5083670052,2016,1
https://openalex.org/A5083686712,2016,1
https://openalex.org/A5083715162,2016,1
https://openalex.org/A5083787469,2016,1
https://openalex.org/A5083822059,2016,1
https://openalex.org/A5083905450,2016,1
https://openalex.org/A5083922034,2016,1
https://openalex.org/A5083931360,2016,1
https://openalex.org/A5083931442,2016,1
https://openalex.org/A5083939361,2016,1
https://openalex.org/A5083939413,2016,1
https://openalex.org/A5083939803,2016,1
https://openalex.org/A5083960164,2016,1
https://openalex.org/A5083985084,2016,1
https://openalex.org/A5084054570,2016,1
https://openalex.org/A5084062018,2016,1
https://openalex.org/A5084070624,2016,1
https://openalex.org/A5084074039,2016,1
https://openalex.org/A5084109586,2016,1
https://openalex.org/A5084132585,2016,1
https://openalex.org/A5084202655,2016,1
https://openalex.org/A5084210985,2016,1
https://openalex.org/A5084274787,2016,1
https://openalex.org/A5084325273,2016,1
https://openalex.org/A5084360449,2016,1
https://openalex.org/A5084367389,2016,1
https://openalex.org/A5084390487,2016,1
https://openalex.org/A5084392088,2016,1
https://openalex.org/A5084415556,2016,1
https://openalex.org/A5084415954,2016,1
https://openalex.org/A5084419988,2016,1
https://openalex.org/A5084421403,2016,1
https://openalex.org/A5084431909,2016,1
https://openalex.org/A5084459196,2016,1
https://openalex.org/A5084484677,2016,1
https://openalex.org/A5084499878,2016,1
https://openalex.org/A5084502043,2016,1
https://openalex.org/A5084517393,2016,1
https://openalex.org/A5084521370,2016,1
https://openalex.org/A5084549289,2016,1
https://openalex.org/A5084600169,2016,1
https://openalex.org/A5084601239,2016,1
https://openalex.org/A5084677777,2016,1
https://openalex.org/A5084679040,2016,1
https://openalex.org/A5084797494,2016,1
https://openalex.org/A5084843622,2016,1
https://openalex.org/A5084892128,2016,1
https://openalex.org/A5084897748,2016,1
https://openalex.org/A5084902568,2016,1
https://openalex.org/A5084917884,2016,1
https://openalex.org/A5084928308,2016,1
https://openalex.org/A5085001581,2016,1
https://openalex.org/A5085008949,2016,1
https://openalex.org/A5085050428,2016,1
https://openalex.org/A5085119673,2016,1
https://openalex.org/A5085140523,2016,1
https://openalex.org/A5085146828,2016,1
https://openalex.org/A5085170922,2016,1
https://openalex.org/A5085206176,2016,1
https://openalex.org/A5085223938,2016,1
https://openalex.org/A5085235894,2016,1
https://openalex.org/A5085248097,2016,1
https://openalex.org/A5085255595,2016,1
https://openalex.org/A5085286161,2016,1
https://openalex.org/A5085287370,2016,1
https://openalex.org/A5085361264,2016,1
https://openalex.org/A5085370896,2016,1
https://openalex.org/A5085403640,2016,1
https://openalex.org/A5085489925,2016,1
https://openalex.org/A5085564113,2016,1
https://openalex.org/A5085654097,2016,1
https://openalex.org/A5085657385,2016,1
https://openalex.org/A5085660035,2016,1
https://openalex.org/A5085676325,2016,1
https://openalex.org/A5085725521,2016,1
https://openalex.org/A5085768253,2016,1
https://openalex.org/A5085787384,2016,1
https://openalex.org/A5085796013,2016,1
https://openalex.org/A5085913405,2016,1
https://openalex.org/A5086002047,2016,1
https://openalex.org/A5086013526,2016,1
https://openalex.org/A5086046995,2016,1
https://openalex.org/A5086092571,2016,1
https://openalex.org/A5086280684,2016,1
https://openalex.org/A5086288842,2016,1
https://openalex.org/A5086306037,2016,1
https://openalex.org/A5086310146,2016,1
https://openalex.org/A5086314944,2016,1
https://openalex.org/A5086363579,2016,1
https://openalex.org/A5086390110,2016,1
https://openalex.org/A5086436250,2016,1
https://openalex.org/A5086499811,2016,1
https://openalex.org/A5086524943,2016,1
https://openalex.org/A5086576465,2016,1
https://openalex.org/A5086583247,2016,1
https://openalex.org/A5086605166,2016,1
https://openalex.org/A5086634271,2016,1
https://openalex.org/A5086700092,2016,1
https://openalex.org/A5086717154,2016,1
https://openalex.org/A5086776097,2016,1
https://openalex.org/A5086776932,2016,1
https://openalex.org/A5086777036,2016,1
https://openalex.org/A5086797461,2016,1
https://openalex.org/A5086801305,2016,1
https://openalex.org/A5086805770,2016,1
https://openalex.org/A5086817031,2016,1
https://openalex.org/A5086834875,2016,1
https://openalex.org/A5086852785,2016,1
https://openalex.org/A5086870826,2016,1
https://openalex.org/A5086878243,2016,1
https://openalex.org/A5086888226,2016,1
https://openalex.org/A5086993787,2016,1
https://openalex.org/A5087003217,2016,1
https://openalex.org/A5087017723,2016,1
https://openalex.org/A5087081747,2016,1
https://openalex.org/A5087095414,2016,1
https://openalex.org/A5087157756,2016,1
https://openalex.org/A5087159264,2016,1
https://openalex.org/A5087166395,2016,1
https://openalex.org/A5087311479,2016,1
https://openalex.org/A5087323271,2016,1
https://openalex.org/A5087349839,2016,1
https://openalex.org/A5087435726,2016,1
https://openalex.org/A5087554069,2016,1
https://openalex.org/A5087587226,2016,1
https://openalex.org/A5087608956,2016,1
https://openalex.org/A5087671181,2016,1
https://openalex.org/A5087680844,2016,1
https://openalex.org/A5087754464,2016,1
https://openalex.org/A5087834522,2016,1
https://openalex.org/A5087918756,2016,1
https://openalex.org/A5087929300,2016,1
https://openalex.org/A5087940849,2016,1
https://openalex.org/A5087941479,2016,1
https://openalex.org/A5088040544,2016,1
https://openalex.org/A5088043445,2016,1
https://openalex.org/A5088046752,2016,1
https://openalex.org/A5088053750,2016,1
https://openalex.org/A5088134995,2016,1
https://openalex.org/A5088214859,2016,1
https://openalex.org/A5088237154,2016,1
https://openalex.org/A5088276691,2016,1
https://openalex.org/A5088354973,2016,1
https://openalex.org/A5088421368,2016,1
https://openalex.org/A5088502688,2016,1
https://openalex.org/A5088519536,2016,1
https://openalex.org/A5088520749,2016,1
https://openalex.org/A5088526065,2016,1
https://openalex.org/A5088527072,2016,1
https://openalex.org/A5088530567,2016,1
https://openalex.org/A5088548970,2016,1
https://openalex.org/A5088601720,2016,1
https://openalex.org/A5088686845,2016,1
https://openalex.org/A5088709625,2016,1
https://openalex.org/A5088812138,2016,1
https://openalex.org/A5088891574,2016,1
https://openalex.org/A5088968292,2016,1
https://openalex.org/A5088987947,2016,1
https://openalex.org/A5089025622,2016,1
https://openalex.org/A5089062751,2016,1
https://openalex.org/A5089099115,2016,1
https://openalex.org/A5089123255,2016,1
https://openalex.org/A5089155400,2016,1
https://openalex.org/A5089177849,2016,1
https://openalex.org/A5089182977,2016,1
https://openalex.org/A5089205977,2016,1
https://openalex.org/A5089228257,2016,1
https://openalex.org/A5089252751,2016,1
https://openalex.org/A5089259379,2016,1
https://openalex.org/A5089321122,2016,1
https://openalex.org/A5089348577,2016,1
https://openalex.org/A5089354259,2016,1
https://openalex.org/A5089382306,2016,1
https://openalex.org/A5089388923,2016,1
https://openalex.org/A5089402840,2016,1
https://openalex.org/A5089409089,2016,1
https://openalex.org/A5089415088,2016,1
https://openalex.org/A5089421006,2016,1
https://openalex.org/A5089434760,2016,1
https://openalex.org/A5089464212,2016,1
https://openalex.org/A5089483589,2016,1
https://openalex.org/A5089548776,2016,1
https://openalex.org/A5089631063,2016,1
https://openalex.org/A5089644396,2016,1
https://openalex.org/A5089659764,2016,1
https://openalex.org/A5089690918,2016,1
https://openalex.org/A5089768100,2016,1
https://openalex.org/A5089850362,2016,1
https://openalex.org/A5089862531,2016,1
https://openalex.org/A5089868389,2016,1
https://openalex.org/A5089920887,2016,1
https://openalex.org/A5089990642,2016,1
https://openalex.org/A5090003321,2016,1
https://openalex.org/A5090026131,2016,1
https://openalex.org/A5090080540,2016,1
https://openalex.org/A5090099386,2016,1
https://openalex.org/A5090157508,2016,1
https://openalex.org/A5090159169,2016,1
https://openalex.org/A5090169994,2016,1
https://openalex.org/A5090216201,2016,1
https://openalex.org/A5090225087,2016,1
https://openalex.org/A5090335151,2016,1
https://openalex.org/A5090337019,2016,1
https://openalex.org/A5090419459,2016,1
https://openalex.org/A5090422129,2016,1
https://openalex.org/A5090435705,2016,1
https://openalex.org/A5090469068,2016,1
https://openalex.org/A5090471260,2016,1
https://openalex.org/A5090529154,2016,1
https://openalex.org/A5090575298,2016,1
https://openalex.org/A5090623668,2016,1
https://openalex.org/A5090638954,2016,1
https://openalex.org/A5090668921,2016,1
https://openalex.org/A5090694771,2016,1
https://openalex.org/A5090720315,2016,1
https://openalex.org/A5090723151,2016,1
https://openalex.org/A5090750283,2016,1
https://openalex.org/A5090767252,2016,1
https://openalex.org/A5090815839,2016,1
https://openalex.org/A5090831580,2016,1
https://openalex.org/A5090844403,2016,1
https://openalex.org/A5090859552,2016,1
https://openalex.org/A5090860825,2016,1
https://openalex.org/A5090915407,2016,1
https://openalex.org/A5090936657,2016,1
https://openalex.org/A5090992000,2016,1
https://openalex.org/A5090992514,2016,1
https://openalex.org/A5091016157,2016,1
https://openalex.org/A5091066995,2016,1
https://openalex.org/A5091069084,2016,1
https://openalex.org/A5091099837,2016,1
https://openalex.org/A5091112967,2016,1
https://openalex.org/A5091176226,2016,1
https://openalex.org/A5091232316,2016,1
https://openalex.org/A5091296634,2016,1
https://openalex.org/A5091366774,2016,1
https://openalex.org/A5091387733,2016,1
https://openalex.org/A5091404551,2016,1
https://openalex.org/A5091420288,2016,1
https://openalex.org/A5091438057,2016,1
https://openalex.org/A5091466022,2016,1
https://openalex.org/A5091491808,2016,1
https://openalex.org/A5091494397,2016,1
https://openalex.org/A5091505088,2016,1
https://openalex.org/A5091524772,2016,1
https://openalex.org/A5091532722,2016,1
https://openalex.org/A5091587552,2016,1
https://openalex.org/A5091647227,2016,1
https://openalex.org/A5091658256,2016,1
https://openalex.org/A5091726026,2016,1
https://openalex.org/A5091777375,2016,1
https://openalex.org/A5091890483,2016,1
https://openalex.org/A5091906912,2016,1
https://openalex.org/A5091910991,2016,1
https://openalex.org/A5097015676,2016,1
https://openalex.org/A5097437270,2016,1
https://openalex.org/A5097543262,2016,1
https://openalex.org/A5097904886,2016,1
https://openalex.org/A5097995726,2016,1
https://openalex.org/A5097995727,2016,1
https://openalex.org/A5098147265,2016,1
https://openalex.org/A5098228328,2016,1
https://openalex.org/A5098294419,2016,1
https://openalex.org/A5098552756,2016,1
https://openalex.org/A5098939895,2016,1
https://openalex.org/A5099935838,2016,1
https://openalex.org/A5099939062,2016,1
https://openalex.org/A5099939063,2016,1
https://openalex.org/A5100318448,2016,1
https://openalex.org/A5100323809,2016,1
https://openalex.org/A5100326923,2016,1
https://openalex.org/A5100326965,2016,1
https://openalex.org/A5100327100,2016,1
https://openalex.org/A5100327839,2016,1
https://openalex.org/A5100327945,2016,1
https://openalex.org/A5100328092,2016,1
https://openalex.org/A5100328581,2016,1
https://openalex.org/A5100329780,2016,1
https://openalex.org/A5100329991,2016,1
https://openalex.org/A5100330357,2016,1
https://openalex.org/A5100330446,2016,1
https://openalex.org/A5100330538,2016,1
https://openalex.org/A5100330560,2016,1
https://openalex.org/A5100331482,2016,1
https://openalex.org/A5100332096,2016,1
https://openalex.org/A5100332725,2016,1
https://openalex.org/A5100336337,2016,1
https://openalex.org/A5100338946,2016,1
https://openalex.org/A5100340419,2016,1
https://openalex.org/A5100341316,2016,1
https://openalex.org/A5100341698,2016,1
https://openalex.org/A5100341968,2016,1
https://openalex.org/A5100342150,2016,1
https://openalex.org/A5100343505,2016,1
https://openalex.org/A5100343569,2016,1
https://openalex.org/A5100344158,2016,1
https://openalex.org/A5100344522,2016,1
https://openalex.org/A5100346563,2016,1
https://openalex.org/A5100346754,2016,1
https://openalex.org/A5100349974,2016,1
https://openalex.org/A5100350774,2016,1
https://openalex.org/A5100353766,2016,1
https://openalex.org/A5100354966,2016,1
https://openalex.org/A5100355077,2016,1
https://openalex.org/A5100358523,2016,1
https://openalex.org/A5100359660,2016,1
https://openalex.org/A5100359839,2016,1
https://openalex.org/A5100361415,2016,1
https://openalex.org/A5100364209,2016,1
https://openalex.org/A5100367621,2016,1
https://openalex.org/A5100371757,2016,1
https://openalex.org/A5100371800,2016,1
https://openalex.org/A5100373135,2016,1
https://openalex.org/A5100373255,2016,1
https://openalex.org/A5100374822,2016,1
https://openalex.org/A5100375376,2016,1
https://openalex.org/A5100377071,2016,1
https://openalex.org/A5100377352,2016,1
https://openalex.org/A5100378385,2016,1
https://openalex.org/A5100378800,2016,1
https://openalex.org/A5100379597,2016,1
https://openalex.org/A5100382356,2016,1
https://openalex.org/A5100382658,2016,1
https://openalex.org/A5100385274,2016,1
https://openalex.org/A5100385416,2016,1
https://openalex.org/A5100385891,2016,1
https://openalex.org/A5100386104,2016,1
https://openalex.org/A5100386394,2016,1
https://openalex.org/A5100387244,2016,1
https://openalex.org/A5100387863,2016,1
https://openalex.org/A5100390094,2016,1
https://openalex.org/A5100390819,2016,1
https://openalex.org/A5100390820,2016,1
https://openalex.org/A5100391054,2016,1
https://openalex.org/A5100391442,2016,1
https://openalex.org/A5100391517,2016,1
https://openalex.org/A5100392048,2016,1
https://openalex.org/A5100393241,2016,1
https://openalex.org/A5100393616,2016,1
https://openalex.org/A5100393951,2016,1
https://openalex.org/A5100394046,2016,1
https://openalex.org/A5100394297,2016,1
https://openalex.org/A5100394954,2016,1
https://openalex.org/A5100395053,2016,1
https://openalex.org/A5100395059,2016,1
https://openalex.org/A5100395673,2016,1
https://openalex.org/A5100395956,2016,1
https://openalex.org/A5100396318,2016,1
https://openalex.org/A5100397991,2016,1
https://openalex.org/A5100398462,2016,1
https://openalex.org/A5100399944,2016,1
https://openalex.org/A5100400043,2016,1
https://openalex.org/A5100400329,2016,1
https://openalex.org/A5100401728,2016,1
https://openalex.org/A5100402911,2016,1
https://openalex.org/A5100403173,2016,1
https://openalex.org/A5100404427,2016,1
https://openalex.org/A5100405233,2016,1
https://openalex.org/A5100405562,2016,1
https://openalex.org/A5100405572,2016,1
https://openalex.org/A5100407495,2016,1
https://openalex.org/A5100407760,2016,1
https://openalex.org/A5100408160,2016,1
https://openalex.org/A5100408716,2016,1
https://openalex.org/A5100410103,2016,1
https://openalex.org/A5100410248,2016,1
https://openalex.org/A5100410908,2016,1
https://openalex.org/A5100412188,2016,1
https://openalex.org/A5100415257,2016,1
https://openalex.org/A5100418248,2016,1
https://openalex.org/A5100418683,2016,1
https://openalex.org/A5100418973,2016,1
https://openalex.org/A5100419302,2016,1
https://openalex.org/A5100420377,2016,1
https://openalex.org/A5100420422,2016,1
https://openalex.org/A5100421480,2016,1
https://openalex.org/A5100421591,2016,1
https://openalex.org/A5100422377,2016,1
https://openalex.org/A5100425112,2016,1
https://openalex.org/A5100425431,2016,1
https://openalex.org/A5100425605,2016,1
https://openalex.org/A5100428845,2016,1
https://openalex.org/A5100429980,2016,1
https://openalex.org/A5100430088,2016,1
https://openalex.org/A5100431109,2016,1
https://openalex.org/A5100431183,2016,1
https://openalex.org/A5100431313,2016,1
https://openalex.org/A5100431408,2016,1
https://openalex.org/A5100431602,2016,1
https://openalex.org/A5100433042,2016,1
https://openalex.org/A5100433899,2016,1
https://openalex.org/A5100434102,2016,1
https://openalex.org/A5100434277,2016,1
https://openalex.org/A5100435319,2016,1
https://openalex.org/A5100435848,2016,1
https://openalex.org/A5100436085,2016,1
https://openalex.org/A5100436103,2016,1
https://openalex.org/A5100438360,2016,1
https://openalex.org/A5100441094,2016,1
https://openalex.org/A5100443421,2016,1
https://openalex.org/A5100444669,2016,1
https://openalex.org/A5100447099,2016,1
https://openalex.org/A5100448036,2016,1
https://openalex.org/A5100449077,2016,1
https://openalex.org/A5100450967,2016,1
https://openalex.org/A5100451269,2016,1
https://openalex.org/A5100451359,2016,1
https://openalex.org/A5100451984,2016,1
https://openalex.org/A5100452499,2016,1
https://openalex.org/A5100452839,2016,1
https://openalex.org/A5100457880,2016,1
https://openalex.org/A5100458455,2016,1
https://openalex.org/A5100458873,2016,1
https://openalex.org/A5100460139,2016,1
https://openalex.org/A5100510934,2016,1
https://openalex.org/A5100511941,2016,1
https://openalex.org/A5100528261,2016,1
https://openalex.org/A5100535491,2016,1
https://openalex.org/A5100537301,2016,1
https://openalex.org/A5100541311,2016,1
https://openalex.org/A5100563804,2016,1
https://openalex.org/A5100568646,2016,1
https://openalex.org/A5100583331,2016,1
https://openalex.org/A5100599435,2016,1
https://openalex.org/A5100600528,2016,1
https://openalex.org/A5100600760,2016,1
https://openalex.org/A5100600766,2016,1
https://openalex.org/A5100601073,2016,1
https://openalex.org/A5100601468,2016,1
https://openalex.org/A5100602869,2016,1
https://openalex.org/A5100603706,2016,1
https://openalex.org/A5100604018,2016,1
https://openalex.org/A5100604984,2016,1
https://openalex.org/A5100610065,2016,1
https://openalex.org/A5100610855,2016,1
https://openalex.org/A5100612732,2016,1
https://openalex.org/A5100614065,2016,1
https://openalex.org/A5100614211,2016,1
https://openalex.org/A5100615959,2016,1
https://openalex.org/A5100616676,2016,1
https://openalex.org/A5100621138,2016,1
https://openalex.org/A5100621608,2016,1
https://openalex.org/A5100625168,2016,1
https://openalex.org/A5100625424,2016,1
https://openalex.org/A5100626771,2016,1
https://openalex.org/A5100627248,2016,1
https://openalex.org/A5100627346,2016,1
https://openalex.org/A5100627880,2016,1
https://openalex.org/A5100630403,2016,1
https://openalex.org/A5100634421,2016,1
https://openalex.org/A5100635290,2016,1
https://openalex.org/A5100635867,2016,1
https://openalex.org/A5100638146,2016,1
https://openalex.org/A5100639638,2016,1
https://openalex.org/A5100641767,2016,1
https://openalex.org/A5100646200,2016,1
https://openalex.org/A5100646663,2016,1
https://openalex.org/A5100648244,2016,1
https://openalex.org/A5100649535,2016,1
https://openalex.org/A5100651631,2016,1
https://openalex.org/A5100651809,2016,1
https://openalex.org/A5100654390,2016,1
https://openalex.org/A5100655598,2016,1
https://openalex.org/A5100656317,2016,1
https://openalex.org/A5100657717,2016,1
https://openalex.org/A5100658112,2016,1
https://openalex.org/A5100661392,2016,1
https://openalex.org/A5100663902,2016,1
https://openalex.org/A5100664451,2016,1
https://openalex.org/A5100665053,2016,1
https://openalex.org/A5100665190,2016,1
https://openalex.org/A5100665639,2016,1
https://openalex.org/A5100665641,2016,1
https://openalex.org/A5100668696,2016,1
https://openalex.org/A5100669158,2016,1
https://openalex.org/A5100671250,2016,1
https://openalex.org/A5100671326,2016,1
https://openalex.org/A5100673946,2016,1
https://openalex.org/A5100676508,2016,1
https://openalex.org/A5100679035,2016,1
https://openalex.org/A5100679575,2016,1
https://openalex.org/A5100682790,2016,1
https://openalex.org/A5100686240,2016,1
https://openalex.org/A5100686524,2016,1
https://openalex.org/A5100686905,2016,1
https://openalex.org/A5100693037,2016,1
https://openalex.org/A5100696254,2016,1
https://openalex.org/A5100698166,2016,1
https://openalex.org/A5100698792,2016,1
https://openalex.org/A5100699426,2016,1
https://openalex.org/A5100699858,2016,1
https://openalex.org/A5100700356,2016,1
https://openalex.org/A5100700383,2016,1
https://openalex.org/A5100700496,2016,1
https://openalex.org/A5100702811,2016,1
https://openalex.org/A5100704678,2016,1
https://openalex.org/A5100705459,2016,1
https://openalex.org/A5100705959,2016,1
https://openalex.org/A5100705961,2016,1
https://openalex.org/A5100706829,2016,1
https://openalex.org/A5100707101,2016,1
https://openalex.org/A5100707948,2016,1
https://openalex.org/A5100709711,2016,1
https://openalex.org/A5100712167,2016,1
https://openalex.org/A5100712432,2016,1
https://openalex.org/A5100713350,2016,1
https://openalex.org/A5100715183,2016,1
https://openalex.org/A5100715726,2016,1
https://openalex.org/A5100716788,2016,1
https://openalex.org/A5100723984,2016,1
https://openalex.org/A5100725160,2016,1
https://openalex.org/A5100725452,2016,1
https://openalex.org/A5100726615,2016,1
https://openalex.org/A5100727358,2016,1
https://openalex.org/A5100728476,2016,1
https://openalex.org/A5100731169,2016,1
https://openalex.org/A5100732450,2016,1
https://openalex.org/A5100733758,2016,1
https://openalex.org/A5100736298,2016,1
https://openalex.org/A5100737422,2016,1
https://openalex.org/A5100737632,2016,1
https://openalex.org/A5100739030,2016,1
https://openalex.org/A5100739031,2016,1
https://openalex.org/A5100739249,2016,1
https://openalex.org/A5100739250,2016,1
https://openalex.org/A5100739861,2016,1
https://openalex.org/A5100741167,2016,1
https://openalex.org/A5100741315,2016,1
https://openalex.org/A5100746309,2016,1
https://openalex.org/A5100747108,2016,1
https://openalex.org/A5100748135,2016,1
https://openalex.org/A5100749127,2016,1
https://openalex.org/A5100750084,2016,1
https://openalex.org/A5100751173,2016,1
https://openalex.org/A5100753653,2016,1
https://openalex.org/A5100759164,2016,1
https://openalex.org/A5100760570,2016,1
https://openalex.org/A5100761519,2016,1
https://openalex.org/A5100762412,2016,1
https://openalex.org/A5100765440,2016,1
https://openalex.org/A5100765571,2016,1
https://openalex.org/A5100770630,2016,1
https://openalex.org/A5100772208,2016,1
https://openalex.org/A5100775396,2016,1
https://openalex.org/A5100776662,2016,1
https://openalex.org/A5100776794,2016,1
https://openalex.org/A5100778151,2016,1
https://openalex.org/A5100784336,2016,1
https://openalex.org/A5100785810,2016,1
https://openalex.org/A5100786475,2016,1
https://openalex.org/A5100788497,2016,1
https://openalex.org/A5100851417,2016,1
https://openalex.org/A5100853003,2016,1
https://openalex.org/A5100861201,2016,1
https://openalex.org/A5100866596,2016,1
https://openalex.org/A5100872646,2016,1
https://openalex.org/A5100904920,2016,1
https://openalex.org/A5100925158,2016,1
https://openalex.org/A5100941324,2016,1
https://openalex.org/A5100955101,2016,1
https://openalex.org/A5100957848,2016,1
https://openalex.org/A5100958652,2016,1
https://openalex.org/A5100965851,2016,1
https://openalex.org/A5100974345,2016,1
https://openalex.org/A5100982394,2016,1
https://openalex.org/A5100987239,2016,1
https://openalex.org/A5100991857,2016,1
https://openalex.org/A5100997780,2016,1
https://openalex.org/A5100999642,2016,1
https://openalex.org/A5101005624,2016,1
https://openalex.org/A5101007627,2016,1
https://openalex.org/A5101011504,2016,1
https://openalex.org/A5101026647,2016,1
https://openalex.org/A5101045030,2016,1
https://openalex.org/A5101060065,2016,1
https://openalex.org/A5101123025,2016,1
https://openalex.org/A5101130784,2016,1
https://openalex.org/A5101141560,2016,1
https://openalex.org/A5101153316,2016,1
https://openalex.org/A5101154079,2016,1
https://openalex.org/A5101187528,2016,1
https://openalex.org/A5101200167,2016,1
https://openalex.org/A5101265241,2016,1
https://openalex.org/A5101294804,2016,1
https://openalex.org/A5101345875,2016,1
https://openalex.org/A5101380216,2016,1
https://openalex.org/A5101399124,2016,1
https://openalex.org/A5101408509,2016,1
https://openalex.org/A5101416871,2016,1
https://openalex.org/A5101419707,2016,1
https://openalex.org/A5101422402,2016,1
https://openalex.org/A5101431601,2016,1
https://openalex.org/A5101432591,2016,1
https://openalex.org/A5101433524,2016,1
https://openalex.org/A5101434844,2016,1
https://openalex.org/A5101437795,2016,1
https://openalex.org/A5101439736,2016,1
https://openalex.org/A5101441137,2016,1
https://openalex.org/A5101441717,2016,1
https://openalex.org/A5101441960,2016,1
https://openalex.org/A5101445025,2016,1
https://openalex.org/A5101453596,2016,1
https://openalex.org/A5101456405,2016,1
https://openalex.org/A5101459743,2016,1
https://openalex.org/A5101466695,2016,1
https://openalex.org/A5101476718,2016,1
https://openalex.org/A5101485008,2016,1
https://openalex.org/A5101485989,2016,1
https://openalex.org/A5101486409,2016,1
https://openalex.org/A5101488344,2016,1
https://openalex.org/A5101494756,2016,1
https://openalex.org/A5101496936,2016,1
https://openalex.org/A5101500206,2016,1
https://openalex.org/A5101505605,2016,1
https://openalex.org/A5101508520,2016,1
https://openalex.org/A5101511516,2016,1
https://openalex.org/A5101515288,2016,1
https://openalex.org/A5101519817,2016,1
https://openalex.org/A5101521748,2016,1
https://openalex.org/A5101525745,2016,1
https://openalex.org/A5101527631,2016,1
https://openalex.org/A5101533081,2016,1
https://openalex.org/A5101533526,2016,1
https://openalex.org/A5101534274,2016,1
https://openalex.org/A5101536637,2016,1
https://openalex.org/A5101543222,2016,1
https://openalex.org/A5101554933,2016,1
https://openalex.org/A5101561475,2016,1
https://openalex.org/A5101564220,2016,1
https://openalex.org/A5101572257,2016,1
https://openalex.org/A5101577040,2016,1
https://openalex.org/A5101578012,2016,1
https://openalex.org/A5101580523,2016,1
https://openalex.org/A5101580524,2016,1
https://openalex.org/A5101580588,2016,1
https://openalex.org/A5101583297,2016,1
https://openalex.org/A5101588342,2016,1
https://openalex.org/A5101597225,2016,1
https://openalex.org/A5101603629,2016,1
https://openalex.org/A5101604233,2016,1
https://openalex.org/A5101607148,2016,1
https://openalex.org/A5101608069,2016,1
https://openalex.org/A5101612846,2016,1
https://openalex.org/A5101612878,2016,1
https://openalex.org/A5101617102,2016,1
https://openalex.org/A5101626824,2016,1
https://openalex.org/A5101629398,2016,1
https://openalex.org/A5101635405,2016,1
https://openalex.org/A5101652522,2016,1
https://openalex.org/A5101661008,2016,1
https://openalex.org/A5101662991,2016,1
https://openalex.org/A5101664633,2016,1
https://openalex.org/A5101674884,2016,1
https://openalex.org/A5101675222,2016,1
https://openalex.org/A5101675382,2016,1
https://openalex.org/A5101680487,2016,1
https://openalex.org/A5101695981,2016,1
https://openalex.org/A5101697387,2016,1
https://openalex.org/A5101698007,2016,1
https://openalex.org/A5101698351,2016,1
https://openalex.org/A5101710520,2016,1
https://openalex.org/A5101712031,2016,1
https://openalex.org/A5101718882,2016,1
https://openalex.org/A5101720149,2016,1
https://openalex.org/A5101727867,2016,1
https://openalex.org/A5101728250,2016,1
https://openalex.org/A5101731642,2016,1
https://openalex.org/A5101748777,2016,1
https://openalex.org/A5101749686,2016,1
https://openalex.org/A5101751934,2016,1
https://openalex.org/A5101756305,2016,1
https://openalex.org/A5101757860,2016,1
https://openalex.org/A5101769647,2016,1
https://openalex.org/A5101773276,2016,1
https://openalex.org/A5101776978,2016,1
https://openalex.org/A5101787260,2016,1
https://openalex.org/A5101787514,2016,1
https://openalex.org/A5101789152,2016,1
https://openalex.org/A5101793017,2016,1
https://openalex.org/A5101794839,2016,1
https://openalex.org/A5101796417,2016,1
https://openalex.org/A5101804966,2016,1
https://openalex.org/A5101809618,2016,1
https://openalex.org/A5101812348,2016,1
https://openalex.org/A5101813922,2016,1
https://openalex.org/A5101818400,2016,1
https://openalex.org/A5101821628,2016,1
https://openalex.org/A5101822735,2016,1
https://openalex.org/A5101822807,2016,1
https://openalex.org/A5101826862,2016,1
https://openalex.org/A5101832985,2016,1
https://openalex.org/A5101833660,2016,1
https://openalex.org/A5101834321,2016,1
https://openalex.org/A5101838014,2016,1
https://openalex.org/A5101859889,2016,1
https://openalex.org/A5101861743,2016,1
https://openalex.org/A5101864288,2016,1
https://openalex.org/A5101873354,2016,1
https://openalex.org/A5101880370,2016,1
https://openalex.org/A5101882800,2016,1
https://openalex.org/A5101887386,2016,1
https://openalex.org/A5101891576,2016,1
https://openalex.org/A5101892503,2016,1
https://openalex.org/A5101896870,2016,1
https://openalex.org/A5101897244,2016,1
https://openalex.org/A5101898071,2016,1
https://openalex.org/A5101905138,2016,1
https://openalex.org/A5101905595,2016,1
https://openalex.org/A5101905616,2016,1
https://openalex.org/A5101906756,2016,1
https://openalex.org/A5101907018,2016,1
https://openalex.org/A5101910386,2016,1
https://openalex.org/A5101912601,2016,1
https://openalex.org/A5101913507,2016,1
https://openalex.org/A5101929055,2016,1
https://openalex.org/A5101952833,2016,1
https://openalex.org/A5101953889,2016,1
https://openalex.org/A5101955637,2016,1
https://openalex.org/A5101959185,2016,1
https://openalex.org/A5101959803,2016,1
https://openalex.org/A5101962597,2016,1
https://openalex.org/A5101962598,2016,1
https://openalex.org/A5101963514,2016,1
https://openalex.org/A5101968187,2016,1
https://openalex.org/A5101973798,2016,1
https://openalex.org/A5101989491,2016,1
https://openalex.org/A5101992030,2016,1
https://openalex.org/A5101993726,2016,1
https://openalex.org/A5101994935,2016,1
https://openalex.org/A5101995678,2016,1
https://openalex.org/A5102001727,2016,1
https://openalex.org/A5102004400,2016,1
https://openalex.org/A5102004527,2016,1
https://openalex.org/A5102004832,2016,1
https://openalex.org/A5102006913,2016,1
https://openalex.org/A5102007730,2016,1
https://openalex.org/A5102014973,2016,1
https://openalex.org/A5102020195,2016,1
https://openalex.org/A5102026970,2016,1
https://openalex.org/A5102087952,2016,1
https://openalex.org/A5102098714,2016,1
https://openalex.org/A5102099419,2016,1
https://openalex.org/A5102129005,2016,1
https://openalex.org/A5102139311,2016,1
https://openalex.org/A5102154154,2016,1
https://openalex.org/A5102184062,2016,1
https://openalex.org/A5102208454,2016,1
https://openalex.org/A5102220453,2016,1
https://openalex.org/A5102224730,2016,1
https://openalex.org/A5102235147,2016,1
https://openalex.org/A5102248033,2016,1
https://openalex.org/A5102258097,2016,1
https://openalex.org/A5102267692,2016,1
https://openalex.org/A5102274167,2016,1
https://openalex.org/A5102289927,2016,1
https://openalex.org/A5102302135,2016,1
https://openalex.org/A5102324551,2016,1
https://openalex.org/A5102334232,2016,1
https://openalex.org/A5102363880,2016,1
https://openalex.org/A5102438019,2016,1
https://openalex.org/A5102468543,2016,1
https://openalex.org/A5102725435,2016,1
https://openalex.org/A5102728318,2016,1
https://openalex.org/A5102738347,2016,1
https://openalex.org/A5102742164,2016,1
https://openalex.org/A5102742233,2016,1
https://openalex.org/A5102774223,2016,1
https://openalex.org/A5102779634,2016,1
https://openalex.org/A5102829017,2016,1
https://openalex.org/A5102829972,2016,1
https://openalex.org/A5102836521,2016,1
https://openalex.org/A5102851705,2016,1
https://openalex.org/A5102869280,2016,1
https://openalex.org/A5102871002,2016,1
https://openalex.org/A5102880371,2016,1
https://openalex.org/A5102895897,2016,1
https://openalex.org/A5102898754,2016,1
https://openalex.org/A5102898855,2016,1
https://openalex.org/A5102907601,2016,1
https://openalex.org/A5102911387,2016,1
https://openalex.org/A5102916885,2016,1
https://openalex.org/A5102916933,2016,1
https://openalex.org/A5102928508,2016,1
https://openalex.org/A5102928677,2016,1
https://openalex.org/A5102930678,2016,1
https://openalex.org/A5102930719,2016,1
https://openalex.org/A5102933536,2016,1
https://openalex.org/A5102936810,2016,1
https://openalex.org/A5102952737,2016,1
https://openalex.org/A5102962450,2016,1
https://openalex.org/A5102976194,2016,1
https://openalex.org/A5102994315,2016,1
https://openalex.org/A5102997534,2016,1
https://openalex.org/A5103004633,2016,1
https://openalex.org/A5103006745,2016,1
https://openalex.org/A5103008068,2016,1
https://openalex.org/A5103009697,2016,1
https://openalex.org/A5103014637,2016,1
https://openalex.org/A5103046709,2016,1
https://openalex.org/A5103052502,2016,1
https://openalex.org/A5103054154,2016,1
https://openalex.org/A5103058851,2016,1
https://openalex.org/A5103067148,2016,1
https://openalex.org/A5103069680,2016,1
https://openalex.org/A5103075338,2016,1
https://openalex.org/A5103090811,2016,1
https://openalex.org/A5103098459,2016,1
https://openalex.org/A5103099224,2016,1
https://openalex.org/A5103101501,2016,1
https://openalex.org/A5103103242,2016,1
https://openalex.org/A5103114339,2016,1
https://openalex.org/A5103115810,2016,1
https://openalex.org/A5103137809,2016,1
https://openalex.org/A5103141832,2016,1
https://openalex.org/A5103144936,2016,1
https://openalex.org/A5103155033,2016,1
https://openalex.org/A5103159490,2016,1
https://openalex.org/A5103165863,2016,1
https://openalex.org/A5103169592,2016,1
https://openalex.org/A5103177987,2016,1
https://openalex.org/A5103193854,2016,1
https://openalex.org/A5103230324,2016,1
https://openalex.org/A5103232681,2016,1
https://openalex.org/A5103238939,2016,1
https://openalex.org/A5103241189,2016,1
https://openalex.org/A5103242824,2016,1
https://openalex.org/A5103250117,2016,1
https://openalex.org/A5103252043,2016,1
https://openalex.org/A5103262336,2016,1
https://openalex.org/A5103264263,2016,1
https://openalex.org/A5103274372,2016,1
https://openalex.org/A5103277328,2016,1
https://openalex.org/A5103282283,2016,1
https://openalex.org/A5103286615,2016,1
https://openalex.org/A5103298183,2016,1
https://openalex.org/A5103327191,2016,1
https://openalex.org/A5103332380,2016,1
https://openalex.org/A5103379503,2016,1
https://openalex.org/A5103497097,2016,1
https://openalex.org/A5103527964,2016,1
https://openalex.org/A5103575803,2016,1
https://openalex.org/A5103632259,2016,1
https://openalex.org/A5103646662,2016,1
https://openalex.org/A5103664425,2016,1
https://openalex.org/A5103689648,2016,1
https://openalex.org/A5103694748,2016,1
https://openalex.org/A5103721694,2016,1
https://openalex.org/A5103724266,2016,1
https://openalex.org/A5103747845,2016,1
https://openalex.org/A5103765483,2016,1
https://openalex.org/A5103767294,2016,1
https://openalex.org/A5103773729,2016,1
https://openalex.org/A5103804395,2016,1
https://openalex.org/A5103822192,2016,1
https://openalex.org/A5103822550,2016,1
https://openalex.org/A5103870192,2016,1
https://openalex.org/A5103889777,2016,1
https://openalex.org/A5103890688,2016,1
https://openalex.org/A5103959287,2016,1
https://openalex.org/A5104040468,2016,1
https://openalex.org/A5104098880,2016,1
https://openalex.org/A5104108669,2016,1
https://openalex.org/A5104185867,2016,1
https://openalex.org/A5105023632,2016,1
https://openalex.org/A5105068583,2016,1
https://openalex.org/A5105410903,2016,1
https://openalex.org/A5105411514,2016,1
https://openalex.org/A5105416521,2016,1
https://openalex.org/A5105525412,2016,1
https://openalex.org/A5105775630,2016,1
https://openalex.org/A5105827280,2016,1
https://openalex.org/A5105833323,2016,1
https://openalex.org/A5105836462,2016,1
https://openalex.org/A5106084454,2016,1
https://openalex.org/A5106185389,2016,1
https://openalex.org/A5106821597,2016,1
https://openalex.org/A5107212158,2016,1
https://openalex.org/A5107340404,2016,1
https://openalex.org/A5107521899,2016,1
https://openalex.org/A5107859338,2016,1
https://openalex.org/A5107970322,2016,1
https://openalex.org/A5107981608,2016,1
https://openalex.org/A5108021052,2016,1
https://openalex.org/A5108053327,2016,1
https://openalex.org/A5108057376,2016,1
https://openalex.org/A5108061925,2016,1
https://openalex.org/A5108241017,2016,1
https://openalex.org/A5108241221,2016,1
https://openalex.org/A5108253513,2016,1
https://openalex.org/A5108254247,2016,1
https://openalex.org/A5108265465,2016,1
https://openalex.org/A5108266978,2016,1
https://openalex.org/A5108351517,2016,1
https://openalex.org/A5108365143,2016,1
https://openalex.org/A5108432838,2016,1
https://openalex.org/A5108479221,2016,1
https://openalex.org/A5108484420,2016,1
https://openalex.org/A5108499817,2016,1
https://openalex.org/A5108553378,2016,1
https://openalex.org/A5108553656,2016,1
https://openalex.org/A5108556737,2016,1
https://openalex.org/A5108572275,2016,1
https://openalex.org/A5108587020,2016,1
https://openalex.org/A5108601997,2016,1
https://openalex.org/A5108617138,2016,1
https://openalex.org/A5108619641,2016,1
https://openalex.org/A5108621713,2016,1
https://openalex.org/A5108625977,2016,1
https://openalex.org/A5108625979,2016,1
https://openalex.org/A5108638166,2016,1
https://openalex.org/A5108750435,2016,1
https://openalex.org/A5108788946,2016,1
https://openalex.org/A5108792780,2016,1
https://openalex.org/A5109011044,2016,1
https://openalex.org/A5109011312,2016,1
https://openalex.org/A5109045311,2016,1
https://openalex.org/A5109048109,2016,1
https://openalex.org/A5109059955,2016,1
https://openalex.org/A5109143371,2016,1
https://openalex.org/A5109198172,2016,1
https://openalex.org/A5109216956,2016,1
https://openalex.org/A5109233250,2016,1
https://openalex.org/A5109252743,2016,1
https://openalex.org/A5109254532,2016,1
https://openalex.org/A5109299788,2016,1
https://openalex.org/A5109305648,2016,1
https://openalex.org/A5109305721,2016,1
https://openalex.org/A5109309960,2016,1
https://openalex.org/A5109405385,2016,1
https://openalex.org/A5109405748,2016,1
https://openalex.org/A5109426557,2016,1
https://openalex.org/A5109436761,2016,1
https://openalex.org/A5109463535,2016,1
https://openalex.org/A5109508986,2016,1
https://openalex.org/A5109579322,2016,1
https://openalex.org/A5109587088,2016,1
https://openalex.org/A5109587250,2016,1
https://openalex.org/A5109830485,2016,1
https://openalex.org/A5109840277,2016,1
https://openalex.org/A5109875497,2016,1
https://openalex.org/A5109878650,2016,1
https://openalex.org/A5109888639,2016,1
https://openalex.org/A5109912424,2016,1
https://openalex.org/A5109928898,2016,1
https://openalex.org/A5109967539,2016,1
https://openalex.org/A5109967806,2016,1
https://openalex.org/A5109984943,2016,1
https://openalex.org/A5110083332,2016,1
https://openalex.org/A5110226931,2016,1
https://openalex.org/A5110275504,2016,1
https://openalex.org/A5110322189,2016,1
https://openalex.org/A5110335419,2016,1
https://openalex.org/A5110361057,2016,1
https://openalex.org/A5110366624,2016,1
https://openalex.org/A5110373518,2016,1
https://openalex.org/A5110375277,2016,1
https://openalex.org/A5110383860,2016,1
https://openalex.org/A5110435762,2016,1
https://openalex.org/A5110439298,2016,1
https://openalex.org/A5110458604,2016,1
https://openalex.org/A5110458638,2016,1
https://openalex.org/A5110461840,2016,1
https://openalex.org/A5110465881,2016,1
https://openalex.org/A5110469058,2016,1
https://openalex.org/A5110480829,2016,1
https://openalex.org/A5110495036,2016,1
https://openalex.org/A5110516420,2016,1
https://openalex.org/A5110533735,2016,1
https://openalex.org/A5110537583,2016,1
https://openalex.org/A5110539256,2016,1
https://openalex.org/A5110561550,2016,1
https://openalex.org/A5110583893,2016,1
https://openalex.org/A5110600674,2016,1
https://openalex.org/A5110611308,2016,1
https://openalex.org/A5110628266,2016,1
https://openalex.org/A5110645770,2016,1
https://openalex.org/A5110652380,2016,1
https://openalex.org/A5110661210,2016,1
https://openalex.org/A5110765724,2016,1
https://openalex.org/A5110770707,2016,1
https://openalex.org/A5110822714,2016,1
https://openalex.org/A5110870531,2016,1
https://openalex.org/A5110878142,2016,1
https://openalex.org/A5110881592,2016,1
https://openalex.org/A5110894870,2016,1
https://openalex.org/A5110923518,2016,1
https://openalex.org/A5110949334,2016,1
https://openalex.org/A5111047168,2016,1
https://openalex.org/A5111116231,2016,1
https://openalex.org/A5111248043,2016,1
https://openalex.org/A5111297309,2016,1
https://openalex.org/A5111417138,2016,1
https://openalex.org/A5111438774,2016,1
https://openalex.org/A5111439683,2016,1
https://openalex.org/A5111460676,2016,1
https://openalex.org/A5111463270,2016,1
https://openalex.org/A5111617328,2016,1
https://openalex.org/A5111673780,2016,1
https://openalex.org/A5111704020,2016,1
https://openalex.org/A5111876760,2016,1
https://openalex.org/A5111903557,2016,1
https://openalex.org/A5111993099,2016,1
https://openalex.org/A5112005638,2016,1
https://openalex.org/A5112031506,2016,1
https://openalex.org/A5112054975,2016,1
https://openalex.org/A5112059499,2016,1
https://openalex.org/A5112070114,2016,1
https://openalex.org/A5112105934,2016,1
https://openalex.org/A5112172537,2016,1
https://openalex.org/A5112195492,2016,1
https://openalex.org/A5112218868,2016,1
https://openalex.org/A5112221832,2016,1
https://openalex.org/A5112239968,2016,1
https://openalex.org/A5112253947,2016,1
https://openalex.org/A5112263015,2016,1
https://openalex.org/A5112267983,2016,1
https://openalex.org/A5112283877,2016,1
https://openalex.org/A5112312833,2016,1
https://openalex.org/A5112315863,2016,1
https://openalex.org/A5112315995,2016,1
https://openalex.org/A5112345372,2016,1
https://openalex.org/A5112389574,2016,1
https://openalex.org/A5112408096,2016,1
https://openalex.org/A5112415166,2016,1
https://openalex.org/A5112426290,2016,1
https://openalex.org/A5112429186,2016,1
https://openalex.org/A5112431955,2016,1
https://openalex.org/A5112432289,2016,1
https://openalex.org/A5112451327,2016,1
https://openalex.org/A5112511478,2016,1
https://openalex.org/A5112554472,2016,1
https://openalex.org/A5112559828,2016,1
https://openalex.org/A5112595706,2016,1
https://openalex.org/A5112601777,2016,1
https://openalex.org/A5112604228,2016,1
https://openalex.org/A5112651964,2016,1
https://openalex.org/A5112690200,2016,1
https://openalex.org/A5112713734,2016,1
https://openalex.org/A5112763337,2016,1
https://openalex.org/A5112834497,2016,1
https://openalex.org/A5112867294,2016,1
https://openalex.org/A5112877229,2016,1
https://openalex.org/A5112887431,2016,1
https://openalex.org/A5112985399,2016,1
https://openalex.org/A5113031232,2016,1
https://openalex.org/A5113045007,2016,1
https://openalex.org/A5113158039,2016,1
https://openalex.org/A5113232002,2016,1
https://openalex.org/A5113258716,2016,1
https://openalex.org/A5113437318,2016,1
https://openalex.org/A5113504704,2016,1
https://openalex.org/A5113518418,2016,1
https://openalex.org/A5113535441,2016,1
https://openalex.org/A5113537394,2016,1
https://openalex.org/A5113543154,2016,1
https://openalex.org/A5113551673,2016,1
https://openalex.org/A5113576734,2016,1
https://openalex.org/A5113647192,2016,1
https://openalex.org/A5113736529,2016,1
https://openalex.org/A5113744967,2016,1
https://openalex.org/A5113746185,2016,1
https://openalex.org/A5113765572,2016,1
https://openalex.org/A5113778551,2016,1
https://openalex.org/A5113788443,2016,1
https://openalex.org/A5113789500,2016,1
https://openalex.org/A5113792569,2016,1
https://openalex.org/A5113795927,2016,1
https://openalex.org/A5113829236,2016,1
https://openalex.org/A5113849051,2016,1
https://openalex.org/A5113928388,2016,1
https://openalex.org/A5113948735,2016,1
https://openalex.org/A5113967384,2016,1
https://openalex.org/A5113968865,2016,1
https://openalex.org/A5113984302,2016,1
https://openalex.org/A5113995384,2016,1
https://openalex.org/A5114010895,2016,1
https://openalex.org/A5114079109,2016,1
https://openalex.org/A5114256401,2016,1
https://openalex.org/A5114259459,2016,1
https://openalex.org/A5114429788,2016,1
https://openalex.org/A5114549594,2016,1
https://openalex.org/A5114594110,2016,1
https://openalex.org/A5114706123,2016,1
https://openalex.org/A5114752815,2016,1
https://openalex.org/A5115069905,2016,1
https://openalex.org/A5115588377,2016,1
https://openalex.org/A5115602786,2016,1
https://openalex.org/A5115603153,2016,1
https://openalex.org/A5115695367,2016,1
https://openalex.org/A5116338548,2016,1
https://openalex.org/A5116338549,2016,1
https://openalex.org/A5119558606,2016,1
https://openalex.org/A5120315117,2016,1
https://openalex.org/A5120811349,2016,1
https://openalex.org/A5121475364,2016,1
https://openalex.org/A5121504672,2016,1
https://openalex.org/A5121516910,2016,1
https://openalex.org/A5122594478,2016,1
https://openalex.org/A5124446876,2016,1
https://openalex.org/A5126471560,2016,1
https://openalex.org/A5128412344,2016,1
https://openalex.org/A5128415125,2016,1
https://openalex.org/A5128456281,2016,1
https://openalex.org/A5128525785,2016,1
https://openalex.org/A5128533178,2016,1
https://openalex.org/A5128625873,2016,1
