model_name,sample_name,outcome,moderator,formula,term,coef,std_err,stat,p_value,ci_low,ci_high,nobs,rsquared,rsquared_adj,aic,bic
M35_LogRCR_RefFieldDiversity_Moderation,integration_base,Log_RCR,reference_field_diversity,Log_RCR ~ HSS_Continuous * reference_field_diversity + log_team_size + log_prior_knowledge + C(year) + C(arxiv_primary_category),Intercept,-0.04974071223068993,0.16553167268585195,-0.30049060354200896,0.763802962748546,-0.37417682899563237,0.2746954045342525,14643.0,0.08455160021204977,0.0767962346101545,24468.007837861405,25409.380830746257
M35_LogRCR_RefFieldDiversity_Moderation,integration_base,Log_RCR,reference_field_diversity,Log_RCR ~ HSS_Continuous * reference_field_diversity + log_team_size + log_prior_knowledge + C(year) + C(arxiv_primary_category),C(year)[T.2015],-0.06564315656711593,0.14663686800354334,-0.44765792846536884,0.6544000891351417,-0.3530461366598147,0.22175982352558282,14643.0,0.08455160021204977,0.0767962346101545,24468.007837861405,25409.380830746257
M35_LogRCR_RefFieldDiversity_Moderation,integration_base,Log_RCR,reference_field_diversity,Log_RCR ~ HSS_Continuous * reference_field_diversity + log_team_size + log_prior_knowledge + C(year) + C(arxiv_primary_category),C(year)[T.2016],0.013494622245718858,0.13734237029610608,0.09825534695975359,0.9217295345127784,-0.2556914770860128,0.2826807215774505,14643.0,0.08455160021204977,0.0767962346101545,24468.007837861405,25409.380830746257
M35_LogRCR_RefFieldDiversity_Moderation,integration_base,Log_RCR,reference_field_diversity,Log_RCR ~ HSS_Continuous * reference_field_diversity + log_team_size + log_prior_knowledge + C(year) + C(arxiv_primary_category),C(year)[T.2017],0.02938196170801318,0.13309440611367454,0.2207603051545108,0.8252790729098551,-0.23147828081853647,0.2902422042345628,14643.0,0.08455160021204977,0.0767962346101545,24468.007837861405,25409.380830746257
M35_LogRCR_RefFieldDiversity_Moderation,integration_base,Log_RCR,reference_field_diversity,Log_RCR ~ HSS_Continuous * reference_field_diversity + log_team_size + log_prior_knowledge + C(year) + C(arxiv_primary_category),C(year)[T.2018],0.005667618025291977,0.1325324512193667,0.042764002122853514,0.9658896598683377,-0.2540912131474783,0.26542644919806224,14643.0,0.08455160021204977,0.0767962346101545,24468.007837861405,25409.380830746257
M35_LogRCR_RefFieldDiversity_Moderation,integration_base,Log_RCR,reference_field_diversity,Log_RCR ~ HSS_Continuous * reference_field_diversity + log_team_size + log_prior_knowledge + C(year) + C(arxiv_primary_category),C(year)[T.2019],-0.04005229244571418,0.13243883193144582,-0.3024210638345588,0.7623310994261145,-0.29962763318590124,0.2195230482944729,14643.0,0.08455160021204977,0.0767962346101545,24468.007837861405,25409.380830746257
M35_LogRCR_RefFieldDiversity_Moderation,integration_base,Log_RCR,reference_field_diversity,Log_RCR ~ HSS_Continuous * reference_field_diversity + log_team_size + log_prior_knowledge + C(year) + C(arxiv_primary_category),C(year)[T.2020],-0.04882375389530812,0.13228302524628024,-0.3690855557953081,0.7120639548854614,-0.3080937191440201,0.21044621135340386,14643.0,0.08455160021204977,0.0767962346101545,24468.007837861405,25409.380830746257
M35_LogRCR_RefFieldDiversity_Moderation,integration_base,Log_RCR,reference_field_diversity,Log_RCR ~ HSS_Continuous * reference_field_diversity + log_team_size + log_prior_knowledge + C(year) + C(arxiv_primary_category),C(year)[T.2021],-0.048589147884152584,0.13224359092546503,-0.3674215706342876,0.7133045840341574,-0.307781823284312,0.2106035275160068,14643.0,0.08455160021204977,0.0767962346101545,24468.007837861405,25409.380830746257
M35_LogRCR_RefFieldDiversity_Moderation,integration_base,Log_RCR,reference_field_diversity,Log_RCR ~ HSS_Continuous * reference_field_diversity + log_team_size + log_prior_knowledge + C(year) + C(arxiv_primary_category),C(year)[T.2022],0.11452503393808453,0.15522199279792326,0.7378144802404365,0.4606271927619485,-0.18970448155438072,0.4187545494305498,14643.0,0.08455160021204977,0.0767962346101545,24468.007837861405,25409.380830746257
M35_LogRCR_RefFieldDiversity_Moderation,integration_base,Log_RCR,reference_field_diversity,Log_RCR ~ HSS_Continuous * reference_field_diversity + log_team_size + log_prior_knowledge + C(year) + C(arxiv_primary_category),C(year)[T.2023],0.12766858863217717,0.13756626068816888,0.9280516021408225,0.3533808029917558,-0.14195632780448209,0.39729350506883643,14643.0,0.08455160021204977,0.0767962346101545,24468.007837861405,25409.380830746257
M35_LogRCR_RefFieldDiversity_Moderation,integration_base,Log_RCR,reference_field_diversity,Log_RCR ~ HSS_Continuous * reference_field_diversity + log_team_size + log_prior_knowledge + C(year) + C(arxiv_primary_category),C(year)[T.2024],0.7413754327971203,0.2907221806555842,2.5501165102893224,0.010768692427064195,0.17157042920522803,1.3111804363890125,14643.0,0.08455160021204977,0.0767962346101545,24468.007837861405,25409.380830746257
M35_LogRCR_RefFieldDiversity_Moderation,integration_base,Log_RCR,reference_field_diversity,Log_RCR ~ HSS_Continuous * reference_field_diversity + log_team_size + log_prior_knowledge + C(year) + C(arxiv_primary_category),C(year)[T.2025],0.20299576324496751,0.2521332551396931,0.805113007137828,0.42075447051668413,-0.29117633613367944,0.6971678626236144,14643.0,0.08455160021204977,0.0767962346101545,24468.007837861405,25409.380830746257
M35_LogRCR_RefFieldDiversity_Moderation,integration_base,Log_RCR,reference_field_diversity,Log_RCR ~ HSS_Continuous * reference_field_diversity + log_team_size + log_prior_knowledge + C(year) + C(arxiv_primary_category),C(arxiv_primary_category)[T.astro-ph.GA],-0.3145496220352116,0.1057776113874199,-2.9736880792585274,0.0029424401839428698,-0.5218699307252285,-0.1072293133451947,14643.0,0.08455160021204977,0.0767962346101545,24468.007837861405,25409.380830746257
M35_LogRCR_RefFieldDiversity_Moderation,integration_base,Log_RCR,reference_field_diversity,Log_RCR ~ HSS_Continuous * reference_field_diversity + log_team_size + log_prior_knowledge + C(year) + C(arxiv_primary_category),C(arxiv_primary_category)[T.astro-ph.HE],-0.3495609252774032,0.09565576174142561,-3.654363510504762,0.0002578207723546219,-0.5370427732043418,-0.1620790773504646,14643.0,0.08455160021204977,0.0767962346101545,24468.007837861405,25409.380830746257
M35_LogRCR_RefFieldDiversity_Moderation,integration_base,Log_RCR,reference_field_diversity,Log_RCR ~ HSS_Continuous * reference_field_diversity + log_team_size + log_prior_knowledge + C(year) + C(arxiv_primary_category),C(arxiv_primary_category)[T.astro-ph.IM],-0.05069637658782753,0.18702859211903475,-0.27106217297279184,0.7863432143562126,-0.41726568122036745,0.31587292804471234,14643.0,0.08455160021204977,0.0767962346101545,24468.007837861405,25409.380830746257
M35_LogRCR_RefFieldDiversity_Moderation,integration_base,Log_RCR,reference_field_diversity,Log_RCR ~ HSS_Continuous * reference_field_diversity + log_team_size + log_prior_knowledge + C(year) + C(arxiv_primary_category),C(arxiv_primary_category)[T.astro-ph.SR],-0.398034813845623,0.10777691359534022,-3.693136132475334,0.00022150536851229066,-0.6092736828573752,-0.18679594483387085,14643.0,0.08455160021204977,0.0767962346101545,24468.007837861405,25409.380830746257
M35_LogRCR_RefFieldDiversity_Moderation,integration_base,Log_RCR,reference_field_diversity,Log_RCR ~ HSS_Continuous * reference_field_diversity + log_team_size + log_prior_knowledge + C(year) + C(arxiv_primary_category),C(arxiv_primary_category)[T.cond-mat.dis-nn],0.1118865001770571,0.3799120488964216,0.2945063219291621,0.7683710333145718,-0.6327274329527491,0.8565004333068634,14643.0,0.08455160021204977,0.0767962346101545,24468.007837861405,25409.380830746257
M35_LogRCR_RefFieldDiversity_Moderation,integration_base,Log_RCR,reference_field_diversity,Log_RCR ~ HSS_Continuous * reference_field_diversity + log_team_size + log_prior_knowledge + C(year) + C(arxiv_primary_category),C(arxiv_primary_category)[T.cond-mat.mes-hall],-0.29634221169218933,0.09548684019502302,-3.103487465779974,0.0019125433607364466,-0.483492979471966,-0.10919144391241262,14643.0,0.08455160021204977,0.0767962346101545,24468.007837861405,25409.380830746257
M35_LogRCR_RefFieldDiversity_Moderation,integration_base,Log_RCR,reference_field_diversity,Log_RCR ~ HSS_Continuous * reference_field_diversity + log_team_size + log_prior_knowledge + C(year) + C(arxiv_primary_category),C(arxiv_primary_category)[T.cond-mat.mtrl-sci],-0.3203056699462518,0.11139095195738259,-2.875508866005549,0.004033768169181144,-0.5386279239863532,-0.10198341590615051,14643.0,0.08455160021204977,0.0767962346101545,24468.007837861405,25409.380830746257
M35_LogRCR_RefFieldDiversity_Moderation,integration_base,Log_RCR,reference_field_diversity,Log_RCR ~ HSS_Continuous * reference_field_diversity + log_team_size + log_prior_knowledge + C(year) + C(arxiv_primary_category),C(arxiv_primary_category)[T.cond-mat.other],-0.011478382197441793,0.09617295697521663,-0.11935145344860014,0.9049969208257673,-0.19997391415558657,0.17701714976070299,14643.0,0.08455160021204977,0.0767962346101545,24468.007837861405,25409.380830746257
M35_LogRCR_RefFieldDiversity_Moderation,integration_base,Log_RCR,reference_field_diversity,Log_RCR ~ HSS_Continuous * reference_field_diversity + log_team_size + log_prior_knowledge + C(year) + C(arxiv_primary_category),C(arxiv_primary_category)[T.cond-mat.soft],-0.343385222479465,0.09522941433914982,-3.6058735093816043,0.0003111046587985389,-0.5300314448530409,-0.15673900010588918,14643.0,0.08455160021204977,0.0767962346101545,24468.007837861405,25409.380830746257
M35_LogRCR_RefFieldDiversity_Moderation,integration_base,Log_RCR,reference_field_diversity,Log_RCR ~ HSS_Continuous * reference_field_diversity + log_team_size + log_prior_knowledge + C(year) + C(arxiv_primary_category),C(arxiv_primary_category)[T.cond-mat.stat-mech],-0.26500208068615805,0.11141336188371748,-2.3785484631793237,0.017380952020213048,-0.48336825737477196,-0.046635903997544165,14643.0,0.08455160021204977,0.0767962346101545,24468.007837861405,25409.380830746257
M35_LogRCR_RefFieldDiversity_Moderation,integration_base,Log_RCR,reference_field_diversity,Log_RCR ~ HSS_Continuous * reference_field_diversity + log_team_size + log_prior_knowledge + C(year) + C(arxiv_primary_category),C(arxiv_primary_category)[T.cond-mat.str-el],0.0009744592480391994,0.09468527798086983,0.0102915603018674,0.991788667881025,-0.18460527546062905,0.18655419395670747,14643.0,0.08455160021204977,0.0767962346101545,24468.007837861405,25409.380830746257
M35_LogRCR_RefFieldDiversity_Moderation,integration_base,Log_RCR,reference_field_diversity,Log_RCR ~ HSS_Continuous * reference_field_diversity + log_team_size + log_prior_knowledge + C(year) + C(arxiv_primary_category),C(arxiv_primary_category)[T.cs.AI],-0.09589264901232823,0.09996684433650609,-0.9592445340130634,0.33743557028769566,-0.291824063560002,0.10003876553534556,14643.0,0.08455160021204977,0.0767962346101545,24468.007837861405,25409.380830746257
M35_LogRCR_RefFieldDiversity_Moderation,integration_base,Log_RCR,reference_field_diversity,Log_RCR ~ HSS_Continuous * reference_field_diversity + log_team_size + log_prior_knowledge + C(year) + C(arxiv_primary_category),C(arxiv_primary_category)[T.cs.AR],-0.24880854533781377,0.10946182094757477,-2.2730166845751376,0.02302517451513158,-0.4633497720772324,-0.03426731859839516,14643.0,0.08455160021204977,0.0767962346101545,24468.007837861405,25409.380830746257
M35_LogRCR_RefFieldDiversity_Moderation,integration_base,Log_RCR,reference_field_diversity,Log_RCR ~ HSS_Continuous * reference_field_diversity + log_team_size + log_prior_knowledge + C(year) + C(arxiv_primary_category),C(arxiv_primary_category)[T.cs.CC],-0.19038354638686608,0.11973484392982953,-1.5900429660929791,0.11182512045091446,-0.4250595281838563,0.04429243541012409,14643.0,0.08455160021204977,0.0767962346101545,24468.007837861405,25409.380830746257
M35_LogRCR_RefFieldDiversity_Moderation,integration_base,Log_RCR,reference_field_diversity,Log_RCR ~ HSS_Continuous * reference_field_diversity + log_team_size + log_prior_knowledge + C(year) + C(arxiv_primary_category),C(arxiv_primary_category)[T.cs.CE],-0.17111811384069767,0.12055098804239361,-1.4194667054949508,0.1557629969483426,-0.40739370870450786,0.06515748102311253,14643.0,0.08455160021204977,0.0767962346101545,24468.007837861405,25409.380830746257
M35_LogRCR_RefFieldDiversity_Moderation,integration_base,Log_RCR,reference_field_diversity,Log_RCR ~ HSS_Continuous * reference_field_diversity + log_team_size + log_prior_knowledge + C(year) + C(arxiv_primary_category),C(arxiv_primary_category)[T.cs.CG],-0.1915471327055438,0.11916217875709466,-1.6074490639853252,0.10795589448762352,-0.42510071138877326,0.04200644597768563,14643.0,0.08455160021204977,0.0767962346101545,24468.007837861405,25409.380830746257
M35_LogRCR_RefFieldDiversity_Moderation,integration_base,Log_RCR,reference_field_diversity,Log_RCR ~ HSS_Continuous * reference_field_diversity + log_team_size + log_prior_knowledge + C(year) + C(arxiv_primary_category),C(arxiv_primary_category)[T.cs.CL],-0.06952614596963465,0.09565808115380632,-0.7268193667594611,0.46733661752113076,-0.25701253986130473,0.11796024792203545,14643.0,0.08455160021204977,0.0767962346101545,24468.007837861405,25409.380830746257
M35_LogRCR_RefFieldDiversity_Moderation,integration_base,Log_RCR,reference_field_diversity,Log_RCR ~ HSS_Continuous * reference_field_diversity + log_team_size + log_prior_knowledge + C(year) + C(arxiv_primary_category),C(arxiv_primary_category)[T.cs.CR],-0.05047343659314809,0.10086642964436132,-0.5003987627113327,0.6167943244002733,-0.24816800594523955,0.14722113275894336,14643.0,0.08455160021204977,0.0767962346101545,24468.007837861405,25409.380830746257
M35_LogRCR_RefFieldDiversity_Moderation,integration_base,Log_RCR,reference_field_diversity,Log_RCR ~ HSS_Continuous * reference_field_diversity + log_team_size + log_prior_knowledge + C(year) + C(arxiv_primary_category),C(arxiv_primary_category)[T.cs.CV],-0.005941797516993478,0.09543332561092735,-0.06226124342787367,0.9503547918334163,-0.19298767863929503,0.18110408360530808,14643.0,0.08455160021204977,0.0767962346101545,24468.007837861405,25409.380830746257
M35_LogRCR_RefFieldDiversity_Moderation,integration_base,Log_RCR,reference_field_diversity,Log_RCR ~ HSS_Continuous * reference_field_diversity + log_team_size + log_prior_knowledge + C(year) + C(arxiv_primary_category),C(arxiv_primary_category)[T.cs.CY],0.1496565941510496,0.14759026389036925,1.0140004510203682,0.3105825370816382,-0.13961500754283657,0.43892819584493575,14643.0,0.08455160021204977,0.0767962346101545,24468.007837861405,25409.380830746257
M35_LogRCR_RefFieldDiversity_Moderation,integration_base,Log_RCR,reference_field_diversity,Log_RCR ~ HSS_Continuous * reference_field_diversity + log_team_size + log_prior_knowledge + C(year) + C(arxiv_primary_category),C(arxiv_primary_category)[T.cs.DB],-0.18973736543869402,0.10187815755800429,-1.862394943005002,0.062547441437804,-0.3894148850636795,0.009940154186291489,14643.0,0.08455160021204977,0.0767962346101545,24468.007837861405,25409.380830746257
M35_LogRCR_RefFieldDiversity_Moderation,integration_base,Log_RCR,reference_field_diversity,Log_RCR ~ HSS_Continuous * reference_field_diversity + log_team_size + log_prior_knowledge + C(year) + C(arxiv_primary_category),C(arxiv_primary_category)[T.cs.DC],-0.11141994950621997,0.11778180545629621,-0.9459860890616348,0.3441556815278184,-0.3422680462346638,0.11942814722222383,14643.0,0.08455160021204977,0.0767962346101545,24468.007837861405,25409.380830746257
M35_LogRCR_RefFieldDiversity_Moderation,integration_base,Log_RCR,reference_field_diversity,Log_RCR ~ HSS_Continuous * reference_field_diversity + log_team_size + log_prior_knowledge + C(year) + C(arxiv_primary_category),C(arxiv_primary_category)[T.cs.DL],-0.38777739758854857,0.09991020044990812,-3.8812593293010975,0.00010391695761146643,-0.583597792158546,-0.19195700301855115,14643.0,0.08455160021204977,0.0767962346101545,24468.007837861405,25409.380830746257
M35_LogRCR_RefFieldDiversity_Moderation,integration_base,Log_RCR,reference_field_diversity,Log_RCR ~ HSS_Continuous * reference_field_diversity + log_team_size + log_prior_knowledge + C(year) + C(arxiv_primary_category),C(arxiv_primary_category)[T.cs.DM],-0.24940942276511374,0.09563849028831112,-2.6078352137643104,0.009111680662075787,-0.43685741926598726,-0.06196142626424023,14643.0,0.08455160021204977,0.0767962346101545,24468.007837861405,25409.380830746257
M35_LogRCR_RefFieldDiversity_Moderation,integration_base,Log_RCR,reference_field_diversity,Log_RCR ~ HSS_Continuous * reference_field_diversity + log_team_size + log_prior_knowledge + C(year) + C(arxiv_primary_category),C(arxiv_primary_category)[T.cs.DS],-0.19871145599661,0.10564639785841876,-1.8809108500122427,0.059984047028958855,-0.4057745908955003,0.008351678902280252,14643.0,0.08455160021204977,0.0767962346101545,24468.007837861405,25409.380830746257
M35_LogRCR_RefFieldDiversity_Moderation,integration_base,Log_RCR,reference_field_diversity,Log_RCR ~ HSS_Continuous * reference_field_diversity + log_team_size + log_prior_knowledge + C(year) + C(arxiv_primary_category),C(arxiv_primary_category)[T.cs.ET],-0.16571404017277358,0.14021923178447065,-1.181821053102692,0.23727671233435754,-0.4405386844102101,0.10911060406466294,14643.0,0.08455160021204977,0.0767962346101545,24468.007837861405,25409.380830746257
M35_LogRCR_RefFieldDiversity_Moderation,integration_base,Log_RCR,reference_field_diversity,Log_RCR ~ HSS_Continuous * reference_field_diversity + log_team_size + log_prior_knowledge + C(year) + C(arxiv_primary_category),C(arxiv_primary_category)[T.cs.FL],-0.13659924135474238,0.09676756490221608,-1.411622184486882,0.15806123671365235,-0.32626018343472807,0.05306170072524333,14643.0,0.08455160021204977,0.0767962346101545,24468.007837861405,25409.380830746257
M35_LogRCR_RefFieldDiversity_Moderation,integration_base,Log_RCR,reference_field_diversity,Log_RCR ~ HSS_Continuous * reference_field_diversity + log_team_size + log_prior_knowledge + C(year) + C(arxiv_primary_category),C(arxiv_primary_category)[T.cs.GR],-0.07977643787483576,0.11035989332290398,-0.7228752717385877,0.46975651711843947,-0.29607785412541,0.13652497837573843,14643.0,0.08455160021204977,0.0767962346101545,24468.007837861405,25409.380830746257
M35_LogRCR_RefFieldDiversity_Moderation,integration_base,Log_RCR,reference_field_diversity,Log_RCR ~ HSS_Continuous * reference_field_diversity + log_team_size + log_prior_knowledge + C(year) + C(arxiv_primary_category),C(arxiv_primary_category)[T.cs.GT],-0.14943425504292,0.19232103211084334,-0.7770042277892636,0.4371562759966282,-0.5263765514497442,0.2275080413639042,14643.0,0.08455160021204977,0.0767962346101545,24468.007837861405,25409.380830746257
M35_LogRCR_RefFieldDiversity_Moderation,integration_base,Log_RCR,reference_field_diversity,Log_RCR ~ HSS_Continuous * reference_field_diversity + log_team_size + log_prior_knowledge + C(year) + C(arxiv_primary_category),C(arxiv_primary_category)[T.cs.HC],-0.2591608927670324,0.1046024228325644,-2.477580210373019,0.013227667322933493,-0.46417787421448886,-0.054143911319575966,14643.0,0.08455160021204977,0.0767962346101545,24468.007837861405,25409.380830746257
M35_LogRCR_RefFieldDiversity_Moderation,integration_base,Log_RCR,reference_field_diversity,Log_RCR ~ HSS_Continuous * reference_field_diversity + log_team_size + log_prior_knowledge + C(year) + C(arxiv_primary_category),C(arxiv_primary_category)[T.cs.IR],-0.08367227207059366,0.10092524574799663,-0.8290519527643019,0.40707500996534207,-0.2814821188675213,0.11413757472633396,14643.0,0.08455160021204977,0.0767962346101545,24468.007837861405,25409.380830746257
M35_LogRCR_RefFieldDiversity_Moderation,integration_base,Log_RCR,reference_field_diversity,Log_RCR ~ HSS_Continuous * reference_field_diversity + log_team_size + log_prior_knowledge + C(year) + C(arxiv_primary_category),C(arxiv_primary_category)[T.cs.IT],-0.2839192265394708,0.09521573735612089,-2.9818518915373313,0.0028651056984870596,-0.47053864251889277,-0.09729981056004885,14643.0,0.08455160021204977,0.0767962346101545,24468.007837861405,25409.380830746257
M35_LogRCR_RefFieldDiversity_Moderation,integration_base,Log_RCR,reference_field_diversity,Log_RCR ~ HSS_Continuous * reference_field_diversity + log_team_size + log_prior_knowledge + C(year) + C(arxiv_primary_category),C(arxiv_primary_category)[T.cs.LG],0.06599127137603106,0.09574939434068427,0.6892082381349447,0.49069223331976697,-0.1216740930732334,0.2536566358252955,14643.0,0.08455160021204977,0.0767962346101545,24468.007837861405,25409.380830746257
M35_LogRCR_RefFieldDiversity_Moderation,integration_base,Log_RCR,reference_field_diversity,Log_RCR ~ HSS_Continuous * reference_field_diversity + log_team_size + log_prior_knowledge + C(year) + C(arxiv_primary_category),C(arxiv_primary_category)[T.cs.LO],-0.17348989128608033,0.09956464429154113,-1.7424849204309343,0.08142362784675032,-0.36863300823104245,0.02165322565888178,14643.0,0.08455160021204977,0.0767962346101545,24468.007837861405,25409.380830746257
M35_LogRCR_RefFieldDiversity_Moderation,integration_base,Log_RCR,reference_field_diversity,Log_RCR ~ HSS_Continuous * reference_field_diversity + log_team_size + log_prior_knowledge + C(year) + C(arxiv_primary_category),C(arxiv_primary_category)[T.cs.MA],-0.14972556881391166,0.24974666154490804,-0.5995097907924941,0.548832983074117,-0.6392200307010459,0.33976889307322256,14643.0,0.08455160021204977,0.0767962346101545,24468.007837861405,25409.380830746257
M35_LogRCR_RefFieldDiversity_Moderation,integration_base,Log_RCR,reference_field_diversity,Log_RCR ~ HSS_Continuous * reference_field_diversity + log_team_size + log_prior_knowledge + C(year) + C(arxiv_primary_category),C(arxiv_primary_category)[T.cs.MM],-0.20175112522230457,0.1037596286987708,-1.9444087045455536,0.05184618501529698,-0.4051162605211439,0.0016140100765347776,14643.0,0.08455160021204977,0.0767962346101545,24468.007837861405,25409.380830746257
M35_LogRCR_RefFieldDiversity_Moderation,integration_base,Log_RCR,reference_field_diversity,Log_RCR ~ HSS_Continuous * reference_field_diversity + log_team_size + log_prior_knowledge + C(year) + C(arxiv_primary_category),C(arxiv_primary_category)[T.cs.MS],-0.2361425009424823,0.11355580285090826,-2.0795282584767842,0.037568823251495166,-0.45870778476579327,-0.013577217119171314,14643.0,0.08455160021204977,0.0767962346101545,24468.007837861405,25409.380830746257
M35_LogRCR_RefFieldDiversity_Moderation,integration_base,Log_RCR,reference_field_diversity,Log_RCR ~ HSS_Continuous * reference_field_diversity + log_team_size + log_prior_knowledge + C(year) + C(arxiv_primary_category),C(arxiv_primary_category)[T.cs.NE],-0.031370785988393726,0.11551867765340743,-0.2715646216321486,0.7859568052680652,-0.2577832337307642,0.1950416617539768,14643.0,0.08455160021204977,0.0767962346101545,24468.007837861405,25409.380830746257
M35_LogRCR_RefFieldDiversity_Moderation,integration_base,Log_RCR,reference_field_diversity,Log_RCR ~ HSS_Continuous * reference_field_diversity + log_team_size + log_prior_knowledge + C(year) + C(arxiv_primary_category),C(arxiv_primary_category)[T.cs.NI],-0.2796271164871261,0.1000400638514443,-2.7951513195989337,0.005187542764671004,-0.4757020386470443,-0.08355219432720792,14643.0,0.08455160021204977,0.0767962346101545,24468.007837861405,25409.380830746257
M35_LogRCR_RefFieldDiversity_Moderation,integration_base,Log_RCR,reference_field_diversity,Log_RCR ~ HSS_Continuous * reference_field_diversity + log_team_size + log_prior_knowledge + C(year) + C(arxiv_primary_category),C(arxiv_primary_category)[T.cs.OH],0.7488843177980788,0.7803462868465988,0.959682041705281,0.33721526416758996,-0.7805662998908169,2.2783349354869746,14643.0,0.08455160021204977,0.0767962346101545,24468.007837861405,25409.380830746257
M35_LogRCR_RefFieldDiversity_Moderation,integration_base,Log_RCR,reference_field_diversity,Log_RCR ~ HSS_Continuous * reference_field_diversity + log_team_size + log_prior_knowledge + C(year) + C(arxiv_primary_category),C(arxiv_primary_category)[T.cs.PF],-0.44800610272963987,0.0965384144246888,-4.640702930532765,3.472259971957086e-06,-0.637217918126632,-0.25879428733264775,14643.0,0.08455160021204977,0.0767962346101545,24468.007837861405,25409.380830746257
M35_LogRCR_RefFieldDiversity_Moderation,integration_base,Log_RCR,reference_field_diversity,Log_RCR ~ HSS_Continuous * reference_field_diversity + log_team_size + log_prior_knowledge + C(year) + C(arxiv_primary_category),C(arxiv_primary_category)[T.cs.PL],-0.2287640610546911,0.12400925003882189,-1.8447338483465956,0.06507626448548237,-0.4718177248806043,0.014289602771222099,14643.0,0.08455160021204977,0.0767962346101545,24468.007837861405,25409.380830746257
M35_LogRCR_RefFieldDiversity_Moderation,integration_base,Log_RCR,reference_field_diversity,Log_RCR ~ HSS_Continuous * reference_field_diversity + log_team_size + log_prior_knowledge + C(year) + C(arxiv_primary_category),C(arxiv_primary_category)[T.cs.RO],-0.1811081768715924,0.09887193902466283,-1.8317449688775334,0.06698942553864909,-0.3748936164415718,0.012677262698387037,14643.0,0.08455160021204977,0.0767962346101545,24468.007837861405,25409.380830746257
M35_LogRCR_RefFieldDiversity_Moderation,integration_base,Log_RCR,reference_field_diversity,Log_RCR ~ HSS_Continuous * reference_field_diversity + log_team_size + log_prior_knowledge + C(year) + C(arxiv_primary_category),C(arxiv_primary_category)[T.cs.SC],-0.10619741018896992,0.09614216299336217,-1.1045872786979212,0.26933846582276,-0.29463258705173934,0.08223776667379953,14643.0,0.08455160021204977,0.0767962346101545,24468.007837861405,25409.380830746257
M35_LogRCR_RefFieldDiversity_Moderation,integration_base,Log_RCR,reference_field_diversity,Log_RCR ~ HSS_Continuous * reference_field_diversity + log_team_size + log_prior_knowledge + C(year) + C(arxiv_primary_category),C(arxiv_primary_category)[T.cs.SD],-0.10354648983163339,0.09922236653205055,-1.0435801266460025,0.2966796914916049,-0.2980187546952849,0.0909257750320181,14643.0,0.08455160021204977,0.0767962346101545,24468.007837861405,25409.380830746257
M35_LogRCR_RefFieldDiversity_Moderation,integration_base,Log_RCR,reference_field_diversity,Log_RCR ~ HSS_Continuous * reference_field_diversity + log_team_size + log_prior_knowledge + C(year) + C(arxiv_primary_category),C(arxiv_primary_category)[T.cs.SE],-0.08098388617039237,0.10965384345570375,-0.7385412459628647,0.46018561261730284,-0.2959014701099648,0.1339336977691801,14643.0,0.08455160021204977,0.0767962346101545,24468.007837861405,25409.380830746257
M35_LogRCR_RefFieldDiversity_Moderation,integration_base,Log_RCR,reference_field_diversity,Log_RCR ~ HSS_Continuous * reference_field_diversity + log_team_size + log_prior_knowledge + C(year) + C(arxiv_primary_category),C(arxiv_primary_category)[T.cs.SI],-0.2644500038513023,0.09958676944370523,-2.655473265460143,0.00791972108553405,-0.4596364852976585,-0.0692635224049461,14643.0,0.08455160021204977,0.0767962346101545,24468.007837861405,25409.380830746257
M35_LogRCR_RefFieldDiversity_Moderation,integration_base,Log_RCR,reference_field_diversity,Log_RCR ~ HSS_Continuous * reference_field_diversity + log_team_size + log_prior_knowledge + C(year) + C(arxiv_primary_category),C(arxiv_primary_category)[T.econ.EM],-0.16864894460594262,0.19254095998688014,-0.8759120377162057,0.3810778548937832,-0.5460222917289953,0.20872440251711008,14643.0,0.08455160021204977,0.0767962346101545,24468.007837861405,25409.380830746257
M35_LogRCR_RefFieldDiversity_Moderation,integration_base,Log_RCR,reference_field_diversity,Log_RCR ~ HSS_Continuous * reference_field_diversity + log_team_size + log_prior_knowledge + C(year) + C(arxiv_primary_category),C(arxiv_primary_category)[T.econ.GN],0.055205537177758626,0.10357679143663102,0.5329913816796858,0.5940395461874632,-0.1478012436722549,0.2582123180277721,14643.0,0.08455160021204977,0.0767962346101545,24468.007837861405,25409.380830746257
M35_LogRCR_RefFieldDiversity_Moderation,integration_base,Log_RCR,reference_field_diversity,Log_RCR ~ HSS_Continuous * reference_field_diversity + log_team_size + log_prior_knowledge + C(year) + C(arxiv_primary_category),C(arxiv_primary_category)[T.eess.AS],-0.17145063351125014,0.09691916581873965,-1.7690064917799735,0.0768927912348543,-0.36140870792764535,0.01850744090514503,14643.0,0.08455160021204977,0.0767962346101545,24468.007837861405,25409.380830746257
M35_LogRCR_RefFieldDiversity_Moderation,integration_base,Log_RCR,reference_field_diversity,Log_RCR ~ HSS_Continuous * reference_field_diversity + log_team_size + log_prior_knowledge + C(year) + C(arxiv_primary_category),C(arxiv_primary_category)[T.eess.IV],-0.15904702150720554,0.09632934359375897,-1.6510755245871929,0.09872315429988751,-0.34784906560535733,0.02975502259094623,14643.0,0.08455160021204977,0.0767962346101545,24468.007837861405,25409.380830746257
M35_LogRCR_RefFieldDiversity_Moderation,integration_base,Log_RCR,reference_field_diversity,Log_RCR ~ HSS_Continuous * reference_field_diversity + log_team_size + log_prior_knowledge + C(year) + C(arxiv_primary_category),C(arxiv_primary_category)[T.eess.SP],-0.1838583551513484,0.09775932379150398,-1.8807244978849482,0.060009405406010984,-0.37546310893568585,0.007746398632989038,14643.0,0.08455160021204977,0.0767962346101545,24468.007837861405,25409.380830746257
M35_LogRCR_RefFieldDiversity_Moderation,integration_base,Log_RCR,reference_field_diversity,Log_RCR ~ HSS_Continuous * reference_field_diversity + log_team_size + log_prior_knowledge + C(year) + C(arxiv_primary_category),C(arxiv_primary_category)[T.eess.SY],-0.29489520917644646,0.09806928957639541,-3.007008722610607,0.002638321924418351,-0.48710748473561083,-0.10268293361728212,14643.0,0.08455160021204977,0.0767962346101545,24468.007837861405,25409.380830746257
M35_LogRCR_RefFieldDiversity_Moderation,integration_base,Log_RCR,reference_field_diversity,Log_RCR ~ HSS_Continuous * reference_field_diversity + log_team_size + log_prior_knowledge + C(year) + C(arxiv_primary_category),C(arxiv_primary_category)[T.gr-qc],-0.47540791181119624,0.0970519089049726,-4.8984910979616805,9.657541328888643e-07,-0.6656261578958047,-0.28518966572658777,14643.0,0.08455160021204977,0.0767962346101545,24468.007837861405,25409.380830746257
M35_LogRCR_RefFieldDiversity_Moderation,integration_base,Log_RCR,reference_field_diversity,Log_RCR ~ HSS_Continuous * reference_field_diversity + log_team_size + log_prior_knowledge + C(year) + C(arxiv_primary_category),C(arxiv_primary_category)[T.hep-ex],0.054638742290900766,0.21947519412179117,0.24895178933333412,0.8033980739964156,-0.3755247336877469,0.48480221826954845,14643.0,0.08455160021204977,0.0767962346101545,24468.007837861405,25409.380830746257
M35_LogRCR_RefFieldDiversity_Moderation,integration_base,Log_RCR,reference_field_diversity,Log_RCR ~ HSS_Continuous * reference_field_diversity + log_team_size + log_prior_knowledge + C(year) + C(arxiv_primary_category),C(arxiv_primary_category)[T.hep-lat],-0.11783144986790094,0.1698289638349014,-0.6938242288426746,0.4877924461352494,-0.450690102516063,0.2150272027802611,14643.0,0.08455160021204977,0.0767962346101545,24468.007837861405,25409.380830746257
M35_LogRCR_RefFieldDiversity_Moderation,integration_base,Log_RCR,reference_field_diversity,Log_RCR ~ HSS_Continuous * reference_field_diversity + log_team_size + log_prior_knowledge + C(year) + C(arxiv_primary_category),C(arxiv_primary_category)[T.hep-ph],0.20207359996257077,0.15442843049995944,1.308525893246217,0.19069499798113654,-0.10060056200639653,0.504747761931538,14643.0,0.08455160021204977,0.0767962346101545,24468.007837861405,25409.380830746257
M35_LogRCR_RefFieldDiversity_Moderation,integration_base,Log_RCR,reference_field_diversity,Log_RCR ~ HSS_Continuous * reference_field_diversity + log_team_size + log_prior_knowledge + C(year) + C(arxiv_primary_category),C(arxiv_primary_category)[T.hep-th],0.7443253803851281,0.10700699633965675,6.955857148092674,3.5042481196556716e-12,0.5345955214655914,0.9540552393046647,14643.0,0.08455160021204977,0.0767962346101545,24468.007837861405,25409.380830746257
M35_LogRCR_RefFieldDiversity_Moderation,integration_base,Log_RCR,reference_field_diversity,Log_RCR ~ HSS_Continuous * reference_field_diversity + log_team_size + log_prior_knowledge + C(year) + C(arxiv_primary_category),C(arxiv_primary_category)[T.math.AG],-0.05412573991658272,0.09662453151161823,-0.560165612912437,0.5753664797640343,-0.24350634170240998,0.13525486186924457,14643.0,0.08455160021204977,0.0767962346101545,24468.007837861405,25409.380830746257
M35_LogRCR_RefFieldDiversity_Moderation,integration_base,Log_RCR,reference_field_diversity,Log_RCR ~ HSS_Continuous * reference_field_diversity + log_team_size + log_prior_knowledge + C(year) + C(arxiv_primary_category),C(arxiv_primary_category)[T.math.AP],-0.26047914446027753,0.10111534726165691,-2.5760594362222164,0.009993346653610667,-0.45866158337738583,-0.06229670554316921,14643.0,0.08455160021204977,0.0767962346101545,24468.007837861405,25409.380830746257
M35_LogRCR_RefFieldDiversity_Moderation,integration_base,Log_RCR,reference_field_diversity,Log_RCR ~ HSS_Continuous * reference_field_diversity + log_team_size + log_prior_knowledge + C(year) + C(arxiv_primary_category),C(arxiv_primary_category)[T.math.CO],-0.16708745846584655,0.09845766324689892,-1.697048791893903,0.08968743636442299,-0.3600609324317414,0.025886015500048293,14643.0,0.08455160021204977,0.0767962346101545,24468.007837861405,25409.380830746257
M35_LogRCR_RefFieldDiversity_Moderation,integration_base,Log_RCR,reference_field_diversity,Log_RCR ~ HSS_Continuous * reference_field_diversity + log_team_size + log_prior_knowledge + C(year) + C(arxiv_primary_category),C(arxiv_primary_category)[T.math.DS],-0.20740714859269438,0.12424290090234939,-1.6693682060410775,0.09504443059439781,-0.4509187596960782,0.03610446251068941,14643.0,0.08455160021204977,0.0767962346101545,24468.007837861405,25409.380830746257
M35_LogRCR_RefFieldDiversity_Moderation,integration_base,Log_RCR,reference_field_diversity,Log_RCR ~ HSS_Continuous * reference_field_diversity + log_team_size + log_prior_knowledge + C(year) + C(arxiv_primary_category),C(arxiv_primary_category)[T.math.GR],-0.15286103330838274,0.0980065795862097,-1.55970174608452,0.11883037933960974,-0.34495039954531226,0.039228332928546744,14643.0,0.08455160021204977,0.0767962346101545,24468.007837861405,25409.380830746257
M35_LogRCR_RefFieldDiversity_Moderation,integration_base,Log_RCR,reference_field_diversity,Log_RCR ~ HSS_Continuous * reference_field_diversity + log_team_size + log_prior_knowledge + C(year) + C(arxiv_primary_category),C(arxiv_primary_category)[T.math.LO],-0.08691662203948172,0.09700626287818616,-0.8959897996341296,0.3702582111229168,-0.2770454035555514,0.10321215947658796,14643.0,0.08455160021204977,0.0767962346101545,24468.007837861405,25409.380830746257
M35_LogRCR_RefFieldDiversity_Moderation,integration_base,Log_RCR,reference_field_diversity,Log_RCR ~ HSS_Continuous * reference_field_diversity + log_team_size + log_prior_knowledge + C(year) + C(arxiv_primary_category),C(arxiv_primary_category)[T.math.NA],-0.21139376618194303,0.10323100692422649,-2.047773943899531,0.04058215457713638,-0.4137228218412319,-0.009064710522654174,14643.0,0.08455160021204977,0.0767962346101545,24468.007837861405,25409.380830746257
M35_LogRCR_RefFieldDiversity_Moderation,integration_base,Log_RCR,reference_field_diversity,Log_RCR ~ HSS_Continuous * reference_field_diversity + log_team_size + log_prior_knowledge + C(year) + C(arxiv_primary_category),C(arxiv_primary_category)[T.math.NT],-0.3315811164073539,0.0969337528180287,-3.420698227064651,0.0006246059792427079,-0.5215677808169981,-0.14159445199770967,14643.0,0.08455160021204977,0.0767962346101545,24468.007837861405,25409.380830746257
M35_LogRCR_RefFieldDiversity_Moderation,integration_base,Log_RCR,reference_field_diversity,Log_RCR ~ HSS_Continuous * reference_field_diversity + log_team_size + log_prior_knowledge + C(year) + C(arxiv_primary_category),C(arxiv_primary_category)[T.math.OC],-0.1559612273458995,0.10341952573986428,-1.5080443101063499,0.13154318679279758,-0.35865977309424657,0.046737318402447575,14643.0,0.08455160021204977,0.0767962346101545,24468.007837861405,25409.380830746257
M35_LogRCR_RefFieldDiversity_Moderation,integration_base,Log_RCR,reference_field_diversity,Log_RCR ~ HSS_Continuous * reference_field_diversity + log_team_size + log_prior_knowledge + C(year) + C(arxiv_primary_category),C(arxiv_primary_category)[T.math.PR],-0.17516249343649784,0.09896230306672105,-1.7699920879812399,0.0767284587694729,-0.36912504327440887,0.018800056401413162,14643.0,0.08455160021204977,0.0767962346101545,24468.007837861405,25409.380830746257
M35_LogRCR_RefFieldDiversity_Moderation,integration_base,Log_RCR,reference_field_diversity,Log_RCR ~ HSS_Continuous * reference_field_diversity + log_team_size + log_prior_knowledge + C(year) + C(arxiv_primary_category),C(arxiv_primary_category)[T.math.ST],-0.0752883473188339,0.12311859416559535,-0.6115107781166714,0.5408614851718023,-0.316596357710604,0.16601966307293625,14643.0,0.08455160021204977,0.0767962346101545,24468.007837861405,25409.380830746257
M35_LogRCR_RefFieldDiversity_Moderation,integration_base,Log_RCR,reference_field_diversity,Log_RCR ~ HSS_Continuous * reference_field_diversity + log_team_size + log_prior_knowledge + C(year) + C(arxiv_primary_category),C(arxiv_primary_category)[T.nlin.AO],-0.26588402927068083,0.1042485542291719,-2.5504816947982043,0.010757417305677145,-0.4702074410002285,-0.06156061754113318,14643.0,0.08455160021204977,0.0767962346101545,24468.007837861405,25409.380830746257
M35_LogRCR_RefFieldDiversity_Moderation,integration_base,Log_RCR,reference_field_diversity,Log_RCR ~ HSS_Continuous * reference_field_diversity + log_team_size + log_prior_knowledge + C(year) + C(arxiv_primary_category),C(arxiv_primary_category)[T.nlin.PS],-0.26933946859102914,0.09486458309400983,-2.8391994125364626,0.004522688338806938,-0.4552706348636957,-0.08340830231836258,14643.0,0.08455160021204977,0.0767962346101545,24468.007837861405,25409.380830746257
M35_LogRCR_RefFieldDiversity_Moderation,integration_base,Log_RCR,reference_field_diversity,Log_RCR ~ HSS_Continuous * reference_field_diversity + log_team_size + log_prior_knowledge + C(year) + C(arxiv_primary_category),C(arxiv_primary_category)[T.nucl-th],-0.2376277000606901,0.09640896370401562,-2.4647884484084797,0.013709416748695736,-0.42658579670739,-0.04866960341399018,14643.0,0.08455160021204977,0.0767962346101545,24468.007837861405,25409.380830746257
M35_LogRCR_RefFieldDiversity_Moderation,integration_base,Log_RCR,reference_field_diversity,Log_RCR ~ HSS_Continuous * reference_field_diversity + log_team_size + log_prior_knowledge + C(year) + C(arxiv_primary_category),C(arxiv_primary_category)[T.physics.acc-ph],-0.16975637450202333,0.10270410033327322,-1.6528685218133115,0.09835762478691258,-0.371052712219827,0.03153996321578034,14643.0,0.08455160021204977,0.0767962346101545,24468.007837861405,25409.380830746257
M35_LogRCR_RefFieldDiversity_Moderation,integration_base,Log_RCR,reference_field_diversity,Log_RCR ~ HSS_Continuous * reference_field_diversity + log_team_size + log_prior_knowledge + C(year) + C(arxiv_primary_category),C(arxiv_primary_category)[T.physics.ao-ph],-0.17339407532289847,0.10400862013560094,-1.6671125441029448,0.09549202827837824,-0.37724722487038376,0.030459074224586852,14643.0,0.08455160021204977,0.0767962346101545,24468.007837861405,25409.380830746257
M35_LogRCR_RefFieldDiversity_Moderation,integration_base,Log_RCR,reference_field_diversity,Log_RCR ~ HSS_Continuous * reference_field_diversity + log_team_size + log_prior_knowledge + C(year) + C(arxiv_primary_category),C(arxiv_primary_category)[T.physics.app-ph],-0.21098851283169343,0.10939397686234674,-1.9287031963120393,0.05376771922010478,-0.425396767607501,0.0034197419441141796,14643.0,0.08455160021204977,0.0767962346101545,24468.007837861405,25409.380830746257
M35_LogRCR_RefFieldDiversity_Moderation,integration_base,Log_RCR,reference_field_diversity,Log_RCR ~ HSS_Continuous * reference_field_diversity + log_team_size + log_prior_knowledge + C(year) + C(arxiv_primary_category),C(arxiv_primary_category)[T.physics.atom-ph],-0.34019568638605896,0.09479632739014343,-3.5887011211515696,0.00033232956638079857,-0.5259930739374079,-0.15439829883470998,14643.0,0.08455160021204977,0.0767962346101545,24468.007837861405,25409.380830746257
M35_LogRCR_RefFieldDiversity_Moderation,integration_base,Log_RCR,reference_field_diversity,Log_RCR ~ HSS_Continuous * reference_field_diversity + log_team_size + log_prior_knowledge + C(year) + C(arxiv_primary_category),C(arxiv_primary_category)[T.physics.bio-ph],-0.279739864898532,0.10365967706530137,-2.698637240807795,0.006962402363525126,-0.4829090985955753,-0.07657063120148866,14643.0,0.08455160021204977,0.0767962346101545,24468.007837861405,25409.380830746257
M35_LogRCR_RefFieldDiversity_Moderation,integration_base,Log_RCR,reference_field_diversity,Log_RCR ~ HSS_Continuous * reference_field_diversity + log_team_size + log_prior_knowledge + C(year) + C(arxiv_primary_category),C(arxiv_primary_category)[T.physics.chem-ph],-0.08977269488485805,0.16066693739629448,-0.5587502714601972,0.5763321651419726,-0.4046741056879468,0.2251287159182307,14643.0,0.08455160021204977,0.0767962346101545,24468.007837861405,25409.380830746257
M35_LogRCR_RefFieldDiversity_Moderation,integration_base,Log_RCR,reference_field_diversity,Log_RCR ~ HSS_Continuous * reference_field_diversity + log_team_size + log_prior_knowledge + C(year) + C(arxiv_primary_category),C(arxiv_primary_category)[T.physics.comp-ph],0.03568829674084206,0.1529221284657739,0.23337562129753903,0.8154697419555311,-0.2640335674912822,0.33541016097296633,14643.0,0.08455160021204977,0.0767962346101545,24468.007837861405,25409.380830746257
M35_LogRCR_RefFieldDiversity_Moderation,integration_base,Log_RCR,reference_field_diversity,Log_RCR ~ HSS_Continuous * reference_field_diversity + log_team_size + log_prior_knowledge + C(year) + C(arxiv_primary_category),C(arxiv_primary_category)[T.physics.data-an],-0.026970885957526364,0.19752835190968154,-0.13654184676161635,0.8913929453705,-0.4141193416260558,0.3601775697110031,14643.0,0.08455160021204977,0.0767962346101545,24468.007837861405,25409.380830746257
M35_LogRCR_RefFieldDiversity_Moderation,integration_base,Log_RCR,reference_field_diversity,Log_RCR ~ HSS_Continuous * reference_field_diversity + log_team_size + log_prior_knowledge + C(year) + C(arxiv_primary_category),C(arxiv_primary_category)[T.physics.ed-ph],-0.16223628166706536,0.16618957254033634,-0.9762121605294372,0.32895933826231327,-0.4879618584522313,0.1634892951181006,14643.0,0.08455160021204977,0.0767962346101545,24468.007837861405,25409.380830746257
M35_LogRCR_RefFieldDiversity_Moderation,integration_base,Log_RCR,reference_field_diversity,Log_RCR ~ HSS_Continuous * reference_field_diversity + log_team_size + log_prior_knowledge + C(year) + C(arxiv_primary_category),C(arxiv_primary_category)[T.physics.flu-dyn],-0.2790168670063756,0.1228649423385375,-2.2709233545040286,0.023151618187945654,-0.5198277289524995,-0.03820600506025168,14643.0,0.08455160021204977,0.0767962346101545,24468.007837861405,25409.380830746257
M35_LogRCR_RefFieldDiversity_Moderation,integration_base,Log_RCR,reference_field_diversity,Log_RCR ~ HSS_Continuous * reference_field_diversity + log_team_size + log_prior_knowledge + C(year) + C(arxiv_primary_category),C(arxiv_primary_category)[T.physics.geo-ph],0.008069748389002655,0.22865789178126775,0.03529179914210925,0.9718470625954412,-0.4400914842831394,0.4562309810611447,14643.0,0.08455160021204977,0.0767962346101545,24468.007837861405,25409.380830746257
M35_LogRCR_RefFieldDiversity_Moderation,integration_base,Log_RCR,reference_field_diversity,Log_RCR ~ HSS_Continuous * reference_field_diversity + log_team_size + log_prior_knowledge + C(year) + C(arxiv_primary_category),C(arxiv_primary_category)[T.physics.ins-det],-0.23671946076649936,0.10647916006236456,-2.2231529684104703,0.026205486969539667,-0.4454147795928096,-0.028024141940189123,14643.0,0.08455160021204977,0.0767962346101545,24468.007837861405,25409.380830746257
M35_LogRCR_RefFieldDiversity_Moderation,integration_base,Log_RCR,reference_field_diversity,Log_RCR ~ HSS_Continuous * reference_field_diversity + log_team_size + log_prior_knowledge + C(year) + C(arxiv_primary_category),C(arxiv_primary_category)[T.physics.med-ph],-0.25243737684740064,0.10973228822130153,-2.3004840319952136,0.0214208129178741,-0.4675087097023204,-0.03736604399248086,14643.0,0.08455160021204977,0.0767962346101545,24468.007837861405,25409.380830746257
M35_LogRCR_RefFieldDiversity_Moderation,integration_base,Log_RCR,reference_field_diversity,Log_RCR ~ HSS_Continuous * reference_field_diversity + log_team_size + log_prior_knowledge + C(year) + C(arxiv_primary_category),C(arxiv_primary_category)[T.physics.optics],-0.26623684717245283,0.1136334736940599,-2.342943839675739,0.019132262722213248,-0.4889543630509899,-0.043519331293915775,14643.0,0.08455160021204977,0.0767962346101545,24468.007837861405,25409.380830746257
M35_LogRCR_RefFieldDiversity_Moderation,integration_base,Log_RCR,reference_field_diversity,Log_RCR ~ HSS_Continuous * reference_field_diversity + log_team_size + log_prior_knowledge + C(year) + C(arxiv_primary_category),C(arxiv_primary_category)[T.physics.soc-ph],-0.2834606468040512,0.10966394800100256,-2.5848116174101246,0.009743221556596116,-0.49839803528848947,-0.06852325831961292,14643.0,0.08455160021204977,0.0767962346101545,24468.007837861405,25409.380830746257
M35_LogRCR_RefFieldDiversity_Moderation,integration_base,Log_RCR,reference_field_diversity,Log_RCR ~ HSS_Continuous * reference_field_diversity + log_team_size + log_prior_knowledge + C(year) + C(arxiv_primary_category),C(arxiv_primary_category)[T.physics.space-ph],-0.4977130736073676,0.23462780131722252,-2.1212877195846342,0.03389759717893477,-0.9575751139609432,-0.03785103325379202,14643.0,0.08455160021204977,0.0767962346101545,24468.007837861405,25409.380830746257
M35_LogRCR_RefFieldDiversity_Moderation,integration_base,Log_RCR,reference_field_diversity,Log_RCR ~ HSS_Continuous * reference_field_diversity + log_team_size + log_prior_knowledge + C(year) + C(arxiv_primary_category),C(arxiv_primary_category)[T.q-bio.BM],0.08370014727280757,0.174966621527222,0.47837779881796005,0.6323813323053236,-0.2592281294171981,0.4266284239628132,14643.0,0.08455160021204977,0.0767962346101545,24468.007837861405,25409.380830746257
M35_LogRCR_RefFieldDiversity_Moderation,integration_base,Log_RCR,reference_field_diversity,Log_RCR ~ HSS_Continuous * reference_field_diversity + log_team_size + log_prior_knowledge + C(year) + C(arxiv_primary_category),C(arxiv_primary_category)[T.q-bio.GN],-0.1994524240287019,0.1578302917485491,-1.2637144734324133,0.20633252832245985,-0.5087941115253074,0.10988926346790362,14643.0,0.08455160021204977,0.0767962346101545,24468.007837861405,25409.380830746257
M35_LogRCR_RefFieldDiversity_Moderation,integration_base,Log_RCR,reference_field_diversity,Log_RCR ~ HSS_Continuous * reference_field_diversity + log_team_size + log_prior_knowledge + C(year) + C(arxiv_primary_category),C(arxiv_primary_category)[T.q-bio.MN],-0.3214455194637691,0.12636162716761606,-2.5438539109454354,0.010963692784439536,-0.5691097577401746,-0.07378128118736357,14643.0,0.08455160021204977,0.0767962346101545,24468.007837861405,25409.380830746257
M35_LogRCR_RefFieldDiversity_Moderation,integration_base,Log_RCR,reference_field_diversity,Log_RCR ~ HSS_Continuous * reference_field_diversity + log_team_size + log_prior_knowledge + C(year) + C(arxiv_primary_category),C(arxiv_primary_category)[T.q-bio.NC],-0.30914640627505885,0.09840602399255988,-3.1415394478129945,0.0016806216723646821,-0.5020186691622607,-0.11627414338785705,14643.0,0.08455160021204977,0.0767962346101545,24468.007837861405,25409.380830746257
M35_LogRCR_RefFieldDiversity_Moderation,integration_base,Log_RCR,reference_field_diversity,Log_RCR ~ HSS_Continuous * reference_field_diversity + log_team_size + log_prior_knowledge + C(year) + C(arxiv_primary_category),C(arxiv_primary_category)[T.q-bio.OT],0.29368815361044626,0.2836317102048779,1.0354559911453631,0.30045600886250345,-0.2622197832646161,0.8495960904855087,14643.0,0.08455160021204977,0.0767962346101545,24468.007837861405,25409.380830746257
M35_LogRCR_RefFieldDiversity_Moderation,integration_base,Log_RCR,reference_field_diversity,Log_RCR ~ HSS_Continuous * reference_field_diversity + log_team_size + log_prior_knowledge + C(year) + C(arxiv_primary_category),C(arxiv_primary_category)[T.q-bio.PE],-0.0497027300280167,0.27241703509662496,-0.1824508882507564,0.8552288928796103,-0.5836303075925855,0.48422484753655204,14643.0,0.08455160021204977,0.0767962346101545,24468.007837861405,25409.380830746257
M35_LogRCR_RefFieldDiversity_Moderation,integration_base,Log_RCR,reference_field_diversity,Log_RCR ~ HSS_Continuous * reference_field_diversity + log_team_size + log_prior_knowledge + C(year) + C(arxiv_primary_category),C(arxiv_primary_category)[T.q-bio.QM],-0.23537142242020787,0.1064657438978197,-2.2107714068677824,0.027051670822222828,-0.4440404460471995,-0.02670239879321623,14643.0,0.08455160021204977,0.0767962346101545,24468.007837861405,25409.380830746257
M35_LogRCR_RefFieldDiversity_Moderation,integration_base,Log_RCR,reference_field_diversity,Log_RCR ~ HSS_Continuous * reference_field_diversity + log_team_size + log_prior_knowledge + C(year) + C(arxiv_primary_category),C(arxiv_primary_category)[T.q-bio.TO],0.3663819500933781,0.09464586855074604,3.871082337808924,0.00010835318229907325,0.1808794564484037,0.5518844437383525,14643.0,0.08455160021204977,0.0767962346101545,24468.007837861405,25409.380830746257
M35_LogRCR_RefFieldDiversity_Moderation,integration_base,Log_RCR,reference_field_diversity,Log_RCR ~ HSS_Continuous * reference_field_diversity + log_team_size + log_prior_knowledge + C(year) + C(arxiv_primary_category),C(arxiv_primary_category)[T.q-fin.CP],-0.1634765242757352,0.10940467867043355,-1.4942370496620678,0.13511367202573413,-0.3779057542099624,0.050952705658492,14643.0,0.08455160021204977,0.0767962346101545,24468.007837861405,25409.380830746257
M35_LogRCR_RefFieldDiversity_Moderation,integration_base,Log_RCR,reference_field_diversity,Log_RCR ~ HSS_Continuous * reference_field_diversity + log_team_size + log_prior_knowledge + C(year) + C(arxiv_primary_category),C(arxiv_primary_category)[T.q-fin.GN],-0.1984257012316585,0.09833043433562319,-2.017947978897239,0.04359667944429652,-0.39114981111366065,-0.0057015913496563375,14643.0,0.08455160021204977,0.0767962346101545,24468.007837861405,25409.380830746257
M35_LogRCR_RefFieldDiversity_Moderation,integration_base,Log_RCR,reference_field_diversity,Log_RCR ~ HSS_Continuous * reference_field_diversity + log_team_size + log_prior_knowledge + C(year) + C(arxiv_primary_category),C(arxiv_primary_category)[T.q-fin.MF],-0.24639745723465103,0.11224193199976608,-2.195235353175893,0.02814671950328294,-0.46638760150938635,-0.02640731295991572,14643.0,0.08455160021204977,0.0767962346101545,24468.007837861405,25409.380830746257
M35_LogRCR_RefFieldDiversity_Moderation,integration_base,Log_RCR,reference_field_diversity,Log_RCR ~ HSS_Continuous * reference_field_diversity + log_team_size + log_prior_knowledge + C(year) + C(arxiv_primary_category),C(arxiv_primary_category)[T.q-fin.PM],-0.34423375432231584,0.1087475284051657,-3.1654397977652255,0.0015484870194467618,-0.5573749934041872,-0.13109251524044457,14643.0,0.08455160021204977,0.0767962346101545,24468.007837861405,25409.380830746257
M35_LogRCR_RefFieldDiversity_Moderation,integration_base,Log_RCR,reference_field_diversity,Log_RCR ~ HSS_Continuous * reference_field_diversity + log_team_size + log_prior_knowledge + C(year) + C(arxiv_primary_category),C(arxiv_primary_category)[T.q-fin.ST],-0.045706650750942324,0.1282549735566285,-0.3563733201407698,0.721561006977604,-0.29708177976007116,0.20566847825818652,14643.0,0.08455160021204977,0.0767962346101545,24468.007837861405,25409.380830746257
M35_LogRCR_RefFieldDiversity_Moderation,integration_base,Log_RCR,reference_field_diversity,Log_RCR ~ HSS_Continuous * reference_field_diversity + log_team_size + log_prior_knowledge + C(year) + C(arxiv_primary_category),C(arxiv_primary_category)[T.q-fin.TR],-0.03398116787143681,0.11321821085226487,-0.3001387110398507,0.7640713524229222,-0.25588478353593785,0.18792244779306422,14643.0,0.08455160021204977,0.0767962346101545,24468.007837861405,25409.380830746257
M35_LogRCR_RefFieldDiversity_Moderation,integration_base,Log_RCR,reference_field_diversity,Log_RCR ~ HSS_Continuous * reference_field_diversity + log_team_size + log_prior_knowledge + C(year) + C(arxiv_primary_category),C(arxiv_primary_category)[T.quant-ph],-0.01479575731168039,0.11138174576721399,-0.1328382600736325,0.8943212953169745,-0.23309996755061643,0.20350845292725564,14643.0,0.08455160021204977,0.0767962346101545,24468.007837861405,25409.380830746257
M35_LogRCR_RefFieldDiversity_Moderation,integration_base,Log_RCR,reference_field_diversity,Log_RCR ~ HSS_Continuous * reference_field_diversity + log_team_size + log_prior_knowledge + C(year) + C(arxiv_primary_category),C(arxiv_primary_category)[T.stat.AP],-0.22831275000217585,0.10060985496479743,-2.269288133672995,0.023250809675978944,-0.4255044422229772,-0.031121057781374528,14643.0,0.08455160021204977,0.0767962346101545,24468.007837861405,25409.380830746257
M35_LogRCR_RefFieldDiversity_Moderation,integration_base,Log_RCR,reference_field_diversity,Log_RCR ~ HSS_Continuous * reference_field_diversity + log_team_size + log_prior_knowledge + C(year) + C(arxiv_primary_category),C(arxiv_primary_category)[T.stat.CO],-0.1744357666938997,0.10122164576592611,-1.7233049845611126,0.08483338684835803,-0.37282654685098615,0.023955013463186736,14643.0,0.08455160021204977,0.0767962346101545,24468.007837861405,25409.380830746257
M35_LogRCR_RefFieldDiversity_Moderation,integration_base,Log_RCR,reference_field_diversity,Log_RCR ~ HSS_Continuous * reference_field_diversity + log_team_size + log_prior_knowledge + C(year) + C(arxiv_primary_category),C(arxiv_primary_category)[T.stat.ME],-0.24512539717533818,0.11259756104565921,-2.1770045007985375,0.029480231629104913,-0.4658125615718804,-0.024438232778795976,14643.0,0.08455160021204977,0.0767962346101545,24468.007837861405,25409.380830746257
M35_LogRCR_RefFieldDiversity_Moderation,integration_base,Log_RCR,reference_field_diversity,Log_RCR ~ HSS_Continuous * reference_field_diversity + log_team_size + log_prior_knowledge + C(year) + C(arxiv_primary_category),C(arxiv_primary_category)[T.stat.ML],0.06647352350765268,0.10011139316621488,0.6639955893660048,0.5066931340307363,-0.12974120154025778,0.26268824855556316,14643.0,0.08455160021204977,0.0767962346101545,24468.007837861405,25409.380830746257
M35_LogRCR_RefFieldDiversity_Moderation,integration_base,Log_RCR,reference_field_diversity,Log_RCR ~ HSS_Continuous * reference_field_diversity + log_team_size + log_prior_knowledge + C(year) + C(arxiv_primary_category),HSS_Continuous,-0.0013019374521863448,0.014105303968464563,-0.09230126873530026,0.9264586803698979,-0.028947825221366786,0.0263439503169941,14643.0,0.08455160021204977,0.0767962346101545,24468.007837861405,25409.380830746257
M35_LogRCR_RefFieldDiversity_Moderation,integration_base,Log_RCR,reference_field_diversity,Log_RCR ~ HSS_Continuous * reference_field_diversity + log_team_size + log_prior_knowledge + C(year) + C(arxiv_primary_category),reference_field_diversity,0.020541139408187484,0.004092650695493756,5.019030681217056,5.193285591685679e-07,0.012519691443716919,0.02856258737265805,14643.0,0.08455160021204977,0.0767962346101545,24468.007837861405,25409.380830746257
M35_LogRCR_RefFieldDiversity_Moderation,integration_base,Log_RCR,reference_field_diversity,Log_RCR ~ HSS_Continuous * reference_field_diversity + log_team_size + log_prior_knowledge + C(year) + C(arxiv_primary_category),HSS_Continuous:reference_field_diversity,-0.00036634607782809415,0.00297944644619535,-0.12295776562653288,0.9021405422605255,-0.006205953806236835,0.005473261650580648,14643.0,0.08455160021204977,0.0767962346101545,24468.007837861405,25409.380830746257
M35_LogRCR_RefFieldDiversity_Moderation,integration_base,Log_RCR,reference_field_diversity,Log_RCR ~ HSS_Continuous * reference_field_diversity + log_team_size + log_prior_knowledge + C(year) + C(arxiv_primary_category),log_team_size,0.12630241982812246,0.02066739917433318,6.111190806484122,9.889044464982958e-10,0.08579506179231658,0.16680977786392834,14643.0,0.08455160021204977,0.0767962346101545,24468.007837861405,25409.380830746257
M35_LogRCR_RefFieldDiversity_Moderation,integration_base,Log_RCR,reference_field_diversity,Log_RCR ~ HSS_Continuous * reference_field_diversity + log_team_size + log_prior_knowledge + C(year) + C(arxiv_primary_category),log_prior_knowledge,0.06290232074981916,0.005175620671222278,12.153580168572152,5.49074225889359e-34,0.05275829063658248,0.07304635086305585,14643.0,0.08455160021204977,0.0767962346101545,24468.007837861405,25409.380830746257
M35_LogRCR_RefEntropy_Moderation,integration_base,Log_RCR,reference_entropy,Log_RCR ~ HSS_Continuous * reference_entropy + log_team_size + log_prior_knowledge + C(year) + C(arxiv_primary_category),Intercept,0.053376158687083654,0.16214951397772914,0.3291786535629995,0.7420206566421037,-0.2644310488199395,0.37118336619410686,14643.0,0.08254561992733978,0.07477326034686338,24500.059271641083,25441.432264525934
M35_LogRCR_RefEntropy_Moderation,integration_base,Log_RCR,reference_entropy,Log_RCR ~ HSS_Continuous * reference_entropy + log_team_size + log_prior_knowledge + C(year) + C(arxiv_primary_category),C(year)[T.2015],-0.06405679282101426,0.14601151116122127,-0.4387105668010297,0.6608712695158256,-0.3502340960252761,0.22212051038324757,14643.0,0.08254561992733978,0.07477326034686338,24500.059271641083,25441.432264525934
M35_LogRCR_RefEntropy_Moderation,integration_base,Log_RCR,reference_entropy,Log_RCR ~ HSS_Continuous * reference_entropy + log_team_size + log_prior_knowledge + C(year) + C(arxiv_primary_category),C(year)[T.2016],0.011469728483198535,0.1362335598862948,0.08419165213601967,0.9329040552550228,-0.25554314237961984,0.27848259934601693,14643.0,0.08254561992733978,0.07477326034686338,24500.059271641083,25441.432264525934
M35_LogRCR_RefEntropy_Moderation,integration_base,Log_RCR,reference_entropy,Log_RCR ~ HSS_Continuous * reference_entropy + log_team_size + log_prior_knowledge + C(year) + C(arxiv_primary_category),C(year)[T.2017],0.031410230290200646,0.13194182732764695,0.2380612041411297,0.8118336243788038,-0.22719099932639006,0.29001145990679134,14643.0,0.08254561992733978,0.07477326034686338,24500.059271641083,25441.432264525934
M35_LogRCR_RefEntropy_Moderation,integration_base,Log_RCR,reference_entropy,Log_RCR ~ HSS_Continuous * reference_entropy + log_team_size + log_prior_knowledge + C(year) + C(arxiv_primary_category),C(year)[T.2018],0.009955528289362385,0.13138618750402195,0.07577302057765874,0.9395996808601744,-0.24755666728454714,0.2674677238632719,14643.0,0.08254561992733978,0.07477326034686338,24500.059271641083,25441.432264525934
M35_LogRCR_RefEntropy_Moderation,integration_base,Log_RCR,reference_entropy,Log_RCR ~ HSS_Continuous * reference_entropy + log_team_size + log_prior_knowledge + C(year) + C(arxiv_primary_category),C(year)[T.2019],-0.029661247214897414,0.13127085442603006,-0.22595455285629498,0.8212367677603793,-0.2869473941097167,0.22762489967992186,14643.0,0.08254561992733978,0.07477326034686338,24500.059271641083,25441.432264525934
M35_LogRCR_RefEntropy_Moderation,integration_base,Log_RCR,reference_entropy,Log_RCR ~ HSS_Continuous * reference_entropy + log_team_size + log_prior_knowledge + C(year) + C(arxiv_primary_category),C(year)[T.2020],-0.03662376633488955,0.13111674371093113,-0.2793218112221639,0.7799978692185809,-0.2936078617784832,0.22036032910870407,14643.0,0.08254561992733978,0.07477326034686338,24500.059271641083,25441.432264525934
M35_LogRCR_RefEntropy_Moderation,integration_base,Log_RCR,reference_entropy,Log_RCR ~ HSS_Continuous * reference_entropy + log_team_size + log_prior_knowledge + C(year) + C(arxiv_primary_category),C(year)[T.2021],-0.03606221623830361,0.1310805380792826,-0.27511495426187355,0.7832279228924126,-0.2929753499478286,0.2208509174712214,14643.0,0.08254561992733978,0.07477326034686338,24500.059271641083,25441.432264525934
M35_LogRCR_RefEntropy_Moderation,integration_base,Log_RCR,reference_entropy,Log_RCR ~ HSS_Continuous * reference_entropy + log_team_size + log_prior_knowledge + C(year) + C(arxiv_primary_category),C(year)[T.2022],0.1554836137084878,0.15381287468650695,1.0108621532845417,0.3120824103509341,-0.14598408103563837,0.45695130845261395,14643.0,0.08254561992733978,0.07477326034686338,24500.059271641083,25441.432264525934
M35_LogRCR_RefEntropy_Moderation,integration_base,Log_RCR,reference_entropy,Log_RCR ~ HSS_Continuous * reference_entropy + log_team_size + log_prior_knowledge + C(year) + C(arxiv_primary_category),C(year)[T.2023],0.17925887339533603,0.13644811063694934,1.3137512315747213,0.18892993416154946,-0.08817450921162134,0.4466922560022934,14643.0,0.08254561992733978,0.07477326034686338,24500.059271641083,25441.432264525934
M35_LogRCR_RefEntropy_Moderation,integration_base,Log_RCR,reference_entropy,Log_RCR ~ HSS_Continuous * reference_entropy + log_team_size + log_prior_knowledge + C(year) + C(arxiv_primary_category),C(year)[T.2024],0.7984737312309924,0.2892702210010715,2.760303941649198,0.005774760795608442,0.23151451626895025,1.3654329461930346,14643.0,0.08254561992733978,0.07477326034686338,24500.059271641083,25441.432264525934
M35_LogRCR_RefEntropy_Moderation,integration_base,Log_RCR,reference_entropy,Log_RCR ~ HSS_Continuous * reference_entropy + log_team_size + log_prior_knowledge + C(year) + C(arxiv_primary_category),C(year)[T.2025],0.23786859173357974,0.25475616551279684,0.9337108338664769,0.35045307499726586,-0.26144431751102704,0.7371815009781866,14643.0,0.08254561992733978,0.07477326034686338,24500.059271641083,25441.432264525934
M35_LogRCR_RefEntropy_Moderation,integration_base,Log_RCR,reference_entropy,Log_RCR ~ HSS_Continuous * reference_entropy + log_team_size + log_prior_knowledge + C(year) + C(arxiv_primary_category),C(arxiv_primary_category)[T.astro-ph.GA],-0.3537287241461952,0.10649580659960095,-3.321527254834846,0.0008952623825811622,-0.5624566695859561,-0.14500077870643435,14643.0,0.08254561992733978,0.07477326034686338,24500.059271641083,25441.432264525934
M35_LogRCR_RefEntropy_Moderation,integration_base,Log_RCR,reference_entropy,Log_RCR ~ HSS_Continuous * reference_entropy + log_team_size + log_prior_knowledge + C(year) + C(arxiv_primary_category),C(arxiv_primary_category)[T.astro-ph.HE],-0.45017880546273353,0.09247593583023458,-4.86806433934513,1.1269664275357192e-06,-0.6314283091266304,-0.2689293017988366,14643.0,0.08254561992733978,0.07477326034686338,24500.059271641083,25441.432264525934
M35_LogRCR_RefEntropy_Moderation,integration_base,Log_RCR,reference_entropy,Log_RCR ~ HSS_Continuous * reference_entropy + log_team_size + log_prior_knowledge + C(year) + C(arxiv_primary_category),C(arxiv_primary_category)[T.astro-ph.IM],-0.04858759807148328,0.18407578141868614,-0.26395432194835705,0.7918151165866546,-0.4093695000781754,0.31219430393520886,14643.0,0.08254561992733978,0.07477326034686338,24500.059271641083,25441.432264525934
M35_LogRCR_RefEntropy_Moderation,integration_base,Log_RCR,reference_entropy,Log_RCR ~ HSS_Continuous * reference_entropy + log_team_size + log_prior_knowledge + C(year) + C(arxiv_primary_category),C(arxiv_primary_category)[T.astro-ph.SR],-0.37951630753125504,0.10626055434558042,-3.5715634072168743,0.00035485661051707116,-0.5877831670258538,-0.1712494480366563,14643.0,0.08254561992733978,0.07477326034686338,24500.059271641083,25441.432264525934
M35_LogRCR_RefEntropy_Moderation,integration_base,Log_RCR,reference_entropy,Log_RCR ~ HSS_Continuous * reference_entropy + log_team_size + log_prior_knowledge + C(year) + C(arxiv_primary_category),C(arxiv_primary_category)[T.cond-mat.dis-nn],0.16477834236419486,0.38656570815028535,0.42626218231476937,0.6699168113431149,-0.5928765232685861,0.9224332079969758,14643.0,0.08254561992733978,0.07477326034686338,24500.059271641083,25441.432264525934
M35_LogRCR_RefEntropy_Moderation,integration_base,Log_RCR,reference_entropy,Log_RCR ~ HSS_Continuous * reference_entropy + log_team_size + log_prior_knowledge + C(year) + C(arxiv_primary_category),C(arxiv_primary_category)[T.cond-mat.mes-hall],-0.2635016627298077,0.0927922070533583,-2.8396960380335208,0.0045156539328731074,-0.4453710466003735,-0.08163227885924182,14643.0,0.08254561992733978,0.07477326034686338,24500.059271641083,25441.432264525934
M35_LogRCR_RefEntropy_Moderation,integration_base,Log_RCR,reference_entropy,Log_RCR ~ HSS_Continuous * reference_entropy + log_team_size + log_prior_knowledge + C(year) + C(arxiv_primary_category),C(arxiv_primary_category)[T.cond-mat.mtrl-sci],-0.2946086563583855,0.11485086021698858,-2.565141051636698,0.010313386978199602,-0.5197122059771272,-0.0695051067396438,14643.0,0.08254561992733978,0.07477326034686338,24500.059271641083,25441.432264525934
M35_LogRCR_RefEntropy_Moderation,integration_base,Log_RCR,reference_entropy,Log_RCR ~ HSS_Continuous * reference_entropy + log_team_size + log_prior_knowledge + C(year) + C(arxiv_primary_category),C(arxiv_primary_category)[T.cond-mat.other],-0.052684927518003286,0.09274747400965506,-0.568047033955003,0.5700030313252535,-0.23446663623399194,0.12909678119798534,14643.0,0.08254561992733978,0.07477326034686338,24500.059271641083,25441.432264525934
M35_LogRCR_RefEntropy_Moderation,integration_base,Log_RCR,reference_entropy,Log_RCR ~ HSS_Continuous * reference_entropy + log_team_size + log_prior_knowledge + C(year) + C(arxiv_primary_category),C(arxiv_primary_category)[T.cond-mat.soft],-0.32874117250268736,0.09239705827388632,-3.5579181701675204,0.00037380571798724583,-0.5098360789969532,-0.14764626600842157,14643.0,0.08254561992733978,0.07477326034686338,24500.059271641083,25441.432264525934
M35_LogRCR_RefEntropy_Moderation,integration_base,Log_RCR,reference_entropy,Log_RCR ~ HSS_Continuous * reference_entropy + log_team_size + log_prior_knowledge + C(year) + C(arxiv_primary_category),C(arxiv_primary_category)[T.cond-mat.stat-mech],-0.20991997017114555,0.1033123533333,-2.0318961227600205,0.04216417314653933,-0.41240846186249014,-0.007431478479800968,14643.0,0.08254561992733978,0.07477326034686338,24500.059271641083,25441.432264525934
M35_LogRCR_RefEntropy_Moderation,integration_base,Log_RCR,reference_entropy,Log_RCR ~ HSS_Continuous * reference_entropy + log_team_size + log_prior_knowledge + C(year) + C(arxiv_primary_category),C(arxiv_primary_category)[T.cond-mat.str-el],0.045567645762703224,0.0916556452443959,0.49716136568783104,0.6190752633133647,-0.1340741178960926,0.22520940942149906,14643.0,0.08254561992733978,0.07477326034686338,24500.059271641083,25441.432264525934
M35_LogRCR_RefEntropy_Moderation,integration_base,Log_RCR,reference_entropy,Log_RCR ~ HSS_Continuous * reference_entropy + log_team_size + log_prior_knowledge + C(year) + C(arxiv_primary_category),C(arxiv_primary_category)[T.cs.AI],-0.13134331080059505,0.09704509445217417,-1.3534255548107457,0.17591971805571105,-0.3215482008031442,0.05886157920195412,14643.0,0.08254561992733978,0.07477326034686338,24500.059271641083,25441.432264525934
M35_LogRCR_RefEntropy_Moderation,integration_base,Log_RCR,reference_entropy,Log_RCR ~ HSS_Continuous * reference_entropy + log_team_size + log_prior_knowledge + C(year) + C(arxiv_primary_category),C(arxiv_primary_category)[T.cs.AR],-0.2944432582534487,0.1071163428845128,-2.7488173169887054,0.005981071085484251,-0.5043874324627371,-0.08449908404416032,14643.0,0.08254561992733978,0.07477326034686338,24500.059271641083,25441.432264525934
M35_LogRCR_RefEntropy_Moderation,integration_base,Log_RCR,reference_entropy,Log_RCR ~ HSS_Continuous * reference_entropy + log_team_size + log_prior_knowledge + C(year) + C(arxiv_primary_category),C(arxiv_primary_category)[T.cs.CC],-0.2616828210858319,0.11323116009415328,-2.3110495456218856,0.020830118380166834,-0.4836118167980613,-0.039753825373602475,14643.0,0.08254561992733978,0.07477326034686338,24500.059271641083,25441.432264525934
M35_LogRCR_RefEntropy_Moderation,integration_base,Log_RCR,reference_entropy,Log_RCR ~ HSS_Continuous * reference_entropy + log_team_size + log_prior_knowledge + C(year) + C(arxiv_primary_category),C(arxiv_primary_category)[T.cs.CE],-0.15749399786732976,0.11745623295127398,-1.340873906050309,0.17996139556216373,-0.3877039842115735,0.07271598847691399,14643.0,0.08254561992733978,0.07477326034686338,24500.059271641083,25441.432264525934
M35_LogRCR_RefEntropy_Moderation,integration_base,Log_RCR,reference_entropy,Log_RCR ~ HSS_Continuous * reference_entropy + log_team_size + log_prior_knowledge + C(year) + C(arxiv_primary_category),C(arxiv_primary_category)[T.cs.CG],-0.21182970096017154,0.11014165367244165,-1.923247871238137,0.05444892784981501,-0.4277033753558409,0.004043973435497866,14643.0,0.08254561992733978,0.07477326034686338,24500.059271641083,25441.432264525934
M35_LogRCR_RefEntropy_Moderation,integration_base,Log_RCR,reference_entropy,Log_RCR ~ HSS_Continuous * reference_entropy + log_team_size + log_prior_knowledge + C(year) + C(arxiv_primary_category),C(arxiv_primary_category)[T.cs.CL],-0.12995645953184998,0.09253546137599998,-1.4043962995310197,0.16020087220580848,-0.3113226311216072,0.05140971205790723,14643.0,0.08254561992733978,0.07477326034686338,24500.059271641083,25441.432264525934
M35_LogRCR_RefEntropy_Moderation,integration_base,Log_RCR,reference_entropy,Log_RCR ~ HSS_Continuous * reference_entropy + log_team_size + log_prior_knowledge + C(year) + C(arxiv_primary_category),C(arxiv_primary_category)[T.cs.CR],-0.11019864600006668,0.09805077707575348,-1.123893652723709,0.2610581443540628,-0.30237463772470907,0.08197734572457568,14643.0,0.08254561992733978,0.07477326034686338,24500.059271641083,25441.432264525934
M35_LogRCR_RefEntropy_Moderation,integration_base,Log_RCR,reference_entropy,Log_RCR ~ HSS_Continuous * reference_entropy + log_team_size + log_prior_knowledge + C(year) + C(arxiv_primary_category),C(arxiv_primary_category)[T.cs.CV],-0.0480645522929362,0.09240664536896954,-0.5201417289960018,0.6029647957463864,-0.2291782491482815,0.13304914456240907,14643.0,0.08254561992733978,0.07477326034686338,24500.059271641083,25441.432264525934
M35_LogRCR_RefEntropy_Moderation,integration_base,Log_RCR,reference_entropy,Log_RCR ~ HSS_Continuous * reference_entropy + log_team_size + log_prior_knowledge + C(year) + C(arxiv_primary_category),C(arxiv_primary_category)[T.cs.CY],0.13361153912271337,0.14567718830888235,0.9171754388848724,0.3590507149910961,-0.15191050333175546,0.41913358157718217,14643.0,0.08254561992733978,0.07477326034686338,24500.059271641083,25441.432264525934
M35_LogRCR_RefEntropy_Moderation,integration_base,Log_RCR,reference_entropy,Log_RCR ~ HSS_Continuous * reference_entropy + log_team_size + log_prior_knowledge + C(year) + C(arxiv_primary_category),C(arxiv_primary_category)[T.cs.DB],-0.2276266922196016,0.10054193738199506,-2.263997473559374,0.023574270166685566,-0.42468526842419324,-0.030568116015009972,14643.0,0.08254561992733978,0.07477326034686338,24500.059271641083,25441.432264525934
M35_LogRCR_RefEntropy_Moderation,integration_base,Log_RCR,reference_entropy,Log_RCR ~ HSS_Continuous * reference_entropy + log_team_size + log_prior_knowledge + C(year) + C(arxiv_primary_category),C(arxiv_primary_category)[T.cs.DC],-0.15529726207456862,0.11617598227228615,-1.3367415453444793,0.18130701572058872,-0.38299800319681326,0.07240347904767602,14643.0,0.08254561992733978,0.07477326034686338,24500.059271641083,25441.432264525934
M35_LogRCR_RefEntropy_Moderation,integration_base,Log_RCR,reference_entropy,Log_RCR ~ HSS_Continuous * reference_entropy + log_team_size + log_prior_knowledge + C(year) + C(arxiv_primary_category),C(arxiv_primary_category)[T.cs.DL],-0.38037416798463236,0.10351925316788513,-3.674429213353678,0.00023838171924531548,-0.5832681759001711,-0.17748016006909362,14643.0,0.08254561992733978,0.07477326034686338,24500.059271641083,25441.432264525934
M35_LogRCR_RefEntropy_Moderation,integration_base,Log_RCR,reference_entropy,Log_RCR ~ HSS_Continuous * reference_entropy + log_team_size + log_prior_knowledge + C(year) + C(arxiv_primary_category),C(arxiv_primary_category)[T.cs.DM],-0.2578003155193197,0.09281134797182362,-2.777680974934064,0.005474834248690703,-0.43970721490070863,-0.0758934161379308,14643.0,0.08254561992733978,0.07477326034686338,24500.059271641083,25441.432264525934
M35_LogRCR_RefEntropy_Moderation,integration_base,Log_RCR,reference_entropy,Log_RCR ~ HSS_Continuous * reference_entropy + log_team_size + log_prior_knowledge + C(year) + C(arxiv_primary_category),C(arxiv_primary_category)[T.cs.DS],-0.22302861212612932,0.10318691934274918,-2.161403921608609,0.030664151442209343,-0.42527125771355717,-0.02078596653870146,14643.0,0.08254561992733978,0.07477326034686338,24500.059271641083,25441.432264525934
M35_LogRCR_RefEntropy_Moderation,integration_base,Log_RCR,reference_entropy,Log_RCR ~ HSS_Continuous * reference_entropy + log_team_size + log_prior_knowledge + C(year) + C(arxiv_primary_category),C(arxiv_primary_category)[T.cs.ET],-0.17918829251667717,0.14063072273710472,-1.2741760052791027,0.20260104691210234,-0.45481944420124054,0.0964428591678862,14643.0,0.08254561992733978,0.07477326034686338,24500.059271641083,25441.432264525934
M35_LogRCR_RefEntropy_Moderation,integration_base,Log_RCR,reference_entropy,Log_RCR ~ HSS_Continuous * reference_entropy + log_team_size + log_prior_knowledge + C(year) + C(arxiv_primary_category),C(arxiv_primary_category)[T.cs.FL],-0.1808429392012323,0.09633437869981495,-1.8772419736546209,0.06048493712642271,-0.36965485192591213,0.007968973523447553,14643.0,0.08254561992733978,0.07477326034686338,24500.059271641083,25441.432264525934
M35_LogRCR_RefEntropy_Moderation,integration_base,Log_RCR,reference_entropy,Log_RCR ~ HSS_Continuous * reference_entropy + log_team_size + log_prior_knowledge + C(year) + C(arxiv_primary_category),C(arxiv_primary_category)[T.cs.GR],-0.10048525676478796,0.10825616953713774,-0.9282173680671019,0.353294826960887,-0.31266345016184005,0.11169293663226414,14643.0,0.08254561992733978,0.07477326034686338,24500.059271641083,25441.432264525934
M35_LogRCR_RefEntropy_Moderation,integration_base,Log_RCR,reference_entropy,Log_RCR ~ HSS_Continuous * reference_entropy + log_team_size + log_prior_knowledge + C(year) + C(arxiv_primary_category),C(arxiv_primary_category)[T.cs.GT],-0.1652166959502891,0.20285544867413435,-0.8144553031735031,0.4153841679182052,-0.5628060694193059,0.2323726775187277,14643.0,0.08254561992733978,0.07477326034686338,24500.059271641083,25441.432264525934
M35_LogRCR_RefEntropy_Moderation,integration_base,Log_RCR,reference_entropy,Log_RCR ~ HSS_Continuous * reference_entropy + log_team_size + log_prior_knowledge + C(year) + C(arxiv_primary_category),C(arxiv_primary_category)[T.cs.HC],-0.2741870774457107,0.10270094365852277,-2.6697620068358248,0.0075905027048850495,-0.47547722819469257,-0.07289692669672881,14643.0,0.08254561992733978,0.07477326034686338,24500.059271641083,25441.432264525934
M35_LogRCR_RefEntropy_Moderation,integration_base,Log_RCR,reference_entropy,Log_RCR ~ HSS_Continuous * reference_entropy + log_team_size + log_prior_knowledge + C(year) + C(arxiv_primary_category),C(arxiv_primary_category)[T.cs.IR],-0.1434932596191324,0.09801452800313219,-1.463999904325886,0.1431939744879294,-0.3355982044669641,0.04861168522869927,14643.0,0.08254561992733978,0.07477326034686338,24500.059271641083,25441.432264525934
M35_LogRCR_RefEntropy_Moderation,integration_base,Log_RCR,reference_entropy,Log_RCR ~ HSS_Continuous * reference_entropy + log_team_size + log_prior_knowledge + C(year) + C(arxiv_primary_category),C(arxiv_primary_category)[T.cs.IT],-0.31999032882824463,0.09213685059290824,-3.472989653641083,0.0005146951963144585,-0.5005752376392927,-0.13940542001719655,14643.0,0.08254561992733978,0.07477326034686338,24500.059271641083,25441.432264525934
M35_LogRCR_RefEntropy_Moderation,integration_base,Log_RCR,reference_entropy,Log_RCR ~ HSS_Continuous * reference_entropy + log_team_size + log_prior_knowledge + C(year) + C(arxiv_primary_category),C(arxiv_primary_category)[T.cs.LG],0.043746538750237735,0.09281681564592936,0.4713212627022107,0.6374113338837408,-0.1381710770754776,0.22566415457595307,14643.0,0.08254561992733978,0.07477326034686338,24500.059271641083,25441.432264525934
M35_LogRCR_RefEntropy_Moderation,integration_base,Log_RCR,reference_entropy,Log_RCR ~ HSS_Continuous * reference_entropy + log_team_size + log_prior_knowledge + C(year) + C(arxiv_primary_category),C(arxiv_primary_category)[T.cs.LO],-0.2081079565627253,0.09738796225261731,-2.1368960983381946,0.032606443425325246,-0.3989848551056015,-0.017231058019849088,14643.0,0.08254561992733978,0.07477326034686338,24500.059271641083,25441.432264525934
M35_LogRCR_RefEntropy_Moderation,integration_base,Log_RCR,reference_entropy,Log_RCR ~ HSS_Continuous * reference_entropy + log_team_size + log_prior_knowledge + C(year) + C(arxiv_primary_category),C(arxiv_primary_category)[T.cs.MA],-0.1071340341142484,0.2464535655165541,-0.434702715254701,0.6637782272562951,-0.590174146388177,0.37590607815968025,14643.0,0.08254561992733978,0.07477326034686338,24500.059271641083,25441.432264525934
M35_LogRCR_RefEntropy_Moderation,integration_base,Log_RCR,reference_entropy,Log_RCR ~ HSS_Continuous * reference_entropy + log_team_size + log_prior_knowledge + C(year) + C(arxiv_primary_category),C(arxiv_primary_category)[T.cs.MM],-0.25369453387844654,0.10079420294067658,-2.5169556033670006,0.011837374419234286,-0.45124754149259383,-0.056141526264299246,14643.0,0.08254561992733978,0.07477326034686338,24500.059271641083,25441.432264525934
M35_LogRCR_RefEntropy_Moderation,integration_base,Log_RCR,reference_entropy,Log_RCR ~ HSS_Continuous * reference_entropy + log_team_size + log_prior_knowledge + C(year) + C(arxiv_primary_category),C(arxiv_primary_category)[T.cs.MS],-0.3053702068975135,0.11479943307243776,-2.6600323601321856,0.007813314418205564,-0.5303729611651078,-0.08036745262991912,14643.0,0.08254561992733978,0.07477326034686338,24500.059271641083,25441.432264525934
M35_LogRCR_RefEntropy_Moderation,integration_base,Log_RCR,reference_entropy,Log_RCR ~ HSS_Continuous * reference_entropy + log_team_size + log_prior_knowledge + C(year) + C(arxiv_primary_category),C(arxiv_primary_category)[T.cs.NE],-0.060177029679518726,0.11281271058550545,-0.5334241980996286,0.5937399705193256,-0.2812858794254499,0.1609318200664125,14643.0,0.08254561992733978,0.07477326034686338,24500.059271641083,25441.432264525934
M35_LogRCR_RefEntropy_Moderation,integration_base,Log_RCR,reference_entropy,Log_RCR ~ HSS_Continuous * reference_entropy + log_team_size + log_prior_knowledge + C(year) + C(arxiv_primary_category),C(arxiv_primary_category)[T.cs.NI],-0.31951951188079547,0.09710945871794693,-3.290302675961107,0.0010007966722878207,-0.5098505535261506,-0.1291884702354403,14643.0,0.08254561992733978,0.07477326034686338,24500.059271641083,25441.432264525934
M35_LogRCR_RefEntropy_Moderation,integration_base,Log_RCR,reference_entropy,Log_RCR ~ HSS_Continuous * reference_entropy + log_team_size + log_prior_knowledge + C(year) + C(arxiv_primary_category),C(arxiv_primary_category)[T.cs.OH],0.7365214031452564,0.7207376223993412,1.0218994822184677,0.306828477561921,-0.6760983790604814,2.1491411853509943,14643.0,0.08254561992733978,0.07477326034686338,24500.059271641083,25441.432264525934
M35_LogRCR_RefEntropy_Moderation,integration_base,Log_RCR,reference_entropy,Log_RCR ~ HSS_Continuous * reference_entropy + log_team_size + log_prior_knowledge + C(year) + C(arxiv_primary_category),C(arxiv_primary_category)[T.cs.PF],-0.495762027991307,0.0934512409041721,-5.305034188895118,1.1265188047839724e-07,-0.6789230944740606,-0.3126009615085533,14643.0,0.08254561992733978,0.07477326034686338,24500.059271641083,25441.432264525934
M35_LogRCR_RefEntropy_Moderation,integration_base,Log_RCR,reference_entropy,Log_RCR ~ HSS_Continuous * reference_entropy + log_team_size + log_prior_knowledge + C(year) + C(arxiv_primary_category),C(arxiv_primary_category)[T.cs.PL],-0.29573706518915144,0.12132150705824873,-2.437630988602561,0.014783856942758605,-0.533522849573441,-0.05795128080486195,14643.0,0.08254561992733978,0.07477326034686338,24500.059271641083,25441.432264525934
M35_LogRCR_RefEntropy_Moderation,integration_base,Log_RCR,reference_entropy,Log_RCR ~ HSS_Continuous * reference_entropy + log_team_size + log_prior_knowledge + C(year) + C(arxiv_primary_category),C(arxiv_primary_category)[T.cs.RO],-0.20445721966042427,0.09590427759506642,-2.131888428623564,0.0330160197022363,-0.39242614971008605,-0.016488289610762458,14643.0,0.08254561992733978,0.07477326034686338,24500.059271641083,25441.432264525934
M35_LogRCR_RefEntropy_Moderation,integration_base,Log_RCR,reference_entropy,Log_RCR ~ HSS_Continuous * reference_entropy + log_team_size + log_prior_knowledge + C(year) + C(arxiv_primary_category),C(arxiv_primary_category)[T.cs.SC],-0.08788101262842629,0.09343467834972309,-0.9405609799339213,0.346929886047863,-0.2710096171009679,0.0952475918441153,14643.0,0.08254561992733978,0.07477326034686338,24500.059271641083,25441.432264525934
M35_LogRCR_RefEntropy_Moderation,integration_base,Log_RCR,reference_entropy,Log_RCR ~ HSS_Continuous * reference_entropy + log_team_size + log_prior_knowledge + C(year) + C(arxiv_primary_category),C(arxiv_primary_category)[T.cs.SD],-0.16807233234256236,0.09618577113986986,-1.7473720941339408,0.08057281483645048,-0.3565929796019194,0.02044831491679469,14643.0,0.08254561992733978,0.07477326034686338,24500.059271641083,25441.432264525934
M35_LogRCR_RefEntropy_Moderation,integration_base,Log_RCR,reference_entropy,Log_RCR ~ HSS_Continuous * reference_entropy + log_team_size + log_prior_knowledge + C(year) + C(arxiv_primary_category),C(arxiv_primary_category)[T.cs.SE],-0.15035695385807818,0.10717349442446128,-1.402930404252646,0.16063759330649696,-0.3604131430273266,0.05969923531117022,14643.0,0.08254561992733978,0.07477326034686338,24500.059271641083,25441.432264525934
M35_LogRCR_RefEntropy_Moderation,integration_base,Log_RCR,reference_entropy,Log_RCR ~ HSS_Continuous * reference_entropy + log_team_size + log_prior_knowledge + C(year) + C(arxiv_primary_category),C(arxiv_primary_category)[T.cs.SI],-0.25124827165598634,0.0966934161492346,-2.598401025238523,0.009365904096524448,-0.4407638848506298,-0.061732658461342876,14643.0,0.08254561992733978,0.07477326034686338,24500.059271641083,25441.432264525934
M35_LogRCR_RefEntropy_Moderation,integration_base,Log_RCR,reference_entropy,Log_RCR ~ HSS_Continuous * reference_entropy + log_team_size + log_prior_knowledge + C(year) + C(arxiv_primary_category),C(arxiv_primary_category)[T.econ.EM],-0.22071215071246747,0.21187686844058415,-1.0417000795646598,0.2975507521064351,-0.6359831820131436,0.1945588805882087,14643.0,0.08254561992733978,0.07477326034686338,24500.059271641083,25441.432264525934
M35_LogRCR_RefEntropy_Moderation,integration_base,Log_RCR,reference_entropy,Log_RCR ~ HSS_Continuous * reference_entropy + log_team_size + log_prior_knowledge + C(year) + C(arxiv_primary_category),C(arxiv_primary_category)[T.econ.GN],-0.009985392113333762,0.10084500081360946,-0.09901722477834707,0.9211245939168046,-0.20763796172892077,0.18766717750225323,14643.0,0.08254561992733978,0.07477326034686338,24500.059271641083,25441.432264525934
M35_LogRCR_RefEntropy_Moderation,integration_base,Log_RCR,reference_entropy,Log_RCR ~ HSS_Continuous * reference_entropy + log_team_size + log_prior_knowledge + C(year) + C(arxiv_primary_category),C(arxiv_primary_category)[T.eess.AS],-0.24228884827756403,0.09381730630171813,-2.582560274096538,0.009807022990055474,-0.4261673897554942,-0.058410306799633854,14643.0,0.08254561992733978,0.07477326034686338,24500.059271641083,25441.432264525934
M35_LogRCR_RefEntropy_Moderation,integration_base,Log_RCR,reference_entropy,Log_RCR ~ HSS_Continuous * reference_entropy + log_team_size + log_prior_knowledge + C(year) + C(arxiv_primary_category),C(arxiv_primary_category)[T.eess.IV],-0.16764083558494755,0.0935476079947902,-1.7920376499021087,0.07312693524903158,-0.35099077809460755,0.015709106924712474,14643.0,0.08254561992733978,0.07477326034686338,24500.059271641083,25441.432264525934
M35_LogRCR_RefEntropy_Moderation,integration_base,Log_RCR,reference_entropy,Log_RCR ~ HSS_Continuous * reference_entropy + log_team_size + log_prior_knowledge + C(year) + C(arxiv_primary_category),C(arxiv_primary_category)[T.eess.SP],-0.21483046572413894,0.09492541879493076,-2.263150044017624,0.023626441511238352,-0.40088086777958476,-0.028780063668693123,14643.0,0.08254561992733978,0.07477326034686338,24500.059271641083,25441.432264525934
M35_LogRCR_RefEntropy_Moderation,integration_base,Log_RCR,reference_entropy,Log_RCR ~ HSS_Continuous * reference_entropy + log_team_size + log_prior_knowledge + C(year) + C(arxiv_primary_category),C(arxiv_primary_category)[T.eess.SY],-0.3107228619261806,0.0946273517164523,-3.2836474474869726,0.0010247302470329,-0.4961890632428316,-0.1252566606095296,14643.0,0.08254561992733978,0.07477326034686338,24500.059271641083,25441.432264525934
M35_LogRCR_RefEntropy_Moderation,integration_base,Log_RCR,reference_entropy,Log_RCR ~ HSS_Continuous * reference_entropy + log_team_size + log_prior_knowledge + C(year) + C(arxiv_primary_category),C(arxiv_primary_category)[T.gr-qc],-0.5256906329281881,0.0943077751710151,-5.574202466073611,2.486664014361749e-08,-0.7105304757254784,-0.3408507901308977,14643.0,0.08254561992733978,0.07477326034686338,24500.059271641083,25441.432264525934
M35_LogRCR_RefEntropy_Moderation,integration_base,Log_RCR,reference_entropy,Log_RCR ~ HSS_Continuous * reference_entropy + log_team_size + log_prior_knowledge + C(year) + C(arxiv_primary_category),C(arxiv_primary_category)[T.hep-ex],0.04139791556418625,0.2164191590397921,0.19128581659710905,0.848301672635439,-0.3827758417182523,0.4655716728466248,14643.0,0.08254561992733978,0.07477326034686338,24500.059271641083,25441.432264525934
M35_LogRCR_RefEntropy_Moderation,integration_base,Log_RCR,reference_entropy,Log_RCR ~ HSS_Continuous * reference_entropy + log_team_size + log_prior_knowledge + C(year) + C(arxiv_primary_category),C(arxiv_primary_category)[T.hep-lat],-0.10722499003240116,0.17024957433886911,-0.6298106203718183,0.5288184962654948,-0.4409080241198592,0.22645804405505687,14643.0,0.08254561992733978,0.07477326034686338,24500.059271641083,25441.432264525934
M35_LogRCR_RefEntropy_Moderation,integration_base,Log_RCR,reference_entropy,Log_RCR ~ HSS_Continuous * reference_entropy + log_team_size + log_prior_knowledge + C(year) + C(arxiv_primary_category),C(arxiv_primary_category)[T.hep-ph],0.19022567203219498,0.15291652669965358,1.2439837350335654,0.21350554917350972,-0.10948521294008362,0.4899365570044736,14643.0,0.08254561992733978,0.07477326034686338,24500.059271641083,25441.432264525934
M35_LogRCR_RefEntropy_Moderation,integration_base,Log_RCR,reference_entropy,Log_RCR ~ HSS_Continuous * reference_entropy + log_team_size + log_prior_knowledge + C(year) + C(arxiv_primary_category),C(arxiv_primary_category)[T.hep-th],0.68116030905522,0.10678578920805522,6.378754271582775,1.785342296667699e-10,0.4718640081467458,0.8904566099636941,14643.0,0.08254561992733978,0.07477326034686338,24500.059271641083,25441.432264525934
M35_LogRCR_RefEntropy_Moderation,integration_base,Log_RCR,reference_entropy,Log_RCR ~ HSS_Continuous * reference_entropy + log_team_size + log_prior_knowledge + C(year) + C(arxiv_primary_category),C(arxiv_primary_category)[T.math.AG],-0.11685926329837627,0.09358285123528337,-1.248725185820338,0.21176560573297554,-0.30027828129010137,0.06655975469334884,14643.0,0.08254561992733978,0.07477326034686338,24500.059271641083,25441.432264525934
M35_LogRCR_RefEntropy_Moderation,integration_base,Log_RCR,reference_entropy,Log_RCR ~ HSS_Continuous * reference_entropy + log_team_size + log_prior_knowledge + C(year) + C(arxiv_primary_category),C(arxiv_primary_category)[T.math.AP],-0.2130832266613112,0.09827843357813389,-2.1681585562910355,0.030146624846380938,-0.40570541693146556,-0.020461036391156845,14643.0,0.08254561992733978,0.07477326034686338,24500.059271641083,25441.432264525934
M35_LogRCR_RefEntropy_Moderation,integration_base,Log_RCR,reference_entropy,Log_RCR ~ HSS_Continuous * reference_entropy + log_team_size + log_prior_knowledge + C(year) + C(arxiv_primary_category),C(arxiv_primary_category)[T.math.CO],-0.20699614343820594,0.09810396291119089,-2.1099671949602103,0.03486118162982494,-0.3992763774847933,-0.01471590939161857,14643.0,0.08254561992733978,0.07477326034686338,24500.059271641083,25441.432264525934
M35_LogRCR_RefEntropy_Moderation,integration_base,Log_RCR,reference_entropy,Log_RCR ~ HSS_Continuous * reference_entropy + log_team_size + log_prior_knowledge + C(year) + C(arxiv_primary_category),C(arxiv_primary_category)[T.math.DS],-0.2102368428665202,0.11438857691839567,-1.8379181604514783,0.0660744656508076,-0.4344343338693654,0.013960648136325027,14643.0,0.08254561992733978,0.07477326034686338,24500.059271641083,25441.432264525934
M35_LogRCR_RefEntropy_Moderation,integration_base,Log_RCR,reference_entropy,Log_RCR ~ HSS_Continuous * reference_entropy + log_team_size + log_prior_knowledge + C(year) + C(arxiv_primary_category),C(arxiv_primary_category)[T.math.GR],-0.23862185830967944,0.09459557053960994,-2.5225479052400392,0.011650807977515996,-0.4240257696643331,-0.0532179469550258,14643.0,0.08254561992733978,0.07477326034686338,24500.059271641083,25441.432264525934
M35_LogRCR_RefEntropy_Moderation,integration_base,Log_RCR,reference_entropy,Log_RCR ~ HSS_Continuous * reference_entropy + log_team_size + log_prior_knowledge + C(year) + C(arxiv_primary_category),C(arxiv_primary_category)[T.math.LO],-0.09386182167791167,0.0941115834355466,-0.9973461103456411,0.3185965392971717,-0.2783171357396193,0.09059349238379598,14643.0,0.08254561992733978,0.07477326034686338,24500.059271641083,25441.432264525934
M35_LogRCR_RefEntropy_Moderation,integration_base,Log_RCR,reference_entropy,Log_RCR ~ HSS_Continuous * reference_entropy + log_team_size + log_prior_knowledge + C(year) + C(arxiv_primary_category),C(arxiv_primary_category)[T.math.NA],-0.19351375140935628,0.10126065780061325,-1.9110457665640834,0.055998699710828916,-0.3919809937493931,0.004953490930680565,14643.0,0.08254561992733978,0.07477326034686338,24500.059271641083,25441.432264525934
M35_LogRCR_RefEntropy_Moderation,integration_base,Log_RCR,reference_entropy,Log_RCR ~ HSS_Continuous * reference_entropy + log_team_size + log_prior_knowledge + C(year) + C(arxiv_primary_category),C(arxiv_primary_category)[T.math.NT],-0.41924409019720565,0.09366911195147168,-4.475798707416044,7.61261829091462e-06,-0.6028321760859405,-0.23565600430847083,14643.0,0.08254561992733978,0.07477326034686338,24500.059271641083,25441.432264525934
M35_LogRCR_RefEntropy_Moderation,integration_base,Log_RCR,reference_entropy,Log_RCR ~ HSS_Continuous * reference_entropy + log_team_size + log_prior_knowledge + C(year) + C(arxiv_primary_category),C(arxiv_primary_category)[T.math.OC],-0.17045158611061265,0.10161034785327061,-1.6775022397989576,0.09344431184379169,-0.36960420835960983,0.02870103613838454,14643.0,0.08254561992733978,0.07477326034686338,24500.059271641083,25441.432264525934
M35_LogRCR_RefEntropy_Moderation,integration_base,Log_RCR,reference_entropy,Log_RCR ~ HSS_Continuous * reference_entropy + log_team_size + log_prior_knowledge + C(year) + C(arxiv_primary_category),C(arxiv_primary_category)[T.math.PR],-0.18093629951187773,0.09737397462829414,-1.8581587144056326,0.06314647894868705,-0.37178578281485125,0.009913183791095792,14643.0,0.08254561992733978,0.07477326034686338,24500.059271641083,25441.432264525934
M35_LogRCR_RefEntropy_Moderation,integration_base,Log_RCR,reference_entropy,Log_RCR ~ HSS_Continuous * reference_entropy + log_team_size + log_prior_knowledge + C(year) + C(arxiv_primary_category),C(arxiv_primary_category)[T.math.ST],-0.08315067060185105,0.1200318436494263,-0.6927384273518861,0.4884737189373257,-0.3184087611526694,0.15210741994896732,14643.0,0.08254561992733978,0.07477326034686338,24500.059271641083,25441.432264525934
M35_LogRCR_RefEntropy_Moderation,integration_base,Log_RCR,reference_entropy,Log_RCR ~ HSS_Continuous * reference_entropy + log_team_size + log_prior_knowledge + C(year) + C(arxiv_primary_category),C(arxiv_primary_category)[T.nlin.AO],-0.17657678020994325,0.0972268857111863,-1.8161311957935875,0.06935024935406889,-0.3671379745328604,0.013984414112973909,14643.0,0.08254561992733978,0.07477326034686338,24500.059271641083,25441.432264525934
M35_LogRCR_RefEntropy_Moderation,integration_base,Log_RCR,reference_entropy,Log_RCR ~ HSS_Continuous * reference_entropy + log_team_size + log_prior_knowledge + C(year) + C(arxiv_primary_category),C(arxiv_primary_category)[T.nlin.PS],-0.23417291959314127,0.09263455364567703,-2.5279219295301196,0.011473986303626242,-0.4157333084626118,-0.052612530723670725,14643.0,0.08254561992733978,0.07477326034686338,24500.059271641083,25441.432264525934
M35_LogRCR_RefEntropy_Moderation,integration_base,Log_RCR,reference_entropy,Log_RCR ~ HSS_Continuous * reference_entropy + log_team_size + log_prior_knowledge + C(year) + C(arxiv_primary_category),C(arxiv_primary_category)[T.nucl-th],-0.3269759688806545,0.09304416895428752,-3.514201615807836,0.00044107789823727206,-0.5093391890025178,-0.14461274875879113,14643.0,0.08254561992733978,0.07477326034686338,24500.059271641083,25441.432264525934
M35_LogRCR_RefEntropy_Moderation,integration_base,Log_RCR,reference_entropy,Log_RCR ~ HSS_Continuous * reference_entropy + log_team_size + log_prior_knowledge + C(year) + C(arxiv_primary_category),C(arxiv_primary_category)[T.physics.acc-ph],-0.2257502581595828,0.10110651284825994,-2.232796402526388,0.02556237363529389,-0.42391538194460854,-0.027585134374557063,14643.0,0.08254561992733978,0.07477326034686338,24500.059271641083,25441.432264525934
M35_LogRCR_RefEntropy_Moderation,integration_base,Log_RCR,reference_entropy,Log_RCR ~ HSS_Continuous * reference_entropy + log_team_size + log_prior_knowledge + C(year) + C(arxiv_primary_category),C(arxiv_primary_category)[T.physics.ao-ph],-0.15280984126096478,0.10622839563371059,-1.4385027689571168,0.15029145238072542,-0.36101367083850944,0.055393988316579906,14643.0,0.08254561992733978,0.07477326034686338,24500.059271641083,25441.432264525934
M35_LogRCR_RefEntropy_Moderation,integration_base,Log_RCR,reference_entropy,Log_RCR ~ HSS_Continuous * reference_entropy + log_team_size + log_prior_knowledge + C(year) + C(arxiv_primary_category),C(arxiv_primary_category)[T.physics.app-ph],-0.23122374231104217,0.10291424334806706,-2.246761330489683,0.02465528431915169,-0.43293195276944446,-0.029515531852639887,14643.0,0.08254561992733978,0.07477326034686338,24500.059271641083,25441.432264525934
M35_LogRCR_RefEntropy_Moderation,integration_base,Log_RCR,reference_entropy,Log_RCR ~ HSS_Continuous * reference_entropy + log_team_size + log_prior_knowledge + C(year) + C(arxiv_primary_category),C(arxiv_primary_category)[T.physics.atom-ph],-0.3457902896224421,0.09200616829943312,-3.7583381202994044,0.00017104564315396212,-0.5261190658448619,-0.16546151340002238,14643.0,0.08254561992733978,0.07477326034686338,24500.059271641083,25441.432264525934
M35_LogRCR_RefEntropy_Moderation,integration_base,Log_RCR,reference_entropy,Log_RCR ~ HSS_Continuous * reference_entropy + log_team_size + log_prior_knowledge + C(year) + C(arxiv_primary_category),C(arxiv_primary_category)[T.physics.bio-ph],-0.2770904354641158,0.09788823071551547,-2.8306818239406226,0.004644890204669451,-0.46894784217687363,-0.08523302875135802,14643.0,0.08254561992733978,0.07477326034686338,24500.059271641083,25441.432264525934
M35_LogRCR_RefEntropy_Moderation,integration_base,Log_RCR,reference_entropy,Log_RCR ~ HSS_Continuous * reference_entropy + log_team_size + log_prior_knowledge + C(year) + C(arxiv_primary_category),C(arxiv_primary_category)[T.physics.chem-ph],-0.03477584522549814,0.1562922253469531,-0.22250527912248508,0.8239205641243635,-0.3411029779691444,0.2715512875181481,14643.0,0.08254561992733978,0.07477326034686338,24500.059271641083,25441.432264525934
M35_LogRCR_RefEntropy_Moderation,integration_base,Log_RCR,reference_entropy,Log_RCR ~ HSS_Continuous * reference_entropy + log_team_size + log_prior_knowledge + C(year) + C(arxiv_primary_category),C(arxiv_primary_category)[T.physics.comp-ph],0.052588428190369046,0.15171467769653518,0.34662716217581924,0.7288714371653789,-0.24476687602094213,0.3499437324016802,14643.0,0.08254561992733978,0.07477326034686338,24500.059271641083,25441.432264525934
M35_LogRCR_RefEntropy_Moderation,integration_base,Log_RCR,reference_entropy,Log_RCR ~ HSS_Continuous * reference_entropy + log_team_size + log_prior_knowledge + C(year) + C(arxiv_primary_category),C(arxiv_primary_category)[T.physics.data-an],-0.03300956829444669,0.20172537122997927,-0.16363617572334896,0.8700175644378539,-0.42838403067317843,0.36236489408428507,14643.0,0.08254561992733978,0.07477326034686338,24500.059271641083,25441.432264525934
M35_LogRCR_RefEntropy_Moderation,integration_base,Log_RCR,reference_entropy,Log_RCR ~ HSS_Continuous * reference_entropy + log_team_size + log_prior_knowledge + C(year) + C(arxiv_primary_category),C(arxiv_primary_category)[T.physics.ed-ph],-0.18886628088524268,0.15590347240733493,-1.211430880716913,0.22573031011950762,-0.49443147186835323,0.11669891009786784,14643.0,0.08254561992733978,0.07477326034686338,24500.059271641083,25441.432264525934
M35_LogRCR_RefEntropy_Moderation,integration_base,Log_RCR,reference_entropy,Log_RCR ~ HSS_Continuous * reference_entropy + log_team_size + log_prior_knowledge + C(year) + C(arxiv_primary_category),C(arxiv_primary_category)[T.physics.flu-dyn],-0.23594240988302523,0.11854405892161053,-1.9903351718287843,0.04655402601877554,-0.468284495950576,-0.00360032381547451,14643.0,0.08254561992733978,0.07477326034686338,24500.059271641083,25441.432264525934
M35_LogRCR_RefEntropy_Moderation,integration_base,Log_RCR,reference_entropy,Log_RCR ~ HSS_Continuous * reference_entropy + log_team_size + log_prior_knowledge + C(year) + C(arxiv_primary_category),C(arxiv_primary_category)[T.physics.geo-ph],0.007230082276129703,0.22250689875649712,0.03249374431325845,0.9740783047119229,-0.42887542559830477,0.4433355901505642,14643.0,0.08254561992733978,0.07477326034686338,24500.059271641083,25441.432264525934
M35_LogRCR_RefEntropy_Moderation,integration_base,Log_RCR,reference_entropy,Log_RCR ~ HSS_Continuous * reference_entropy + log_team_size + log_prior_knowledge + C(year) + C(arxiv_primary_category),C(arxiv_primary_category)[T.physics.ins-det],-0.2580067965150985,0.10127958873095731,-2.547470815669255,0.01085069286666726,-0.45651114279680355,-0.059502450233393456,14643.0,0.08254561992733978,0.07477326034686338,24500.059271641083,25441.432264525934
M35_LogRCR_RefEntropy_Moderation,integration_base,Log_RCR,reference_entropy,Log_RCR ~ HSS_Continuous * reference_entropy + log_team_size + log_prior_knowledge + C(year) + C(arxiv_primary_category),C(arxiv_primary_category)[T.physics.med-ph],-0.2299195736460089,0.10680848403011567,-2.1526339947038373,0.03134745465983258,-0.43926035558835713,-0.02057879170366067,14643.0,0.08254561992733978,0.07477326034686338,24500.059271641083,25441.432264525934
M35_LogRCR_RefEntropy_Moderation,integration_base,Log_RCR,reference_entropy,Log_RCR ~ HSS_Continuous * reference_entropy + log_team_size + log_prior_knowledge + C(year) + C(arxiv_primary_category),C(arxiv_primary_category)[T.physics.optics],-0.2566050869879153,0.10928586583763744,-2.348017147699094,0.018873652380822056,-0.47080144804896096,-0.042408725926869645,14643.0,0.08254561992733978,0.07477326034686338,24500.059271641083,25441.432264525934
M35_LogRCR_RefEntropy_Moderation,integration_base,Log_RCR,reference_entropy,Log_RCR ~ HSS_Continuous * reference_entropy + log_team_size + log_prior_knowledge + C(year) + C(arxiv_primary_category),C(arxiv_primary_category)[T.physics.soc-ph],-0.2567099484114101,0.10213295480661619,-2.5134879226541322,0.011954387101514695,-0.45688686146703483,-0.056533035355785355,14643.0,0.08254561992733978,0.07477326034686338,24500.059271641083,25441.432264525934
M35_LogRCR_RefEntropy_Moderation,integration_base,Log_RCR,reference_entropy,Log_RCR ~ HSS_Continuous * reference_entropy + log_team_size + log_prior_knowledge + C(year) + C(arxiv_primary_category),C(arxiv_primary_category)[T.physics.space-ph],-0.5105809448082189,0.23700613755330793,-2.1542941886615825,0.031217108329893994,-0.9751044385276484,-0.04605745108878939,14643.0,0.08254561992733978,0.07477326034686338,24500.059271641083,25441.432264525934
M35_LogRCR_RefEntropy_Moderation,integration_base,Log_RCR,reference_entropy,Log_RCR ~ HSS_Continuous * reference_entropy + log_team_size + log_prior_knowledge + C(year) + C(arxiv_primary_category),C(arxiv_primary_category)[T.q-bio.BM],0.1007390373667699,0.17513259873846135,0.5752157970156718,0.5651453603883649,-0.24251454867951924,0.443992623413059,14643.0,0.08254561992733978,0.07477326034686338,24500.059271641083,25441.432264525934
M35_LogRCR_RefEntropy_Moderation,integration_base,Log_RCR,reference_entropy,Log_RCR ~ HSS_Continuous * reference_entropy + log_team_size + log_prior_knowledge + C(year) + C(arxiv_primary_category),C(arxiv_primary_category)[T.q-bio.GN],-0.17087616013683166,0.15906476945113798,-1.0742552277694775,0.2827083057019296,-0.4826373794702291,0.1408850591965658,14643.0,0.08254561992733978,0.07477326034686338,24500.059271641083,25441.432264525934
M35_LogRCR_RefEntropy_Moderation,integration_base,Log_RCR,reference_entropy,Log_RCR ~ HSS_Continuous * reference_entropy + log_team_size + log_prior_knowledge + C(year) + C(arxiv_primary_category),C(arxiv_primary_category)[T.q-bio.MN],-0.26933955609732546,0.10530122432660279,-2.557800802599793,0.010533641220602052,-0.47572616330543993,-0.06295294888921099,14643.0,0.08254561992733978,0.07477326034686338,24500.059271641083,25441.432264525934
M35_LogRCR_RefEntropy_Moderation,integration_base,Log_RCR,reference_entropy,Log_RCR ~ HSS_Continuous * reference_entropy + log_team_size + log_prior_knowledge + C(year) + C(arxiv_primary_category),C(arxiv_primary_category)[T.q-bio.NC],-0.27886349449889114,0.09590518470105108,-2.907699884715773,0.0036409757430017125,-0.46683420244361307,-0.09089278655416924,14643.0,0.08254561992733978,0.07477326034686338,24500.059271641083,25441.432264525934
M35_LogRCR_RefEntropy_Moderation,integration_base,Log_RCR,reference_entropy,Log_RCR ~ HSS_Continuous * reference_entropy + log_team_size + log_prior_knowledge + C(year) + C(arxiv_primary_category),C(arxiv_primary_category)[T.q-bio.OT],0.29713800281818536,0.3141225458204945,0.9459302007184962,0.34418418842513765,-0.3185308737220167,0.9128068793583874,14643.0,0.08254561992733978,0.07477326034686338,24500.059271641083,25441.432264525934
M35_LogRCR_RefEntropy_Moderation,integration_base,Log_RCR,reference_entropy,Log_RCR ~ HSS_Continuous * reference_entropy + log_team_size + log_prior_knowledge + C(year) + C(arxiv_primary_category),C(arxiv_primary_category)[T.q-bio.PE],0.012406701282945859,0.27377745099749745,0.04531673897080467,0.9638548453752047,-0.5241872424513286,0.5490006450172203,14643.0,0.08254561992733978,0.07477326034686338,24500.059271641083,25441.432264525934
M35_LogRCR_RefEntropy_Moderation,integration_base,Log_RCR,reference_entropy,Log_RCR ~ HSS_Continuous * reference_entropy + log_team_size + log_prior_knowledge + C(year) + C(arxiv_primary_category),C(arxiv_primary_category)[T.q-bio.QM],-0.2204990897865159,0.1051346204263956,-2.097302381387172,0.03596681619962391,-0.42655915935054034,-0.014439020222491411,14643.0,0.08254561992733978,0.07477326034686338,24500.059271641083,25441.432264525934
M35_LogRCR_RefEntropy_Moderation,integration_base,Log_RCR,reference_entropy,Log_RCR ~ HSS_Continuous * reference_entropy + log_team_size + log_prior_knowledge + C(year) + C(arxiv_primary_category),C(arxiv_primary_category)[T.q-bio.TO],0.4297884649825778,0.09189478176242251,4.676962682100044,2.9115521717437216e-06,0.24967800236106147,0.609898927604094,14643.0,0.08254561992733978,0.07477326034686338,24500.059271641083,25441.432264525934
M35_LogRCR_RefEntropy_Moderation,integration_base,Log_RCR,reference_entropy,Log_RCR ~ HSS_Continuous * reference_entropy + log_team_size + log_prior_knowledge + C(year) + C(arxiv_primary_category),C(arxiv_primary_category)[T.q-fin.CP],-0.20311486673702545,0.10771278565634042,-1.8857080475577623,0.05933430784218852,-0.41422804729793516,0.007998313823884301,14643.0,0.08254561992733978,0.07477326034686338,24500.059271641083,25441.432264525934
M35_LogRCR_RefEntropy_Moderation,integration_base,Log_RCR,reference_entropy,Log_RCR ~ HSS_Continuous * reference_entropy + log_team_size + log_prior_knowledge + C(year) + C(arxiv_primary_category),C(arxiv_primary_category)[T.q-fin.GN],-0.21474273148353884,0.09726161686103449,-2.207887740447078,0.027252099655159585,-0.4053719976093001,-0.024113465357777586,14643.0,0.08254561992733978,0.07477326034686338,24500.059271641083,25441.432264525934
M35_LogRCR_RefEntropy_Moderation,integration_base,Log_RCR,reference_entropy,Log_RCR ~ HSS_Continuous * reference_entropy + log_team_size + log_prior_knowledge + C(year) + C(arxiv_primary_category),C(arxiv_primary_category)[T.q-fin.MF],-0.31967147184033906,0.10789714645056664,-2.962742596596819,0.0030491143056895265,-0.5311459929180934,-0.10819695076258473,14643.0,0.08254561992733978,0.07477326034686338,24500.059271641083,25441.432264525934
M35_LogRCR_RefEntropy_Moderation,integration_base,Log_RCR,reference_entropy,Log_RCR ~ HSS_Continuous * reference_entropy + log_team_size + log_prior_knowledge + C(year) + C(arxiv_primary_category),C(arxiv_primary_category)[T.q-fin.PM],-0.3827407499054504,0.1099011191307661,-3.4825919238369667,0.0004965846993135953,-0.5981429852623978,-0.1673385145485029,14643.0,0.08254561992733978,0.07477326034686338,24500.059271641083,25441.432264525934
M35_LogRCR_RefEntropy_Moderation,integration_base,Log_RCR,reference_entropy,Log_RCR ~ HSS_Continuous * reference_entropy + log_team_size + log_prior_knowledge + C(year) + C(arxiv_primary_category),C(arxiv_primary_category)[T.q-fin.ST],-0.08599983263399807,0.12323021581260521,-0.6978794288957267,0.48525260018082406,-0.3275266174338025,0.1555269521658064,14643.0,0.08254561992733978,0.07477326034686338,24500.059271641083,25441.432264525934
M35_LogRCR_RefEntropy_Moderation,integration_base,Log_RCR,reference_entropy,Log_RCR ~ HSS_Continuous * reference_entropy + log_team_size + log_prior_knowledge + C(year) + C(arxiv_primary_category),C(arxiv_primary_category)[T.q-fin.TR],-0.14394253969882623,0.11248555058628813,-1.2796535994941618,0.20066699019670975,-0.3644101676291093,0.07652508823145687,14643.0,0.08254561992733978,0.07477326034686338,24500.059271641083,25441.432264525934
M35_LogRCR_RefEntropy_Moderation,integration_base,Log_RCR,reference_entropy,Log_RCR ~ HSS_Continuous * reference_entropy + log_team_size + log_prior_knowledge + C(year) + C(arxiv_primary_category),C(arxiv_primary_category)[T.quant-ph],-0.03769804237975362,0.10928526285912138,-0.3449508322851345,0.7301313346343344,-0.25189322162462435,0.1764971368651171,14643.0,0.08254561992733978,0.07477326034686338,24500.059271641083,25441.432264525934
M35_LogRCR_RefEntropy_Moderation,integration_base,Log_RCR,reference_entropy,Log_RCR ~ HSS_Continuous * reference_entropy + log_team_size + log_prior_knowledge + C(year) + C(arxiv_primary_category),C(arxiv_primary_category)[T.stat.AP],-0.20060290191845104,0.09755119674931023,-2.0563858630454934,0.03974533785640778,-0.3917997341958799,-0.009406069641022197,14643.0,0.08254561992733978,0.07477326034686338,24500.059271641083,25441.432264525934
M35_LogRCR_RefEntropy_Moderation,integration_base,Log_RCR,reference_entropy,Log_RCR ~ HSS_Continuous * reference_entropy + log_team_size + log_prior_knowledge + C(year) + C(arxiv_primary_category),C(arxiv_primary_category)[T.stat.CO],-0.16611699211199799,0.09221595437821534,-1.8013910199387437,0.07164127055284382,-0.3468569414932888,0.014622957269292802,14643.0,0.08254561992733978,0.07477326034686338,24500.059271641083,25441.432264525934
M35_LogRCR_RefEntropy_Moderation,integration_base,Log_RCR,reference_entropy,Log_RCR ~ HSS_Continuous * reference_entropy + log_team_size + log_prior_knowledge + C(year) + C(arxiv_primary_category),C(arxiv_primary_category)[T.stat.ME],-0.23977539888131594,0.112102013607284,-2.1389035858115593,0.03244347758905037,-0.45949130814601163,-0.02005948961662024,14643.0,0.08254561992733978,0.07477326034686338,24500.059271641083,25441.432264525934
M35_LogRCR_RefEntropy_Moderation,integration_base,Log_RCR,reference_entropy,Log_RCR ~ HSS_Continuous * reference_entropy + log_team_size + log_prior_knowledge + C(year) + C(arxiv_primary_category),C(arxiv_primary_category)[T.stat.ML],0.05677000282212198,0.0974798539920073,0.5823767732230779,0.5603129230265531,-0.13428700022043533,0.24782700586467932,14643.0,0.08254561992733978,0.07477326034686338,24500.059271641083,25441.432264525934
M35_LogRCR_RefEntropy_Moderation,integration_base,Log_RCR,reference_entropy,Log_RCR ~ HSS_Continuous * reference_entropy + log_team_size + log_prior_knowledge + C(year) + C(arxiv_primary_category),HSS_Continuous,-0.0006839895195656392,0.013446256884369137,-0.05086839597425482,0.9594303892516366,-0.027038168739802908,0.025670189700671628,14643.0,0.08254561992733978,0.07477326034686338,24500.059271641083,25441.432264525934
M35_LogRCR_RefEntropy_Moderation,integration_base,Log_RCR,reference_entropy,Log_RCR ~ HSS_Continuous * reference_entropy + log_team_size + log_prior_knowledge + C(year) + C(arxiv_primary_category),reference_entropy,-0.049299364934306644,0.013332729387603765,-3.697619857202173,0.00021763047036296097,-0.07543103434962879,-0.023167695518984496,14643.0,0.08254561992733978,0.07477326034686338,24500.059271641083,25441.432264525934
M35_LogRCR_RefEntropy_Moderation,integration_base,Log_RCR,reference_entropy,Log_RCR ~ HSS_Continuous * reference_entropy + log_team_size + log_prior_knowledge + C(year) + C(arxiv_primary_category),HSS_Continuous:reference_entropy,0.009395358470572697,0.013102188922649268,0.717083116877615,0.4733228124892881,-0.016284459936459522,0.03507517687760491,14643.0,0.08254561992733978,0.07477326034686338,24500.059271641083,25441.432264525934
M35_LogRCR_RefEntropy_Moderation,integration_base,Log_RCR,reference_entropy,Log_RCR ~ HSS_Continuous * reference_entropy + log_team_size + log_prior_knowledge + C(year) + C(arxiv_primary_category),log_team_size,0.13315294568406705,0.020987528654508435,6.344384223411831,2.2331685273117405e-10,0.09201814539672813,0.17428774597140595,14643.0,0.08254561992733978,0.07477326034686338,24500.059271641083,25441.432264525934
M35_LogRCR_RefEntropy_Moderation,integration_base,Log_RCR,reference_entropy,Log_RCR ~ HSS_Continuous * reference_entropy + log_team_size + log_prior_knowledge + C(year) + C(arxiv_primary_category),log_prior_knowledge,0.06031153060191875,0.005195306597982028,11.608849153454214,3.71583007292822e-31,0.050128916781230666,0.07049414442260685,14643.0,0.08254561992733978,0.07477326034686338,24500.059271641083,25441.432264525934
M35_LogRCR_HSSRefShare_Moderation,integration_base,Log_RCR,hss_reference_share,Log_RCR ~ HSS_Continuous * hss_reference_share + log_team_size + log_prior_knowledge + C(year) + C(arxiv_primary_category),Intercept,0.030665120178774957,0.1620514085020934,0.18923081546914677,0.8499119167012684,-0.28694980412931603,0.3482800444868659,14643.0,0.0824329458985189,0.07465963178222434,24501.85749129712,25443.23048418197
M35_LogRCR_HSSRefShare_Moderation,integration_base,Log_RCR,hss_reference_share,Log_RCR ~ HSS_Continuous * hss_reference_share + log_team_size + log_prior_knowledge + C(year) + C(arxiv_primary_category),C(year)[T.2015],-0.06769611188550355,0.14638939430638678,-0.46243863639341565,0.6437667977960237,-0.3546140524446545,0.21922182867364737,14643.0,0.0824329458985189,0.07465963178222434,24501.85749129712,25443.23048418197
M35_LogRCR_HSSRefShare_Moderation,integration_base,Log_RCR,hss_reference_share,Log_RCR ~ HSS_Continuous * hss_reference_share + log_team_size + log_prior_knowledge + C(year) + C(arxiv_primary_category),C(year)[T.2016],0.010144192049337043,0.1367974242644881,0.0741548468758006,0.9408871738541471,-0.2579738326869053,0.2782622167855794,14643.0,0.0824329458985189,0.07465963178222434,24501.85749129712,25443.23048418197
M35_LogRCR_HSSRefShare_Moderation,integration_base,Log_RCR,hss_reference_share,Log_RCR ~ HSS_Continuous * hss_reference_share + log_team_size + log_prior_knowledge + C(year) + C(arxiv_primary_category),C(year)[T.2017],0.02977529584128882,0.13251026579840927,0.22470180451216226,0.8222112607092498,-0.22994005270542303,0.28949064438800065,14643.0,0.0824329458985189,0.07465963178222434,24501.85749129712,25443.23048418197
M35_LogRCR_HSSRefShare_Moderation,integration_base,Log_RCR,hss_reference_share,Log_RCR ~ HSS_Continuous * hss_reference_share + log_team_size + log_prior_knowledge + C(year) + C(arxiv_primary_category),C(year)[T.2018],0.007312661978266491,0.1319601484442494,0.0554156846932917,0.9558073004598752,-0.2513244763670216,0.26594980032355453,14643.0,0.0824329458985189,0.07465963178222434,24501.85749129712,25443.23048418197
M35_LogRCR_HSSRefShare_Moderation,integration_base,Log_RCR,hss_reference_share,Log_RCR ~ HSS_Continuous * hss_reference_share + log_team_size + log_prior_knowledge + C(year) + C(arxiv_primary_category),C(year)[T.2019],-0.03319412428513073,0.13181132672437432,-0.25183059081517106,0.8011720111061337,-0.29153957741934633,0.22515132884908484,14643.0,0.0824329458985189,0.07465963178222434,24501.85749129712,25443.23048418197
M35_LogRCR_HSSRefShare_Moderation,integration_base,Log_RCR,hss_reference_share,Log_RCR ~ HSS_Continuous * hss_reference_share + log_team_size + log_prior_knowledge + C(year) + C(arxiv_primary_category),C(year)[T.2020],-0.04005246582416993,0.13169214792732079,-0.30413708375593035,0.7610234554220658,-0.2981643328084398,0.21805940116009992,14643.0,0.0824329458985189,0.07465963178222434,24501.85749129712,25443.23048418197
M35_LogRCR_HSSRefShare_Moderation,integration_base,Log_RCR,hss_reference_share,Log_RCR ~ HSS_Continuous * hss_reference_share + log_team_size + log_prior_knowledge + C(year) + C(arxiv_primary_category),C(year)[T.2021],-0.039088945074668154,0.13164960958128155,-0.29691652864746493,0.7665302368815476,-0.2971174384327392,0.2189395482834029,14643.0,0.0824329458985189,0.07465963178222434,24501.85749129712,25443.23048418197
M35_LogRCR_HSSRefShare_Moderation,integration_base,Log_RCR,hss_reference_share,Log_RCR ~ HSS_Continuous * hss_reference_share + log_team_size + log_prior_knowledge + C(year) + C(arxiv_primary_category),C(year)[T.2022],0.14332079452724522,0.15438291021151979,0.9283462420217472,0.35322799443186714,-0.1592641493158145,0.44590573837030495,14643.0,0.0824329458985189,0.07465963178222434,24501.85749129712,25443.23048418197
M35_LogRCR_HSSRefShare_Moderation,integration_base,Log_RCR,hss_reference_share,Log_RCR ~ HSS_Continuous * hss_reference_share + log_team_size + log_prior_knowledge + C(year) + C(arxiv_primary_category),C(year)[T.2023],0.1673286626194897,0.13684337300395538,1.2227750525752763,0.2214146705569553,-0.10087941999124356,0.43553674523022295,14643.0,0.0824329458985189,0.07465963178222434,24501.85749129712,25443.23048418197
M35_LogRCR_HSSRefShare_Moderation,integration_base,Log_RCR,hss_reference_share,Log_RCR ~ HSS_Continuous * hss_reference_share + log_team_size + log_prior_knowledge + C(year) + C(arxiv_primary_category),C(year)[T.2024],0.780999681637413,0.2887103032733585,2.705132698010926,0.006827710880997289,0.21513788525599387,1.3468614780188322,14643.0,0.0824329458985189,0.07465963178222434,24501.85749129712,25443.23048418197
M35_LogRCR_HSSRefShare_Moderation,integration_base,Log_RCR,hss_reference_share,Log_RCR ~ HSS_Continuous * hss_reference_share + log_team_size + log_prior_knowledge + C(year) + C(arxiv_primary_category),C(year)[T.2025],0.22676630545647614,0.25445885263103135,0.8911708243269109,0.3728375339103507,-0.27196388124773047,0.7254964921606828,14643.0,0.0824329458985189,0.07465963178222434,24501.85749129712,25443.23048418197
M35_LogRCR_HSSRefShare_Moderation,integration_base,Log_RCR,hss_reference_share,Log_RCR ~ HSS_Continuous * hss_reference_share + log_team_size + log_prior_knowledge + C(year) + C(arxiv_primary_category),C(arxiv_primary_category)[T.astro-ph.GA],-0.3586681541031626,0.10421667620756868,-3.4415620144016312,0.0005783658813061889,-0.5629290860584696,-0.15440722214785566,14643.0,0.0824329458985189,0.07465963178222434,24501.85749129712,25443.23048418197
M35_LogRCR_HSSRefShare_Moderation,integration_base,Log_RCR,hss_reference_share,Log_RCR ~ HSS_Continuous * hss_reference_share + log_team_size + log_prior_knowledge + C(year) + C(arxiv_primary_category),C(arxiv_primary_category)[T.astro-ph.HE],-0.42218012080760264,0.09141787659986722,-4.618135276270635,3.872038120969595e-06,-0.6013558664864693,-0.2430043751287359,14643.0,0.0824329458985189,0.07465963178222434,24501.85749129712,25443.23048418197
M35_LogRCR_HSSRefShare_Moderation,integration_base,Log_RCR,hss_reference_share,Log_RCR ~ HSS_Continuous * hss_reference_share + log_team_size + log_prior_knowledge + C(year) + C(arxiv_primary_category),C(arxiv_primary_category)[T.astro-ph.IM],-0.06095528839082015,0.18451989737698546,-0.3303453408403147,0.7411390369857899,-0.42260764168073844,0.30069706489909814,14643.0,0.0824329458985189,0.07465963178222434,24501.85749129712,25443.23048418197
M35_LogRCR_HSSRefShare_Moderation,integration_base,Log_RCR,hss_reference_share,Log_RCR ~ HSS_Continuous * hss_reference_share + log_team_size + log_prior_knowledge + C(year) + C(arxiv_primary_category),C(arxiv_primary_category)[T.astro-ph.SR],-0.3978065978186915,0.1020405285671309,-3.8985156526015112,9.678414559144576e-05,-0.5978023587736986,-0.1978108368636844,14643.0,0.0824329458985189,0.07465963178222434,24501.85749129712,25443.23048418197
M35_LogRCR_HSSRefShare_Moderation,integration_base,Log_RCR,hss_reference_share,Log_RCR ~ HSS_Continuous * hss_reference_share + log_team_size + log_prior_knowledge + C(year) + C(arxiv_primary_category),C(arxiv_primary_category)[T.cond-mat.dis-nn],0.13043674349119033,0.3845689499927525,0.3391764818601411,0.7344767850547992,-0.6233045480669896,0.8841780350493702,14643.0,0.0824329458985189,0.07465963178222434,24501.85749129712,25443.23048418197
M35_LogRCR_HSSRefShare_Moderation,integration_base,Log_RCR,hss_reference_share,Log_RCR ~ HSS_Continuous * hss_reference_share + log_team_size + log_prior_knowledge + C(year) + C(arxiv_primary_category),C(arxiv_primary_category)[T.cond-mat.mes-hall],-0.2890921728789981,0.0920826403311523,-3.1394861380967143,0.0016924442157932465,-0.46957083152941204,-0.10861351422858415,14643.0,0.0824329458985189,0.07465963178222434,24501.85749129712,25443.23048418197
M35_LogRCR_HSSRefShare_Moderation,integration_base,Log_RCR,hss_reference_share,Log_RCR ~ HSS_Continuous * hss_reference_share + log_team_size + log_prior_knowledge + C(year) + C(arxiv_primary_category),C(arxiv_primary_category)[T.cond-mat.mtrl-sci],-0.31169090578759817,0.11242239573836427,-2.77249834199391,0.005562780279174691,-0.5320347524905014,-0.09134705908469495,14643.0,0.0824329458985189,0.07465963178222434,24501.85749129712,25443.23048418197
M35_LogRCR_HSSRefShare_Moderation,integration_base,Log_RCR,hss_reference_share,Log_RCR ~ HSS_Continuous * hss_reference_share + log_team_size + log_prior_knowledge + C(year) + C(arxiv_primary_category),C(arxiv_primary_category)[T.cond-mat.other],-0.059636919552583406,0.09220118208288806,-0.6468129605862356,0.5177530032000098,-0.24034791576706374,0.12107407666189693,14643.0,0.0824329458985189,0.07465963178222434,24501.85749129712,25443.23048418197
M35_LogRCR_HSSRefShare_Moderation,integration_base,Log_RCR,hss_reference_share,Log_RCR ~ HSS_Continuous * hss_reference_share + log_team_size + log_prior_knowledge + C(year) + C(arxiv_primary_category),C(arxiv_primary_category)[T.cond-mat.soft],-0.3356955548581205,0.09182185931032588,-3.655943773950237,0.0002562375175848358,-0.515663092099863,-0.15572801761637795,14643.0,0.0824329458985189,0.07465963178222434,24501.85749129712,25443.23048418197
M35_LogRCR_HSSRefShare_Moderation,integration_base,Log_RCR,hss_reference_share,Log_RCR ~ HSS_Continuous * hss_reference_share + log_team_size + log_prior_knowledge + C(year) + C(arxiv_primary_category),C(arxiv_primary_category)[T.cond-mat.stat-mech],-0.22805258011224727,0.10161525317619095,-2.2442750766641923,0.024814708117702734,-0.4272148166175009,-0.028890343606993663,14643.0,0.0824329458985189,0.07465963178222434,24501.85749129712,25443.23048418197
M35_LogRCR_HSSRefShare_Moderation,integration_base,Log_RCR,hss_reference_share,Log_RCR ~ HSS_Continuous * hss_reference_share + log_team_size + log_prior_knowledge + C(year) + C(arxiv_primary_category),C(arxiv_primary_category)[T.cond-mat.str-el],0.038540990111819134,0.0910556492391703,0.42326852242397256,0.6720993576407838,-0.13992480298586663,0.2170067832095049,14643.0,0.0824329458985189,0.07465963178222434,24501.85749129712,25443.23048418197
M35_LogRCR_HSSRefShare_Moderation,integration_base,Log_RCR,hss_reference_share,Log_RCR ~ HSS_Continuous * hss_reference_share + log_team_size + log_prior_knowledge + C(year) + C(arxiv_primary_category),C(arxiv_primary_category)[T.cs.AI],-0.11635252306293951,0.09658734625718828,-1.204635260949415,0.22834413817281063,-0.3056602430893281,0.07295519696344908,14643.0,0.0824329458985189,0.07465963178222434,24501.85749129712,25443.23048418197
M35_LogRCR_HSSRefShare_Moderation,integration_base,Log_RCR,hss_reference_share,Log_RCR ~ HSS_Continuous * hss_reference_share + log_team_size + log_prior_knowledge + C(year) + C(arxiv_primary_category),C(arxiv_primary_category)[T.cs.AR],-0.2910826664943068,0.10644000597685883,-2.7347111062507006,0.0062435045660118905,-0.49970124472317823,-0.08246408826543539,14643.0,0.0824329458985189,0.07465963178222434,24501.85749129712,25443.23048418197
M35_LogRCR_HSSRefShare_Moderation,integration_base,Log_RCR,hss_reference_share,Log_RCR ~ HSS_Continuous * hss_reference_share + log_team_size + log_prior_knowledge + C(year) + C(arxiv_primary_category),C(arxiv_primary_category)[T.cs.CC],-0.2440163947663862,0.11386677718256477,-2.142999045060791,0.032113175048801824,-0.46719117707986035,-0.02084161245291205,14643.0,0.0824329458985189,0.07465963178222434,24501.85749129712,25443.23048418197
M35_LogRCR_HSSRefShare_Moderation,integration_base,Log_RCR,hss_reference_share,Log_RCR ~ HSS_Continuous * hss_reference_share + log_team_size + log_prior_knowledge + C(year) + C(arxiv_primary_category),C(arxiv_primary_category)[T.cs.CE],-0.17010571454792608,0.11615549446974835,-1.4644655022516269,0.14306680224712992,-0.39776630031507426,0.05755487121922209,14643.0,0.0824329458985189,0.07465963178222434,24501.85749129712,25443.23048418197
M35_LogRCR_HSSRefShare_Moderation,integration_base,Log_RCR,hss_reference_share,Log_RCR ~ HSS_Continuous * hss_reference_share + log_team_size + log_prior_knowledge + C(year) + C(arxiv_primary_category),C(arxiv_primary_category)[T.cs.CG],-0.20529486716450215,0.11049750194118077,-1.857914102653499,0.06318121337382918,-0.42186599135086117,0.011276257021856861,14643.0,0.0824329458985189,0.07465963178222434,24501.85749129712,25443.23048418197
M35_LogRCR_HSSRefShare_Moderation,integration_base,Log_RCR,hss_reference_share,Log_RCR ~ HSS_Continuous * hss_reference_share + log_team_size + log_prior_knowledge + C(year) + C(arxiv_primary_category),C(arxiv_primary_category)[T.cs.CL],-0.10752893894619264,0.09186411302875394,-1.1705217130059866,0.24179108147169281,-0.2875792919542671,0.07252141406188181,14643.0,0.0824329458985189,0.07465963178222434,24501.85749129712,25443.23048418197
M35_LogRCR_HSSRefShare_Moderation,integration_base,Log_RCR,hss_reference_share,Log_RCR ~ HSS_Continuous * hss_reference_share + log_team_size + log_prior_knowledge + C(year) + C(arxiv_primary_category),C(arxiv_primary_category)[T.cs.CR],-0.09118342242843558,0.09739114835250423,-0.9362598549346601,0.3491394122751875,-0.2820665656123413,0.09969972075547012,14643.0,0.0824329458985189,0.07465963178222434,24501.85749129712,25443.23048418197
M35_LogRCR_HSSRefShare_Moderation,integration_base,Log_RCR,hss_reference_share,Log_RCR ~ HSS_Continuous * hss_reference_share + log_team_size + log_prior_knowledge + C(year) + C(arxiv_primary_category),C(arxiv_primary_category)[T.cs.CV],-0.037613190727263594,0.09181953647083488,-0.4096425681609803,0.6820681656404848,-0.21757617528726195,0.14234979383273474,14643.0,0.0824329458985189,0.07465963178222434,24501.85749129712,25443.23048418197
M35_LogRCR_HSSRefShare_Moderation,integration_base,Log_RCR,hss_reference_share,Log_RCR ~ HSS_Continuous * hss_reference_share + log_team_size + log_prior_knowledge + C(year) + C(arxiv_primary_category),C(arxiv_primary_category)[T.cs.CY],0.1466618065356494,0.1430122937487473,1.025518874575313,0.305118424180726,-0.13363713855835804,0.42696075162965685,14643.0,0.0824329458985189,0.07465963178222434,24501.85749129712,25443.23048418197
M35_LogRCR_HSSRefShare_Moderation,integration_base,Log_RCR,hss_reference_share,Log_RCR ~ HSS_Continuous * hss_reference_share + log_team_size + log_prior_knowledge + C(year) + C(arxiv_primary_category),C(arxiv_primary_category)[T.cs.DB],-0.20701126010694879,0.09965852369383528,-2.077205766592689,0.03778257187119453,-0.40233837729929756,-0.011684142914600015,14643.0,0.0824329458985189,0.07465963178222434,24501.85749129712,25443.23048418197
M35_LogRCR_HSSRefShare_Moderation,integration_base,Log_RCR,hss_reference_share,Log_RCR ~ HSS_Continuous * hss_reference_share + log_team_size + log_prior_knowledge + C(year) + C(arxiv_primary_category),C(arxiv_primary_category)[T.cs.DC],-0.14553808614954308,0.11539574977026804,-1.2612083758655146,0.2072337817091865,-0.37170959966826467,0.08063342736917847,14643.0,0.0824329458985189,0.07465963178222434,24501.85749129712,25443.23048418197
M35_LogRCR_HSSRefShare_Moderation,integration_base,Log_RCR,hss_reference_share,Log_RCR ~ HSS_Continuous * hss_reference_share + log_team_size + log_prior_knowledge + C(year) + C(arxiv_primary_category),C(arxiv_primary_category)[T.cs.DL],-0.35945199299595537,0.1027258019696367,-3.499140294881327,0.00046676091718905966,-0.5607908651394371,-0.1581131208524737,14643.0,0.0824329458985189,0.07465963178222434,24501.85749129712,25443.23048418197
M35_LogRCR_HSSRefShare_Moderation,integration_base,Log_RCR,hss_reference_share,Log_RCR ~ HSS_Continuous * hss_reference_share + log_team_size + log_prior_knowledge + C(year) + C(arxiv_primary_category),C(arxiv_primary_category)[T.cs.DM],-0.27134333448272735,0.09218768755810547,-2.9433793348130237,0.003246503532273479,-0.45202788191464527,-0.0906587870508094,14643.0,0.0824329458985189,0.07465963178222434,24501.85749129712,25443.23048418197
M35_LogRCR_HSSRefShare_Moderation,integration_base,Log_RCR,hss_reference_share,Log_RCR ~ HSS_Continuous * hss_reference_share + log_team_size + log_prior_knowledge + C(year) + C(arxiv_primary_category),C(arxiv_primary_category)[T.cs.DS],-0.21844936301508744,0.10238714257298982,-2.1335624525253167,0.032878614301122044,-0.41912447493811517,-0.017774251092059712,14643.0,0.0824329458985189,0.07465963178222434,24501.85749129712,25443.23048418197
M35_LogRCR_HSSRefShare_Moderation,integration_base,Log_RCR,hss_reference_share,Log_RCR ~ HSS_Continuous * hss_reference_share + log_team_size + log_prior_knowledge + C(year) + C(arxiv_primary_category),C(arxiv_primary_category)[T.cs.ET],-0.1819906860043185,0.14026808505746596,-1.2974489951136023,0.19447674381939295,-0.4569110808973527,0.09292970888871571,14643.0,0.0824329458985189,0.07465963178222434,24501.85749129712,25443.23048418197
M35_LogRCR_HSSRefShare_Moderation,integration_base,Log_RCR,hss_reference_share,Log_RCR ~ HSS_Continuous * hss_reference_share + log_team_size + log_prior_knowledge + C(year) + C(arxiv_primary_category),C(arxiv_primary_category)[T.cs.FL],-0.1595445147507366,0.09712153436267036,-1.642730582848567,0.1004386882219926,-0.34989922422483977,0.030810194723366574,14643.0,0.0824329458985189,0.07465963178222434,24501.85749129712,25443.23048418197
M35_LogRCR_HSSRefShare_Moderation,integration_base,Log_RCR,hss_reference_share,Log_RCR ~ HSS_Continuous * hss_reference_share + log_team_size + log_prior_knowledge + C(year) + C(arxiv_primary_category),C(arxiv_primary_category)[T.cs.GR],-0.10170678061417733,0.10739360036651652,-0.9470469401069429,0.3436148603824156,-0.31219436950263724,0.10878080827428259,14643.0,0.0824329458985189,0.07465963178222434,24501.85749129712,25443.23048418197
M35_LogRCR_HSSRefShare_Moderation,integration_base,Log_RCR,hss_reference_share,Log_RCR ~ HSS_Continuous * hss_reference_share + log_team_size + log_prior_knowledge + C(year) + C(arxiv_primary_category),C(arxiv_primary_category)[T.cs.GT],-0.1759597592498406,0.20863677212547416,-0.8433784584436459,0.3990168156110063,-0.5848803184664603,0.23296079996677901,14643.0,0.0824329458985189,0.07465963178222434,24501.85749129712,25443.23048418197
M35_LogRCR_HSSRefShare_Moderation,integration_base,Log_RCR,hss_reference_share,Log_RCR ~ HSS_Continuous * hss_reference_share + log_team_size + log_prior_knowledge + C(year) + C(arxiv_primary_category),C(arxiv_primary_category)[T.cs.HC],-0.25824607421690526,0.10232344451905184,-2.523821157807308,0.011608696981194513,-0.45879634024832927,-0.05769580818548126,14643.0,0.0824329458985189,0.07465963178222434,24501.85749129712,25443.23048418197
M35_LogRCR_HSSRefShare_Moderation,integration_base,Log_RCR,hss_reference_share,Log_RCR ~ HSS_Continuous * hss_reference_share + log_team_size + log_prior_knowledge + C(year) + C(arxiv_primary_category),C(arxiv_primary_category)[T.cs.IR],-0.12125690358399012,0.09738551927611312,-1.2451225242245252,0.21308671574542848,-0.31212901398090304,0.06961520681292278,14643.0,0.0824329458985189,0.07465963178222434,24501.85749129712,25443.23048418197
M35_LogRCR_HSSRefShare_Moderation,integration_base,Log_RCR,hss_reference_share,Log_RCR ~ HSS_Continuous * hss_reference_share + log_team_size + log_prior_knowledge + C(year) + C(arxiv_primary_category),C(arxiv_primary_category)[T.cs.IT],-0.3168665827717483,0.09155299834987436,-3.461018082235022,0.0005381366648191663,-0.49630716221415705,-0.13742600332933955,14643.0,0.0824329458985189,0.07465963178222434,24501.85749129712,25443.23048418197
M35_LogRCR_HSSRefShare_Moderation,integration_base,Log_RCR,hss_reference_share,Log_RCR ~ HSS_Continuous * hss_reference_share + log_team_size + log_prior_knowledge + C(year) + C(arxiv_primary_category),C(arxiv_primary_category)[T.cs.LG],0.05146839187529651,0.09224622891521314,0.5579457554042992,0.576881425901513,-0.1293308945081586,0.2322676782587516,14643.0,0.0824329458985189,0.07465963178222434,24501.85749129712,25443.23048418197
M35_LogRCR_HSSRefShare_Moderation,integration_base,Log_RCR,hss_reference_share,Log_RCR ~ HSS_Continuous * hss_reference_share + log_team_size + log_prior_knowledge + C(year) + C(arxiv_primary_category),C(arxiv_primary_category)[T.cs.LO],-0.1924672101105542,0.09693162146638257,-1.985597756427761,0.04707800578449699,-0.3824496971477336,-0.0024847230733748005,14643.0,0.0824329458985189,0.07465963178222434,24501.85749129712,25443.23048418197
M35_LogRCR_HSSRefShare_Moderation,integration_base,Log_RCR,hss_reference_share,Log_RCR ~ HSS_Continuous * hss_reference_share + log_team_size + log_prior_knowledge + C(year) + C(arxiv_primary_category),C(arxiv_primary_category)[T.cs.MA],-0.10537841721646117,0.2533526318129647,-0.41593575114015724,0.6774570178061343,-0.6019404509583087,0.39118361652538636,14643.0,0.0824329458985189,0.07465963178222434,24501.85749129712,25443.23048418197
M35_LogRCR_HSSRefShare_Moderation,integration_base,Log_RCR,hss_reference_share,Log_RCR ~ HSS_Continuous * hss_reference_share + log_team_size + log_prior_knowledge + C(year) + C(arxiv_primary_category),C(arxiv_primary_category)[T.cs.MM],-0.23863080270873432,0.10018981863735735,-2.381786951551154,0.017228861864238002,-0.4349992388555546,-0.04226236656191404,14643.0,0.0824329458985189,0.07465963178222434,24501.85749129712,25443.23048418197
M35_LogRCR_HSSRefShare_Moderation,integration_base,Log_RCR,hss_reference_share,Log_RCR ~ HSS_Continuous * hss_reference_share + log_team_size + log_prior_knowledge + C(year) + C(arxiv_primary_category),C(arxiv_primary_category)[T.cs.MS],-0.2887376641532621,0.1131955344945947,-2.5507867023416004,0.010748008201312283,-0.510596834973429,-0.06687849333309512,14643.0,0.0824329458985189,0.07465963178222434,24501.85749129712,25443.23048418197
M35_LogRCR_HSSRefShare_Moderation,integration_base,Log_RCR,hss_reference_share,Log_RCR ~ HSS_Continuous * hss_reference_share + log_team_size + log_prior_knowledge + C(year) + C(arxiv_primary_category),C(arxiv_primary_category)[T.cs.NE],-0.05022772891025423,0.11240671072877575,-0.4468392374850988,0.65499113857986,-0.27054083355926684,0.17008537573875834,14643.0,0.0824329458985189,0.07465963178222434,24501.85749129712,25443.23048418197
M35_LogRCR_HSSRefShare_Moderation,integration_base,Log_RCR,hss_reference_share,Log_RCR ~ HSS_Continuous * hss_reference_share + log_team_size + log_prior_knowledge + C(year) + C(arxiv_primary_category),C(arxiv_primary_category)[T.cs.NI],-0.31432634738725995,0.09650141863242444,-3.2572199646570423,0.0011250921038438045,-0.5034656523638343,-0.12518704241068554,14643.0,0.0824329458985189,0.07465963178222434,24501.85749129712,25443.23048418197
M35_LogRCR_HSSRefShare_Moderation,integration_base,Log_RCR,hss_reference_share,Log_RCR ~ HSS_Continuous * hss_reference_share + log_team_size + log_prior_knowledge + C(year) + C(arxiv_primary_category),C(arxiv_primary_category)[T.cs.OH],0.7415014482381855,0.7355118307145248,1.0081434686344095,0.3133855922249764,-0.7000752501654041,2.1830781466417752,14643.0,0.0824329458985189,0.07465963178222434,24501.85749129712,25443.23048418197
M35_LogRCR_HSSRefShare_Moderation,integration_base,Log_RCR,hss_reference_share,Log_RCR ~ HSS_Continuous * hss_reference_share + log_team_size + log_prior_knowledge + C(year) + C(arxiv_primary_category),C(arxiv_primary_category)[T.cs.PF],-0.4884941305074437,0.09281964805557115,-5.262831100318137,1.4185388441358562e-07,-0.6704172977540465,-0.306570963260841,14643.0,0.0824329458985189,0.07465963178222434,24501.85749129712,25443.23048418197
M35_LogRCR_HSSRefShare_Moderation,integration_base,Log_RCR,hss_reference_share,Log_RCR ~ HSS_Continuous * hss_reference_share + log_team_size + log_prior_knowledge + C(year) + C(arxiv_primary_category),C(arxiv_primary_category)[T.cs.PL],-0.27360143767448947,0.1206566871102379,-2.2676027680464466,0.023353428826190972,-0.510084198904474,-0.037118676444505005,14643.0,0.0824329458985189,0.07465963178222434,24501.85749129712,25443.23048418197
M35_LogRCR_HSSRefShare_Moderation,integration_base,Log_RCR,hss_reference_share,Log_RCR ~ HSS_Continuous * hss_reference_share + log_team_size + log_prior_knowledge + C(year) + C(arxiv_primary_category),C(arxiv_primary_category)[T.cs.RO],-0.20325272463891325,0.09538785492353469,-2.1308029706910356,0.033105377526824895,-0.3902094848515729,-0.016295964426253584,14643.0,0.0824329458985189,0.07465963178222434,24501.85749129712,25443.23048418197
M35_LogRCR_HSSRefShare_Moderation,integration_base,Log_RCR,hss_reference_share,Log_RCR ~ HSS_Continuous * hss_reference_share + log_team_size + log_prior_knowledge + C(year) + C(arxiv_primary_category),C(arxiv_primary_category)[T.cs.SC],-0.0820771665177777,0.09286504008918603,-0.8838327796870832,0.3767864883930452,-0.2640893005154506,0.0999349674798952,14643.0,0.0824329458985189,0.07465963178222434,24501.85749129712,25443.23048418197
M35_LogRCR_HSSRefShare_Moderation,integration_base,Log_RCR,hss_reference_share,Log_RCR ~ HSS_Continuous * hss_reference_share + log_team_size + log_prior_knowledge + C(year) + C(arxiv_primary_category),C(arxiv_primary_category)[T.cs.SD],-0.14849121529809264,0.09552852077280988,-1.5544176136804313,0.12008483447733291,-0.3357236755091864,0.03874124491300113,14643.0,0.0824329458985189,0.07465963178222434,24501.85749129712,25443.23048418197
M35_LogRCR_HSSRefShare_Moderation,integration_base,Log_RCR,hss_reference_share,Log_RCR ~ HSS_Continuous * hss_reference_share + log_team_size + log_prior_knowledge + C(year) + C(arxiv_primary_category),C(arxiv_primary_category)[T.cs.SE],-0.12587619460618432,0.10638811112068802,-1.183179147370976,0.2367381554331469,-0.3343930607859781,0.08264067157360941,14643.0,0.0824329458985189,0.07465963178222434,24501.85749129712,25443.23048418197
M35_LogRCR_HSSRefShare_Moderation,integration_base,Log_RCR,hss_reference_share,Log_RCR ~ HSS_Continuous * hss_reference_share + log_team_size + log_prior_knowledge + C(year) + C(arxiv_primary_category),C(arxiv_primary_category)[T.cs.SI],-0.2435822845164069,0.09640776985628022,-2.526583540720078,0.011517799175156525,-0.4325380412645424,-0.0546265277682714,14643.0,0.0824329458985189,0.07465963178222434,24501.85749129712,25443.23048418197
M35_LogRCR_HSSRefShare_Moderation,integration_base,Log_RCR,hss_reference_share,Log_RCR ~ HSS_Continuous * hss_reference_share + log_team_size + log_prior_knowledge + C(year) + C(arxiv_primary_category),C(arxiv_primary_category)[T.econ.EM],-0.29726692098566854,0.26017527558900755,-1.1425640669071635,0.25321963178937634,-0.8072010908079065,0.2126672488365694,14643.0,0.0824329458985189,0.07465963178222434,24501.85749129712,25443.23048418197
M35_LogRCR_HSSRefShare_Moderation,integration_base,Log_RCR,hss_reference_share,Log_RCR ~ HSS_Continuous * hss_reference_share + log_team_size + log_prior_knowledge + C(year) + C(arxiv_primary_category),C(arxiv_primary_category)[T.econ.GN],-0.02582053381115639,0.10038942372185139,-0.2572037257898526,0.7970215079773227,-0.22258018873471608,0.17093912111240328,14643.0,0.0824329458985189,0.07465963178222434,24501.85749129712,25443.23048418197
M35_LogRCR_HSSRefShare_Moderation,integration_base,Log_RCR,hss_reference_share,Log_RCR ~ HSS_Continuous * hss_reference_share + log_team_size + log_prior_knowledge + C(year) + C(arxiv_primary_category),C(arxiv_primary_category)[T.eess.AS],-0.22042401395759623,0.09308850572141403,-2.367897220493142,0.017889504829733886,-0.4028741325462185,-0.03797389536897397,14643.0,0.0824329458985189,0.07465963178222434,24501.85749129712,25443.23048418197
M35_LogRCR_HSSRefShare_Moderation,integration_base,Log_RCR,hss_reference_share,Log_RCR ~ HSS_Continuous * hss_reference_share + log_team_size + log_prior_knowledge + C(year) + C(arxiv_primary_category),C(arxiv_primary_category)[T.eess.IV],-0.17524122142777362,0.09297154283372785,-1.8848909686394952,0.05944455969130009,-0.3574620969690032,0.006979654113455941,14643.0,0.0824329458985189,0.07465963178222434,24501.85749129712,25443.23048418197
M35_LogRCR_HSSRefShare_Moderation,integration_base,Log_RCR,hss_reference_share,Log_RCR ~ HSS_Continuous * hss_reference_share + log_team_size + log_prior_knowledge + C(year) + C(arxiv_primary_category),C(arxiv_primary_category)[T.eess.SP],-0.21282605011967454,0.09432641467766219,-2.256272019316713,0.024053600614217633,-0.39770242567868275,-0.027949674560666327,14643.0,0.0824329458985189,0.07465963178222434,24501.85749129712,25443.23048418197
M35_LogRCR_HSSRefShare_Moderation,integration_base,Log_RCR,hss_reference_share,Log_RCR ~ HSS_Continuous * hss_reference_share + log_team_size + log_prior_knowledge + C(year) + C(arxiv_primary_category),C(arxiv_primary_category)[T.eess.SY],-0.3100117811609656,0.09409618571757784,-3.2946264377967576,0.0009855259719632062,-0.4944369162500104,-0.12558664607192083,14643.0,0.0824329458985189,0.07465963178222434,24501.85749129712,25443.23048418197
M35_LogRCR_HSSRefShare_Moderation,integration_base,Log_RCR,hss_reference_share,Log_RCR ~ HSS_Continuous * hss_reference_share + log_team_size + log_prior_knowledge + C(year) + C(arxiv_primary_category),C(arxiv_primary_category)[T.gr-qc],-0.5293858437742437,0.0937273463536957,-5.648147145620856,1.621863323016029e-08,-0.7130880669939988,-0.34568362055448854,14643.0,0.0824329458985189,0.07465963178222434,24501.85749129712,25443.23048418197
M35_LogRCR_HSSRefShare_Moderation,integration_base,Log_RCR,hss_reference_share,Log_RCR ~ HSS_Continuous * hss_reference_share + log_team_size + log_prior_knowledge + C(year) + C(arxiv_primary_category),C(arxiv_primary_category)[T.hep-ex],0.026368209686142022,0.21807175420041977,0.12091529131236413,0.9037581303232279,-0.401044574592152,0.453780993964436,14643.0,0.0824329458985189,0.07465963178222434,24501.85749129712,25443.23048418197
M35_LogRCR_HSSRefShare_Moderation,integration_base,Log_RCR,hss_reference_share,Log_RCR ~ HSS_Continuous * hss_reference_share + log_team_size + log_prior_knowledge + C(year) + C(arxiv_primary_category),C(arxiv_primary_category)[T.hep-lat],-0.11783073668635188,0.17192867371025802,-0.6853466274329876,0.4931252150665909,-0.454804745068196,0.21914327169549228,14643.0,0.0824329458985189,0.07465963178222434,24501.85749129712,25443.23048418197
M35_LogRCR_HSSRefShare_Moderation,integration_base,Log_RCR,hss_reference_share,Log_RCR ~ HSS_Continuous * hss_reference_share + log_team_size + log_prior_knowledge + C(year) + C(arxiv_primary_category),C(arxiv_primary_category)[T.hep-ph],0.17891279821055028,0.15271413416488924,1.1715536298517968,0.24137631426425543,-0.12040140468285043,0.478227001103951,14643.0,0.0824329458985189,0.07465963178222434,24501.85749129712,25443.23048418197
M35_LogRCR_HSSRefShare_Moderation,integration_base,Log_RCR,hss_reference_share,Log_RCR ~ HSS_Continuous * hss_reference_share + log_team_size + log_prior_knowledge + C(year) + C(arxiv_primary_category),C(arxiv_primary_category)[T.hep-th],0.6934343518230371,0.10485484695694018,6.613278946540294,3.758991582633101e-11,0.4879226281829751,0.8989460754630991,14643.0,0.0824329458985189,0.07465963178222434,24501.85749129712,25443.23048418197
M35_LogRCR_HSSRefShare_Moderation,integration_base,Log_RCR,hss_reference_share,Log_RCR ~ HSS_Continuous * hss_reference_share + log_team_size + log_prior_knowledge + C(year) + C(arxiv_primary_category),C(arxiv_primary_category)[T.math.AG],-0.09707115306411783,0.09284144685541952,-1.0455583831570954,0.2957649720620429,-0.27903704517332956,0.08489473904509388,14643.0,0.0824329458985189,0.07465963178222434,24501.85749129712,25443.23048418197
M35_LogRCR_HSSRefShare_Moderation,integration_base,Log_RCR,hss_reference_share,Log_RCR ~ HSS_Continuous * hss_reference_share + log_team_size + log_prior_knowledge + C(year) + C(arxiv_primary_category),C(arxiv_primary_category)[T.math.AP],-0.2389686852182008,0.09734134626615844,-2.4549556214765476,0.014090198178265111,-0.4297542181065138,-0.04818315232988779,14643.0,0.0824329458985189,0.07465963178222434,24501.85749129712,25443.23048418197
M35_LogRCR_HSSRefShare_Moderation,integration_base,Log_RCR,hss_reference_share,Log_RCR ~ HSS_Continuous * hss_reference_share + log_team_size + log_prior_knowledge + C(year) + C(arxiv_primary_category),C(arxiv_primary_category)[T.math.CO],-0.20541717402879098,0.09584614293926601,-2.1431970836735275,0.03209727636983412,-0.39327216224683037,-0.017562185810751613,14643.0,0.0824329458985189,0.07465963178222434,24501.85749129712,25443.23048418197
M35_LogRCR_HSSRefShare_Moderation,integration_base,Log_RCR,hss_reference_share,Log_RCR ~ HSS_Continuous * hss_reference_share + log_team_size + log_prior_knowledge + C(year) + C(arxiv_primary_category),C(arxiv_primary_category)[T.math.DS],-0.2283632796329827,0.1173034210308201,-1.9467742511361448,0.05156180523818304,-0.45827376011672843,0.001547200850763042,14643.0,0.0824329458985189,0.07465963178222434,24501.85749129712,25443.23048418197
M35_LogRCR_HSSRefShare_Moderation,integration_base,Log_RCR,hss_reference_share,Log_RCR ~ HSS_Continuous * hss_reference_share + log_team_size + log_prior_knowledge + C(year) + C(arxiv_primary_category),C(arxiv_primary_category)[T.math.GR],-0.21394627752121537,0.09366272760088996,-2.284220020079604,0.02235860355621803,-0.39752185031274534,-0.030370704729685366,14643.0,0.0824329458985189,0.07465963178222434,24501.85749129712,25443.23048418197
M35_LogRCR_HSSRefShare_Moderation,integration_base,Log_RCR,hss_reference_share,Log_RCR ~ HSS_Continuous * hss_reference_share + log_team_size + log_prior_knowledge + C(year) + C(arxiv_primary_category),C(arxiv_primary_category)[T.math.LO],-0.08708221306338712,0.09357621383749007,-0.9306020140397985,0.3520594723015894,-0.2704882219944863,0.09632379586771206,14643.0,0.0824329458985189,0.07465963178222434,24501.85749129712,25443.23048418197
M35_LogRCR_HSSRefShare_Moderation,integration_base,Log_RCR,hss_reference_share,Log_RCR ~ HSS_Continuous * hss_reference_share + log_team_size + log_prior_knowledge + C(year) + C(arxiv_primary_category),C(arxiv_primary_category)[T.math.NA],-0.20132229829917972,0.10061142683963832,-2.0009884028387908,0.045393639686979556,-0.39851707133805736,-0.004127525260302051,14643.0,0.0824329458985189,0.07465963178222434,24501.85749129712,25443.23048418197
M35_LogRCR_HSSRefShare_Moderation,integration_base,Log_RCR,hss_reference_share,Log_RCR ~ HSS_Continuous * hss_reference_share + log_team_size + log_prior_knowledge + C(year) + C(arxiv_primary_category),C(arxiv_primary_category)[T.math.NT],-0.39397070419470925,0.09268760297097448,-4.250522093208979,2.1327279639741977e-05,-0.5756350678311669,-0.21230634055825157,14643.0,0.0824329458985189,0.07465963178222434,24501.85749129712,25443.23048418197
M35_LogRCR_HSSRefShare_Moderation,integration_base,Log_RCR,hss_reference_share,Log_RCR ~ HSS_Continuous * hss_reference_share + log_team_size + log_prior_knowledge + C(year) + C(arxiv_primary_category),C(arxiv_primary_category)[T.math.OC],-0.17852891008658903,0.10122059707289158,-1.7637606895168354,0.07777227847012409,-0.3769176348430969,0.019859814669918874,14643.0,0.0824329458985189,0.07465963178222434,24501.85749129712,25443.23048418197
M35_LogRCR_HSSRefShare_Moderation,integration_base,Log_RCR,hss_reference_share,Log_RCR ~ HSS_Continuous * hss_reference_share + log_team_size + log_prior_knowledge + C(year) + C(arxiv_primary_category),C(arxiv_primary_category)[T.math.PR],-0.18367466455791143,0.09728024120822165,-1.8880983669105884,0.059012746071951463,-0.3743404337333951,0.006991104617572241,14643.0,0.0824329458985189,0.07465963178222434,24501.85749129712,25443.23048418197
M35_LogRCR_HSSRefShare_Moderation,integration_base,Log_RCR,hss_reference_share,Log_RCR ~ HSS_Continuous * hss_reference_share + log_team_size + log_prior_knowledge + C(year) + C(arxiv_primary_category),C(arxiv_primary_category)[T.math.ST],-0.10424279706515961,0.12544030493697575,-0.8310151758442689,0.40596505627984936,-0.350101276951354,0.14161568282103482,14643.0,0.0824329458985189,0.07465963178222434,24501.85749129712,25443.23048418197
M35_LogRCR_HSSRefShare_Moderation,integration_base,Log_RCR,hss_reference_share,Log_RCR ~ HSS_Continuous * hss_reference_share + log_team_size + log_prior_knowledge + C(year) + C(arxiv_primary_category),C(arxiv_primary_category)[T.nlin.AO],-0.19236366044503497,0.09411724379642879,-2.043872649533901,0.04096612973307541,-0.37683006861021123,-0.007897252279858713,14643.0,0.0824329458985189,0.07465963178222434,24501.85749129712,25443.23048418197
M35_LogRCR_HSSRefShare_Moderation,integration_base,Log_RCR,hss_reference_share,Log_RCR ~ HSS_Continuous * hss_reference_share + log_team_size + log_prior_knowledge + C(year) + C(arxiv_primary_category),C(arxiv_primary_category)[T.nlin.PS],-0.2757500195773537,0.09151292855558132,-3.0132356589361473,0.002584781144871094,-0.45511206366608015,-0.09638797548862721,14643.0,0.0824329458985189,0.07465963178222434,24501.85749129712,25443.23048418197
M35_LogRCR_HSSRefShare_Moderation,integration_base,Log_RCR,hss_reference_share,Log_RCR ~ HSS_Continuous * hss_reference_share + log_team_size + log_prior_knowledge + C(year) + C(arxiv_primary_category),C(arxiv_primary_category)[T.nucl-th],-0.3008653550917849,0.09217176929981191,-3.2641811845137148,0.001097809371647123,-0.48151870331075086,-0.12021200687281894,14643.0,0.0824329458985189,0.07465963178222434,24501.85749129712,25443.23048418197
M35_LogRCR_HSSRefShare_Moderation,integration_base,Log_RCR,hss_reference_share,Log_RCR ~ HSS_Continuous * hss_reference_share + log_team_size + log_prior_knowledge + C(year) + C(arxiv_primary_category),C(arxiv_primary_category)[T.physics.acc-ph],-0.21941178381119728,0.09984762633270523,-2.197466197945345,0.027987168013714,-0.41510953536511264,-0.023714032257281914,14643.0,0.0824329458985189,0.07465963178222434,24501.85749129712,25443.23048418197
M35_LogRCR_HSSRefShare_Moderation,integration_base,Log_RCR,hss_reference_share,Log_RCR ~ HSS_Continuous * hss_reference_share + log_team_size + log_prior_knowledge + C(year) + C(arxiv_primary_category),C(arxiv_primary_category)[T.physics.ao-ph],-0.17259410449607446,0.10439400431937695,-1.6532951831989324,0.09827080283033225,-0.3772025931639721,0.0320143841718232,14643.0,0.0824329458985189,0.07465963178222434,24501.85749129712,25443.23048418197
M35_LogRCR_HSSRefShare_Moderation,integration_base,Log_RCR,hss_reference_share,Log_RCR ~ HSS_Continuous * hss_reference_share + log_team_size + log_prior_knowledge + C(year) + C(arxiv_primary_category),C(arxiv_primary_category)[T.physics.app-ph],-0.23462616649656892,0.10333596449455856,-2.2705179909451934,0.023176172975057738,-0.4371609352136135,-0.032091397779524355,14643.0,0.0824329458985189,0.07465963178222434,24501.85749129712,25443.23048418197
M35_LogRCR_HSSRefShare_Moderation,integration_base,Log_RCR,hss_reference_share,Log_RCR ~ HSS_Continuous * hss_reference_share + log_team_size + log_prior_knowledge + C(year) + C(arxiv_primary_category),C(arxiv_primary_category)[T.physics.atom-ph],-0.3718540944362123,0.09128514124195557,-4.07354460295565,4.630297888807573e-05,-0.5507696835940972,-0.19293850527832745,14643.0,0.0824329458985189,0.07465963178222434,24501.85749129712,25443.23048418197
M35_LogRCR_HSSRefShare_Moderation,integration_base,Log_RCR,hss_reference_share,Log_RCR ~ HSS_Continuous * hss_reference_share + log_team_size + log_prior_knowledge + C(year) + C(arxiv_primary_category),C(arxiv_primary_category)[T.physics.bio-ph],-0.2949870320628125,0.09758782770348909,-3.0227851055266983,0.0025046003030986426,-0.48625565969115125,-0.10371840443447378,14643.0,0.0824329458985189,0.07465963178222434,24501.85749129712,25443.23048418197
M35_LogRCR_HSSRefShare_Moderation,integration_base,Log_RCR,hss_reference_share,Log_RCR ~ HSS_Continuous * hss_reference_share + log_team_size + log_prior_knowledge + C(year) + C(arxiv_primary_category),C(arxiv_primary_category)[T.physics.chem-ph],-0.059486556107241094,0.15645626574470847,-0.38021204087988403,0.7037880219036581,-0.36613520212249745,0.24716208990801528,14643.0,0.0824329458985189,0.07465963178222434,24501.85749129712,25443.23048418197
M35_LogRCR_HSSRefShare_Moderation,integration_base,Log_RCR,hss_reference_share,Log_RCR ~ HSS_Continuous * hss_reference_share + log_team_size + log_prior_knowledge + C(year) + C(arxiv_primary_category),C(arxiv_primary_category)[T.physics.comp-ph],0.03357764389490776,0.15148643829949263,0.2216544548266683,0.8245828879006233,-0.2633303193183469,0.3304856071081624,14643.0,0.0824329458985189,0.07465963178222434,24501.85749129712,25443.23048418197
M35_LogRCR_HSSRefShare_Moderation,integration_base,Log_RCR,hss_reference_share,Log_RCR ~ HSS_Continuous * hss_reference_share + log_team_size + log_prior_knowledge + C(year) + C(arxiv_primary_category),C(arxiv_primary_category)[T.physics.data-an],-0.038412814666738807,0.1997704939574974,-0.19228472586603007,0.8475191821487136,-0.4299557879972102,0.3531301586637326,14643.0,0.0824329458985189,0.07465963178222434,24501.85749129712,25443.23048418197
M35_LogRCR_HSSRefShare_Moderation,integration_base,Log_RCR,hss_reference_share,Log_RCR ~ HSS_Continuous * hss_reference_share + log_team_size + log_prior_knowledge + C(year) + C(arxiv_primary_category),C(arxiv_primary_category)[T.physics.ed-ph],-0.1367727489797703,0.18271477991757598,-0.7485587594034239,0.45412319674304424,-0.49488713706138154,0.221341639101841,14643.0,0.0824329458985189,0.07465963178222434,24501.85749129712,25443.23048418197
M35_LogRCR_HSSRefShare_Moderation,integration_base,Log_RCR,hss_reference_share,Log_RCR ~ HSS_Continuous * hss_reference_share + log_team_size + log_prior_knowledge + C(year) + C(arxiv_primary_category),C(arxiv_primary_category)[T.physics.flu-dyn],-0.2698160212194188,0.11814944925183458,-2.2836841214918246,0.0223901019044776,-0.5013846865462575,-0.03824735589258016,14643.0,0.0824329458985189,0.07465963178222434,24501.85749129712,25443.23048418197
M35_LogRCR_HSSRefShare_Moderation,integration_base,Log_RCR,hss_reference_share,Log_RCR ~ HSS_Continuous * hss_reference_share + log_team_size + log_prior_knowledge + C(year) + C(arxiv_primary_category),C(arxiv_primary_category)[T.physics.geo-ph],-0.006395289127987101,0.22423379329315107,-0.028520630338827867,0.9772469140900495,-0.4458854480993623,0.43309486984338813,14643.0,0.0824329458985189,0.07465963178222434,24501.85749129712,25443.23048418197
M35_LogRCR_HSSRefShare_Moderation,integration_base,Log_RCR,hss_reference_share,Log_RCR ~ HSS_Continuous * hss_reference_share + log_team_size + log_prior_knowledge + C(year) + C(arxiv_primary_category),C(arxiv_primary_category)[T.physics.ins-det],-0.26518117454096457,0.10202171900248078,-2.599261972193552,0.009342444511846116,-0.4651400694266925,-0.06522227965523661,14643.0,0.0824329458985189,0.07465963178222434,24501.85749129712,25443.23048418197
M35_LogRCR_HSSRefShare_Moderation,integration_base,Log_RCR,hss_reference_share,Log_RCR ~ HSS_Continuous * hss_reference_share + log_team_size + log_prior_knowledge + C(year) + C(arxiv_primary_category),C(arxiv_primary_category)[T.physics.med-ph],-0.24871583970176267,0.10613278605820185,-2.343440221812043,0.019106823801489918,-0.45673227795473303,-0.04069940144879228,14643.0,0.0824329458985189,0.07465963178222434,24501.85749129712,25443.23048418197
M35_LogRCR_HSSRefShare_Moderation,integration_base,Log_RCR,hss_reference_share,Log_RCR ~ HSS_Continuous * hss_reference_share + log_team_size + log_prior_knowledge + C(year) + C(arxiv_primary_category),C(arxiv_primary_category)[T.physics.optics],-0.2746722457221029,0.10887977429796414,-2.5227113804481758,0.011645393697868609,-0.48807268199096243,-0.06127180945324337,14643.0,0.0824329458985189,0.07465963178222434,24501.85749129712,25443.23048418197
M35_LogRCR_HSSRefShare_Moderation,integration_base,Log_RCR,hss_reference_share,Log_RCR ~ HSS_Continuous * hss_reference_share + log_team_size + log_prior_knowledge + C(year) + C(arxiv_primary_category),C(arxiv_primary_category)[T.physics.soc-ph],-0.24378398932530926,0.10220054168608543,-2.3853492878159606,0.0170629122033232,-0.44409337023052115,-0.04347460842009737,14643.0,0.0824329458985189,0.07465963178222434,24501.85749129712,25443.23048418197
M35_LogRCR_HSSRefShare_Moderation,integration_base,Log_RCR,hss_reference_share,Log_RCR ~ HSS_Continuous * hss_reference_share + log_team_size + log_prior_knowledge + C(year) + C(arxiv_primary_category),C(arxiv_primary_category)[T.physics.space-ph],-0.523678521798549,0.23659634807828353,-2.2133837907983156,0.026871197210871108,-0.9873988429056871,-0.05995820069141089,14643.0,0.0824329458985189,0.07465963178222434,24501.85749129712,25443.23048418197
M35_LogRCR_HSSRefShare_Moderation,integration_base,Log_RCR,hss_reference_share,Log_RCR ~ HSS_Continuous * hss_reference_share + log_team_size + log_prior_knowledge + C(year) + C(arxiv_primary_category),C(arxiv_primary_category)[T.q-bio.BM],0.08908484173871957,0.1747477350155945,0.5097911096288008,0.610197814790721,-0.2534144252717946,0.4315841087492337,14643.0,0.0824329458985189,0.07465963178222434,24501.85749129712,25443.23048418197
M35_LogRCR_HSSRefShare_Moderation,integration_base,Log_RCR,hss_reference_share,Log_RCR ~ HSS_Continuous * hss_reference_share + log_team_size + log_prior_knowledge + C(year) + C(arxiv_primary_category),C(arxiv_primary_category)[T.q-bio.GN],-0.1897121371748615,0.1561050383801205,-1.2152851640374778,0.22425734836160316,-0.49567239020514053,0.11624811585541753,14643.0,0.0824329458985189,0.07465963178222434,24501.85749129712,25443.23048418197
M35_LogRCR_HSSRefShare_Moderation,integration_base,Log_RCR,hss_reference_share,Log_RCR ~ HSS_Continuous * hss_reference_share + log_team_size + log_prior_knowledge + C(year) + C(arxiv_primary_category),C(arxiv_primary_category)[T.q-bio.MN],-0.2785641614206072,0.10808030792496562,-2.577381271100739,0.009955207504996911,-0.49039767239153875,-0.0667306504496756,14643.0,0.0824329458985189,0.07465963178222434,24501.85749129712,25443.23048418197
M35_LogRCR_HSSRefShare_Moderation,integration_base,Log_RCR,hss_reference_share,Log_RCR ~ HSS_Continuous * hss_reference_share + log_team_size + log_prior_knowledge + C(year) + C(arxiv_primary_category),C(arxiv_primary_category)[T.q-bio.NC],-0.2871885265494714,0.09534597953333054,-3.012067503581287,0.0025947489009900994,-0.4740632125054924,-0.10031384059345044,14643.0,0.0824329458985189,0.07465963178222434,24501.85749129712,25443.23048418197
M35_LogRCR_HSSRefShare_Moderation,integration_base,Log_RCR,hss_reference_share,Log_RCR ~ HSS_Continuous * hss_reference_share + log_team_size + log_prior_knowledge + C(year) + C(arxiv_primary_category),C(arxiv_primary_category)[T.q-bio.OT],0.28728733791381167,0.3107169274946984,0.9245950654513777,0.35517658080155146,-0.3217066493627405,0.8962813251903639,14643.0,0.0824329458985189,0.07465963178222434,24501.85749129712,25443.23048418197
M35_LogRCR_HSSRefShare_Moderation,integration_base,Log_RCR,hss_reference_share,Log_RCR ~ HSS_Continuous * hss_reference_share + log_team_size + log_prior_knowledge + C(year) + C(arxiv_primary_category),C(arxiv_primary_category)[T.q-bio.PE],-0.002851806294919737,0.2668488947157863,-0.010686970609179853,0.9914731934591583,-0.5258660292521817,0.5201624166623422,14643.0,0.0824329458985189,0.07465963178222434,24501.85749129712,25443.23048418197
M35_LogRCR_HSSRefShare_Moderation,integration_base,Log_RCR,hss_reference_share,Log_RCR ~ HSS_Continuous * hss_reference_share + log_team_size + log_prior_knowledge + C(year) + C(arxiv_primary_category),C(arxiv_primary_category)[T.q-bio.QM],-0.23144330622142564,0.10429204583903727,-2.2191846402038338,0.02647416559866256,-0.4358519599399391,-0.027034652502912204,14643.0,0.0824329458985189,0.07465963178222434,24501.85749129712,25443.23048418197
M35_LogRCR_HSSRefShare_Moderation,integration_base,Log_RCR,hss_reference_share,Log_RCR ~ HSS_Continuous * hss_reference_share + log_team_size + log_prior_knowledge + C(year) + C(arxiv_primary_category),C(arxiv_primary_category)[T.q-bio.TO],0.401904197906781,0.09105737453136205,4.4137468269344495,1.0159676326019683e-05,0.2234350232985366,0.5803733725150254,14643.0,0.0824329458985189,0.07465963178222434,24501.85749129712,25443.23048418197
M35_LogRCR_HSSRefShare_Moderation,integration_base,Log_RCR,hss_reference_share,Log_RCR ~ HSS_Continuous * hss_reference_share + log_team_size + log_prior_knowledge + C(year) + C(arxiv_primary_category),C(arxiv_primary_category)[T.q-fin.CP],-0.21706736488565778,0.12013957371788572,-1.8067932003436264,0.07079452931142484,-0.45253660249070865,0.018401872719393086,14643.0,0.0824329458985189,0.07465963178222434,24501.85749129712,25443.23048418197
M35_LogRCR_HSSRefShare_Moderation,integration_base,Log_RCR,hss_reference_share,Log_RCR ~ HSS_Continuous * hss_reference_share + log_team_size + log_prior_knowledge + C(year) + C(arxiv_primary_category),C(arxiv_primary_category)[T.q-fin.GN],-0.21283947831396066,0.09918821422175476,-2.1458141976234812,0.03188780545532405,-0.40724480587944356,-0.018434150748477734,14643.0,0.0824329458985189,0.07465963178222434,24501.85749129712,25443.23048418197
M35_LogRCR_HSSRefShare_Moderation,integration_base,Log_RCR,hss_reference_share,Log_RCR ~ HSS_Continuous * hss_reference_share + log_team_size + log_prior_knowledge + C(year) + C(arxiv_primary_category),C(arxiv_primary_category)[T.q-fin.MF],-0.380164712250735,0.11793593995537152,-3.2234848206118865,0.0012664101031317344,-0.6113149070461416,-0.14901451745532848,14643.0,0.0824329458985189,0.07465963178222434,24501.85749129712,25443.23048418197
M35_LogRCR_HSSRefShare_Moderation,integration_base,Log_RCR,hss_reference_share,Log_RCR ~ HSS_Continuous * hss_reference_share + log_team_size + log_prior_knowledge + C(year) + C(arxiv_primary_category),C(arxiv_primary_category)[T.q-fin.PM],-0.48332628649290216,0.17239462672597247,-2.803604124281477,0.005053491169374206,-0.8212135460040344,-0.14543902698176986,14643.0,0.0824329458985189,0.07465963178222434,24501.85749129712,25443.23048418197
M35_LogRCR_HSSRefShare_Moderation,integration_base,Log_RCR,hss_reference_share,Log_RCR ~ HSS_Continuous * hss_reference_share + log_team_size + log_prior_knowledge + C(year) + C(arxiv_primary_category),C(arxiv_primary_category)[T.q-fin.ST],-0.08446141428660289,0.12337345815518251,-0.6845995528500548,0.49359664929186575,-0.32626894891892,0.15734612034571424,14643.0,0.0824329458985189,0.07465963178222434,24501.85749129712,25443.23048418197
M35_LogRCR_HSSRefShare_Moderation,integration_base,Log_RCR,hss_reference_share,Log_RCR ~ HSS_Continuous * hss_reference_share + log_team_size + log_prior_knowledge + C(year) + C(arxiv_primary_category),C(arxiv_primary_category)[T.q-fin.TR],-0.3308966384109271,0.1445363398346506,-2.2893663890304157,0.0220580733041337,-0.6141826589440842,-0.047610617877769934,14643.0,0.0824329458985189,0.07465963178222434,24501.85749129712,25443.23048418197
M35_LogRCR_HSSRefShare_Moderation,integration_base,Log_RCR,hss_reference_share,Log_RCR ~ HSS_Continuous * hss_reference_share + log_team_size + log_prior_knowledge + C(year) + C(arxiv_primary_category),C(arxiv_primary_category)[T.quant-ph],-0.03472968834206626,0.1086531708176462,-0.3196380564019938,0.749242721782106,-0.2476859899507312,0.17822661326659872,14643.0,0.0824329458985189,0.07465963178222434,24501.85749129712,25443.23048418197
M35_LogRCR_HSSRefShare_Moderation,integration_base,Log_RCR,hss_reference_share,Log_RCR ~ HSS_Continuous * hss_reference_share + log_team_size + log_prior_knowledge + C(year) + C(arxiv_primary_category),C(arxiv_primary_category)[T.stat.AP],-0.2004968763643353,0.09869896958777115,-2.031397867695439,0.042214650563475446,-0.3939433020675809,-0.007050450661089752,14643.0,0.0824329458985189,0.07465963178222434,24501.85749129712,25443.23048418197
M35_LogRCR_HSSRefShare_Moderation,integration_base,Log_RCR,hss_reference_share,Log_RCR ~ HSS_Continuous * hss_reference_share + log_team_size + log_prior_knowledge + C(year) + C(arxiv_primary_category),C(arxiv_primary_category)[T.stat.CO],-0.16600355629476876,0.09234155160478334,-1.7977124426634574,0.0722225886108229,-0.34698967171669093,0.014982559127153433,14643.0,0.0824329458985189,0.07465963178222434,24501.85749129712,25443.23048418197
M35_LogRCR_HSSRefShare_Moderation,integration_base,Log_RCR,hss_reference_share,Log_RCR ~ HSS_Continuous * hss_reference_share + log_team_size + log_prior_knowledge + C(year) + C(arxiv_primary_category),C(arxiv_primary_category)[T.stat.ME],-0.2508413160351669,0.11114903451514051,-2.2568015739353795,0.024020476357377973,-0.4686894206012417,-0.03299321146909212,14643.0,0.0824329458985189,0.07465963178222434,24501.85749129712,25443.23048418197
M35_LogRCR_HSSRefShare_Moderation,integration_base,Log_RCR,hss_reference_share,Log_RCR ~ HSS_Continuous * hss_reference_share + log_team_size + log_prior_knowledge + C(year) + C(arxiv_primary_category),C(arxiv_primary_category)[T.stat.ML],0.05965732056157663,0.09695152598285751,0.6153314242018733,0.538335868940649,-0.13036417861102337,0.24967881973417663,14643.0,0.0824329458985189,0.07465963178222434,24501.85749129712,25443.23048418197
M35_LogRCR_HSSRefShare_Moderation,integration_base,Log_RCR,hss_reference_share,Log_RCR ~ HSS_Continuous * hss_reference_share + log_team_size + log_prior_knowledge + C(year) + C(arxiv_primary_category),HSS_Continuous,-0.0021051155613355265,0.008861250987803776,-0.23756415028001263,0.8122191584595173,-0.019472848355400904,0.01526261723272985,14643.0,0.0824329458985189,0.07465963178222434,24501.85749129712,25443.23048418197
M35_LogRCR_HSSRefShare_Moderation,integration_base,Log_RCR,hss_reference_share,Log_RCR ~ HSS_Continuous * hss_reference_share + log_team_size + log_prior_knowledge + C(year) + C(arxiv_primary_category),hss_reference_share,-0.20986972895745248,0.05557937197361837,-3.7760363513475914,0.00015934374641305557,-0.3188032963090993,-0.10093616160580562,14643.0,0.0824329458985189,0.07465963178222434,24501.85749129712,25443.23048418197
M35_LogRCR_HSSRefShare_Moderation,integration_base,Log_RCR,hss_reference_share,Log_RCR ~ HSS_Continuous * hss_reference_share + log_team_size + log_prior_knowledge + C(year) + C(arxiv_primary_category),HSS_Continuous:hss_reference_share,0.055145319404066105,0.020906503949658643,2.6377111896303687,0.008346763465440258,0.014169324620090774,0.09612131418804143,14643.0,0.0824329458985189,0.07465963178222434,24501.85749129712,25443.23048418197
M35_LogRCR_HSSRefShare_Moderation,integration_base,Log_RCR,hss_reference_share,Log_RCR ~ HSS_Continuous * hss_reference_share + log_team_size + log_prior_knowledge + C(year) + C(arxiv_primary_category),log_team_size,0.13081288198154142,0.02094820840944307,6.244585666933377,4.2492498926886247e-10,0.08975514795839393,0.17187061600468892,14643.0,0.0824329458985189,0.07465963178222434,24501.85749129712,25443.23048418197
M35_LogRCR_HSSRefShare_Moderation,integration_base,Log_RCR,hss_reference_share,Log_RCR ~ HSS_Continuous * hss_reference_share + log_team_size + log_prior_knowledge + C(year) + C(arxiv_primary_category),log_prior_knowledge,0.061243800661397396,0.00515953653198031,11.870019774410062,1.6942758019438513e-32,0.051131294881797296,0.0713563064409975,14643.0,0.0824329458985189,0.07465963178222434,24501.85749129712,25443.23048418197
M35_LogRCR_CSCoreRefShare_Moderation,integration_base,Log_RCR,cs_core_reference_share,Log_RCR ~ HSS_Continuous * cs_core_reference_share + log_team_size + log_prior_knowledge + C(year) + C(arxiv_primary_category),Intercept,-0.02376647117807038,0.160577768144298,-0.14800598770754747,0.8823380427826166,-0.3384931134587177,0.2909601711025769,14643.0,0.08398156886993802,0.07622137415756136,24477.12290243278,25418.495895317632
M35_LogRCR_CSCoreRefShare_Moderation,integration_base,Log_RCR,cs_core_reference_share,Log_RCR ~ HSS_Continuous * cs_core_reference_share + log_team_size + log_prior_knowledge + C(year) + C(arxiv_primary_category),C(year)[T.2015],-0.06300157698511863,0.14608877903825299,-0.43125541468603706,0.6662826650872721,-0.3493303224455244,0.2233271684752872,14643.0,0.08398156886993802,0.07622137415756136,24477.12290243278,25418.495895317632
M35_LogRCR_CSCoreRefShare_Moderation,integration_base,Log_RCR,cs_core_reference_share,Log_RCR ~ HSS_Continuous * cs_core_reference_share + log_team_size + log_prior_knowledge + C(year) + C(arxiv_primary_category),C(year)[T.2016],0.012424045271155955,0.13635221184713653,0.0911172991097824,0.9273993871195139,-0.2548213791616073,0.27966946970391926,14643.0,0.08398156886993802,0.07622137415756136,24477.12290243278,25418.495895317632
M35_LogRCR_CSCoreRefShare_Moderation,integration_base,Log_RCR,cs_core_reference_share,Log_RCR ~ HSS_Continuous * cs_core_reference_share + log_team_size + log_prior_knowledge + C(year) + C(arxiv_primary_category),C(year)[T.2017],0.036392689895362235,0.132118835462432,0.2754542133828488,0.782967298040087,-0.22255546929037776,0.29534084908110225,14643.0,0.08398156886993802,0.07622137415756136,24477.12290243278,25418.495895317632
M35_LogRCR_CSCoreRefShare_Moderation,integration_base,Log_RCR,cs_core_reference_share,Log_RCR ~ HSS_Continuous * cs_core_reference_share + log_team_size + log_prior_knowledge + C(year) + C(arxiv_primary_category),C(year)[T.2018],0.01431953857607461,0.13155846377561334,0.10884543772491957,0.9133250837932787,-0.2435303122855449,0.2721693894376941,14643.0,0.08398156886993802,0.07622137415756136,24477.12290243278,25418.495895317632
M35_LogRCR_CSCoreRefShare_Moderation,integration_base,Log_RCR,cs_core_reference_share,Log_RCR ~ HSS_Continuous * cs_core_reference_share + log_team_size + log_prior_knowledge + C(year) + C(arxiv_primary_category),C(year)[T.2019],-0.02676095171331651,0.13142117756901886,-0.20362739254305023,0.838644685452812,-0.2843417265544367,0.23081982312780366,14643.0,0.08398156886993802,0.07622137415756136,24477.12290243278,25418.495895317632
M35_LogRCR_CSCoreRefShare_Moderation,integration_base,Log_RCR,cs_core_reference_share,Log_RCR ~ HSS_Continuous * cs_core_reference_share + log_team_size + log_prior_knowledge + C(year) + C(arxiv_primary_category),C(year)[T.2020],-0.03254934719099991,0.1313021725835808,-0.24789648602562556,0.8042144988127724,-0.2898968765466807,0.22479818216468092,14643.0,0.08398156886993802,0.07622137415756136,24477.12290243278,25418.495895317632
M35_LogRCR_CSCoreRefShare_Moderation,integration_base,Log_RCR,cs_core_reference_share,Log_RCR ~ HSS_Continuous * cs_core_reference_share + log_team_size + log_prior_knowledge + C(year) + C(arxiv_primary_category),C(year)[T.2021],-0.03212718161946364,0.13126616730822865,-0.24474837864371538,0.8066512662259118,-0.2894041419322009,0.22514977869327357,14643.0,0.08398156886993802,0.07622137415756136,24477.12290243278,25418.495895317632
M35_LogRCR_CSCoreRefShare_Moderation,integration_base,Log_RCR,cs_core_reference_share,Log_RCR ~ HSS_Continuous * cs_core_reference_share + log_team_size + log_prior_knowledge + C(year) + C(arxiv_primary_category),C(year)[T.2022],0.15916475357485013,0.15392678660768613,1.0340289502730544,0.3011226293649846,-0.14252620443219702,0.4608557115818973,14643.0,0.08398156886993802,0.07622137415756136,24477.12290243278,25418.495895317632
M35_LogRCR_CSCoreRefShare_Moderation,integration_base,Log_RCR,cs_core_reference_share,Log_RCR ~ HSS_Continuous * cs_core_reference_share + log_team_size + log_prior_knowledge + C(year) + C(arxiv_primary_category),C(year)[T.2023],0.18345029252015582,0.13650959087050477,1.343863763346707,0.17899244572767092,-0.08410358913033128,0.4510041741706429,14643.0,0.08398156886993802,0.07622137415756136,24477.12290243278,25418.495895317632
M35_LogRCR_CSCoreRefShare_Moderation,integration_base,Log_RCR,cs_core_reference_share,Log_RCR ~ HSS_Continuous * cs_core_reference_share + log_team_size + log_prior_knowledge + C(year) + C(arxiv_primary_category),C(year)[T.2024],0.8026533384147696,0.28839373132764995,2.7831858019925506,0.005382797046650099,0.237412011645455,1.3678946651840842,14643.0,0.08398156886993802,0.07622137415756136,24477.12290243278,25418.495895317632
M35_LogRCR_CSCoreRefShare_Moderation,integration_base,Log_RCR,cs_core_reference_share,Log_RCR ~ HSS_Continuous * cs_core_reference_share + log_team_size + log_prior_knowledge + C(year) + C(arxiv_primary_category),C(year)[T.2025],0.24589074083248538,0.25457135036708284,0.96590107440574,0.3340936846860968,-0.2530599373827245,0.7448414190476952,14643.0,0.08398156886993802,0.07622137415756136,24477.12290243278,25418.495895317632
M35_LogRCR_CSCoreRefShare_Moderation,integration_base,Log_RCR,cs_core_reference_share,Log_RCR ~ HSS_Continuous * cs_core_reference_share + log_team_size + log_prior_knowledge + C(year) + C(arxiv_primary_category),C(arxiv_primary_category)[T.astro-ph.GA],-0.3619891814092624,0.10320701418692105,-3.5074087188846863,0.00045249356553403116,-0.5642712121675421,-0.15970715065098273,14643.0,0.08398156886993802,0.07622137415756136,24477.12290243278,25418.495895317632
M35_LogRCR_CSCoreRefShare_Moderation,integration_base,Log_RCR,cs_core_reference_share,Log_RCR ~ HSS_Continuous * cs_core_reference_share + log_team_size + log_prior_knowledge + C(year) + C(arxiv_primary_category),C(arxiv_primary_category)[T.astro-ph.HE],-0.37932405581077405,0.08906708990247768,-4.258857634465297,2.0547427567992505e-05,-0.5538923442274214,-0.20475576739412668,14643.0,0.08398156886993802,0.07622137415756136,24477.12290243278,25418.495895317632
M35_LogRCR_CSCoreRefShare_Moderation,integration_base,Log_RCR,cs_core_reference_share,Log_RCR ~ HSS_Continuous * cs_core_reference_share + log_team_size + log_prior_knowledge + C(year) + C(arxiv_primary_category),C(arxiv_primary_category)[T.astro-ph.IM],-0.07193726657874587,0.18364918520154702,-0.39171024091284606,0.6952723223824078,-0.4318830553639043,0.28800852220641254,14643.0,0.08398156886993802,0.07622137415756136,24477.12290243278,25418.495895317632
M35_LogRCR_CSCoreRefShare_Moderation,integration_base,Log_RCR,cs_core_reference_share,Log_RCR ~ HSS_Continuous * cs_core_reference_share + log_team_size + log_prior_knowledge + C(year) + C(arxiv_primary_category),C(arxiv_primary_category)[T.astro-ph.SR],-0.37258305818851967,0.10000045356765377,-3.7258136827994917,0.00019468617445053893,-0.568580345618791,-0.1765857707582483,14643.0,0.08398156886993802,0.07622137415756136,24477.12290243278,25418.495895317632
M35_LogRCR_CSCoreRefShare_Moderation,integration_base,Log_RCR,cs_core_reference_share,Log_RCR ~ HSS_Continuous * cs_core_reference_share + log_team_size + log_prior_knowledge + C(year) + C(arxiv_primary_category),C(arxiv_primary_category)[T.cond-mat.dis-nn],0.1566329053462217,0.3841572871534415,0.40773118351301463,0.6834710410093732,-0.5963015418731352,0.9095673525655785,14643.0,0.08398156886993802,0.07622137415756136,24477.12290243278,25418.495895317632
M35_LogRCR_CSCoreRefShare_Moderation,integration_base,Log_RCR,cs_core_reference_share,Log_RCR ~ HSS_Continuous * cs_core_reference_share + log_team_size + log_prior_knowledge + C(year) + C(arxiv_primary_category),C(arxiv_primary_category)[T.cond-mat.mes-hall],-0.24853829970655447,0.08971837032706391,-2.7702052411398057,0.005602097987073373,-0.42438307429922684,-0.07269352511388213,14643.0,0.08398156886993802,0.07622137415756136,24477.12290243278,25418.495895317632
M35_LogRCR_CSCoreRefShare_Moderation,integration_base,Log_RCR,cs_core_reference_share,Log_RCR ~ HSS_Continuous * cs_core_reference_share + log_team_size + log_prior_knowledge + C(year) + C(arxiv_primary_category),C(arxiv_primary_category)[T.cond-mat.mtrl-sci],-0.30899976030073206,0.11014901240744016,-2.805288522767184,0.005027155779284665,-0.5248878575519703,-0.09311166304949381,14643.0,0.08398156886993802,0.07622137415756136,24477.12290243278,25418.495895317632
M35_LogRCR_CSCoreRefShare_Moderation,integration_base,Log_RCR,cs_core_reference_share,Log_RCR ~ HSS_Continuous * cs_core_reference_share + log_team_size + log_prior_knowledge + C(year) + C(arxiv_primary_category),C(arxiv_primary_category)[T.cond-mat.other],-0.08512737821672171,0.08972058616846916,-0.9488054174866541,0.34271958603700114,-0.26097649577874377,0.09072173934530035,14643.0,0.08398156886993802,0.07622137415756136,24477.12290243278,25418.495895317632
M35_LogRCR_CSCoreRefShare_Moderation,integration_base,Log_RCR,cs_core_reference_share,Log_RCR ~ HSS_Continuous * cs_core_reference_share + log_team_size + log_prior_knowledge + C(year) + C(arxiv_primary_category),C(arxiv_primary_category)[T.cond-mat.soft],-0.2945938151134781,0.08946826079764784,-3.292718696966367,0.0009922369564521647,-0.4699483840363047,-0.11923924619065152,14643.0,0.08398156886993802,0.07622137415756136,24477.12290243278,25418.495895317632
M35_LogRCR_CSCoreRefShare_Moderation,integration_base,Log_RCR,cs_core_reference_share,Log_RCR ~ HSS_Continuous * cs_core_reference_share + log_team_size + log_prior_knowledge + C(year) + C(arxiv_primary_category),C(arxiv_primary_category)[T.cond-mat.stat-mech],-0.2597771517870816,0.10021309396248196,-2.592247594753812,0.009535112069416775,-0.4561912067328746,-0.06336309684128863,14643.0,0.08398156886993802,0.07622137415756136,24477.12290243278,25418.495895317632
M35_LogRCR_CSCoreRefShare_Moderation,integration_base,Log_RCR,cs_core_reference_share,Log_RCR ~ HSS_Continuous * cs_core_reference_share + log_team_size + log_prior_knowledge + C(year) + C(arxiv_primary_category),C(arxiv_primary_category)[T.cond-mat.str-el],0.04498985084520012,0.08860248211675957,0.5077719017613174,0.6116133171621148,-0.12866782304450283,0.2186475247349031,14643.0,0.08398156886993802,0.07622137415756136,24477.12290243278,25418.495895317632
M35_LogRCR_CSCoreRefShare_Moderation,integration_base,Log_RCR,cs_core_reference_share,Log_RCR ~ HSS_Continuous * cs_core_reference_share + log_team_size + log_prior_knowledge + C(year) + C(arxiv_primary_category),C(arxiv_primary_category)[T.cs.AI],-0.1940693803970417,0.09447576542901794,-2.0541710301659424,0.03995914123264603,-0.3792384780497712,-0.008900282744312205,14643.0,0.08398156886993802,0.07622137415756136,24477.12290243278,25418.495895317632
M35_LogRCR_CSCoreRefShare_Moderation,integration_base,Log_RCR,cs_core_reference_share,Log_RCR ~ HSS_Continuous * cs_core_reference_share + log_team_size + log_prior_knowledge + C(year) + C(arxiv_primary_category),C(arxiv_primary_category)[T.cs.AR],-0.34910670897284163,0.10477307207358233,-3.3320270377073924,0.0008621587951297166,-0.5544581567866823,-0.14375526115900095,14643.0,0.08398156886993802,0.07622137415756136,24477.12290243278,25418.495895317632
M35_LogRCR_CSCoreRefShare_Moderation,integration_base,Log_RCR,cs_core_reference_share,Log_RCR ~ HSS_Continuous * cs_core_reference_share + log_team_size + log_prior_knowledge + C(year) + C(arxiv_primary_category),C(arxiv_primary_category)[T.cs.CC],-0.3317152889780863,0.11121793962405445,-2.982569989152561,0.00285839285060319,-0.5496984450759832,-0.11373213288018935,14643.0,0.08398156886993802,0.07622137415756136,24477.12290243278,25418.495895317632
M35_LogRCR_CSCoreRefShare_Moderation,integration_base,Log_RCR,cs_core_reference_share,Log_RCR ~ HSS_Continuous * cs_core_reference_share + log_team_size + log_prior_knowledge + C(year) + C(arxiv_primary_category),C(arxiv_primary_category)[T.cs.CE],-0.18097229833062137,0.11501000199505436,-1.5735353029417694,0.11559492054734409,-0.40638776010280764,0.04444316344156493,14643.0,0.08398156886993802,0.07622137415756136,24477.12290243278,25418.495895317632
M35_LogRCR_CSCoreRefShare_Moderation,integration_base,Log_RCR,cs_core_reference_share,Log_RCR ~ HSS_Continuous * cs_core_reference_share + log_team_size + log_prior_knowledge + C(year) + C(arxiv_primary_category),C(arxiv_primary_category)[T.cs.CG],-0.2779815327911013,0.11209764487353722,-2.479815995284341,0.01314501977031824,-0.4976888794949953,-0.05827418608720733,14643.0,0.08398156886993802,0.07622137415756136,24477.12290243278,25418.495895317632
M35_LogRCR_CSCoreRefShare_Moderation,integration_base,Log_RCR,cs_core_reference_share,Log_RCR ~ HSS_Continuous * cs_core_reference_share + log_team_size + log_prior_knowledge + C(year) + C(arxiv_primary_category),C(arxiv_primary_category)[T.cs.CL],-0.19534093387813414,0.0900247088281781,-2.1698591022489553,0.030017521389635326,-0.37178612090006824,-0.01889574685620002,14643.0,0.08398156886993802,0.07622137415756136,24477.12290243278,25418.495895317632
M35_LogRCR_CSCoreRefShare_Moderation,integration_base,Log_RCR,cs_core_reference_share,Log_RCR ~ HSS_Continuous * cs_core_reference_share + log_team_size + log_prior_knowledge + C(year) + C(arxiv_primary_category),C(arxiv_primary_category)[T.cs.CR],-0.17671138656626992,0.09563470264988129,-1.8477747268500475,0.0646349384718802,-0.36415195943223455,0.010729186299694687,14643.0,0.08398156886993802,0.07622137415756136,24477.12290243278,25418.495895317632
M35_LogRCR_CSCoreRefShare_Moderation,integration_base,Log_RCR,cs_core_reference_share,Log_RCR ~ HSS_Continuous * cs_core_reference_share + log_team_size + log_prior_knowledge + C(year) + C(arxiv_primary_category),C(arxiv_primary_category)[T.cs.CV],-0.11097241742899559,0.08968634857437062,-1.237339006359189,0.21596125243422215,-0.2867544305396672,0.06480959568167603,14643.0,0.08398156886993802,0.07622137415756136,24477.12290243278,25418.495895317632
M35_LogRCR_CSCoreRefShare_Moderation,integration_base,Log_RCR,cs_core_reference_share,Log_RCR ~ HSS_Continuous * cs_core_reference_share + log_team_size + log_prior_knowledge + C(year) + C(arxiv_primary_category),C(arxiv_primary_category)[T.cs.CY],0.07567905038272611,0.14216263582631178,0.5323413563827526,0.5944895937109282,-0.20295459578412856,0.35431269654958075,14643.0,0.08398156886993802,0.07622137415756136,24477.12290243278,25418.495895317632
M35_LogRCR_CSCoreRefShare_Moderation,integration_base,Log_RCR,cs_core_reference_share,Log_RCR ~ HSS_Continuous * cs_core_reference_share + log_team_size + log_prior_knowledge + C(year) + C(arxiv_primary_category),C(arxiv_primary_category)[T.cs.DB],-0.2972672143747435,0.09810093806946887,-3.0302178574912064,0.0024437739413729126,-0.4895415198404968,-0.10499290890899021,14643.0,0.08398156886993802,0.07622137415756136,24477.12290243278,25418.495895317632
M35_LogRCR_CSCoreRefShare_Moderation,integration_base,Log_RCR,cs_core_reference_share,Log_RCR ~ HSS_Continuous * cs_core_reference_share + log_team_size + log_prior_knowledge + C(year) + C(arxiv_primary_category),C(arxiv_primary_category)[T.cs.DC],-0.22018495539722946,0.11418689500898482,-1.9282856879496035,0.05381960100869175,-0.44398715712129616,0.0036172463268372423,14643.0,0.08398156886993802,0.07622137415756136,24477.12290243278,25418.495895317632
M35_LogRCR_CSCoreRefShare_Moderation,integration_base,Log_RCR,cs_core_reference_share,Log_RCR ~ HSS_Continuous * cs_core_reference_share + log_team_size + log_prior_knowledge + C(year) + C(arxiv_primary_category),C(arxiv_primary_category)[T.cs.DL],-0.4318693563894606,0.10365761715232501,-4.166306039572837,3.095750485619851e-05,-0.635034552731259,-0.22870416004766225,14643.0,0.08398156886993802,0.07622137415756136,24477.12290243278,25418.495895317632
M35_LogRCR_CSCoreRefShare_Moderation,integration_base,Log_RCR,cs_core_reference_share,Log_RCR ~ HSS_Continuous * cs_core_reference_share + log_team_size + log_prior_knowledge + C(year) + C(arxiv_primary_category),C(arxiv_primary_category)[T.cs.DM],-0.2532802997261947,0.08981246138781074,-2.820101974853232,0.004800839038138823,-0.429309489409198,-0.0772511100431914,14643.0,0.08398156886993802,0.07622137415756136,24477.12290243278,25418.495895317632
M35_LogRCR_CSCoreRefShare_Moderation,integration_base,Log_RCR,cs_core_reference_share,Log_RCR ~ HSS_Continuous * cs_core_reference_share + log_team_size + log_prior_knowledge + C(year) + C(arxiv_primary_category),C(arxiv_primary_category)[T.cs.DS],-0.2883215134461854,0.10055638382907867,-2.8672621515135397,0.004140398922569437,-0.48540840416676545,-0.09123462272560531,14643.0,0.08398156886993802,0.07622137415756136,24477.12290243278,25418.495895317632
M35_LogRCR_CSCoreRefShare_Moderation,integration_base,Log_RCR,cs_core_reference_share,Log_RCR ~ HSS_Continuous * cs_core_reference_share + log_team_size + log_prior_knowledge + C(year) + C(arxiv_primary_category),C(arxiv_primary_category)[T.cs.ET],-0.224793470070408,0.1383805588099072,-1.6244584644235023,0.1042779981352743,-0.49601438149835303,0.046427441357537014,14643.0,0.08398156886993802,0.07622137415756136,24477.12290243278,25418.495895317632
M35_LogRCR_CSCoreRefShare_Moderation,integration_base,Log_RCR,cs_core_reference_share,Log_RCR ~ HSS_Continuous * cs_core_reference_share + log_team_size + log_prior_knowledge + C(year) + C(arxiv_primary_category),C(arxiv_primary_category)[T.cs.FL],-0.25255216742513353,0.09428338929935776,-2.67864964658047,0.007391969316614094,-0.43734421479224383,-0.0677601200580232,14643.0,0.08398156886993802,0.07622137415756136,24477.12290243278,25418.495895317632
M35_LogRCR_CSCoreRefShare_Moderation,integration_base,Log_RCR,cs_core_reference_share,Log_RCR ~ HSS_Continuous * cs_core_reference_share + log_team_size + log_prior_knowledge + C(year) + C(arxiv_primary_category),C(arxiv_primary_category)[T.cs.GR],-0.1502854038249527,0.10632282560809687,-1.4134820342237775,0.157514040177142,-0.35867431275135553,0.058103505101450154,14643.0,0.08398156886993802,0.07622137415756136,24477.12290243278,25418.495895317632
M35_LogRCR_CSCoreRefShare_Moderation,integration_base,Log_RCR,cs_core_reference_share,Log_RCR ~ HSS_Continuous * cs_core_reference_share + log_team_size + log_prior_knowledge + C(year) + C(arxiv_primary_category),C(arxiv_primary_category)[T.cs.GT],-0.22747190480762508,0.20359264381505376,-1.1172894096029498,0.26387060215070757,-0.6265061542024218,0.17156234458717168,14643.0,0.08398156886993802,0.07622137415756136,24477.12290243278,25418.495895317632
M35_LogRCR_CSCoreRefShare_Moderation,integration_base,Log_RCR,cs_core_reference_share,Log_RCR ~ HSS_Continuous * cs_core_reference_share + log_team_size + log_prior_knowledge + C(year) + C(arxiv_primary_category),C(arxiv_primary_category)[T.cs.HC],-0.3130007357250105,0.09971663444344363,-3.138901924157252,0.0016958219544231713,-0.5084417478937063,-0.11755972355631475,14643.0,0.08398156886993802,0.07622137415756136,24477.12290243278,25418.495895317632
M35_LogRCR_CSCoreRefShare_Moderation,integration_base,Log_RCR,cs_core_reference_share,Log_RCR ~ HSS_Continuous * cs_core_reference_share + log_team_size + log_prior_knowledge + C(year) + C(arxiv_primary_category),C(arxiv_primary_category)[T.cs.IR],-0.20925458380901757,0.0957167838677726,-2.186184860725065,0.02880208341856356,-0.39685603290585636,-0.021653134712178806,14643.0,0.08398156886993802,0.07622137415756136,24477.12290243278,25418.495895317632
M35_LogRCR_CSCoreRefShare_Moderation,integration_base,Log_RCR,cs_core_reference_share,Log_RCR ~ HSS_Continuous * cs_core_reference_share + log_team_size + log_prior_knowledge + C(year) + C(arxiv_primary_category),C(arxiv_primary_category)[T.cs.IT],-0.34544507453287215,0.08917008090096164,-3.8740020312031227,0.00010706251932312656,-0.52021522159728,-0.1706749274684644,14643.0,0.08398156886993802,0.07622137415756136,24477.12290243278,25418.495895317632
M35_LogRCR_CSCoreRefShare_Moderation,integration_base,Log_RCR,cs_core_reference_share,Log_RCR ~ HSS_Continuous * cs_core_reference_share + log_team_size + log_prior_knowledge + C(year) + C(arxiv_primary_category),C(arxiv_primary_category)[T.cs.LG],-0.020830697898780413,0.09013673962333545,-0.23110108026791293,0.8172362759020585,-0.19749546124438233,0.1558340654468215,14643.0,0.08398156886993802,0.07622137415756136,24477.12290243278,25418.495895317632
M35_LogRCR_CSCoreRefShare_Moderation,integration_base,Log_RCR,cs_core_reference_share,Log_RCR ~ HSS_Continuous * cs_core_reference_share + log_team_size + log_prior_knowledge + C(year) + C(arxiv_primary_category),C(arxiv_primary_category)[T.cs.LO],-0.27513383745796005,0.09506647823961835,-2.8941204360644948,0.003802222934999978,-0.4614607109446728,-0.08880696397124732,14643.0,0.08398156886993802,0.07622137415756136,24477.12290243278,25418.495895317632
M35_LogRCR_CSCoreRefShare_Moderation,integration_base,Log_RCR,cs_core_reference_share,Log_RCR ~ HSS_Continuous * cs_core_reference_share + log_team_size + log_prior_knowledge + C(year) + C(arxiv_primary_category),C(arxiv_primary_category)[T.cs.MA],-0.1739975543192861,0.24415306385966382,-0.7126576728903872,0.4760576144312081,-0.6525287661993351,0.30453365756076284,14643.0,0.08398156886993802,0.07622137415756136,24477.12290243278,25418.495895317632
M35_LogRCR_CSCoreRefShare_Moderation,integration_base,Log_RCR,cs_core_reference_share,Log_RCR ~ HSS_Continuous * cs_core_reference_share + log_team_size + log_prior_knowledge + C(year) + C(arxiv_primary_category),C(arxiv_primary_category)[T.cs.MM],-0.3181779966808562,0.09839300980907531,-3.2337459469758896,0.0012217808636811535,-0.5110247522371401,-0.12533124112457236,14643.0,0.08398156886993802,0.07622137415756136,24477.12290243278,25418.495895317632
M35_LogRCR_CSCoreRefShare_Moderation,integration_base,Log_RCR,cs_core_reference_share,Log_RCR ~ HSS_Continuous * cs_core_reference_share + log_team_size + log_prior_knowledge + C(year) + C(arxiv_primary_category),C(arxiv_primary_category)[T.cs.MS],-0.3731683537592941,0.11135888299348445,-3.3510425367783903,0.0008050793483956495,-0.5914277537851336,-0.15490895373345462,14643.0,0.08398156886993802,0.07622137415756136,24477.12290243278,25418.495895317632
M35_LogRCR_CSCoreRefShare_Moderation,integration_base,Log_RCR,cs_core_reference_share,Log_RCR ~ HSS_Continuous * cs_core_reference_share + log_team_size + log_prior_knowledge + C(year) + C(arxiv_primary_category),C(arxiv_primary_category)[T.cs.NE],-0.11249386878971929,0.11003886510614495,-1.0223103326375296,0.3066340443674037,-0.32816608129742464,0.10317834371798609,14643.0,0.08398156886993802,0.07622137415756136,24477.12290243278,25418.495895317632
M35_LogRCR_CSCoreRefShare_Moderation,integration_base,Log_RCR,cs_core_reference_share,Log_RCR ~ HSS_Continuous * cs_core_reference_share + log_team_size + log_prior_knowledge + C(year) + C(arxiv_primary_category),C(arxiv_primary_category)[T.cs.NI],-0.35696627165630945,0.09498982781049019,-3.7579420858460377,0.00017131651794972364,-0.5431429130625314,-0.17078963025008748,14643.0,0.08398156886993802,0.07622137415756136,24477.12290243278,25418.495895317632
M35_LogRCR_CSCoreRefShare_Moderation,integration_base,Log_RCR,cs_core_reference_share,Log_RCR ~ HSS_Continuous * cs_core_reference_share + log_team_size + log_prior_knowledge + C(year) + C(arxiv_primary_category),C(arxiv_primary_category)[T.cs.OH],0.7559301776306561,0.7579922616467856,0.9972795447652071,0.318628839704567,-0.7297073557571049,2.241567711018417,14643.0,0.08398156886993802,0.07622137415756136,24477.12290243278,25418.495895317632
M35_LogRCR_CSCoreRefShare_Moderation,integration_base,Log_RCR,cs_core_reference_share,Log_RCR ~ HSS_Continuous * cs_core_reference_share + log_team_size + log_prior_knowledge + C(year) + C(arxiv_primary_category),C(arxiv_primary_category)[T.cs.PF],-0.5657348171770217,0.09108611664762704,-6.210988435983126,5.265234873979679e-10,-0.7442603252979849,-0.38720930905605844,14643.0,0.08398156886993802,0.07622137415756136,24477.12290243278,25418.495895317632
M35_LogRCR_CSCoreRefShare_Moderation,integration_base,Log_RCR,cs_core_reference_share,Log_RCR ~ HSS_Continuous * cs_core_reference_share + log_team_size + log_prior_knowledge + C(year) + C(arxiv_primary_category),C(arxiv_primary_category)[T.cs.PL],-0.36650478383453416,0.11963477885556072,-3.0635304159923957,0.0021874196739962992,-0.6009846416898472,-0.13202492597922116,14643.0,0.08398156886993802,0.07622137415756136,24477.12290243278,25418.495895317632
M35_LogRCR_CSCoreRefShare_Moderation,integration_base,Log_RCR,cs_core_reference_share,Log_RCR ~ HSS_Continuous * cs_core_reference_share + log_team_size + log_prior_knowledge + C(year) + C(arxiv_primary_category),C(arxiv_primary_category)[T.cs.RO],-0.24716500612080478,0.09316803553096367,-2.652894898043239,0.007980471593592893,-0.4297710002718417,-0.06455901196976788,14643.0,0.08398156886993802,0.07622137415756136,24477.12290243278,25418.495895317632
M35_LogRCR_CSCoreRefShare_Moderation,integration_base,Log_RCR,cs_core_reference_share,Log_RCR ~ HSS_Continuous * cs_core_reference_share + log_team_size + log_prior_knowledge + C(year) + C(arxiv_primary_category),C(arxiv_primary_category)[T.cs.SC],-0.16657357408051143,0.09084772077270621,-1.8335470902706001,0.06672125234055998,-0.34463183487256693,0.011484686711544068,14643.0,0.08398156886993802,0.07622137415756136,24477.12290243278,25418.495895317632
M35_LogRCR_CSCoreRefShare_Moderation,integration_base,Log_RCR,cs_core_reference_share,Log_RCR ~ HSS_Continuous * cs_core_reference_share + log_team_size + log_prior_knowledge + C(year) + C(arxiv_primary_category),C(arxiv_primary_category)[T.cs.SD],-0.234836373470449,0.09377175700166125,-2.504340123074463,0.012268003622111856,-0.4186256399607467,-0.0510471069801513,14643.0,0.08398156886993802,0.07622137415756136,24477.12290243278,25418.495895317632
M35_LogRCR_CSCoreRefShare_Moderation,integration_base,Log_RCR,cs_core_reference_share,Log_RCR ~ HSS_Continuous * cs_core_reference_share + log_team_size + log_prior_knowledge + C(year) + C(arxiv_primary_category),C(arxiv_primary_category)[T.cs.SE],-0.21792571714118747,0.10510920858801959,-2.0733265911587004,0.03814189560840709,-0.42393598041721403,-0.011915453865160935,14643.0,0.08398156886993802,0.07622137415756136,24477.12290243278,25418.495895317632
M35_LogRCR_CSCoreRefShare_Moderation,integration_base,Log_RCR,cs_core_reference_share,Log_RCR ~ HSS_Continuous * cs_core_reference_share + log_team_size + log_prior_knowledge + C(year) + C(arxiv_primary_category),C(arxiv_primary_category)[T.cs.SI],-0.28954975063128646,0.09372981462607843,-3.0891958101742056,0.0020069911398795572,-0.4732568115760158,-0.10584268968655713,14643.0,0.08398156886993802,0.07622137415756136,24477.12290243278,25418.495895317632
M35_LogRCR_CSCoreRefShare_Moderation,integration_base,Log_RCR,cs_core_reference_share,Log_RCR ~ HSS_Continuous * cs_core_reference_share + log_team_size + log_prior_knowledge + C(year) + C(arxiv_primary_category),C(arxiv_primary_category)[T.econ.EM],-0.3050978902137145,0.23701005159573935,-1.2872782743160212,0.19799731321369285,-0.7696290553153435,0.1594332748879146,14643.0,0.08398156886993802,0.07622137415756136,24477.12290243278,25418.495895317632
M35_LogRCR_CSCoreRefShare_Moderation,integration_base,Log_RCR,cs_core_reference_share,Log_RCR ~ HSS_Continuous * cs_core_reference_share + log_team_size + log_prior_knowledge + C(year) + C(arxiv_primary_category),C(arxiv_primary_category)[T.econ.GN],-0.06780899593293832,0.09696806910484178,-0.6992920098225665,0.48436955942479254,-0.2578629190288193,0.12224492716294269,14643.0,0.08398156886993802,0.07622137415756136,24477.12290243278,25418.495895317632
M35_LogRCR_CSCoreRefShare_Moderation,integration_base,Log_RCR,cs_core_reference_share,Log_RCR ~ HSS_Continuous * cs_core_reference_share + log_team_size + log_prior_knowledge + C(year) + C(arxiv_primary_category),C(arxiv_primary_category)[T.eess.AS],-0.3091000402705914,0.09140113991011553,-3.3817963383669216,0.000720135131459112,-0.4882429826403244,-0.1299570979008584,14643.0,0.08398156886993802,0.07622137415756136,24477.12290243278,25418.495895317632
M35_LogRCR_CSCoreRefShare_Moderation,integration_base,Log_RCR,cs_core_reference_share,Log_RCR ~ HSS_Continuous * cs_core_reference_share + log_team_size + log_prior_knowledge + C(year) + C(arxiv_primary_category),C(arxiv_primary_category)[T.eess.IV],-0.21804295930705594,0.09066497706595218,-2.4049303971967646,0.0161755462619212,-0.3957430490154722,-0.0403428695986397,14643.0,0.08398156886993802,0.07622137415756136,24477.12290243278,25418.495895317632
M35_LogRCR_CSCoreRefShare_Moderation,integration_base,Log_RCR,cs_core_reference_share,Log_RCR ~ HSS_Continuous * cs_core_reference_share + log_team_size + log_prior_knowledge + C(year) + C(arxiv_primary_category),C(arxiv_primary_category)[T.eess.SP],-0.2220012440938729,0.09195032996905456,-2.414360494068769,0.01576285799029039,-0.4022205791997938,-0.04178190898795198,14643.0,0.08398156886993802,0.07622137415756136,24477.12290243278,25418.495895317632
M35_LogRCR_CSCoreRefShare_Moderation,integration_base,Log_RCR,cs_core_reference_share,Log_RCR ~ HSS_Continuous * cs_core_reference_share + log_team_size + log_prior_knowledge + C(year) + C(arxiv_primary_category),C(arxiv_primary_category)[T.eess.SY],-0.2975922224427682,0.0920516808108588,-3.2328820052100884,0.0012254816846304349,-0.4780102015484282,-0.11717424333710813,14643.0,0.08398156886993802,0.07622137415756136,24477.12290243278,25418.495895317632
M35_LogRCR_CSCoreRefShare_Moderation,integration_base,Log_RCR,cs_core_reference_share,Log_RCR ~ HSS_Continuous * cs_core_reference_share + log_team_size + log_prior_knowledge + C(year) + C(arxiv_primary_category),C(arxiv_primary_category)[T.gr-qc],-0.5726802528351003,0.09170278392048715,-6.244960385626404,4.2390753881283177e-10,-0.7524144066013139,-0.39294609906888667,14643.0,0.08398156886993802,0.07622137415756136,24477.12290243278,25418.495895317632
M35_LogRCR_CSCoreRefShare_Moderation,integration_base,Log_RCR,cs_core_reference_share,Log_RCR ~ HSS_Continuous * cs_core_reference_share + log_team_size + log_prior_knowledge + C(year) + C(arxiv_primary_category),C(arxiv_primary_category)[T.hep-ex],0.01884992179510965,0.22903249572926557,0.08230239003897395,0.9344062538942215,-0.43004552112357464,0.4677453647137939,14643.0,0.08398156886993802,0.07622137415756136,24477.12290243278,25418.495895317632
M35_LogRCR_CSCoreRefShare_Moderation,integration_base,Log_RCR,cs_core_reference_share,Log_RCR ~ HSS_Continuous * cs_core_reference_share + log_team_size + log_prior_knowledge + C(year) + C(arxiv_primary_category),C(arxiv_primary_category)[T.hep-lat],-0.10471248984147336,0.16989038303910078,-0.6163532506567688,0.5376614006417673,-0.43769152191782534,0.22826654223487863,14643.0,0.08398156886993802,0.07622137415756136,24477.12290243278,25418.495895317632
M35_LogRCR_CSCoreRefShare_Moderation,integration_base,Log_RCR,cs_core_reference_share,Log_RCR ~ HSS_Continuous * cs_core_reference_share + log_team_size + log_prior_knowledge + C(year) + C(arxiv_primary_category),C(arxiv_primary_category)[T.hep-ph],0.1685336343734148,0.15326560075531906,1.0996181370304376,0.27149853619587205,-0.1318614231759055,0.46892869192273506,14643.0,0.08398156886993802,0.07622137415756136,24477.12290243278,25418.495895317632
M35_LogRCR_CSCoreRefShare_Moderation,integration_base,Log_RCR,cs_core_reference_share,Log_RCR ~ HSS_Continuous * cs_core_reference_share + log_team_size + log_prior_knowledge + C(year) + C(arxiv_primary_category),C(arxiv_primary_category)[T.hep-th],0.7236620446688653,0.10254890045138311,7.0567508913656525,1.7044076922277872e-12,0.5226698931299711,0.9246541962077595,14643.0,0.08398156886993802,0.07622137415756136,24477.12290243278,25418.495895317632
M35_LogRCR_CSCoreRefShare_Moderation,integration_base,Log_RCR,cs_core_reference_share,Log_RCR ~ HSS_Continuous * cs_core_reference_share + log_team_size + log_prior_knowledge + C(year) + C(arxiv_primary_category),C(arxiv_primary_category)[T.math.AG],-0.18998271779557427,0.09100860128952958,-2.087524861426824,0.036840716127643426,-0.3683562986064177,-0.011609136984730789,14643.0,0.08398156886993802,0.07622137415756136,24477.12290243278,25418.495895317632
M35_LogRCR_CSCoreRefShare_Moderation,integration_base,Log_RCR,cs_core_reference_share,Log_RCR ~ HSS_Continuous * cs_core_reference_share + log_team_size + log_prior_knowledge + C(year) + C(arxiv_primary_category),C(arxiv_primary_category)[T.math.AP],-0.2233381381540119,0.09492268809414076,-2.3528425357330116,0.018630521658991702,-0.4093831881342568,-0.03729308817376703,14643.0,0.08398156886993802,0.07622137415756136,24477.12290243278,25418.495895317632
M35_LogRCR_CSCoreRefShare_Moderation,integration_base,Log_RCR,cs_core_reference_share,Log_RCR ~ HSS_Continuous * cs_core_reference_share + log_team_size + log_prior_knowledge + C(year) + C(arxiv_primary_category),C(arxiv_primary_category)[T.math.CO],-0.25972214889568573,0.09781478739392611,-2.6552442203827087,0.00792510094613187,-0.4514356093432234,-0.06800868844814806,14643.0,0.08398156886993802,0.07622137415756136,24477.12290243278,25418.495895317632
M35_LogRCR_CSCoreRefShare_Moderation,integration_base,Log_RCR,cs_core_reference_share,Log_RCR ~ HSS_Continuous * cs_core_reference_share + log_team_size + log_prior_knowledge + C(year) + C(arxiv_primary_category),C(arxiv_primary_category)[T.math.DS],-0.25558534008737616,0.11159191467969161,-2.2903571537507603,0.022000621153146913,-0.4743014738254383,-0.03686920634931404,14643.0,0.08398156886993802,0.07622137415756136,24477.12290243278,25418.495895317632
M35_LogRCR_CSCoreRefShare_Moderation,integration_base,Log_RCR,cs_core_reference_share,Log_RCR ~ HSS_Continuous * cs_core_reference_share + log_team_size + log_prior_knowledge + C(year) + C(arxiv_primary_category),C(arxiv_primary_category)[T.math.GR],-0.16650869336295307,0.09149609412389915,-1.8198448246050354,0.06878263935408067,-0.34583774257188227,0.012820355845976156,14643.0,0.08398156886993802,0.07622137415756136,24477.12290243278,25418.495895317632
M35_LogRCR_CSCoreRefShare_Moderation,integration_base,Log_RCR,cs_core_reference_share,Log_RCR ~ HSS_Continuous * cs_core_reference_share + log_team_size + log_prior_knowledge + C(year) + C(arxiv_primary_category),C(arxiv_primary_category)[T.math.LO],-0.09112864730417974,0.09117100499392114,-0.9995354039396164,0.3175353973828514,-0.2698205335265866,0.0875632389182271,14643.0,0.08398156886993802,0.07622137415756136,24477.12290243278,25418.495895317632
M35_LogRCR_CSCoreRefShare_Moderation,integration_base,Log_RCR,cs_core_reference_share,Log_RCR ~ HSS_Continuous * cs_core_reference_share + log_team_size + log_prior_knowledge + C(year) + C(arxiv_primary_category),C(arxiv_primary_category)[T.math.NA],-0.20969574684192455,0.0982796867737111,-2.1336631579295613,0.03287036394543826,-0.4023203933302758,-0.017071100353573287,14643.0,0.08398156886993802,0.07622137415756136,24477.12290243278,25418.495895317632
M35_LogRCR_CSCoreRefShare_Moderation,integration_base,Log_RCR,cs_core_reference_share,Log_RCR ~ HSS_Continuous * cs_core_reference_share + log_team_size + log_prior_knowledge + C(year) + C(arxiv_primary_category),C(arxiv_primary_category)[T.math.NT],-0.4898266041248418,0.09126030204172406,-5.367356815243652,7.989889230180426e-08,-0.6686935093448682,-0.31095969890481545,14643.0,0.08398156886993802,0.07622137415756136,24477.12290243278,25418.495895317632
M35_LogRCR_CSCoreRefShare_Moderation,integration_base,Log_RCR,cs_core_reference_share,Log_RCR ~ HSS_Continuous * cs_core_reference_share + log_team_size + log_prior_knowledge + C(year) + C(arxiv_primary_category),C(arxiv_primary_category)[T.math.OC],-0.19103090940484066,0.097855331146154,-1.9521768223288951,0.05091721496149062,-0.3828238341465431,0.0007620153368617655,14643.0,0.08398156886993802,0.07622137415756136,24477.12290243278,25418.495895317632
M35_LogRCR_CSCoreRefShare_Moderation,integration_base,Log_RCR,cs_core_reference_share,Log_RCR ~ HSS_Continuous * cs_core_reference_share + log_team_size + log_prior_knowledge + C(year) + C(arxiv_primary_category),C(arxiv_primary_category)[T.math.PR],-0.2290819295311652,0.09787480827157691,-2.34056069765698,0.019254808289228008,-0.4209130287372189,-0.037250830325111506,14643.0,0.08398156886993802,0.07622137415756136,24477.12290243278,25418.495895317632
M35_LogRCR_CSCoreRefShare_Moderation,integration_base,Log_RCR,cs_core_reference_share,Log_RCR ~ HSS_Continuous * cs_core_reference_share + log_team_size + log_prior_knowledge + C(year) + C(arxiv_primary_category),C(arxiv_primary_category)[T.math.ST],-0.13699727154676017,0.11962483749687826,-1.1452243063681091,0.25211625208843236,-0.37145764469709813,0.0974631016035778,14643.0,0.08398156886993802,0.07622137415756136,24477.12290243278,25418.495895317632
M35_LogRCR_CSCoreRefShare_Moderation,integration_base,Log_RCR,cs_core_reference_share,Log_RCR ~ HSS_Continuous * cs_core_reference_share + log_team_size + log_prior_knowledge + C(year) + C(arxiv_primary_category),C(arxiv_primary_category)[T.nlin.AO],-0.2117642816928698,0.09582175166214546,-2.2099813249033686,0.027106458406362593,-0.39957146388621595,-0.023957099499523626,14643.0,0.08398156886993802,0.07622137415756136,24477.12290243278,25418.495895317632
M35_LogRCR_CSCoreRefShare_Moderation,integration_base,Log_RCR,cs_core_reference_share,Log_RCR ~ HSS_Continuous * cs_core_reference_share + log_team_size + log_prior_knowledge + C(year) + C(arxiv_primary_category),C(arxiv_primary_category)[T.nlin.PS],-0.2638612008381041,0.08907902714643415,-2.9621024082846255,0.0030554614031117204,-0.4384528858229808,-0.0892695158532274,14643.0,0.08398156886993802,0.07622137415756136,24477.12290243278,25418.495895317632
M35_LogRCR_CSCoreRefShare_Moderation,integration_base,Log_RCR,cs_core_reference_share,Log_RCR ~ HSS_Continuous * cs_core_reference_share + log_team_size + log_prior_knowledge + C(year) + C(arxiv_primary_category),C(arxiv_primary_category)[T.nucl-th],-0.25479420541067455,0.0900264453731228,-2.8302151035138263,0.004651671850895366,-0.43124279599815785,-0.07834561482319127,14643.0,0.08398156886993802,0.07622137415756136,24477.12290243278,25418.495895317632
M35_LogRCR_CSCoreRefShare_Moderation,integration_base,Log_RCR,cs_core_reference_share,Log_RCR ~ HSS_Continuous * cs_core_reference_share + log_team_size + log_prior_knowledge + C(year) + C(arxiv_primary_category),C(arxiv_primary_category)[T.physics.acc-ph],-0.1756323361303382,0.0981450462119833,-1.7895180949937122,0.07353141597167662,-0.3679930919668447,0.016728419706168313,14643.0,0.08398156886993802,0.07622137415756136,24477.12290243278,25418.495895317632
M35_LogRCR_CSCoreRefShare_Moderation,integration_base,Log_RCR,cs_core_reference_share,Log_RCR ~ HSS_Continuous * cs_core_reference_share + log_team_size + log_prior_knowledge + C(year) + C(arxiv_primary_category),C(arxiv_primary_category)[T.physics.ao-ph],-0.16008383077990884,0.0990786295251049,-1.6157251220289257,0.1061537569166659,-0.35427437628670133,0.03410671472688362,14643.0,0.08398156886993802,0.07622137415756136,24477.12290243278,25418.495895317632
M35_LogRCR_CSCoreRefShare_Moderation,integration_base,Log_RCR,cs_core_reference_share,Log_RCR ~ HSS_Continuous * cs_core_reference_share + log_team_size + log_prior_knowledge + C(year) + C(arxiv_primary_category),C(arxiv_primary_category)[T.physics.app-ph],-0.1937259326041601,0.10176677633978465,-1.9036265033819784,0.05695884456354474,-0.39318514905288093,0.005733283844560705,14643.0,0.08398156886993802,0.07622137415756136,24477.12290243278,25418.495895317632
M35_LogRCR_CSCoreRefShare_Moderation,integration_base,Log_RCR,cs_core_reference_share,Log_RCR ~ HSS_Continuous * cs_core_reference_share + log_team_size + log_prior_knowledge + C(year) + C(arxiv_primary_category),C(arxiv_primary_category)[T.physics.atom-ph],-0.32946878058589146,0.0889369212604354,-3.7045219906039115,0.00021178973508994103,-0.5037819431522195,-0.15515561801956346,14643.0,0.08398156886993802,0.07622137415756136,24477.12290243278,25418.495895317632
M35_LogRCR_CSCoreRefShare_Moderation,integration_base,Log_RCR,cs_core_reference_share,Log_RCR ~ HSS_Continuous * cs_core_reference_share + log_team_size + log_prior_knowledge + C(year) + C(arxiv_primary_category),C(arxiv_primary_category)[T.physics.bio-ph],-0.27475919189546605,0.09412516006560914,-2.9190833960223546,0.003510622911567783,-0.45924111566312775,-0.09027726812780437,14643.0,0.08398156886993802,0.07622137415756136,24477.12290243278,25418.495895317632
M35_LogRCR_CSCoreRefShare_Moderation,integration_base,Log_RCR,cs_core_reference_share,Log_RCR ~ HSS_Continuous * cs_core_reference_share + log_team_size + log_prior_knowledge + C(year) + C(arxiv_primary_category),C(arxiv_primary_category)[T.physics.chem-ph],-0.09671148132439494,0.15359445563646573,-0.6296547679643856,0.5289204823591118,-0.3977510825969029,0.204328119948113,14643.0,0.08398156886993802,0.07622137415756136,24477.12290243278,25418.495895317632
M35_LogRCR_CSCoreRefShare_Moderation,integration_base,Log_RCR,cs_core_reference_share,Log_RCR ~ HSS_Continuous * cs_core_reference_share + log_team_size + log_prior_knowledge + C(year) + C(arxiv_primary_category),C(arxiv_primary_category)[T.physics.comp-ph],0.022587422853549536,0.15099679744343708,0.14958875443706487,0.8810890810069099,-0.27336086191647685,0.3185357076235759,14643.0,0.08398156886993802,0.07622137415756136,24477.12290243278,25418.495895317632
M35_LogRCR_CSCoreRefShare_Moderation,integration_base,Log_RCR,cs_core_reference_share,Log_RCR ~ HSS_Continuous * cs_core_reference_share + log_team_size + log_prior_knowledge + C(year) + C(arxiv_primary_category),C(arxiv_primary_category)[T.physics.data-an],-0.06260339626177797,0.20020679079017087,-0.3126936704529179,0.7545134048486468,-0.45500149567085824,0.3297947031473023,14643.0,0.08398156886993802,0.07622137415756136,24477.12290243278,25418.495895317632
M35_LogRCR_CSCoreRefShare_Moderation,integration_base,Log_RCR,cs_core_reference_share,Log_RCR ~ HSS_Continuous * cs_core_reference_share + log_team_size + log_prior_knowledge + C(year) + C(arxiv_primary_category),C(arxiv_primary_category)[T.physics.ed-ph],-0.18084896655393487,0.17275428589672037,-1.0468566126460899,0.295165715230564,-0.5194411450864426,0.15774321197857286,14643.0,0.08398156886993802,0.07622137415756136,24477.12290243278,25418.495895317632
M35_LogRCR_CSCoreRefShare_Moderation,integration_base,Log_RCR,cs_core_reference_share,Log_RCR ~ HSS_Continuous * cs_core_reference_share + log_team_size + log_prior_knowledge + C(year) + C(arxiv_primary_category),C(arxiv_primary_category)[T.physics.flu-dyn],-0.2538359673918037,0.11893500545979818,-2.1342410202150623,0.03282305646094655,-0.48694429459408284,-0.020727640189524582,14643.0,0.08398156886993802,0.07622137415756136,24477.12290243278,25418.495895317632
M35_LogRCR_CSCoreRefShare_Moderation,integration_base,Log_RCR,cs_core_reference_share,Log_RCR ~ HSS_Continuous * cs_core_reference_share + log_team_size + log_prior_knowledge + C(year) + C(arxiv_primary_category),C(arxiv_primary_category)[T.physics.geo-ph],-0.01866088183327638,0.22831947515499235,-0.08173145028740378,0.9348602683036965,-0.466158830106149,0.4288370664395963,14643.0,0.08398156886993802,0.07622137415756136,24477.12290243278,25418.495895317632
M35_LogRCR_CSCoreRefShare_Moderation,integration_base,Log_RCR,cs_core_reference_share,Log_RCR ~ HSS_Continuous * cs_core_reference_share + log_team_size + log_prior_knowledge + C(year) + C(arxiv_primary_category),C(arxiv_primary_category)[T.physics.ins-det],-0.24303090746150513,0.09795370629416011,-2.4810792430014907,0.013098524991102938,-0.4350166439502734,-0.05104517097273689,14643.0,0.08398156886993802,0.07622137415756136,24477.12290243278,25418.495895317632
M35_LogRCR_CSCoreRefShare_Moderation,integration_base,Log_RCR,cs_core_reference_share,Log_RCR ~ HSS_Continuous * cs_core_reference_share + log_team_size + log_prior_knowledge + C(year) + C(arxiv_primary_category),C(arxiv_primary_category)[T.physics.med-ph],-0.23439159642893975,0.10439259490733983,-2.245289492391569,0.02474955415306257,-0.4389973227000053,-0.029785870157874206,14643.0,0.08398156886993802,0.07622137415756136,24477.12290243278,25418.495895317632
M35_LogRCR_CSCoreRefShare_Moderation,integration_base,Log_RCR,cs_core_reference_share,Log_RCR ~ HSS_Continuous * cs_core_reference_share + log_team_size + log_prior_knowledge + C(year) + C(arxiv_primary_category),C(arxiv_primary_category)[T.physics.optics],-0.25640040200472186,0.10869037952446862,-2.358998129609074,0.018324348125154932,-0.4694296313386701,-0.04337117267077362,14643.0,0.08398156886993802,0.07622137415756136,24477.12290243278,25418.495895317632
M35_LogRCR_CSCoreRefShare_Moderation,integration_base,Log_RCR,cs_core_reference_share,Log_RCR ~ HSS_Continuous * cs_core_reference_share + log_team_size + log_prior_knowledge + C(year) + C(arxiv_primary_category),C(arxiv_primary_category)[T.physics.soc-ph],-0.29320813270085316,0.09977297733718256,-2.9387529622370288,0.003295356191014361,-0.488759574912062,-0.09765669048964432,14643.0,0.08398156886993802,0.07622137415756136,24477.12290243278,25418.495895317632
M35_LogRCR_CSCoreRefShare_Moderation,integration_base,Log_RCR,cs_core_reference_share,Log_RCR ~ HSS_Continuous * cs_core_reference_share + log_team_size + log_prior_knowledge + C(year) + C(arxiv_primary_category),C(arxiv_primary_category)[T.physics.space-ph],-0.4932983913782182,0.2359751072613288,-2.090467918855181,0.03657578731351709,-0.9558011028583988,-0.030795679898037553,14643.0,0.08398156886993802,0.07622137415756136,24477.12290243278,25418.495895317632
M35_LogRCR_CSCoreRefShare_Moderation,integration_base,Log_RCR,cs_core_reference_share,Log_RCR ~ HSS_Continuous * cs_core_reference_share + log_team_size + log_prior_knowledge + C(year) + C(arxiv_primary_category),C(arxiv_primary_category)[T.q-bio.BM],0.06808064248095996,0.171708987909729,0.3964885199646706,0.6917446751807077,-0.26846278964393244,0.40462407460585237,14643.0,0.08398156886993802,0.07622137415756136,24477.12290243278,25418.495895317632
M35_LogRCR_CSCoreRefShare_Moderation,integration_base,Log_RCR,cs_core_reference_share,Log_RCR ~ HSS_Continuous * cs_core_reference_share + log_team_size + log_prior_knowledge + C(year) + C(arxiv_primary_category),C(arxiv_primary_category)[T.q-bio.GN],-0.18099121885696595,0.1537229629298694,-1.1773857035239212,0.23904159346235865,-0.4822826897962958,0.12030025208236389,14643.0,0.08398156886993802,0.07622137415756136,24477.12290243278,25418.495895317632
M35_LogRCR_CSCoreRefShare_Moderation,integration_base,Log_RCR,cs_core_reference_share,Log_RCR ~ HSS_Continuous * cs_core_reference_share + log_team_size + log_prior_knowledge + C(year) + C(arxiv_primary_category),C(arxiv_primary_category)[T.q-bio.MN],-0.27447344332318707,0.11718819787625645,-2.3421594349715504,0.019172522776440003,-0.504158090573803,-0.04478879607257119,14643.0,0.08398156886993802,0.07622137415756136,24477.12290243278,25418.495895317632
M35_LogRCR_CSCoreRefShare_Moderation,integration_base,Log_RCR,cs_core_reference_share,Log_RCR ~ HSS_Continuous * cs_core_reference_share + log_team_size + log_prior_knowledge + C(year) + C(arxiv_primary_category),C(arxiv_primary_category)[T.q-bio.NC],-0.28180710617582594,0.0927298401586144,-3.0390120989510483,0.002373553217910856,-0.4635542531788661,-0.10005995917278576,14643.0,0.08398156886993802,0.07622137415756136,24477.12290243278,25418.495895317632
M35_LogRCR_CSCoreRefShare_Moderation,integration_base,Log_RCR,cs_core_reference_share,Log_RCR ~ HSS_Continuous * cs_core_reference_share + log_team_size + log_prior_knowledge + C(year) + C(arxiv_primary_category),C(arxiv_primary_category)[T.q-bio.OT],0.24105915978921127,0.3091156803306601,0.7798347839596846,0.4354881292607172,-0.36479644071547895,0.8469147602939016,14643.0,0.08398156886993802,0.07622137415756136,24477.12290243278,25418.495895317632
M35_LogRCR_CSCoreRefShare_Moderation,integration_base,Log_RCR,cs_core_reference_share,Log_RCR ~ HSS_Continuous * cs_core_reference_share + log_team_size + log_prior_knowledge + C(year) + C(arxiv_primary_category),C(arxiv_primary_category)[T.q-bio.PE],0.005384156509790582,0.27173582721993245,0.0198139368108897,0.9841918000990131,-0.5272082781504759,0.5379765911700571,14643.0,0.08398156886993802,0.07622137415756136,24477.12290243278,25418.495895317632
M35_LogRCR_CSCoreRefShare_Moderation,integration_base,Log_RCR,cs_core_reference_share,Log_RCR ~ HSS_Continuous * cs_core_reference_share + log_team_size + log_prior_knowledge + C(year) + C(arxiv_primary_category),C(arxiv_primary_category)[T.q-bio.QM],-0.2612912536365564,0.1014634381808618,-2.575225700225104,0.01001746947391178,-0.46015593821865175,-0.06242656905446106,14643.0,0.08398156886993802,0.07622137415756136,24477.12290243278,25418.495895317632
M35_LogRCR_CSCoreRefShare_Moderation,integration_base,Log_RCR,cs_core_reference_share,Log_RCR ~ HSS_Continuous * cs_core_reference_share + log_team_size + log_prior_knowledge + C(year) + C(arxiv_primary_category),C(arxiv_primary_category)[T.q-bio.TO],0.4401473308056613,0.08876065095449873,4.958811433585515,7.092576779171936e-07,0.26617965169051305,0.6141150099208096,14643.0,0.08398156886993802,0.07622137415756136,24477.12290243278,25418.495895317632
M35_LogRCR_CSCoreRefShare_Moderation,integration_base,Log_RCR,cs_core_reference_share,Log_RCR ~ HSS_Continuous * cs_core_reference_share + log_team_size + log_prior_knowledge + C(year) + C(arxiv_primary_category),C(arxiv_primary_category)[T.q-fin.CP],-0.2683267360798503,0.11025259938794348,-2.4337452138946376,0.014943509692131967,-0.4844178600821423,-0.05223561207755828,14643.0,0.08398156886993802,0.07622137415756136,24477.12290243278,25418.495895317632
M35_LogRCR_CSCoreRefShare_Moderation,integration_base,Log_RCR,cs_core_reference_share,Log_RCR ~ HSS_Continuous * cs_core_reference_share + log_team_size + log_prior_knowledge + C(year) + C(arxiv_primary_category),C(arxiv_primary_category)[T.q-fin.GN],-0.2678701984476624,0.09448409735544007,-2.8350823677762462,0.004581387198723369,-0.4530556263761011,-0.08268477051922371,14643.0,0.08398156886993802,0.07622137415756136,24477.12290243278,25418.495895317632
M35_LogRCR_CSCoreRefShare_Moderation,integration_base,Log_RCR,cs_core_reference_share,Log_RCR ~ HSS_Continuous * cs_core_reference_share + log_team_size + log_prior_knowledge + C(year) + C(arxiv_primary_category),C(arxiv_primary_category)[T.q-fin.MF],-0.394795034916998,0.10126075497977656,-3.898796083397216,9.667214186291261e-05,-0.593262467724695,-0.19632760210930103,14643.0,0.08398156886993802,0.07622137415756136,24477.12290243278,25418.495895317632
M35_LogRCR_CSCoreRefShare_Moderation,integration_base,Log_RCR,cs_core_reference_share,Log_RCR ~ HSS_Continuous * cs_core_reference_share + log_team_size + log_prior_knowledge + C(year) + C(arxiv_primary_category),C(arxiv_primary_category)[T.q-fin.PM],-0.4692663071868415,0.12760066244606558,-3.6776165436068298,0.00023542351983275286,-0.7193590099845826,-0.21917360438910033,14643.0,0.08398156886993802,0.07622137415756136,24477.12290243278,25418.495895317632
M35_LogRCR_CSCoreRefShare_Moderation,integration_base,Log_RCR,cs_core_reference_share,Log_RCR ~ HSS_Continuous * cs_core_reference_share + log_team_size + log_prior_knowledge + C(year) + C(arxiv_primary_category),C(arxiv_primary_category)[T.q-fin.ST],-0.14071008841355132,0.12026713493027749,-1.1699795500668178,0.2420091985474977,-0.37642934140071427,0.09500916457361167,14643.0,0.08398156886993802,0.07622137415756136,24477.12290243278,25418.495895317632
M35_LogRCR_CSCoreRefShare_Moderation,integration_base,Log_RCR,cs_core_reference_share,Log_RCR ~ HSS_Continuous * cs_core_reference_share + log_team_size + log_prior_knowledge + C(year) + C(arxiv_primary_category),C(arxiv_primary_category)[T.q-fin.TR],-0.24441683483813248,0.11935765834348665,-2.047768347924114,0.040582703154467964,-0.47835354647040296,-0.010480123205861974,14643.0,0.08398156886993802,0.07622137415756136,24477.12290243278,25418.495895317632
M35_LogRCR_CSCoreRefShare_Moderation,integration_base,Log_RCR,cs_core_reference_share,Log_RCR ~ HSS_Continuous * cs_core_reference_share + log_team_size + log_prior_knowledge + C(year) + C(arxiv_primary_category),C(arxiv_primary_category)[T.quant-ph],-0.09775398040897415,0.10714700166335034,-0.9123351926926662,0.36159229370721835,-0.3077582447205941,0.11225028390264577,14643.0,0.08398156886993802,0.07622137415756136,24477.12290243278,25418.495895317632
M35_LogRCR_CSCoreRefShare_Moderation,integration_base,Log_RCR,cs_core_reference_share,Log_RCR ~ HSS_Continuous * cs_core_reference_share + log_team_size + log_prior_knowledge + C(year) + C(arxiv_primary_category),C(arxiv_primary_category)[T.stat.AP],-0.22246218558640335,0.09652943712822093,-2.304604607720905,0.021188727684361128,-0.4116564058056399,-0.033267965367166835,14643.0,0.08398156886993802,0.07622137415756136,24477.12290243278,25418.495895317632
M35_LogRCR_CSCoreRefShare_Moderation,integration_base,Log_RCR,cs_core_reference_share,Log_RCR ~ HSS_Continuous * cs_core_reference_share + log_team_size + log_prior_knowledge + C(year) + C(arxiv_primary_category),C(arxiv_primary_category)[T.stat.CO],-0.22033554579447898,0.08969038194086087,-2.456624010585233,0.014024938702710904,-0.39612546415820793,-0.044545627430749996,14643.0,0.08398156886993802,0.07622137415756136,24477.12290243278,25418.495895317632
M35_LogRCR_CSCoreRefShare_Moderation,integration_base,Log_RCR,cs_core_reference_share,Log_RCR ~ HSS_Continuous * cs_core_reference_share + log_team_size + log_prior_knowledge + C(year) + C(arxiv_primary_category),C(arxiv_primary_category)[T.stat.ME],-0.26435353536226436,0.11255857897655687,-2.348586289609454,0.01884483213749601,-0.48496429630732313,-0.04374277441720559,14643.0,0.08398156886993802,0.07622137415756136,24477.12290243278,25418.495895317632
M35_LogRCR_CSCoreRefShare_Moderation,integration_base,Log_RCR,cs_core_reference_share,Log_RCR ~ HSS_Continuous * cs_core_reference_share + log_team_size + log_prior_knowledge + C(year) + C(arxiv_primary_category),C(arxiv_primary_category)[T.stat.ML],-0.006931161514226594,0.09474220972417806,-0.07315811542083732,0.941680296085902,-0.1926224803893561,0.1787601573609029,14643.0,0.08398156886993802,0.07622137415756136,24477.12290243278,25418.495895317632
M35_LogRCR_CSCoreRefShare_Moderation,integration_base,Log_RCR,cs_core_reference_share,Log_RCR ~ HSS_Continuous * cs_core_reference_share + log_team_size + log_prior_knowledge + C(year) + C(arxiv_primary_category),HSS_Continuous,0.02420718408710639,0.010765298969336175,2.248630916434185,0.024535987749935404,0.0031075858244013245,0.04530678234981146,14643.0,0.08398156886993802,0.07622137415756136,24477.12290243278,25418.495895317632
M35_LogRCR_CSCoreRefShare_Moderation,integration_base,Log_RCR,cs_core_reference_share,Log_RCR ~ HSS_Continuous * cs_core_reference_share + log_team_size + log_prior_knowledge + C(year) + C(arxiv_primary_category),cs_core_reference_share,0.14205072933782228,0.019159682131499104,7.4140441559981065,1.2250510231950564e-13,0.10449844240484843,0.17960301627079614,14643.0,0.08398156886993802,0.07622137415756136,24477.12290243278,25418.495895317632
M35_LogRCR_CSCoreRefShare_Moderation,integration_base,Log_RCR,cs_core_reference_share,Log_RCR ~ HSS_Continuous * cs_core_reference_share + log_team_size + log_prior_knowledge + C(year) + C(arxiv_primary_category),HSS_Continuous:cs_core_reference_share,-0.027710898626100242,0.01947389757575688,-1.4229765006362995,0.15474296757955802,-0.06587903651320559,0.01045723926100511,14643.0,0.08398156886993802,0.07622137415756136,24477.12290243278,25418.495895317632
M35_LogRCR_CSCoreRefShare_Moderation,integration_base,Log_RCR,cs_core_reference_share,Log_RCR ~ HSS_Continuous * cs_core_reference_share + log_team_size + log_prior_knowledge + C(year) + C(arxiv_primary_category),log_team_size,0.13737773940810116,0.021035324686217483,6.5308114544156375,6.541430541750254e-11,0.09614926062000859,0.17860621819619374,14643.0,0.08398156886993802,0.07622137415756136,24477.12290243278,25418.495895317632
M35_LogRCR_CSCoreRefShare_Moderation,integration_base,Log_RCR,cs_core_reference_share,Log_RCR ~ HSS_Continuous * cs_core_reference_share + log_team_size + log_prior_knowledge + C(year) + C(arxiv_primary_category),log_prior_knowledge,0.05823304090607478,0.005197294592228767,11.204491081407525,3.8757478340680986e-29,0.048046530688261604,0.06841955112388795,14643.0,0.08398156886993802,0.07622137415756136,24477.12290243278,25418.495895317632
M35_Hit10YearCat_RefFieldDiversity_Moderation,integration_base,Hit_Rate_10_year_cat,reference_field_diversity,Hit_Rate_10_year_cat ~ HSS_Continuous * reference_field_diversity + log_team_size + log_prior_knowledge + C(year) + C(arxiv_primary_category),Intercept,0.4050289130439374,0.18480018177102453,2.191712741634561,0.028400255123864782,0.04282721243627391,0.767230613651601,14643.0,0.0759736939458876,0.0681456592572276,9784.215287652565,10725.588280537417
M35_Hit10YearCat_RefFieldDiversity_Moderation,integration_base,Hit_Rate_10_year_cat,reference_field_diversity,Hit_Rate_10_year_cat ~ HSS_Continuous * reference_field_diversity + log_team_size + log_prior_knowledge + C(year) + C(arxiv_primary_category),C(year)[T.2015],-0.22752882228009988,0.10319704634024744,-2.2047997529883014,0.027468149397478648,-0.42979131641789586,-0.025266328142303895,14643.0,0.0759736939458876,0.0681456592572276,9784.215287652565,10725.588280537417
M35_Hit10YearCat_RefFieldDiversity_Moderation,integration_base,Hit_Rate_10_year_cat,reference_field_diversity,Hit_Rate_10_year_cat ~ HSS_Continuous * reference_field_diversity + log_team_size + log_prior_knowledge + C(year) + C(arxiv_primary_category),C(year)[T.2016],-0.2704347693410115,0.0929043410453214,-2.9108948656025198,0.0036039526224222068,-0.45252393179726774,-0.08834560688475529,14643.0,0.0759736939458876,0.0681456592572276,9784.215287652565,10725.588280537417
M35_Hit10YearCat_RefFieldDiversity_Moderation,integration_base,Hit_Rate_10_year_cat,reference_field_diversity,Hit_Rate_10_year_cat ~ HSS_Continuous * reference_field_diversity + log_team_size + log_prior_knowledge + C(year) + C(arxiv_primary_category),C(year)[T.2017],-0.2864124172722458,0.09080810812640257,-3.1540401312354955,0.001610269408209441,-0.4643930387042139,-0.10843179584027776,14643.0,0.0759736939458876,0.0681456592572276,9784.215287652565,10725.588280537417
M35_Hit10YearCat_RefFieldDiversity_Moderation,integration_base,Hit_Rate_10_year_cat,reference_field_diversity,Hit_Rate_10_year_cat ~ HSS_Continuous * reference_field_diversity + log_team_size + log_prior_knowledge + C(year) + C(arxiv_primary_category),C(year)[T.2018],-0.2997426190440076,0.09044698936213415,-3.314014332128733,0.0009196679311948879,-0.4770154607038679,-0.1224697773841473,14643.0,0.0759736939458876,0.0681456592572276,9784.215287652565,10725.588280537417
M35_Hit10YearCat_RefFieldDiversity_Moderation,integration_base,Hit_Rate_10_year_cat,reference_field_diversity,Hit_Rate_10_year_cat ~ HSS_Continuous * reference_field_diversity + log_team_size + log_prior_knowledge + C(year) + C(arxiv_primary_category),C(year)[T.2019],-0.3117902755755978,0.09033287770294038,-3.451570275452975,0.0005573345963188609,-0.4888394624932222,-0.13474108865797338,14643.0,0.0759736939458876,0.0681456592572276,9784.215287652565,10725.588280537417
M35_Hit10YearCat_RefFieldDiversity_Moderation,integration_base,Hit_Rate_10_year_cat,reference_field_diversity,Hit_Rate_10_year_cat ~ HSS_Continuous * reference_field_diversity + log_team_size + log_prior_knowledge + C(year) + C(arxiv_primary_category),C(year)[T.2020],-0.30402143942082077,0.09029648733444495,-3.366924322258184,0.0007601154443290205,-0.48099930252681,-0.1270435763148315,14643.0,0.0759736939458876,0.0681456592572276,9784.215287652565,10725.588280537417
M35_Hit10YearCat_RefFieldDiversity_Moderation,integration_base,Hit_Rate_10_year_cat,reference_field_diversity,Hit_Rate_10_year_cat ~ HSS_Continuous * reference_field_diversity + log_team_size + log_prior_knowledge + C(year) + C(arxiv_primary_category),C(year)[T.2021],-0.2979257533823479,0.09027309295922406,-3.3002719150978863,0.0009659119199479242,-0.47485776435546334,-0.12099374240923241,14643.0,0.0759736939458876,0.0681456592572276,9784.215287652565,10725.588280537417
M35_Hit10YearCat_RefFieldDiversity_Moderation,integration_base,Hit_Rate_10_year_cat,reference_field_diversity,Hit_Rate_10_year_cat ~ HSS_Continuous * reference_field_diversity + log_team_size + log_prior_knowledge + C(year) + C(arxiv_primary_category),C(year)[T.2022],-0.18869033951186437,0.10952388324602357,-1.7228236793614151,0.08492041528298215,-0.4033532061210404,0.025972527097311654,14643.0,0.0759736939458876,0.0681456592572276,9784.215287652565,10725.588280537417
M35_Hit10YearCat_RefFieldDiversity_Moderation,integration_base,Hit_Rate_10_year_cat,reference_field_diversity,Hit_Rate_10_year_cat ~ HSS_Continuous * reference_field_diversity + log_team_size + log_prior_knowledge + C(year) + C(arxiv_primary_category),C(year)[T.2023],-0.3341279402541111,0.09298442618716606,-3.5933752990156997,0.0003264219033238187,-0.5163740667040796,-0.15188181380414256,14643.0,0.0759736939458876,0.0681456592572276,9784.215287652565,10725.588280537417
M35_Hit10YearCat_RefFieldDiversity_Moderation,integration_base,Hit_Rate_10_year_cat,reference_field_diversity,Hit_Rate_10_year_cat ~ HSS_Continuous * reference_field_diversity + log_team_size + log_prior_knowledge + C(year) + C(arxiv_primary_category),C(year)[T.2024],-0.05148963643987986,0.1288227158575969,-0.39969376594107436,0.6893820843105286,-0.30397751991140665,0.20099824703164693,14643.0,0.0759736939458876,0.0681456592572276,9784.215287652565,10725.588280537417
M35_Hit10YearCat_RefFieldDiversity_Moderation,integration_base,Hit_Rate_10_year_cat,reference_field_diversity,Hit_Rate_10_year_cat ~ HSS_Continuous * reference_field_diversity + log_team_size + log_prior_knowledge + C(year) + C(arxiv_primary_category),C(year)[T.2025],0.44198618604178536,0.11039264098234582,4.003764944009887,6.234230952655611e-05,0.2256205855581272,0.6583517865254436,14643.0,0.0759736939458876,0.0681456592572276,9784.215287652565,10725.588280537417
M35_Hit10YearCat_RefFieldDiversity_Moderation,integration_base,Hit_Rate_10_year_cat,reference_field_diversity,Hit_Rate_10_year_cat ~ HSS_Continuous * reference_field_diversity + log_team_size + log_prior_knowledge + C(year) + C(arxiv_primary_category),C(arxiv_primary_category)[T.astro-ph.GA],0.1845668599353779,0.27773205648677396,0.6645500784824502,0.5063383083530291,-0.359777968130943,0.7289116880016988,14643.0,0.0759736939458876,0.0681456592572276,9784.215287652565,10725.588280537417
M35_Hit10YearCat_RefFieldDiversity_Moderation,integration_base,Hit_Rate_10_year_cat,reference_field_diversity,Hit_Rate_10_year_cat ~ HSS_Continuous * reference_field_diversity + log_team_size + log_prior_knowledge + C(year) + C(arxiv_primary_category),C(arxiv_primary_category)[T.astro-ph.HE],0.7155397219769942,0.1612395631836396,4.437742870600864,9.09071221833915e-06,0.39951598525409016,1.0315634586998983,14643.0,0.0759736939458876,0.0681456592572276,9784.215287652565,10725.588280537417
M35_Hit10YearCat_RefFieldDiversity_Moderation,integration_base,Hit_Rate_10_year_cat,reference_field_diversity,Hit_Rate_10_year_cat ~ HSS_Continuous * reference_field_diversity + log_team_size + log_prior_knowledge + C(year) + C(arxiv_primary_category),C(arxiv_primary_category)[T.astro-ph.IM],-0.0013525590829733952,0.19569344790337925,-0.006911621709691585,0.9944853676538997,-0.38490466898406206,0.3821995508181153,14643.0,0.0759736939458876,0.0681456592572276,9784.215287652565,10725.588280537417
M35_Hit10YearCat_RefFieldDiversity_Moderation,integration_base,Hit_Rate_10_year_cat,reference_field_diversity,Hit_Rate_10_year_cat ~ HSS_Continuous * reference_field_diversity + log_team_size + log_prior_knowledge + C(year) + C(arxiv_primary_category),C(arxiv_primary_category)[T.astro-ph.SR],0.6433878564448845,0.16116186472476135,3.992184240010426,6.546747583295099e-05,0.32751640590303605,0.959259306986733,14643.0,0.0759736939458876,0.0681456592572276,9784.215287652565,10725.588280537417
M35_Hit10YearCat_RefFieldDiversity_Moderation,integration_base,Hit_Rate_10_year_cat,reference_field_diversity,Hit_Rate_10_year_cat ~ HSS_Continuous * reference_field_diversity + log_team_size + log_prior_knowledge + C(year) + C(arxiv_primary_category),C(arxiv_primary_category)[T.cond-mat.dis-nn],0.10210958694014381,0.2479496642761753,0.4118157902662472,0.6804744468268151,-0.3838628250199574,0.588081998900245,14643.0,0.0759736939458876,0.0681456592572276,9784.215287652565,10725.588280537417
M35_Hit10YearCat_RefFieldDiversity_Moderation,integration_base,Hit_Rate_10_year_cat,reference_field_diversity,Hit_Rate_10_year_cat ~ HSS_Continuous * reference_field_diversity + log_team_size + log_prior_knowledge + C(year) + C(arxiv_primary_category),C(arxiv_primary_category)[T.cond-mat.mes-hall],0.6908936703662011,0.1611141184582963,4.288225494931011,1.8010620226488856e-05,0.3751158007870204,1.0066715399453818,14643.0,0.0759736939458876,0.0681456592572276,9784.215287652565,10725.588280537417
M35_Hit10YearCat_RefFieldDiversity_Moderation,integration_base,Hit_Rate_10_year_cat,reference_field_diversity,Hit_Rate_10_year_cat ~ HSS_Continuous * reference_field_diversity + log_team_size + log_prior_knowledge + C(year) + C(arxiv_primary_category),C(arxiv_primary_category)[T.cond-mat.mtrl-sci],-0.10229220318962319,0.2048241949944912,-0.4994146477293582,0.6174873022265408,-0.5037402485412351,0.29915584216198876,14643.0,0.0759736939458876,0.0681456592572276,9784.215287652565,10725.588280537417
M35_Hit10YearCat_RefFieldDiversity_Moderation,integration_base,Hit_Rate_10_year_cat,reference_field_diversity,Hit_Rate_10_year_cat ~ HSS_Continuous * reference_field_diversity + log_team_size + log_prior_knowledge + C(year) + C(arxiv_primary_category),C(arxiv_primary_category)[T.cond-mat.other],0.8324470541705002,0.16099551242215868,5.170622718897139,2.3331519413835646e-07,0.5169016481504984,1.147992460190502,14643.0,0.0759736939458876,0.0681456592572276,9784.215287652565,10725.588280537417
M35_Hit10YearCat_RefFieldDiversity_Moderation,integration_base,Hit_Rate_10_year_cat,reference_field_diversity,Hit_Rate_10_year_cat ~ HSS_Continuous * reference_field_diversity + log_team_size + log_prior_knowledge + C(year) + C(arxiv_primary_category),C(arxiv_primary_category)[T.cond-mat.soft],0.7026280737804955,0.16105064485784454,4.362777152495652,1.2842173943440892e-05,0.3869746101721694,1.0182815373888217,14643.0,0.0759736939458876,0.0681456592572276,9784.215287652565,10725.588280537417
M35_Hit10YearCat_RefFieldDiversity_Moderation,integration_base,Hit_Rate_10_year_cat,reference_field_diversity,Hit_Rate_10_year_cat ~ HSS_Continuous * reference_field_diversity + log_team_size + log_prior_knowledge + C(year) + C(arxiv_primary_category),C(arxiv_primary_category)[T.cond-mat.stat-mech],-0.0332902213533541,0.25983377896401005,-0.12812122229098308,0.8980530414965472,-0.542555070089755,0.4759746273830468,14643.0,0.0759736939458876,0.0681456592572276,9784.215287652565,10725.588280537417
M35_Hit10YearCat_RefFieldDiversity_Moderation,integration_base,Hit_Rate_10_year_cat,reference_field_diversity,Hit_Rate_10_year_cat ~ HSS_Continuous * reference_field_diversity + log_team_size + log_prior_knowledge + C(year) + C(arxiv_primary_category),C(arxiv_primary_category)[T.cond-mat.str-el],0.6832713688382648,0.16089739796811997,4.2466278352969224,2.170119838071729e-05,0.36791826361454155,0.9986244740619881,14643.0,0.0759736939458876,0.0681456592572276,9784.215287652565,10725.588280537417
M35_Hit10YearCat_RefFieldDiversity_Moderation,integration_base,Hit_Rate_10_year_cat,reference_field_diversity,Hit_Rate_10_year_cat ~ HSS_Continuous * reference_field_diversity + log_team_size + log_prior_knowledge + C(year) + C(arxiv_primary_category),C(arxiv_primary_category)[T.cs.AI],-0.16017546642881236,0.16277698078876104,-0.984017922267985,0.3251067008896482,-0.4792124862869523,0.15886155342932756,14643.0,0.0759736939458876,0.0681456592572276,9784.215287652565,10725.588280537417
M35_Hit10YearCat_RefFieldDiversity_Moderation,integration_base,Hit_Rate_10_year_cat,reference_field_diversity,Hit_Rate_10_year_cat ~ HSS_Continuous * reference_field_diversity + log_team_size + log_prior_knowledge + C(year) + C(arxiv_primary_category),C(arxiv_primary_category)[T.cs.AR],-0.09709423903430497,0.18162459673151246,-0.5345874996096209,0.5929351294290162,-0.4530719073346806,0.25888342926607066,14643.0,0.0759736939458876,0.0681456592572276,9784.215287652565,10725.588280537417
M35_Hit10YearCat_RefFieldDiversity_Moderation,integration_base,Hit_Rate_10_year_cat,reference_field_diversity,Hit_Rate_10_year_cat ~ HSS_Continuous * reference_field_diversity + log_team_size + log_prior_knowledge + C(year) + C(arxiv_primary_category),C(arxiv_primary_category)[T.cs.CC],0.25521103527014555,0.3037240415669154,0.8402727487541297,0.40075547718964366,-0.340077147439955,0.8504992179802461,14643.0,0.0759736939458876,0.0681456592572276,9784.215287652565,10725.588280537417
M35_Hit10YearCat_RefFieldDiversity_Moderation,integration_base,Hit_Rate_10_year_cat,reference_field_diversity,Hit_Rate_10_year_cat ~ HSS_Continuous * reference_field_diversity + log_team_size + log_prior_knowledge + C(year) + C(arxiv_primary_category),C(arxiv_primary_category)[T.cs.CE],0.04928810591269592,0.19799906783593355,0.24893099978398456,0.8034141555546424,-0.33878293601823684,0.4373591478436287,14643.0,0.0759736939458876,0.0681456592572276,9784.215287652565,10725.588280537417
M35_Hit10YearCat_RefFieldDiversity_Moderation,integration_base,Hit_Rate_10_year_cat,reference_field_diversity,Hit_Rate_10_year_cat ~ HSS_Continuous * reference_field_diversity + log_team_size + log_prior_knowledge + C(year) + C(arxiv_primary_category),C(arxiv_primary_category)[T.cs.CG],0.5006948441189867,0.24141766618065427,2.0739776506012353,0.03808138654912411,0.02752491317319089,0.9738647750647824,14643.0,0.0759736939458876,0.0681456592572276,9784.215287652565,10725.588280537417
M35_Hit10YearCat_RefFieldDiversity_Moderation,integration_base,Hit_Rate_10_year_cat,reference_field_diversity,Hit_Rate_10_year_cat ~ HSS_Continuous * reference_field_diversity + log_team_size + log_prior_knowledge + C(year) + C(arxiv_primary_category),C(arxiv_primary_category)[T.cs.CL],-0.20402872480458692,0.16107889265236688,-1.2666384865515086,0.20528458434573071,-0.5197375530728195,0.11168010346364574,14643.0,0.0759736939458876,0.0681456592572276,9784.215287652565,10725.588280537417
M35_Hit10YearCat_RefFieldDiversity_Moderation,integration_base,Hit_Rate_10_year_cat,reference_field_diversity,Hit_Rate_10_year_cat ~ HSS_Continuous * reference_field_diversity + log_team_size + log_prior_knowledge + C(year) + C(arxiv_primary_category),C(arxiv_primary_category)[T.cs.CR],-0.12912807601481527,0.16380825522322753,-0.7882879641129666,0.4305282861899452,-0.45018635662268647,0.1919302045930559,14643.0,0.0759736939458876,0.0681456592572276,9784.215287652565,10725.588280537417
M35_Hit10YearCat_RefFieldDiversity_Moderation,integration_base,Hit_Rate_10_year_cat,reference_field_diversity,Hit_Rate_10_year_cat ~ HSS_Continuous * reference_field_diversity + log_team_size + log_prior_knowledge + C(year) + C(arxiv_primary_category),C(arxiv_primary_category)[T.cs.CV],-0.20150344334984321,0.16104691981351227,-1.2512095455360366,0.21085803652087054,-0.5171496060054372,0.11414271930575087,14643.0,0.0759736939458876,0.0681456592572276,9784.215287652565,10725.588280537417
M35_Hit10YearCat_RefFieldDiversity_Moderation,integration_base,Hit_Rate_10_year_cat,reference_field_diversity,Hit_Rate_10_year_cat ~ HSS_Continuous * reference_field_diversity + log_team_size + log_prior_knowledge + C(year) + C(arxiv_primary_category),C(arxiv_primary_category)[T.cs.CY],-0.14755966088383227,0.17374626763291867,-0.8492824789513638,0.39572412789911793,-0.48809608789261016,0.19297676612494563,14643.0,0.0759736939458876,0.0681456592572276,9784.215287652565,10725.588280537417
M35_Hit10YearCat_RefFieldDiversity_Moderation,integration_base,Hit_Rate_10_year_cat,reference_field_diversity,Hit_Rate_10_year_cat ~ HSS_Continuous * reference_field_diversity + log_team_size + log_prior_knowledge + C(year) + C(arxiv_primary_category),C(arxiv_primary_category)[T.cs.DB],0.04013330374120361,0.2131170435656584,0.18831578680772706,0.8506291106632663,-0.3775684261391405,0.4578350336215477,14643.0,0.0759736939458876,0.0681456592572276,9784.215287652565,10725.588280537417
M35_Hit10YearCat_RefFieldDiversity_Moderation,integration_base,Hit_Rate_10_year_cat,reference_field_diversity,Hit_Rate_10_year_cat ~ HSS_Continuous * reference_field_diversity + log_team_size + log_prior_knowledge + C(year) + C(arxiv_primary_category),C(arxiv_primary_category)[T.cs.DC],-0.09129182084413266,0.17535148948839996,-0.5206218727339177,0.6026302092119156,-0.43497442487685045,0.2523907831885851,14643.0,0.0759736939458876,0.0681456592572276,9784.215287652565,10725.588280537417
M35_Hit10YearCat_RefFieldDiversity_Moderation,integration_base,Hit_Rate_10_year_cat,reference_field_diversity,Hit_Rate_10_year_cat ~ HSS_Continuous * reference_field_diversity + log_team_size + log_prior_knowledge + C(year) + C(arxiv_primary_category),C(arxiv_primary_category)[T.cs.DL],0.4462798164937503,0.26050808496874656,1.713113113350363,0.08669173200552364,-0.06430664772649314,0.9568662807139938,14643.0,0.0759736939458876,0.0681456592572276,9784.215287652565,10725.588280537417
M35_Hit10YearCat_RefFieldDiversity_Moderation,integration_base,Hit_Rate_10_year_cat,reference_field_diversity,Hit_Rate_10_year_cat ~ HSS_Continuous * reference_field_diversity + log_team_size + log_prior_knowledge + C(year) + C(arxiv_primary_category),C(arxiv_primary_category)[T.cs.DM],0.753264497037929,0.16105115367582865,4.677175418154007,2.908534369809946e-06,0.4376100361646793,1.0689189579111786,14643.0,0.0759736939458876,0.0681456592572276,9784.215287652565,10725.588280537417
M35_Hit10YearCat_RefFieldDiversity_Moderation,integration_base,Hit_Rate_10_year_cat,reference_field_diversity,Hit_Rate_10_year_cat ~ HSS_Continuous * reference_field_diversity + log_team_size + log_prior_knowledge + C(year) + C(arxiv_primary_category),C(arxiv_primary_category)[T.cs.DS],0.07280203810661123,0.19002692285328876,0.3831143346083566,0.7016349915463521,-0.29964388677880605,0.4452479629920285,14643.0,0.0759736939458876,0.0681456592572276,9784.215287652565,10725.588280537417
M35_Hit10YearCat_RefFieldDiversity_Moderation,integration_base,Hit_Rate_10_year_cat,reference_field_diversity,Hit_Rate_10_year_cat ~ HSS_Continuous * reference_field_diversity + log_team_size + log_prior_knowledge + C(year) + C(arxiv_primary_category),C(arxiv_primary_category)[T.cs.ET],0.048591123574882815,0.2218740509206031,0.2190031838931493,0.8266475675831292,-0.3862740253335053,0.48345627248327094,14643.0,0.0759736939458876,0.0681456592572276,9784.215287652565,10725.588280537417
M35_Hit10YearCat_RefFieldDiversity_Moderation,integration_base,Hit_Rate_10_year_cat,reference_field_diversity,Hit_Rate_10_year_cat ~ HSS_Continuous * reference_field_diversity + log_team_size + log_prior_knowledge + C(year) + C(arxiv_primary_category),C(arxiv_primary_category)[T.cs.FL],0.7520194252084577,0.1618478314357924,4.646459693263148,3.3768007472512137e-06,0.43480350461839495,1.0692353457985204,14643.0,0.0759736939458876,0.0681456592572276,9784.215287652565,10725.588280537417
M35_Hit10YearCat_RefFieldDiversity_Moderation,integration_base,Hit_Rate_10_year_cat,reference_field_diversity,Hit_Rate_10_year_cat ~ HSS_Continuous * reference_field_diversity + log_team_size + log_prior_knowledge + C(year) + C(arxiv_primary_category),C(arxiv_primary_category)[T.cs.GR],-0.12853707799294586,0.1722407665253934,-0.7462639686638626,0.4555079726621657,-0.4661227770522891,0.20904862106639735,14643.0,0.0759736939458876,0.0681456592572276,9784.215287652565,10725.588280537417
M35_Hit10YearCat_RefFieldDiversity_Moderation,integration_base,Hit_Rate_10_year_cat,reference_field_diversity,Hit_Rate_10_year_cat ~ HSS_Continuous * reference_field_diversity + log_team_size + log_prior_knowledge + C(year) + C(arxiv_primary_category),C(arxiv_primary_category)[T.cs.GT],0.49979085887940644,0.2397892281788907,2.084292370742133,0.03713358089506883,0.02981260776812361,0.9697691099906893,14643.0,0.0759736939458876,0.0681456592572276,9784.215287652565,10725.588280537417
M35_Hit10YearCat_RefFieldDiversity_Moderation,integration_base,Hit_Rate_10_year_cat,reference_field_diversity,Hit_Rate_10_year_cat ~ HSS_Continuous * reference_field_diversity + log_team_size + log_prior_knowledge + C(year) + C(arxiv_primary_category),C(arxiv_primary_category)[T.cs.HC],-0.20834257197890635,0.1669546110993331,-1.2478994776307712,0.21206787198377997,-0.5355675967864904,0.11888245282867768,14643.0,0.0759736939458876,0.0681456592572276,9784.215287652565,10725.588280537417
M35_Hit10YearCat_RefFieldDiversity_Moderation,integration_base,Hit_Rate_10_year_cat,reference_field_diversity,Hit_Rate_10_year_cat ~ HSS_Continuous * reference_field_diversity + log_team_size + log_prior_knowledge + C(year) + C(arxiv_primary_category),C(arxiv_primary_category)[T.cs.IR],-0.18938712365284494,0.16241574717514023,-1.1660638019823302,0.2435886505532011,-0.5077161386382828,0.12894189133259293,14643.0,0.0759736939458876,0.0681456592572276,9784.215287652565,10725.588280537417
M35_Hit10YearCat_RefFieldDiversity_Moderation,integration_base,Hit_Rate_10_year_cat,reference_field_diversity,Hit_Rate_10_year_cat ~ HSS_Continuous * reference_field_diversity + log_team_size + log_prior_knowledge + C(year) + C(arxiv_primary_category),C(arxiv_primary_category)[T.cs.IT],-0.12052077964498624,0.16150303713841216,-0.7462446637563658,0.4555196321497459,-0.43706091583010886,0.19601935654013636,14643.0,0.0759736939458876,0.0681456592572276,9784.215287652565,10725.588280537417
M35_Hit10YearCat_RefFieldDiversity_Moderation,integration_base,Hit_Rate_10_year_cat,reference_field_diversity,Hit_Rate_10_year_cat ~ HSS_Continuous * reference_field_diversity + log_team_size + log_prior_knowledge + C(year) + C(arxiv_primary_category),C(arxiv_primary_category)[T.cs.LG],-0.19863879965223585,0.16103388814911035,-1.2335217259879174,0.2173811760755172,-0.5142594207149436,0.11698182141047186,14643.0,0.0759736939458876,0.0681456592572276,9784.215287652565,10725.588280537417
M35_Hit10YearCat_RefFieldDiversity_Moderation,integration_base,Hit_Rate_10_year_cat,reference_field_diversity,Hit_Rate_10_year_cat ~ HSS_Continuous * reference_field_diversity + log_team_size + log_prior_knowledge + C(year) + C(arxiv_primary_category),C(arxiv_primary_category)[T.cs.LO],0.12009566321416713,0.21666637310359602,0.5542884273820611,0.5793814690345607,-0.3045626247297989,0.5447539511581332,14643.0,0.0759736939458876,0.0681456592572276,9784.215287652565,10725.588280537417
M35_Hit10YearCat_RefFieldDiversity_Moderation,integration_base,Hit_Rate_10_year_cat,reference_field_diversity,Hit_Rate_10_year_cat ~ HSS_Continuous * reference_field_diversity + log_team_size + log_prior_knowledge + C(year) + C(arxiv_primary_category),C(arxiv_primary_category)[T.cs.MA],-0.02352411840055349,0.30648551454765915,-0.07675442160871013,0.9388189100076527,-0.6242246886971922,0.5771764518960852,14643.0,0.0759736939458876,0.0681456592572276,9784.215287652565,10725.588280537417
M35_Hit10YearCat_RefFieldDiversity_Moderation,integration_base,Hit_Rate_10_year_cat,reference_field_diversity,Hit_Rate_10_year_cat ~ HSS_Continuous * reference_field_diversity + log_team_size + log_prior_knowledge + C(year) + C(arxiv_primary_category),C(arxiv_primary_category)[T.cs.MM],-0.09627499833982275,0.17069551809758285,-0.5640159707344189,0.5727432631489398,-0.4308320661334901,0.23828206945384464,14643.0,0.0759736939458876,0.0681456592572276,9784.215287652565,10725.588280537417
M35_Hit10YearCat_RefFieldDiversity_Moderation,integration_base,Hit_Rate_10_year_cat,reference_field_diversity,Hit_Rate_10_year_cat ~ HSS_Continuous * reference_field_diversity + log_team_size + log_prior_knowledge + C(year) + C(arxiv_primary_category),C(arxiv_primary_category)[T.cs.MS],0.7290372071910256,0.16582138104393584,4.3965211398032,1.0999965213500428e-05,0.4040332724782185,1.0540411419038327,14643.0,0.0759736939458876,0.0681456592572276,9784.215287652565,10725.588280537417
M35_Hit10YearCat_RefFieldDiversity_Moderation,integration_base,Hit_Rate_10_year_cat,reference_field_diversity,Hit_Rate_10_year_cat ~ HSS_Continuous * reference_field_diversity + log_team_size + log_prior_knowledge + C(year) + C(arxiv_primary_category),C(arxiv_primary_category)[T.cs.NE],-0.14608849880999614,0.16649208661486917,-0.8774501045682083,0.3802422086332069,-0.4724069922860629,0.18022999466607065,14643.0,0.0759736939458876,0.0681456592572276,9784.215287652565,10725.588280537417
M35_Hit10YearCat_RefFieldDiversity_Moderation,integration_base,Hit_Rate_10_year_cat,reference_field_diversity,Hit_Rate_10_year_cat ~ HSS_Continuous * reference_field_diversity + log_team_size + log_prior_knowledge + C(year) + C(arxiv_primary_category),C(arxiv_primary_category)[T.cs.NI],-0.11362748214736457,0.1693941172055019,-0.6707876520264067,0.5023558148011059,-0.445633851063105,0.21837888676837586,14643.0,0.0759736939458876,0.0681456592572276,9784.215287652565,10725.588280537417
M35_Hit10YearCat_RefFieldDiversity_Moderation,integration_base,Hit_Rate_10_year_cat,reference_field_diversity,Hit_Rate_10_year_cat ~ HSS_Continuous * reference_field_diversity + log_team_size + log_prior_knowledge + C(year) + C(arxiv_primary_category),C(arxiv_primary_category)[T.cs.OH],0.6436123215347942,0.16125386521781002,3.9912985692804908,6.57124885066392e-05,0.32756055334001044,0.959664089729578,14643.0,0.0759736939458876,0.0681456592572276,9784.215287652565,10725.588280537417
M35_Hit10YearCat_RefFieldDiversity_Moderation,integration_base,Hit_Rate_10_year_cat,reference_field_diversity,Hit_Rate_10_year_cat ~ HSS_Continuous * reference_field_diversity + log_team_size + log_prior_knowledge + C(year) + C(arxiv_primary_category),C(arxiv_primary_category)[T.cs.PF],0.6774672229431272,0.16137440055603372,4.198108377839592,2.6915382105830357e-05,0.36117920982656065,0.9937552360596937,14643.0,0.0759736939458876,0.0681456592572276,9784.215287652565,10725.588280537417
M35_Hit10YearCat_RefFieldDiversity_Moderation,integration_base,Hit_Rate_10_year_cat,reference_field_diversity,Hit_Rate_10_year_cat ~ HSS_Continuous * reference_field_diversity + log_team_size + log_prior_knowledge + C(year) + C(arxiv_primary_category),C(arxiv_primary_category)[T.cs.PL],0.015324334187799807,0.19667351044076115,0.07791763188370789,0.937893573835421,-0.37014866298915433,0.400797331364754,14643.0,0.0759736939458876,0.0681456592572276,9784.215287652565,10725.588280537417
M35_Hit10YearCat_RefFieldDiversity_Moderation,integration_base,Hit_Rate_10_year_cat,reference_field_diversity,Hit_Rate_10_year_cat ~ HSS_Continuous * reference_field_diversity + log_team_size + log_prior_knowledge + C(year) + C(arxiv_primary_category),C(arxiv_primary_category)[T.cs.RO],-0.14153143240036337,0.1654680408385206,-0.855339990025525,0.39236295493081175,-0.46584283303626656,0.18277996823553982,14643.0,0.0759736939458876,0.0681456592572276,9784.215287652565,10725.588280537417
M35_Hit10YearCat_RefFieldDiversity_Moderation,integration_base,Hit_Rate_10_year_cat,reference_field_diversity,Hit_Rate_10_year_cat ~ HSS_Continuous * reference_field_diversity + log_team_size + log_prior_knowledge + C(year) + C(arxiv_primary_category),C(arxiv_primary_category)[T.cs.SC],0.7775352623724073,0.16102356410570837,4.828704833920908,1.374239285194269e-06,0.4619348760629423,1.0931356486818724,14643.0,0.0759736939458876,0.0681456592572276,9784.215287652565,10725.588280537417
M35_Hit10YearCat_RefFieldDiversity_Moderation,integration_base,Hit_Rate_10_year_cat,reference_field_diversity,Hit_Rate_10_year_cat ~ HSS_Continuous * reference_field_diversity + log_team_size + log_prior_knowledge + C(year) + C(arxiv_primary_category),C(arxiv_primary_category)[T.cs.SD],-0.18000383791958482,0.16245736258693047,-1.10800664896468,0.26785894440081603,-0.4984144176133334,0.1384067417741637,14643.0,0.0759736939458876,0.0681456592572276,9784.215287652565,10725.588280537417
M35_Hit10YearCat_RefFieldDiversity_Moderation,integration_base,Hit_Rate_10_year_cat,reference_field_diversity,Hit_Rate_10_year_cat ~ HSS_Continuous * reference_field_diversity + log_team_size + log_prior_knowledge + C(year) + C(arxiv_primary_category),C(arxiv_primary_category)[T.cs.SE],-0.18661835165276758,0.16447935884734816,-1.1346004323008483,0.25654277194333,-0.5089919711938095,0.1357552678882743,14643.0,0.0759736939458876,0.0681456592572276,9784.215287652565,10725.588280537417
M35_Hit10YearCat_RefFieldDiversity_Moderation,integration_base,Hit_Rate_10_year_cat,reference_field_diversity,Hit_Rate_10_year_cat ~ HSS_Continuous * reference_field_diversity + log_team_size + log_prior_knowledge + C(year) + C(arxiv_primary_category),C(arxiv_primary_category)[T.cs.SI],-0.1807708568419372,0.16611839600297895,-1.0882049260739037,0.27650465054652906,-0.5063569301773384,0.14481521649346404,14643.0,0.0759736939458876,0.0681456592572276,9784.215287652565,10725.588280537417
M35_Hit10YearCat_RefFieldDiversity_Moderation,integration_base,Hit_Rate_10_year_cat,reference_field_diversity,Hit_Rate_10_year_cat ~ HSS_Continuous * reference_field_diversity + log_team_size + log_prior_knowledge + C(year) + C(arxiv_primary_category),C(arxiv_primary_category)[T.econ.EM],0.7074816843430456,0.16929708877450006,4.178935913572592,2.9287619377187552e-05,0.3756654876575452,1.039297881028546,14643.0,0.0759736939458876,0.0681456592572276,9784.215287652565,10725.588280537417
M35_Hit10YearCat_RefFieldDiversity_Moderation,integration_base,Hit_Rate_10_year_cat,reference_field_diversity,Hit_Rate_10_year_cat ~ HSS_Continuous * reference_field_diversity + log_team_size + log_prior_knowledge + C(year) + C(arxiv_primary_category),C(arxiv_primary_category)[T.econ.GN],0.827837156605059,0.1627597862276813,5.086251191353954,3.652102868542114e-07,0.5088338374673653,1.1468404757427526,14643.0,0.0759736939458876,0.0681456592572276,9784.215287652565,10725.588280537417
M35_Hit10YearCat_RefFieldDiversity_Moderation,integration_base,Hit_Rate_10_year_cat,reference_field_diversity,Hit_Rate_10_year_cat ~ HSS_Continuous * reference_field_diversity + log_team_size + log_prior_knowledge + C(year) + C(arxiv_primary_category),C(arxiv_primary_category)[T.eess.AS],-0.17917573529944178,0.16193169399796056,-1.1064895998784425,0.26851466304493066,-0.49655602349100536,0.13820455289212177,14643.0,0.0759736939458876,0.0681456592572276,9784.215287652565,10725.588280537417
M35_Hit10YearCat_RefFieldDiversity_Moderation,integration_base,Hit_Rate_10_year_cat,reference_field_diversity,Hit_Rate_10_year_cat ~ HSS_Continuous * reference_field_diversity + log_team_size + log_prior_knowledge + C(year) + C(arxiv_primary_category),C(arxiv_primary_category)[T.eess.IV],-0.19391507804418676,0.16152704736370865,-1.2005115007615432,0.22994074877617587,-0.5105022734061512,0.12267211731777769,14643.0,0.0759736939458876,0.0681456592572276,9784.215287652565,10725.588280537417
M35_Hit10YearCat_RefFieldDiversity_Moderation,integration_base,Hit_Rate_10_year_cat,reference_field_diversity,Hit_Rate_10_year_cat ~ HSS_Continuous * reference_field_diversity + log_team_size + log_prior_knowledge + C(year) + C(arxiv_primary_category),C(arxiv_primary_category)[T.eess.SP],-0.14192605565864427,0.1625100680523479,-0.8733370021907007,0.38247941767633253,-0.46043993616639944,0.17658782484911087,14643.0,0.0759736939458876,0.0681456592572276,9784.215287652565,10725.588280537417
M35_Hit10YearCat_RefFieldDiversity_Moderation,integration_base,Hit_Rate_10_year_cat,reference_field_diversity,Hit_Rate_10_year_cat ~ HSS_Continuous * reference_field_diversity + log_team_size + log_prior_knowledge + C(year) + C(arxiv_primary_category),C(arxiv_primary_category)[T.eess.SY],-0.024463170474550648,0.17835180364940076,-0.13716245069570307,0.8909023903389747,-0.3740262822051355,0.3250999412560342,14643.0,0.0759736939458876,0.0681456592572276,9784.215287652565,10725.588280537417
M35_Hit10YearCat_RefFieldDiversity_Moderation,integration_base,Hit_Rate_10_year_cat,reference_field_diversity,Hit_Rate_10_year_cat ~ HSS_Continuous * reference_field_diversity + log_team_size + log_prior_knowledge + C(year) + C(arxiv_primary_category),C(arxiv_primary_category)[T.gr-qc],0.6254116050327385,0.1615512982071574,3.8712880179444458,0.00010826178199254652,0.3087768788910198,0.9420463311744572,14643.0,0.0759736939458876,0.0681456592572276,9784.215287652565,10725.588280537417
M35_Hit10YearCat_RefFieldDiversity_Moderation,integration_base,Hit_Rate_10_year_cat,reference_field_diversity,Hit_Rate_10_year_cat ~ HSS_Continuous * reference_field_diversity + log_team_size + log_prior_knowledge + C(year) + C(arxiv_primary_category),C(arxiv_primary_category)[T.hep-ex],0.6825523643070922,0.16128507543629886,4.231962334150831,2.3166121084241254e-05,0.36643942520812073,0.9986653034060637,14643.0,0.0759736939458876,0.0681456592572276,9784.215287652565,10725.588280537417
M35_Hit10YearCat_RefFieldDiversity_Moderation,integration_base,Hit_Rate_10_year_cat,reference_field_diversity,Hit_Rate_10_year_cat ~ HSS_Continuous * reference_field_diversity + log_team_size + log_prior_knowledge + C(year) + C(arxiv_primary_category),C(arxiv_primary_category)[T.hep-lat],0.4643414405689369,0.2608056023856531,1.7804120629368823,0.0750085490368596,-0.04682814707321681,0.9755110282110906,14643.0,0.0759736939458876,0.0681456592572276,9784.215287652565,10725.588280537417
M35_Hit10YearCat_RefFieldDiversity_Moderation,integration_base,Hit_Rate_10_year_cat,reference_field_diversity,Hit_Rate_10_year_cat ~ HSS_Continuous * reference_field_diversity + log_team_size + log_prior_knowledge + C(year) + C(arxiv_primary_category),C(arxiv_primary_category)[T.hep-ph],-0.01721196664761259,0.2157195295968619,-0.07978863425012298,0.9364053640576159,-0.44001447541938415,0.40559054212415896,14643.0,0.0759736939458876,0.0681456592572276,9784.215287652565,10725.588280537417
M35_Hit10YearCat_RefFieldDiversity_Moderation,integration_base,Hit_Rate_10_year_cat,reference_field_diversity,Hit_Rate_10_year_cat ~ HSS_Continuous * reference_field_diversity + log_team_size + log_prior_knowledge + C(year) + C(arxiv_primary_category),C(arxiv_primary_category)[T.hep-th],0.8037563703163837,0.16210317587327375,4.958301192968179,7.111225756924349e-07,0.4860399838252049,1.1214727568075624,14643.0,0.0759736939458876,0.0681456592572276,9784.215287652565,10725.588280537417
M35_Hit10YearCat_RefFieldDiversity_Moderation,integration_base,Hit_Rate_10_year_cat,reference_field_diversity,Hit_Rate_10_year_cat ~ HSS_Continuous * reference_field_diversity + log_team_size + log_prior_knowledge + C(year) + C(arxiv_primary_category),C(arxiv_primary_category)[T.math.AG],0.8203993976388481,0.16113894083143146,5.091254748267667,3.557017422806294e-07,0.5045728771023117,1.1362259181753844,14643.0,0.0759736939458876,0.0681456592572276,9784.215287652565,10725.588280537417
M35_Hit10YearCat_RefFieldDiversity_Moderation,integration_base,Hit_Rate_10_year_cat,reference_field_diversity,Hit_Rate_10_year_cat ~ HSS_Continuous * reference_field_diversity + log_team_size + log_prior_knowledge + C(year) + C(arxiv_primary_category),C(arxiv_primary_category)[T.math.AP],0.15554520654052054,0.20915901609973958,0.7436696224768395,0.4570763715669304,-0.2543989320568024,0.5654893451378434,14643.0,0.0759736939458876,0.0681456592572276,9784.215287652565,10725.588280537417
M35_Hit10YearCat_RefFieldDiversity_Moderation,integration_base,Hit_Rate_10_year_cat,reference_field_diversity,Hit_Rate_10_year_cat ~ HSS_Continuous * reference_field_diversity + log_team_size + log_prior_knowledge + C(year) + C(arxiv_primary_category),C(arxiv_primary_category)[T.math.CO],0.7686291305508334,0.16118900806175432,4.768495940221669,1.8560641271805445e-06,0.4527044800460585,1.0845537810556083,14643.0,0.0759736939458876,0.0681456592572276,9784.215287652565,10725.588280537417
M35_Hit10YearCat_RefFieldDiversity_Moderation,integration_base,Hit_Rate_10_year_cat,reference_field_diversity,Hit_Rate_10_year_cat ~ HSS_Continuous * reference_field_diversity + log_team_size + log_prior_knowledge + C(year) + C(arxiv_primary_category),C(arxiv_primary_category)[T.math.DS],0.6272611256199317,0.18609141535978935,3.3707150026624517,0.000749733764555675,0.2625286536826608,0.9919935975572027,14643.0,0.0759736939458876,0.0681456592572276,9784.215287652565,10725.588280537417
M35_Hit10YearCat_RefFieldDiversity_Moderation,integration_base,Hit_Rate_10_year_cat,reference_field_diversity,Hit_Rate_10_year_cat ~ HSS_Continuous * reference_field_diversity + log_team_size + log_prior_knowledge + C(year) + C(arxiv_primary_category),C(arxiv_primary_category)[T.math.GR],0.7998271341553009,0.1614028703452626,4.955470323695994,7.215553548649505e-07,0.48348332127719834,1.1161709470334036,14643.0,0.0759736939458876,0.0681456592572276,9784.215287652565,10725.588280537417
M35_Hit10YearCat_RefFieldDiversity_Moderation,integration_base,Hit_Rate_10_year_cat,reference_field_diversity,Hit_Rate_10_year_cat ~ HSS_Continuous * reference_field_diversity + log_team_size + log_prior_knowledge + C(year) + C(arxiv_primary_category),C(arxiv_primary_category)[T.math.LO],0.7962942433454515,0.16126787427860995,4.937711536829437,7.904464611052467e-07,0.48021501789604265,1.1123734687948603,14643.0,0.0759736939458876,0.0681456592572276,9784.215287652565,10725.588280537417
M35_Hit10YearCat_RefFieldDiversity_Moderation,integration_base,Hit_Rate_10_year_cat,reference_field_diversity,Hit_Rate_10_year_cat ~ HSS_Continuous * reference_field_diversity + log_team_size + log_prior_knowledge + C(year) + C(arxiv_primary_category),C(arxiv_primary_category)[T.math.NA],-0.07987278829457448,0.17904277449021194,-0.4461100902954396,0.6555177244606873,-0.4307901779875166,0.2710446013983676,14643.0,0.0759736939458876,0.0681456592572276,9784.215287652565,10725.588280537417
M35_Hit10YearCat_RefFieldDiversity_Moderation,integration_base,Hit_Rate_10_year_cat,reference_field_diversity,Hit_Rate_10_year_cat ~ HSS_Continuous * reference_field_diversity + log_team_size + log_prior_knowledge + C(year) + C(arxiv_primary_category),C(arxiv_primary_category)[T.math.NT],0.7365234531358682,0.1614254717679172,4.562622274350695,5.051865422540119e-06,0.42013534228336324,1.0529115639883733,14643.0,0.0759736939458876,0.0681456592572276,9784.215287652565,10725.588280537417
M35_Hit10YearCat_RefFieldDiversity_Moderation,integration_base,Hit_Rate_10_year_cat,reference_field_diversity,Hit_Rate_10_year_cat ~ HSS_Continuous * reference_field_diversity + log_team_size + log_prior_knowledge + C(year) + C(arxiv_primary_category),C(arxiv_primary_category)[T.math.OC],-0.13315454558830103,0.17001221343791617,-0.7832057644313033,0.43350629038908295,-0.4663723608585533,0.20006326968195126,14643.0,0.0759736939458876,0.0681456592572276,9784.215287652565,10725.588280537417
M35_Hit10YearCat_RefFieldDiversity_Moderation,integration_base,Hit_Rate_10_year_cat,reference_field_diversity,Hit_Rate_10_year_cat ~ HSS_Continuous * reference_field_diversity + log_team_size + log_prior_knowledge + C(year) + C(arxiv_primary_category),C(arxiv_primary_category)[T.math.PR],0.2682707760937318,0.22223354050103464,1.2071570091935913,0.22737168326116441,-0.16729895944511952,0.7038405116325831,14643.0,0.0759736939458876,0.0681456592572276,9784.215287652565,10725.588280537417
M35_Hit10YearCat_RefFieldDiversity_Moderation,integration_base,Hit_Rate_10_year_cat,reference_field_diversity,Hit_Rate_10_year_cat ~ HSS_Continuous * reference_field_diversity + log_team_size + log_prior_knowledge + C(year) + C(arxiv_primary_category),C(arxiv_primary_category)[T.math.ST],0.10004320613863477,0.2183329790484454,0.45821390142089535,0.6467987735007057,-0.32788156943365643,0.527967981710926,14643.0,0.0759736939458876,0.0681456592572276,9784.215287652565,10725.588280537417
M35_Hit10YearCat_RefFieldDiversity_Moderation,integration_base,Hit_Rate_10_year_cat,reference_field_diversity,Hit_Rate_10_year_cat ~ HSS_Continuous * reference_field_diversity + log_team_size + log_prior_knowledge + C(year) + C(arxiv_primary_category),C(arxiv_primary_category)[T.nlin.AO],0.726037782158445,0.16115274168761717,4.50527725780686,6.628633733592071e-06,0.4101842124408288,1.0418913518760613,14643.0,0.0759736939458876,0.0681456592572276,9784.215287652565,10725.588280537417
M35_Hit10YearCat_RefFieldDiversity_Moderation,integration_base,Hit_Rate_10_year_cat,reference_field_diversity,Hit_Rate_10_year_cat ~ HSS_Continuous * reference_field_diversity + log_team_size + log_prior_knowledge + C(year) + C(arxiv_primary_category),C(arxiv_primary_category)[T.nlin.PS],0.7514756598782942,0.16084877643799722,4.6719389262371385,2.9836968703299577e-06,0.43621785110248484,1.0667334686541037,14643.0,0.0759736939458876,0.0681456592572276,9784.215287652565,10725.588280537417
M35_Hit10YearCat_RefFieldDiversity_Moderation,integration_base,Hit_Rate_10_year_cat,reference_field_diversity,Hit_Rate_10_year_cat ~ HSS_Continuous * reference_field_diversity + log_team_size + log_prior_knowledge + C(year) + C(arxiv_primary_category),C(arxiv_primary_category)[T.nucl-th],0.7782852911925312,0.16120907910584506,4.827800614638661,1.3804920541685593e-06,0.46232130216420636,1.094249280220856,14643.0,0.0759736939458876,0.0681456592572276,9784.215287652565,10725.588280537417
M35_Hit10YearCat_RefFieldDiversity_Moderation,integration_base,Hit_Rate_10_year_cat,reference_field_diversity,Hit_Rate_10_year_cat ~ HSS_Continuous * reference_field_diversity + log_team_size + log_prior_knowledge + C(year) + C(arxiv_primary_category),C(arxiv_primary_category)[T.physics.acc-ph],0.4961339282146613,0.2736929344254606,1.8127392629121077,0.06987204569216299,-0.04029436608232417,1.0325622225116469,14643.0,0.0759736939458876,0.0681456592572276,9784.215287652565,10725.588280537417
M35_Hit10YearCat_RefFieldDiversity_Moderation,integration_base,Hit_Rate_10_year_cat,reference_field_diversity,Hit_Rate_10_year_cat ~ HSS_Continuous * reference_field_diversity + log_team_size + log_prior_knowledge + C(year) + C(arxiv_primary_category),C(arxiv_primary_category)[T.physics.ao-ph],0.02584782769692815,0.25097117516449746,0.10299122072479582,0.917969938746864,-0.46604663678318015,0.5177422921770365,14643.0,0.0759736939458876,0.0681456592572276,9784.215287652565,10725.588280537417
M35_Hit10YearCat_RefFieldDiversity_Moderation,integration_base,Hit_Rate_10_year_cat,reference_field_diversity,Hit_Rate_10_year_cat ~ HSS_Continuous * reference_field_diversity + log_team_size + log_prior_knowledge + C(year) + C(arxiv_primary_category),C(arxiv_primary_category)[T.physics.app-ph],0.18829214278429887,0.2068947427850174,0.9100866471989173,0.3627768159246575,-0.21721410166501345,0.5937983872336112,14643.0,0.0759736939458876,0.0681456592572276,9784.215287652565,10725.588280537417
M35_Hit10YearCat_RefFieldDiversity_Moderation,integration_base,Hit_Rate_10_year_cat,reference_field_diversity,Hit_Rate_10_year_cat ~ HSS_Continuous * reference_field_diversity + log_team_size + log_prior_knowledge + C(year) + C(arxiv_primary_category),C(arxiv_primary_category)[T.physics.atom-ph],0.7145183423180416,0.16102222536529207,4.43738956344131,9.105641207100942e-06,0.39892057989157714,1.030116104744506,14643.0,0.0759736939458876,0.0681456592572276,9784.215287652565,10725.588280537417
M35_Hit10YearCat_RefFieldDiversity_Moderation,integration_base,Hit_Rate_10_year_cat,reference_field_diversity,Hit_Rate_10_year_cat ~ HSS_Continuous * reference_field_diversity + log_team_size + log_prior_knowledge + C(year) + C(arxiv_primary_category),C(arxiv_primary_category)[T.physics.bio-ph],0.5235066560763566,0.24984431612485522,2.09533146159204,0.0361415375625171,0.03382079472960048,1.0131925174231127,14643.0,0.0759736939458876,0.0681456592572276,9784.215287652565,10725.588280537417
M35_Hit10YearCat_RefFieldDiversity_Moderation,integration_base,Hit_Rate_10_year_cat,reference_field_diversity,Hit_Rate_10_year_cat ~ HSS_Continuous * reference_field_diversity + log_team_size + log_prior_knowledge + C(year) + C(arxiv_primary_category),C(arxiv_primary_category)[T.physics.chem-ph],0.04111232656386629,0.23419536932510873,0.1755471369153947,0.8606497358745813,-0.4179021626594034,0.5001268157871359,14643.0,0.0759736939458876,0.0681456592572276,9784.215287652565,10725.588280537417
M35_Hit10YearCat_RefFieldDiversity_Moderation,integration_base,Hit_Rate_10_year_cat,reference_field_diversity,Hit_Rate_10_year_cat ~ HSS_Continuous * reference_field_diversity + log_team_size + log_prior_knowledge + C(year) + C(arxiv_primary_category),C(arxiv_primary_category)[T.physics.comp-ph],0.035105150439996985,0.21111319561399886,0.16628591281514934,0.8679319516520341,-0.3786691096246001,0.448879410504594,14643.0,0.0759736939458876,0.0681456592572276,9784.215287652565,10725.588280537417
M35_Hit10YearCat_RefFieldDiversity_Moderation,integration_base,Hit_Rate_10_year_cat,reference_field_diversity,Hit_Rate_10_year_cat ~ HSS_Continuous * reference_field_diversity + log_team_size + log_prior_knowledge + C(year) + C(arxiv_primary_category),C(arxiv_primary_category)[T.physics.data-an],0.18254679633043477,0.23949644401784922,0.7622108840865708,0.4459341511142182,-0.286857608369963,0.6519512010308325,14643.0,0.0759736939458876,0.0681456592572276,9784.215287652565,10725.588280537417
M35_Hit10YearCat_RefFieldDiversity_Moderation,integration_base,Hit_Rate_10_year_cat,reference_field_diversity,Hit_Rate_10_year_cat ~ HSS_Continuous * reference_field_diversity + log_team_size + log_prior_knowledge + C(year) + C(arxiv_primary_category),C(arxiv_primary_category)[T.physics.ed-ph],0.25367889652544684,0.4204162782305278,0.6033993202954585,0.5462430742973645,-0.5703218673207584,1.077679660371652,14643.0,0.0759736939458876,0.0681456592572276,9784.215287652565,10725.588280537417
M35_Hit10YearCat_RefFieldDiversity_Moderation,integration_base,Hit_Rate_10_year_cat,reference_field_diversity,Hit_Rate_10_year_cat ~ HSS_Continuous * reference_field_diversity + log_team_size + log_prior_knowledge + C(year) + C(arxiv_primary_category),C(arxiv_primary_category)[T.physics.flu-dyn],0.06669955945392265,0.23728292902159695,0.2810971683843797,0.7786358729499678,-0.39836643557458135,0.5317655544824267,14643.0,0.0759736939458876,0.0681456592572276,9784.215287652565,10725.588280537417
M35_Hit10YearCat_RefFieldDiversity_Moderation,integration_base,Hit_Rate_10_year_cat,reference_field_diversity,Hit_Rate_10_year_cat ~ HSS_Continuous * reference_field_diversity + log_team_size + log_prior_knowledge + C(year) + C(arxiv_primary_category),C(arxiv_primary_category)[T.physics.geo-ph],0.231065315495169,0.22927472468096288,1.0078098046642419,0.3135457780594336,-0.21830488744485488,0.6804355184351929,14643.0,0.0759736939458876,0.0681456592572276,9784.215287652565,10725.588280537417
M35_Hit10YearCat_RefFieldDiversity_Moderation,integration_base,Hit_Rate_10_year_cat,reference_field_diversity,Hit_Rate_10_year_cat ~ HSS_Continuous * reference_field_diversity + log_team_size + log_prior_knowledge + C(year) + C(arxiv_primary_category),C(arxiv_primary_category)[T.physics.ins-det],0.10261850456462934,0.2279801546123404,0.45012033937393725,0.6526236717475544,-0.3442143876654309,0.5494513967946896,14643.0,0.0759736939458876,0.0681456592572276,9784.215287652565,10725.588280537417
M35_Hit10YearCat_RefFieldDiversity_Moderation,integration_base,Hit_Rate_10_year_cat,reference_field_diversity,Hit_Rate_10_year_cat ~ HSS_Continuous * reference_field_diversity + log_team_size + log_prior_knowledge + C(year) + C(arxiv_primary_category),C(arxiv_primary_category)[T.physics.med-ph],-0.12250611213447102,0.18132127493667866,-0.6756301056081413,0.4992755223427011,-0.47788928064124636,0.2328770563723043,14643.0,0.0759736939458876,0.0681456592572276,9784.215287652565,10725.588280537417
M35_Hit10YearCat_RefFieldDiversity_Moderation,integration_base,Hit_Rate_10_year_cat,reference_field_diversity,Hit_Rate_10_year_cat ~ HSS_Continuous * reference_field_diversity + log_team_size + log_prior_knowledge + C(year) + C(arxiv_primary_category),C(arxiv_primary_category)[T.physics.optics],0.09784544309791905,0.20831840593970846,0.4696917809856777,0.6385752407875953,-0.31045112986070444,0.5061420160565425,14643.0,0.0759736939458876,0.0681456592572276,9784.215287652565,10725.588280537417
M35_Hit10YearCat_RefFieldDiversity_Moderation,integration_base,Hit_Rate_10_year_cat,reference_field_diversity,Hit_Rate_10_year_cat ~ HSS_Continuous * reference_field_diversity + log_team_size + log_prior_knowledge + C(year) + C(arxiv_primary_category),C(arxiv_primary_category)[T.physics.soc-ph],0.14030486918056412,0.22691861741645342,0.6183047948113881,0.5363744418344443,-0.304447448377308,0.5850571867384362,14643.0,0.0759736939458876,0.0681456592572276,9784.215287652565,10725.588280537417
M35_Hit10YearCat_RefFieldDiversity_Moderation,integration_base,Hit_Rate_10_year_cat,reference_field_diversity,Hit_Rate_10_year_cat ~ HSS_Continuous * reference_field_diversity + log_team_size + log_prior_knowledge + C(year) + C(arxiv_primary_category),C(arxiv_primary_category)[T.physics.space-ph],0.004356284191883608,0.173198356719129,0.02515199494039123,0.9799337273164079,-0.3351062571591301,0.34381882554289733,14643.0,0.0759736939458876,0.0681456592572276,9784.215287652565,10725.588280537417
M35_Hit10YearCat_RefFieldDiversity_Moderation,integration_base,Hit_Rate_10_year_cat,reference_field_diversity,Hit_Rate_10_year_cat ~ HSS_Continuous * reference_field_diversity + log_team_size + log_prior_knowledge + C(year) + C(arxiv_primary_category),C(arxiv_primary_category)[T.q-bio.BM],-0.061803530198515456,0.18619891361650293,-0.33192207729958406,0.7399480993009846,-0.4267466948473459,0.30313963445031494,14643.0,0.0759736939458876,0.0681456592572276,9784.215287652565,10725.588280537417
M35_Hit10YearCat_RefFieldDiversity_Moderation,integration_base,Hit_Rate_10_year_cat,reference_field_diversity,Hit_Rate_10_year_cat ~ HSS_Continuous * reference_field_diversity + log_team_size + log_prior_knowledge + C(year) + C(arxiv_primary_category),C(arxiv_primary_category)[T.q-bio.GN],0.117911778358082,0.2375626120574087,0.4963397957991293,0.6196546934310465,-0.3477023853476998,0.5835259420638639,14643.0,0.0759736939458876,0.0681456592572276,9784.215287652565,10725.588280537417
M35_Hit10YearCat_RefFieldDiversity_Moderation,integration_base,Hit_Rate_10_year_cat,reference_field_diversity,Hit_Rate_10_year_cat ~ HSS_Continuous * reference_field_diversity + log_team_size + log_prior_knowledge + C(year) + C(arxiv_primary_category),C(arxiv_primary_category)[T.q-bio.MN],0.713504375965758,0.1641243502565805,4.347340140876812,1.3779843554848975e-05,0.391826560476823,1.035182191454693,14643.0,0.0759736939458876,0.0681456592572276,9784.215287652565,10725.588280537417
M35_Hit10YearCat_RefFieldDiversity_Moderation,integration_base,Hit_Rate_10_year_cat,reference_field_diversity,Hit_Rate_10_year_cat ~ HSS_Continuous * reference_field_diversity + log_team_size + log_prior_knowledge + C(year) + C(arxiv_primary_category),C(arxiv_primary_category)[T.q-bio.NC],-0.14425670073697566,0.16773137857789203,-0.8600459971178556,0.38976368771512027,-0.4730041618268972,0.18449076035294587,14643.0,0.0759736939458876,0.0681456592572276,9784.215287652565,10725.588280537417
M35_Hit10YearCat_RefFieldDiversity_Moderation,integration_base,Hit_Rate_10_year_cat,reference_field_diversity,Hit_Rate_10_year_cat ~ HSS_Continuous * reference_field_diversity + log_team_size + log_prior_knowledge + C(year) + C(arxiv_primary_category),C(arxiv_primary_category)[T.q-bio.OT],0.7361265846975478,0.17469860307966184,4.213694738943488,2.512267802516359e-05,0.39372361451195237,1.078529554883143,14643.0,0.0759736939458876,0.0681456592572276,9784.215287652565,10725.588280537417
M35_Hit10YearCat_RefFieldDiversity_Moderation,integration_base,Hit_Rate_10_year_cat,reference_field_diversity,Hit_Rate_10_year_cat ~ HSS_Continuous * reference_field_diversity + log_team_size + log_prior_knowledge + C(year) + C(arxiv_primary_category),C(arxiv_primary_category)[T.q-bio.PE],0.30738517928527687,0.2887446116933384,1.0645572829311727,0.2870763192120912,-0.2585438603636694,0.8733142189342231,14643.0,0.0759736939458876,0.0681456592572276,9784.215287652565,10725.588280537417
M35_Hit10YearCat_RefFieldDiversity_Moderation,integration_base,Hit_Rate_10_year_cat,reference_field_diversity,Hit_Rate_10_year_cat ~ HSS_Continuous * reference_field_diversity + log_team_size + log_prior_knowledge + C(year) + C(arxiv_primary_category),C(arxiv_primary_category)[T.q-bio.QM],-0.15408258074118641,0.17752315798146137,-0.8679576371510761,0.3854175241662401,-0.5020215768066649,0.1938564153242921,14643.0,0.0759736939458876,0.0681456592572276,9784.215287652565,10725.588280537417
M35_Hit10YearCat_RefFieldDiversity_Moderation,integration_base,Hit_Rate_10_year_cat,reference_field_diversity,Hit_Rate_10_year_cat ~ HSS_Continuous * reference_field_diversity + log_team_size + log_prior_knowledge + C(year) + C(arxiv_primary_category),C(arxiv_primary_category)[T.q-bio.TO],0.7049968073100427,0.1608555500943162,4.382794419568825,1.171666656850155e-05,0.3897257224118044,1.0202678922082808,14643.0,0.0759736939458876,0.0681456592572276,9784.215287652565,10725.588280537417
M35_Hit10YearCat_RefFieldDiversity_Moderation,integration_base,Hit_Rate_10_year_cat,reference_field_diversity,Hit_Rate_10_year_cat ~ HSS_Continuous * reference_field_diversity + log_team_size + log_prior_knowledge + C(year) + C(arxiv_primary_category),C(arxiv_primary_category)[T.q-fin.CP],-0.03305092180747801,0.2099937590983539,-0.15739001934813734,0.8749374788330395,-0.44463112661843196,0.378529283003476,14643.0,0.0759736939458876,0.0681456592572276,9784.215287652565,10725.588280537417
M35_Hit10YearCat_RefFieldDiversity_Moderation,integration_base,Hit_Rate_10_year_cat,reference_field_diversity,Hit_Rate_10_year_cat ~ HSS_Continuous * reference_field_diversity + log_team_size + log_prior_knowledge + C(year) + C(arxiv_primary_category),C(arxiv_primary_category)[T.q-fin.GN],0.7828783780268673,0.16197063032687986,4.83345885884933,1.3418101922106591e-06,0.4654217760329318,1.1003349800208029,14643.0,0.0759736939458876,0.0681456592572276,9784.215287652565,10725.588280537417
M35_Hit10YearCat_RefFieldDiversity_Moderation,integration_base,Hit_Rate_10_year_cat,reference_field_diversity,Hit_Rate_10_year_cat ~ HSS_Continuous * reference_field_diversity + log_team_size + log_prior_knowledge + C(year) + C(arxiv_primary_category),C(arxiv_primary_category)[T.q-fin.MF],-0.22528165902432706,0.1641872366428509,-1.3721021416200099,0.1700316428826204,-0.5470827295654699,0.09651941151681576,14643.0,0.0759736939458876,0.0681456592572276,9784.215287652565,10725.588280537417
M35_Hit10YearCat_RefFieldDiversity_Moderation,integration_base,Hit_Rate_10_year_cat,reference_field_diversity,Hit_Rate_10_year_cat ~ HSS_Continuous * reference_field_diversity + log_team_size + log_prior_knowledge + C(year) + C(arxiv_primary_category),C(arxiv_primary_category)[T.q-fin.PM],0.751883011603926,0.16466103890112532,4.5662472229111355,4.96533138142929e-06,0.4291533057007716,1.0746127175070805,14643.0,0.0759736939458876,0.0681456592572276,9784.215287652565,10725.588280537417
M35_Hit10YearCat_RefFieldDiversity_Moderation,integration_base,Hit_Rate_10_year_cat,reference_field_diversity,Hit_Rate_10_year_cat ~ HSS_Continuous * reference_field_diversity + log_team_size + log_prior_knowledge + C(year) + C(arxiv_primary_category),C(arxiv_primary_category)[T.q-fin.ST],0.22714437969033996,0.223993086657312,1.0140687066732963,0.3105499688982787,-0.21187400294395087,0.6661627623246308,14643.0,0.0759736939458876,0.0681456592572276,9784.215287652565,10725.588280537417
M35_Hit10YearCat_RefFieldDiversity_Moderation,integration_base,Hit_Rate_10_year_cat,reference_field_diversity,Hit_Rate_10_year_cat ~ HSS_Continuous * reference_field_diversity + log_team_size + log_prior_knowledge + C(year) + C(arxiv_primary_category),C(arxiv_primary_category)[T.q-fin.TR],0.840189725350772,0.1651335556832568,5.0879406179707205,3.6197266526222746e-07,0.5165339035725491,1.1638455471289948,14643.0,0.0759736939458876,0.0681456592572276,9784.215287652565,10725.588280537417
M35_Hit10YearCat_RefFieldDiversity_Moderation,integration_base,Hit_Rate_10_year_cat,reference_field_diversity,Hit_Rate_10_year_cat ~ HSS_Continuous * reference_field_diversity + log_team_size + log_prior_knowledge + C(year) + C(arxiv_primary_category),C(arxiv_primary_category)[T.quant-ph],-0.08645076821472275,0.16724045216302388,-0.5169249849339778,0.6052085256085185,-0.41423603121244335,0.24133449478299784,14643.0,0.0759736939458876,0.0681456592572276,9784.215287652565,10725.588280537417
M35_Hit10YearCat_RefFieldDiversity_Moderation,integration_base,Hit_Rate_10_year_cat,reference_field_diversity,Hit_Rate_10_year_cat ~ HSS_Continuous * reference_field_diversity + log_team_size + log_prior_knowledge + C(year) + C(arxiv_primary_category),C(arxiv_primary_category)[T.stat.AP],0.3659046103402446,0.21609464785780338,1.693260864938314,0.0904058237748093,-0.0576331167129156,0.7894423373934047,14643.0,0.0759736939458876,0.0681456592572276,9784.215287652565,10725.588280537417
M35_Hit10YearCat_RefFieldDiversity_Moderation,integration_base,Hit_Rate_10_year_cat,reference_field_diversity,Hit_Rate_10_year_cat ~ HSS_Continuous * reference_field_diversity + log_team_size + log_prior_knowledge + C(year) + C(arxiv_primary_category),C(arxiv_primary_category)[T.stat.CO],-0.25656560091205527,0.16103016234440184,-1.5932766705117507,0.11109813790797472,-0.5721789195317208,0.05904771770761036,14643.0,0.0759736939458876,0.0681456592572276,9784.215287652565,10725.588280537417
M35_Hit10YearCat_RefFieldDiversity_Moderation,integration_base,Hit_Rate_10_year_cat,reference_field_diversity,Hit_Rate_10_year_cat ~ HSS_Continuous * reference_field_diversity + log_team_size + log_prior_knowledge + C(year) + C(arxiv_primary_category),C(arxiv_primary_category)[T.stat.ME],0.22309145794343493,0.22703539459442568,0.9826285383473525,0.3257902934460559,-0.22188973867747908,0.6680726545643489,14643.0,0.0759736939458876,0.0681456592572276,9784.215287652565,10725.588280537417
M35_Hit10YearCat_RefFieldDiversity_Moderation,integration_base,Hit_Rate_10_year_cat,reference_field_diversity,Hit_Rate_10_year_cat ~ HSS_Continuous * reference_field_diversity + log_team_size + log_prior_knowledge + C(year) + C(arxiv_primary_category),C(arxiv_primary_category)[T.stat.ML],-0.19471612649498496,0.16186077981887712,-1.2029852241714956,0.2289820384747343,-0.5119574254495517,0.1225251724595818,14643.0,0.0759736939458876,0.0681456592572276,9784.215287652565,10725.588280537417
M35_Hit10YearCat_RefFieldDiversity_Moderation,integration_base,Hit_Rate_10_year_cat,reference_field_diversity,Hit_Rate_10_year_cat ~ HSS_Continuous * reference_field_diversity + log_team_size + log_prior_knowledge + C(year) + C(arxiv_primary_category),HSS_Continuous,0.0012156265041060102,0.006843545268779497,0.1776311044001919,0.859012695216969,-0.012197475749271288,0.014628728757483308,14643.0,0.0759736939458876,0.0681456592572276,9784.215287652565,10725.588280537417
M35_Hit10YearCat_RefFieldDiversity_Moderation,integration_base,Hit_Rate_10_year_cat,reference_field_diversity,Hit_Rate_10_year_cat ~ HSS_Continuous * reference_field_diversity + log_team_size + log_prior_knowledge + C(year) + C(arxiv_primary_category),reference_field_diversity,0.010774952521644381,0.002169867618193438,4.9657188444589355,6.844705770972437e-07,0.006522090138765534,0.015027814904523228,14643.0,0.0759736939458876,0.0681456592572276,9784.215287652565,10725.588280537417
M35_Hit10YearCat_RefFieldDiversity_Moderation,integration_base,Hit_Rate_10_year_cat,reference_field_diversity,Hit_Rate_10_year_cat ~ HSS_Continuous * reference_field_diversity + log_team_size + log_prior_knowledge + C(year) + C(arxiv_primary_category),HSS_Continuous:reference_field_diversity,-0.0012304419354857532,0.0017167521273463097,-0.7167266117722677,0.47354280223019773,-0.00459521427546704,0.002134330404495534,14643.0,0.0759736939458876,0.0681456592572276,9784.215287652565,10725.588280537417
M35_Hit10YearCat_RefFieldDiversity_Moderation,integration_base,Hit_Rate_10_year_cat,reference_field_diversity,Hit_Rate_10_year_cat ~ HSS_Continuous * reference_field_diversity + log_team_size + log_prior_knowledge + C(year) + C(arxiv_primary_category),log_team_size,0.05012988591600168,0.009853556948590301,5.087491367589195,3.6283089581928176e-07,0.0308172691771503,0.06944250265485306,14643.0,0.0759736939458876,0.0681456592572276,9784.215287652565,10725.588280537417
M35_Hit10YearCat_RefFieldDiversity_Moderation,integration_base,Hit_Rate_10_year_cat,reference_field_diversity,Hit_Rate_10_year_cat ~ HSS_Continuous * reference_field_diversity + log_team_size + log_prior_knowledge + C(year) + C(arxiv_primary_category),log_prior_knowledge,0.025993057086210886,0.0030415565189435014,8.54597207854605,1.2745883370101408e-17,0.020031715852138605,0.03195439832028317,14643.0,0.0759736939458876,0.0681456592572276,9784.215287652565,10725.588280537417
M35_Hit10YearCat_RefEntropy_Moderation,integration_base,Hit_Rate_10_year_cat,reference_entropy,Hit_Rate_10_year_cat ~ HSS_Continuous * reference_entropy + log_team_size + log_prior_knowledge + C(year) + C(arxiv_primary_category),Intercept,0.45475640409390405,0.18251439252853535,2.491619415837602,0.012716221275313295,0.09703476807776845,0.8124780401100397,14643.0,0.07430651089689733,0.06646435240391013,9810.611251042232,10751.984243927083
M35_Hit10YearCat_RefEntropy_Moderation,integration_base,Hit_Rate_10_year_cat,reference_entropy,Hit_Rate_10_year_cat ~ HSS_Continuous * reference_entropy + log_team_size + log_prior_knowledge + C(year) + C(arxiv_primary_category),C(year)[T.2015],-0.22698806032049584,0.1032279549263686,-2.198901067859031,0.027884957677916128,-0.4293111341739023,-0.02466498646708934,14643.0,0.07430651089689733,0.06646435240391013,9810.611251042232,10751.984243927083
M35_Hit10YearCat_RefEntropy_Moderation,integration_base,Hit_Rate_10_year_cat,reference_entropy,Hit_Rate_10_year_cat ~ HSS_Continuous * reference_entropy + log_team_size + log_prior_knowledge + C(year) + C(arxiv_primary_category),C(year)[T.2016],-0.27154046900561163,0.09272929033369669,-2.928313891203556,0.0034080579325860873,-0.4532865383716153,-0.08979439963960795,14643.0,0.07430651089689733,0.06646435240391013,9810.611251042232,10751.984243927083
M35_Hit10YearCat_RefEntropy_Moderation,integration_base,Hit_Rate_10_year_cat,reference_entropy,Hit_Rate_10_year_cat ~ HSS_Continuous * reference_entropy + log_team_size + log_prior_knowledge + C(year) + C(arxiv_primary_category),C(year)[T.2017],-0.28576254892740505,0.09062197878860752,-3.1533470439218605,0.001614097908621483,-0.4633783635608285,-0.10814673429398158,14643.0,0.07430651089689733,0.06646435240391013,9810.611251042232,10751.984243927083
M35_Hit10YearCat_RefEntropy_Moderation,integration_base,Hit_Rate_10_year_cat,reference_entropy,Hit_Rate_10_year_cat ~ HSS_Continuous * reference_entropy + log_team_size + log_prior_knowledge + C(year) + C(arxiv_primary_category),C(year)[T.2018],-0.29811716898578866,0.09025793616881404,-3.3029468835649514,0.0009567450842323325,-0.4750194731955793,-0.12121486477599802,14643.0,0.07430651089689733,0.06646435240391013,9810.611251042232,10751.984243927083
M35_Hit10YearCat_RefEntropy_Moderation,integration_base,Hit_Rate_10_year_cat,reference_entropy,Hit_Rate_10_year_cat ~ HSS_Continuous * reference_entropy + log_team_size + log_prior_knowledge + C(year) + C(arxiv_primary_category),C(year)[T.2019],-0.30720911503164916,0.09014210812915494,-3.4080533660415644,0.0006542809744633028,-0.48388440045530806,-0.13053382960799026,14643.0,0.07430651089689733,0.06646435240391013,9810.611251042232,10751.984243927083
M35_Hit10YearCat_RefEntropy_Moderation,integration_base,Hit_Rate_10_year_cat,reference_entropy,Hit_Rate_10_year_cat ~ HSS_Continuous * reference_entropy + log_team_size + log_prior_knowledge + C(year) + C(arxiv_primary_category),C(year)[T.2020],-0.2985868460856481,0.09010722689525097,-3.3136836674904364,0.0009207561212111416,-0.4751937655471189,-0.12197992662417731,14643.0,0.07430651089689733,0.06646435240391013,9810.611251042232,10751.984243927083
M35_Hit10YearCat_RefEntropy_Moderation,integration_base,Hit_Rate_10_year_cat,reference_entropy,Hit_Rate_10_year_cat ~ HSS_Continuous * reference_entropy + log_team_size + log_prior_knowledge + C(year) + C(arxiv_primary_category),C(year)[T.2021],-0.2923685556724307,0.09008437657701222,-3.245496797355175,0.0011724588331371885,-0.4689306893331183,-0.1158064220117431,14643.0,0.07430651089689733,0.06646435240391013,9810.611251042232,10751.984243927083
M35_Hit10YearCat_RefEntropy_Moderation,integration_base,Hit_Rate_10_year_cat,reference_entropy,Hit_Rate_10_year_cat ~ HSS_Continuous * reference_entropy + log_team_size + log_prior_knowledge + C(year) + C(arxiv_primary_category),C(year)[T.2022],-0.16993554296589142,0.10887148009429172,-1.5608820860955794,0.11855157475583407,-0.38331972289427263,0.04344863696248977,14643.0,0.07430651089689733,0.06646435240391013,9810.611251042232,10751.984243927083
M35_Hit10YearCat_RefEntropy_Moderation,integration_base,Hit_Rate_10_year_cat,reference_entropy,Hit_Rate_10_year_cat ~ HSS_Continuous * reference_entropy + log_team_size + log_prior_knowledge + C(year) + C(arxiv_primary_category),C(year)[T.2023],-0.31166475589724446,0.09288825818337959,-3.3552653692995005,0.0007928888486683878,-0.4937223965233264,-0.1296071152711625,14643.0,0.07430651089689733,0.06646435240391013,9810.611251042232,10751.984243927083
M35_Hit10YearCat_RefEntropy_Moderation,integration_base,Hit_Rate_10_year_cat,reference_entropy,Hit_Rate_10_year_cat ~ HSS_Continuous * reference_entropy + log_team_size + log_prior_knowledge + C(year) + C(arxiv_primary_category),C(year)[T.2024],-0.027022106264570134,0.12933397040296135,-0.2089327821637138,0.8345007124065423,-0.2805120302319437,0.22646781770280344,14643.0,0.07430651089689733,0.06646435240391013,9810.611251042232,10751.984243927083
M35_Hit10YearCat_RefEntropy_Moderation,integration_base,Hit_Rate_10_year_cat,reference_entropy,Hit_Rate_10_year_cat ~ HSS_Continuous * reference_entropy + log_team_size + log_prior_knowledge + C(year) + C(arxiv_primary_category),C(year)[T.2025],0.4570074125951858,0.11085896098303498,4.1224219363297365,3.7490968019083195e-05,0.23972784170490616,0.6742869834854655,14643.0,0.07430651089689733,0.06646435240391013,9810.611251042232,10751.984243927083
M35_Hit10YearCat_RefEntropy_Moderation,integration_base,Hit_Rate_10_year_cat,reference_entropy,Hit_Rate_10_year_cat ~ HSS_Continuous * reference_entropy + log_team_size + log_prior_knowledge + C(year) + C(arxiv_primary_category),C(arxiv_primary_category)[T.astro-ph.GA],0.16439498059353974,0.272831713832444,0.6025508482291057,0.5468075268426779,-0.37034535235838895,0.6991353135454684,14643.0,0.07430651089689733,0.06646435240391013,9810.611251042232,10751.984243927083
M35_Hit10YearCat_RefEntropy_Moderation,integration_base,Hit_Rate_10_year_cat,reference_entropy,Hit_Rate_10_year_cat ~ HSS_Continuous * reference_entropy + log_team_size + log_prior_knowledge + C(year) + C(arxiv_primary_category),C(arxiv_primary_category)[T.astro-ph.HE],0.6683497217863897,0.1588478118003131,4.207484599325607,2.5822899575012325e-05,0.35701373163477945,0.979685711938,14643.0,0.07430651089689733,0.06646435240391013,9810.611251042232,10751.984243927083
M35_Hit10YearCat_RefEntropy_Moderation,integration_base,Hit_Rate_10_year_cat,reference_entropy,Hit_Rate_10_year_cat ~ HSS_Continuous * reference_entropy + log_team_size + log_prior_knowledge + C(year) + C(arxiv_primary_category),C(arxiv_primary_category)[T.astro-ph.IM],-0.0018603342334043427,0.1930361761310635,-0.009637231065648821,0.992310721149209,-0.3802042871636192,0.3764836186968106,14643.0,0.07430651089689733,0.06646435240391013,9810.611251042232,10751.984243927083
M35_Hit10YearCat_RefEntropy_Moderation,integration_base,Hit_Rate_10_year_cat,reference_entropy,Hit_Rate_10_year_cat ~ HSS_Continuous * reference_entropy + log_team_size + log_prior_knowledge + C(year) + C(arxiv_primary_category),C(arxiv_primary_category)[T.astro-ph.SR],0.6504981566413824,0.15888005039704584,4.094272094046853,4.234967460467792e-05,0.33909898000126387,0.9618973332815011,14643.0,0.07430651089689733,0.06646435240391013,9810.611251042232,10751.984243927083
M35_Hit10YearCat_RefEntropy_Moderation,integration_base,Hit_Rate_10_year_cat,reference_entropy,Hit_Rate_10_year_cat ~ HSS_Continuous * reference_entropy + log_team_size + log_prior_knowledge + C(year) + C(arxiv_primary_category),C(arxiv_primary_category)[T.cond-mat.dis-nn],0.12426086463969736,0.24904752284637566,0.49894439109256816,0.6178185600932391,-0.3638633105781152,0.6123850398575099,14643.0,0.07430651089689733,0.06646435240391013,9810.611251042232,10751.984243927083
M35_Hit10YearCat_RefEntropy_Moderation,integration_base,Hit_Rate_10_year_cat,reference_entropy,Hit_Rate_10_year_cat ~ HSS_Continuous * reference_entropy + log_team_size + log_prior_knowledge + C(year) + C(arxiv_primary_category),C(arxiv_primary_category)[T.cond-mat.mes-hall],0.7044801800137588,0.1588234278608217,4.435618784346479,9.180819055625083e-06,0.39319198150535284,1.0157683785221647,14643.0,0.07430651089689733,0.06646435240391013,9810.611251042232,10751.984243927083
M35_Hit10YearCat_RefEntropy_Moderation,integration_base,Hit_Rate_10_year_cat,reference_entropy,Hit_Rate_10_year_cat ~ HSS_Continuous * reference_entropy + log_team_size + log_prior_knowledge + C(year) + C(arxiv_primary_category),C(arxiv_primary_category)[T.cond-mat.mtrl-sci],-0.09170815094027084,0.203863102622255,-0.4498516394612126,0.6528174200953005,-0.4912724898564837,0.307856187975942,14643.0,0.07430651089689733,0.06646435240391013,9810.611251042232,10751.984243927083
M35_Hit10YearCat_RefEntropy_Moderation,integration_base,Hit_Rate_10_year_cat,reference_entropy,Hit_Rate_10_year_cat ~ HSS_Continuous * reference_entropy + log_team_size + log_prior_knowledge + C(year) + C(arxiv_primary_category),C(arxiv_primary_category)[T.cond-mat.other],0.8102287789639746,0.158557067943826,5.110013634024971,3.2213556462162896e-07,0.4994626362998053,1.1209949216281438,14643.0,0.07430651089689733,0.06646435240391013,9810.611251042232,10751.984243927083
M35_Hit10YearCat_RefEntropy_Moderation,integration_base,Hit_Rate_10_year_cat,reference_entropy,Hit_Rate_10_year_cat ~ HSS_Continuous * reference_entropy + log_team_size + log_prior_knowledge + C(year) + C(arxiv_primary_category),C(arxiv_primary_category)[T.cond-mat.soft],0.7099473271927002,0.15875055157167964,4.472093609527662,7.74575049456346e-06,0.39880196358633957,1.0210926907990607,14643.0,0.07430651089689733,0.06646435240391013,9810.611251042232,10751.984243927083
M35_Hit10YearCat_RefEntropy_Moderation,integration_base,Hit_Rate_10_year_cat,reference_entropy,Hit_Rate_10_year_cat ~ HSS_Continuous * reference_entropy + log_team_size + log_prior_knowledge + C(year) + C(arxiv_primary_category),C(arxiv_primary_category)[T.cond-mat.stat-mech],-0.009969376185556801,0.26253037567003507,-0.03797418169273848,0.9697082672005128,-0.524519457346596,0.5045807049754824,14643.0,0.07430651089689733,0.06646435240391013,9810.611251042232,10751.984243927083
M35_Hit10YearCat_RefEntropy_Moderation,integration_base,Hit_Rate_10_year_cat,reference_entropy,Hit_Rate_10_year_cat ~ HSS_Continuous * reference_entropy + log_team_size + log_prior_knowledge + C(year) + C(arxiv_primary_category),C(arxiv_primary_category)[T.cond-mat.str-el],0.7049724529169966,0.15857194162876825,4.445757841367693,8.758256270888984e-06,0.39417715836602313,1.01576774746797,14643.0,0.07430651089689733,0.06646435240391013,9810.611251042232,10751.984243927083
M35_Hit10YearCat_RefEntropy_Moderation,integration_base,Hit_Rate_10_year_cat,reference_entropy,Hit_Rate_10_year_cat ~ HSS_Continuous * reference_entropy + log_team_size + log_prior_knowledge + C(year) + C(arxiv_primary_category),C(arxiv_primary_category)[T.cs.AI],-0.17741314579246437,0.16042764068941132,-1.1058764252223658,0.26878000994791684,-0.4918455436684431,0.13701925208351434,14643.0,0.07430651089689733,0.06646435240391013,9810.611251042232,10751.984243927083
M35_Hit10YearCat_RefEntropy_Moderation,integration_base,Hit_Rate_10_year_cat,reference_entropy,Hit_Rate_10_year_cat ~ HSS_Continuous * reference_entropy + log_team_size + log_prior_knowledge + C(year) + C(arxiv_primary_category),C(arxiv_primary_category)[T.cs.AR],-0.11978574546153628,0.17937249177811984,-0.667804434638221,0.5042584354494064,-0.47134936916385817,0.23177787824078558,14643.0,0.07430651089689733,0.06646435240391013,9810.611251042232,10751.984243927083
M35_Hit10YearCat_RefEntropy_Moderation,integration_base,Hit_Rate_10_year_cat,reference_entropy,Hit_Rate_10_year_cat ~ HSS_Continuous * reference_entropy + log_team_size + log_prior_knowledge + C(year) + C(arxiv_primary_category),C(arxiv_primary_category)[T.cs.CC],0.22148916404388994,0.3007556498197315,0.7364422386633377,0.4614616073374378,-0.3679810777497242,0.8109594058375041,14643.0,0.07430651089689733,0.06646435240391013,9810.611251042232,10751.984243927083
M35_Hit10YearCat_RefEntropy_Moderation,integration_base,Hit_Rate_10_year_cat,reference_entropy,Hit_Rate_10_year_cat ~ HSS_Continuous * reference_entropy + log_team_size + log_prior_knowledge + C(year) + C(arxiv_primary_category),C(arxiv_primary_category)[T.cs.CE],0.053671051570955766,0.1960261793457725,0.27379532545132595,0.7842419161555387,-0.33053319997374775,0.43787530311565925,14643.0,0.07430651089689733,0.06646435240391013,9810.611251042232,10751.984243927083
M35_Hit10YearCat_RefEntropy_Moderation,integration_base,Hit_Rate_10_year_cat,reference_entropy,Hit_Rate_10_year_cat ~ HSS_Continuous * reference_entropy + log_team_size + log_prior_knowledge + C(year) + C(arxiv_primary_category),C(arxiv_primary_category)[T.cs.CG],0.49165124808345756,0.2368722410400633,2.0755967264239388,0.03793126446531345,0.027390186707642983,0.9559123094592721,14643.0,0.07430651089689733,0.06646435240391013,9810.611251042232,10751.984243927083
M35_Hit10YearCat_RefEntropy_Moderation,integration_base,Hit_Rate_10_year_cat,reference_entropy,Hit_Rate_10_year_cat ~ HSS_Continuous * reference_entropy + log_team_size + log_prior_knowledge + C(year) + C(arxiv_primary_category),C(arxiv_primary_category)[T.cs.CL],-0.2323882035651206,0.15870794448402847,-1.464250603967131,0.1431254882482438,-0.5434500588141987,0.07867365168395754,14643.0,0.07430651089689733,0.06646435240391013,9810.611251042232,10751.984243927083
M35_Hit10YearCat_RefEntropy_Moderation,integration_base,Hit_Rate_10_year_cat,reference_entropy,Hit_Rate_10_year_cat ~ HSS_Continuous * reference_entropy + log_team_size + log_prior_knowledge + C(year) + C(arxiv_primary_category),C(arxiv_primary_category)[T.cs.CR],-0.1570156525795974,0.16146643795507393,-0.9724352290677589,0.3308340730135979,-0.4734840556835135,0.1594527505243187,14643.0,0.07430651089689733,0.06646435240391013,9810.611251042232,10751.984243927083
M35_Hit10YearCat_RefEntropy_Moderation,integration_base,Hit_Rate_10_year_cat,reference_entropy,Hit_Rate_10_year_cat ~ HSS_Continuous * reference_entropy + log_team_size + log_prior_knowledge + C(year) + C(arxiv_primary_category),C(arxiv_primary_category)[T.cs.CV],-0.2215731147014002,0.1586906615133623,-1.3962580569540506,0.16263679937845843,-0.5326010959504268,0.08945486654762638,14643.0,0.07430651089689733,0.06646435240391013,9810.611251042232,10751.984243927083
M35_Hit10YearCat_RefEntropy_Moderation,integration_base,Hit_Rate_10_year_cat,reference_entropy,Hit_Rate_10_year_cat ~ HSS_Continuous * reference_entropy + log_team_size + log_prior_knowledge + C(year) + C(arxiv_primary_category),C(arxiv_primary_category)[T.cs.CY],-0.15874379698391408,0.17114135420923493,-0.9275595470036787,0.35363608984597683,-0.49417468749942695,0.17668709353159875,14643.0,0.07430651089689733,0.06646435240391013,9810.611251042232,10751.984243927083
M35_Hit10YearCat_RefEntropy_Moderation,integration_base,Hit_Rate_10_year_cat,reference_entropy,Hit_Rate_10_year_cat ~ HSS_Continuous * reference_entropy + log_team_size + log_prior_knowledge + C(year) + C(arxiv_primary_category),C(arxiv_primary_category)[T.cs.DB],0.02286111909648614,0.21237046939925217,0.10764735399019956,0.9142754321596295,-0.39337735230591375,0.439099590498886,14643.0,0.07430651089689733,0.06646435240391013,9810.611251042232,10751.984243927083
M35_Hit10YearCat_RefEntropy_Moderation,integration_base,Hit_Rate_10_year_cat,reference_entropy,Hit_Rate_10_year_cat ~ HSS_Continuous * reference_entropy + log_team_size + log_prior_knowledge + C(year) + C(arxiv_primary_category),C(arxiv_primary_category)[T.cs.DC],-0.1125463247180837,0.17355439200368591,-0.6484786896991548,0.5166753896114449,-0.45270668240405443,0.22761403296788704,14643.0,0.07430651089689733,0.06646435240391013,9810.611251042232,10751.984243927083
M35_Hit10YearCat_RefEntropy_Moderation,integration_base,Hit_Rate_10_year_cat,reference_entropy,Hit_Rate_10_year_cat ~ HSS_Continuous * reference_entropy + log_team_size + log_prior_knowledge + C(year) + C(arxiv_primary_category),C(arxiv_primary_category)[T.cs.DL],0.4454303424268786,0.2572767796002775,1.7313274175731255,0.08339338401469035,-0.05882287964811461,0.9496835645018719,14643.0,0.07430651089689733,0.06646435240391013,9810.611251042232,10751.984243927083
M35_Hit10YearCat_RefEntropy_Moderation,integration_base,Hit_Rate_10_year_cat,reference_entropy,Hit_Rate_10_year_cat ~ HSS_Continuous * reference_entropy + log_team_size + log_prior_knowledge + C(year) + C(arxiv_primary_category),C(arxiv_primary_category)[T.cs.DM],0.7469315921166022,0.15870600289665532,4.706385256284112,2.521478020638184e-06,0.4358735423088483,1.0579896419243562,14643.0,0.07430651089689733,0.06646435240391013,9810.611251042232,10751.984243927083
M35_Hit10YearCat_RefEntropy_Moderation,integration_base,Hit_Rate_10_year_cat,reference_entropy,Hit_Rate_10_year_cat ~ HSS_Continuous * reference_entropy + log_team_size + log_prior_knowledge + C(year) + C(arxiv_primary_category),C(arxiv_primary_category)[T.cs.DS],0.06045997435737182,0.1875586367784106,0.3223523874765719,0.7471857498872468,-0.3071481987177425,0.42806814743248617,14643.0,0.07430651089689733,0.06646435240391013,9810.611251042232,10751.984243927083
M35_Hit10YearCat_RefEntropy_Moderation,integration_base,Hit_Rate_10_year_cat,reference_entropy,Hit_Rate_10_year_cat ~ HSS_Continuous * reference_entropy + log_team_size + log_prior_knowledge + C(year) + C(arxiv_primary_category),C(arxiv_primary_category)[T.cs.ET],0.041554709629825826,0.22040724830002364,0.18853603931056095,0.8504564667598496,-0.3904355589697976,0.47354497822944924,14643.0,0.07430651089689733,0.06646435240391013,9810.611251042232,10751.984243927083
M35_Hit10YearCat_RefEntropy_Moderation,integration_base,Hit_Rate_10_year_cat,reference_entropy,Hit_Rate_10_year_cat ~ HSS_Continuous * reference_entropy + log_team_size + log_prior_knowledge + C(year) + C(arxiv_primary_category),C(arxiv_primary_category)[T.cs.FL],0.7307559335018682,0.15907908684936972,4.593664371444457,4.355296650041106e-06,0.4189666525835842,1.0425452144201521,14643.0,0.07430651089689733,0.06646435240391013,9810.611251042232,10751.984243927083
M35_Hit10YearCat_RefEntropy_Moderation,integration_base,Hit_Rate_10_year_cat,reference_entropy,Hit_Rate_10_year_cat ~ HSS_Continuous * reference_entropy + log_team_size + log_prior_knowledge + C(year) + C(arxiv_primary_category),C(arxiv_primary_category)[T.cs.GR],-0.13944188481125044,0.1700922426967564,-0.8198015535596765,0.4123292452773041,-0.47281655454653904,0.19393278492403818,14643.0,0.07430651089689733,0.06646435240391013,9810.611251042232,10751.984243927083
M35_Hit10YearCat_RefEntropy_Moderation,integration_base,Hit_Rate_10_year_cat,reference_entropy,Hit_Rate_10_year_cat ~ HSS_Continuous * reference_entropy + log_team_size + log_prior_knowledge + C(year) + C(arxiv_primary_category),C(arxiv_primary_category)[T.cs.GT],0.4904490498855951,0.2400028562399989,2.043513388003825,0.04100164343906748,0.0200520954684531,0.9608460043027371,14643.0,0.07430651089689733,0.06646435240391013,9810.611251042232,10751.984243927083
M35_Hit10YearCat_RefEntropy_Moderation,integration_base,Hit_Rate_10_year_cat,reference_entropy,Hit_Rate_10_year_cat ~ HSS_Continuous * reference_entropy + log_team_size + log_prior_knowledge + C(year) + C(arxiv_primary_category),C(arxiv_primary_category)[T.cs.HC],-0.2174122209588321,0.16484691215793273,-1.3188734815398835,0.18721141300692434,-0.5405062317510182,0.10568178983335405,14643.0,0.07430651089689733,0.06646435240391013,9810.611251042232,10751.984243927083
M35_Hit10YearCat_RefEntropy_Moderation,integration_base,Hit_Rate_10_year_cat,reference_entropy,Hit_Rate_10_year_cat ~ HSS_Continuous * reference_entropy + log_team_size + log_prior_knowledge + C(year) + C(arxiv_primary_category),C(arxiv_primary_category)[T.cs.IR],-0.21743134322195104,0.16006765741350823,-1.3583714957497832,0.17434583425289518,-0.5311581868421229,0.09629550039822085,14643.0,0.07430651089689733,0.06646435240391013,9810.611251042232,10751.984243927083
M35_Hit10YearCat_RefEntropy_Moderation,integration_base,Hit_Rate_10_year_cat,reference_entropy,Hit_Rate_10_year_cat ~ HSS_Continuous * reference_entropy + log_team_size + log_prior_knowledge + C(year) + C(arxiv_primary_category),C(arxiv_primary_category)[T.cs.IT],-0.13886910708303396,0.1591329601257058,-0.8726608678260961,0.3828479531208947,-0.45076397768266585,0.17302576351659793,14643.0,0.07430651089689733,0.06646435240391013,9810.611251042232,10751.984243927083
M35_Hit10YearCat_RefEntropy_Moderation,integration_base,Hit_Rate_10_year_cat,reference_entropy,Hit_Rate_10_year_cat ~ HSS_Continuous * reference_entropy + log_team_size + log_prior_knowledge + C(year) + C(arxiv_primary_category),C(arxiv_primary_category)[T.cs.LG],-0.20957057600748233,0.15869431546610482,-1.32059283530067,0.18663716308091027,-0.5206057188722855,0.10146456685732083,14643.0,0.07430651089689733,0.06646435240391013,9810.611251042232,10751.984243927083
M35_Hit10YearCat_RefEntropy_Moderation,integration_base,Hit_Rate_10_year_cat,reference_entropy,Hit_Rate_10_year_cat ~ HSS_Continuous * reference_entropy + log_team_size + log_prior_knowledge + C(year) + C(arxiv_primary_category),C(arxiv_primary_category)[T.cs.LO],0.10346263570328758,0.21593889836829136,0.47912921889056054,0.6318467043927111,-0.31976982795981856,0.5266950993663937,14643.0,0.07430651089689733,0.06646435240391013,9810.611251042232,10751.984243927083
M35_Hit10YearCat_RefEntropy_Moderation,integration_base,Hit_Rate_10_year_cat,reference_entropy,Hit_Rate_10_year_cat ~ HSS_Continuous * reference_entropy + log_team_size + log_prior_knowledge + C(year) + C(arxiv_primary_category),C(arxiv_primary_category)[T.cs.MA],-0.006164505273416493,0.30182949174003715,-0.020423800331366964,0.9837052978898048,-0.597739438555919,0.585410428009086,14643.0,0.07430651089689733,0.06646435240391013,9810.611251042232,10751.984243927083
M35_Hit10YearCat_RefEntropy_Moderation,integration_base,Hit_Rate_10_year_cat,reference_entropy,Hit_Rate_10_year_cat ~ HSS_Continuous * reference_entropy + log_team_size + log_prior_knowledge + C(year) + C(arxiv_primary_category),C(arxiv_primary_category)[T.cs.MM],-0.12083929730155421,0.1684282079985287,-0.7174528467500515,0.4730947214988458,-0.45095251895929156,0.2092739243561831,14643.0,0.07430651089689733,0.06646435240391013,9810.611251042232,10751.984243927083
M35_Hit10YearCat_RefEntropy_Moderation,integration_base,Hit_Rate_10_year_cat,reference_entropy,Hit_Rate_10_year_cat ~ HSS_Continuous * reference_entropy + log_team_size + log_prior_knowledge + C(year) + C(arxiv_primary_category),C(arxiv_primary_category)[T.cs.MS],0.6964872097638294,0.1643478359431886,4.237884884621113,2.2563540054452365e-05,0.3743713703780823,1.0186030491495766,14643.0,0.07430651089689733,0.06646435240391013,9810.611251042232,10751.984243927083
M35_Hit10YearCat_RefEntropy_Moderation,integration_base,Hit_Rate_10_year_cat,reference_entropy,Hit_Rate_10_year_cat ~ HSS_Continuous * reference_entropy + log_team_size + log_prior_knowledge + C(year) + C(arxiv_primary_category),C(arxiv_primary_category)[T.cs.NE],-0.1600676539956524,0.16426517229621043,-0.974446693465923,0.3298347947539313,-0.48202147561049147,0.1618861676191867,14643.0,0.07430651089689733,0.06646435240391013,9810.611251042232,10751.984243927083
M35_Hit10YearCat_RefEntropy_Moderation,integration_base,Hit_Rate_10_year_cat,reference_entropy,Hit_Rate_10_year_cat ~ HSS_Continuous * reference_entropy + log_team_size + log_prior_knowledge + C(year) + C(arxiv_primary_category),C(arxiv_primary_category)[T.cs.NI],-0.13362585425047613,0.1672124608693265,-0.7991381357332112,0.4242103188885734,-0.4613562553206692,0.19410454681971695,14643.0,0.07430651089689733,0.06646435240391013,9810.611251042232,10751.984243927083
M35_Hit10YearCat_RefEntropy_Moderation,integration_base,Hit_Rate_10_year_cat,reference_entropy,Hit_Rate_10_year_cat ~ HSS_Continuous * reference_entropy + log_team_size + log_prior_knowledge + C(year) + C(arxiv_primary_category),C(arxiv_primary_category)[T.cs.OH],0.6359535485336583,0.16231013088008162,3.918138350855715,8.923548659993992e-05,0.3178315376827158,0.9540755593846006,14643.0,0.07430651089689733,0.06646435240391013,9810.611251042232,10751.984243927083
M35_Hit10YearCat_RefEntropy_Moderation,integration_base,Hit_Rate_10_year_cat,reference_entropy,Hit_Rate_10_year_cat ~ HSS_Continuous * reference_entropy + log_team_size + log_prior_knowledge + C(year) + C(arxiv_primary_category),C(arxiv_primary_category)[T.cs.PF],0.6540070263995792,0.15900276467173602,4.113180218908697,3.902454911869282e-05,0.34236733420067894,0.9656467185984794,14643.0,0.07430651089689733,0.06646435240391013,9810.611251042232,10751.984243927083
M35_Hit10YearCat_RefEntropy_Moderation,integration_base,Hit_Rate_10_year_cat,reference_entropy,Hit_Rate_10_year_cat ~ HSS_Continuous * reference_entropy + log_team_size + log_prior_knowledge + C(year) + C(arxiv_primary_category),C(arxiv_primary_category)[T.cs.PL],-0.015981900818313344,0.1956452499372031,-0.08168816172865484,0.9348946924680201,-0.39943954444156865,0.36747574280494194,14643.0,0.07430651089689733,0.06646435240391013,9810.611251042232,10751.984243927083
M35_Hit10YearCat_RefEntropy_Moderation,integration_base,Hit_Rate_10_year_cat,reference_entropy,Hit_Rate_10_year_cat ~ HSS_Continuous * reference_entropy + log_team_size + log_prior_knowledge + C(year) + C(arxiv_primary_category),C(arxiv_primary_category)[T.cs.RO],-0.1537441499261125,0.16319321266487705,-0.9420989232060248,0.34614199575141835,-0.4735969692706573,0.16610866941843236,14643.0,0.07430651089689733,0.06646435240391013,9810.611251042232,10751.984243927083
M35_Hit10YearCat_RefEntropy_Moderation,integration_base,Hit_Rate_10_year_cat,reference_entropy,Hit_Rate_10_year_cat ~ HSS_Continuous * reference_entropy + log_team_size + log_prior_knowledge + C(year) + C(arxiv_primary_category),C(arxiv_primary_category)[T.cs.SC],0.7878219550406796,0.15872756718288814,4.963359352272691,6.928421926381162e-07,0.4767216400085571,1.0989222700728023,14643.0,0.07430651089689733,0.06646435240391013,9810.611251042232,10751.984243927083
M35_Hit10YearCat_RefEntropy_Moderation,integration_base,Hit_Rate_10_year_cat,reference_entropy,Hit_Rate_10_year_cat ~ HSS_Continuous * reference_entropy + log_team_size + log_prior_knowledge + C(year) + C(arxiv_primary_category),C(arxiv_primary_category)[T.cs.SD],-0.21028705590817304,0.16009902840675203,-1.3134811497663303,0.1890208686925926,-0.524075385545262,0.10350127372891599,14643.0,0.07430651089689733,0.06646435240391013,9810.611251042232,10751.984243927083
M35_Hit10YearCat_RefEntropy_Moderation,integration_base,Hit_Rate_10_year_cat,reference_entropy,Hit_Rate_10_year_cat ~ HSS_Continuous * reference_entropy + log_team_size + log_prior_knowledge + C(year) + C(arxiv_primary_category),C(arxiv_primary_category)[T.cs.SE],-0.21874063733840793,0.1621938232311494,-1.3486372845818626,0.1774534987234998,-0.5366346893863168,0.09915341470950084,14643.0,0.07430651089689733,0.06646435240391013,9810.611251042232,10751.984243927083
M35_Hit10YearCat_RefEntropy_Moderation,integration_base,Hit_Rate_10_year_cat,reference_entropy,Hit_Rate_10_year_cat ~ HSS_Continuous * reference_entropy + log_team_size + log_prior_knowledge + C(year) + C(arxiv_primary_category),C(arxiv_primary_category)[T.cs.SI],-0.17732238301118824,0.16384519238255216,-1.0822556367547789,0.27913895266928057,-0.4984530591210269,0.1438082930986504,14643.0,0.07430651089689733,0.06646435240391013,9810.611251042232,10751.984243927083
M35_Hit10YearCat_RefEntropy_Moderation,integration_base,Hit_Rate_10_year_cat,reference_entropy,Hit_Rate_10_year_cat ~ HSS_Continuous * reference_entropy + log_team_size + log_prior_knowledge + C(year) + C(arxiv_primary_category),C(arxiv_primary_category)[T.econ.EM],0.6791367627974423,0.16908671920678245,4.0164997344758975,5.9068930486616425e-05,0.34773288288811166,1.010540642706773,14643.0,0.07430651089689733,0.06646435240391013,9810.611251042232,10751.984243927083
M35_Hit10YearCat_RefEntropy_Moderation,integration_base,Hit_Rate_10_year_cat,reference_entropy,Hit_Rate_10_year_cat ~ HSS_Continuous * reference_entropy + log_team_size + log_prior_knowledge + C(year) + C(arxiv_primary_category),C(arxiv_primary_category)[T.econ.GN],0.798388940115463,0.16179198655331567,4.934663064121338,8.028924256079697e-07,0.4812824734837756,1.1154954067471503,14643.0,0.07430651089689733,0.06646435240391013,9810.611251042232,10751.984243927083
M35_Hit10YearCat_RefEntropy_Moderation,integration_base,Hit_Rate_10_year_cat,reference_entropy,Hit_Rate_10_year_cat ~ HSS_Continuous * reference_entropy + log_team_size + log_prior_knowledge + C(year) + C(arxiv_primary_category),C(arxiv_primary_category)[T.eess.AS],-0.21236538487101628,0.15956832219228664,-1.3308743361674689,0.18323036298651385,-0.5251135494413816,0.10038277969934897,14643.0,0.07430651089689733,0.06646435240391013,9810.611251042232,10751.984243927083
M35_Hit10YearCat_RefEntropy_Moderation,integration_base,Hit_Rate_10_year_cat,reference_entropy,Hit_Rate_10_year_cat ~ HSS_Continuous * reference_entropy + log_team_size + log_prior_knowledge + C(year) + C(arxiv_primary_category),C(arxiv_primary_category)[T.eess.IV],-0.19937518261998882,0.15919687261576942,-1.2523812769940024,0.21043096537538442,-0.5113953193983076,0.11264495415833004,14643.0,0.07430651089689733,0.06646435240391013,9810.611251042232,10751.984243927083
M35_Hit10YearCat_RefEntropy_Moderation,integration_base,Hit_Rate_10_year_cat,reference_entropy,Hit_Rate_10_year_cat ~ HSS_Continuous * reference_entropy + log_team_size + log_prior_knowledge + C(year) + C(arxiv_primary_category),C(arxiv_primary_category)[T.eess.SP],-0.15783274514407303,0.16017736488819864,-0.9853623528782477,0.32444611498478493,-0.471774611463473,0.15610912117532694,14643.0,0.07430651089689733,0.06646435240391013,9810.611251042232,10751.984243927083
M35_Hit10YearCat_RefEntropy_Moderation,integration_base,Hit_Rate_10_year_cat,reference_entropy,Hit_Rate_10_year_cat ~ HSS_Continuous * reference_entropy + log_team_size + log_prior_knowledge + C(year) + C(arxiv_primary_category),C(arxiv_primary_category)[T.eess.SY],-0.03328387878550078,0.17651417705061323,-0.18856207099986674,0.8504360624144176,-0.37924530856542926,0.31267755099442773,14643.0,0.07430651089689733,0.06646435240391013,9810.611251042232,10751.984243927083
M35_Hit10YearCat_RefEntropy_Moderation,integration_base,Hit_Rate_10_year_cat,reference_entropy,Hit_Rate_10_year_cat ~ HSS_Continuous * reference_entropy + log_team_size + log_prior_knowledge + C(year) + C(arxiv_primary_category),C(arxiv_primary_category)[T.gr-qc],0.5993372513495174,0.159132491353115,3.766278314713166,0.00016569907610468085,0.2874432995272805,0.9112312031717544,14643.0,0.07430651089689733,0.06646435240391013,9810.611251042232,10751.984243927083
M35_Hit10YearCat_RefEntropy_Moderation,integration_base,Hit_Rate_10_year_cat,reference_entropy,Hit_Rate_10_year_cat ~ HSS_Continuous * reference_entropy + log_team_size + log_prior_knowledge + C(year) + C(arxiv_primary_category),C(arxiv_primary_category)[T.hep-ex],0.6735270397060652,0.1588817714123357,4.239171263757524,2.2434645887305952e-05,0.36212448993796165,0.9849295894741688,14643.0,0.07430651089689733,0.06646435240391013,9810.611251042232,10751.984243927083
M35_Hit10YearCat_RefEntropy_Moderation,integration_base,Hit_Rate_10_year_cat,reference_entropy,Hit_Rate_10_year_cat ~ HSS_Continuous * reference_entropy + log_team_size + log_prior_knowledge + C(year) + C(arxiv_primary_category),C(arxiv_primary_category)[T.hep-lat],0.4683372223600771,0.26074820017429023,1.796128303271238,0.07247411402520745,-0.042719859015172446,0.9793943037353265,14643.0,0.07430651089689733,0.06646435240391013,9810.611251042232,10751.984243927083
M35_Hit10YearCat_RefEntropy_Moderation,integration_base,Hit_Rate_10_year_cat,reference_entropy,Hit_Rate_10_year_cat ~ HSS_Continuous * reference_entropy + log_team_size + log_prior_knowledge + C(year) + C(arxiv_primary_category),C(arxiv_primary_category)[T.hep-ph],-0.024841788632446887,0.21520332259941613,-0.11543403852870757,0.908101100437936,-0.4466325502806572,0.3969489730157634,14643.0,0.07430651089689733,0.06646435240391013,9810.611251042232,10751.984243927083
M35_Hit10YearCat_RefEntropy_Moderation,integration_base,Hit_Rate_10_year_cat,reference_entropy,Hit_Rate_10_year_cat ~ HSS_Continuous * reference_entropy + log_team_size + log_prior_knowledge + C(year) + C(arxiv_primary_category),C(arxiv_primary_category)[T.hep-th],0.7733023444754662,0.15928657597228843,4.854786662059959,1.2051641664418814e-06,0.46110639234907774,1.0854982966018547,14643.0,0.07430651089689733,0.06646435240391013,9810.611251042232,10751.984243927083
M35_Hit10YearCat_RefEntropy_Moderation,integration_base,Hit_Rate_10_year_cat,reference_entropy,Hit_Rate_10_year_cat ~ HSS_Continuous * reference_entropy + log_team_size + log_prior_knowledge + C(year) + C(arxiv_primary_category),C(arxiv_primary_category)[T.math.AG],0.791504663673785,0.1588124527019903,4.983895470458065,6.231675352041001e-07,0.4802379760814133,1.1027713512661568,14643.0,0.07430651089689733,0.06646435240391013,9810.611251042232,10751.984243927083
M35_Hit10YearCat_RefEntropy_Moderation,integration_base,Hit_Rate_10_year_cat,reference_entropy,Hit_Rate_10_year_cat ~ HSS_Continuous * reference_entropy + log_team_size + log_prior_knowledge + C(year) + C(arxiv_primary_category),C(arxiv_primary_category)[T.math.AP],0.17549125704485924,0.20739620613799875,0.8461642588008077,0.39746111741724854,-0.23099783751586322,0.5819803516055817,14643.0,0.07430651089689733,0.06646435240391013,9810.611251042232,10751.984243927083
M35_Hit10YearCat_RefEntropy_Moderation,integration_base,Hit_Rate_10_year_cat,reference_entropy,Hit_Rate_10_year_cat ~ HSS_Continuous * reference_entropy + log_team_size + log_prior_knowledge + C(year) + C(arxiv_primary_category),C(arxiv_primary_category)[T.math.CO],0.7485293857692034,0.15882352086959273,4.712963052769798,2.4414047676522205e-06,0.43724100496695595,1.0598177665714508,14643.0,0.07430651089689733,0.06646435240391013,9810.611251042232,10751.984243927083
M35_Hit10YearCat_RefEntropy_Moderation,integration_base,Hit_Rate_10_year_cat,reference_entropy,Hit_Rate_10_year_cat ~ HSS_Continuous * reference_entropy + log_team_size + log_prior_knowledge + C(year) + C(arxiv_primary_category),C(arxiv_primary_category)[T.math.DS],0.623781915905674,0.18972025126666553,3.287903698951481,0.001009363596721575,0.25193705628512,0.995626775526228,14643.0,0.07430651089689733,0.06646435240391013,9810.611251042232,10751.984243927083
M35_Hit10YearCat_RefEntropy_Moderation,integration_base,Hit_Rate_10_year_cat,reference_entropy,Hit_Rate_10_year_cat ~ HSS_Continuous * reference_entropy + log_team_size + log_prior_knowledge + C(year) + C(arxiv_primary_category),C(arxiv_primary_category)[T.math.GR],0.7596226507516234,0.15902918222462528,4.776624265593423,1.782624100592312e-06,0.4479311811005005,1.0713141204027463,14643.0,0.07430651089689733,0.06646435240391013,9810.611251042232,10751.984243927083
M35_Hit10YearCat_RefEntropy_Moderation,integration_base,Hit_Rate_10_year_cat,reference_entropy,Hit_Rate_10_year_cat ~ HSS_Continuous * reference_entropy + log_team_size + log_prior_knowledge + C(year) + C(arxiv_primary_category),C(arxiv_primary_category)[T.math.LO],0.7906498732928152,0.15892393703981025,4.9750206798284795,6.524067469353197e-07,0.47916468041347604,1.1021350661721545,14643.0,0.07430651089689733,0.06646435240391013,9810.611251042232,10751.984243927083
M35_Hit10YearCat_RefEntropy_Moderation,integration_base,Hit_Rate_10_year_cat,reference_entropy,Hit_Rate_10_year_cat ~ HSS_Continuous * reference_entropy + log_team_size + log_prior_knowledge + C(year) + C(arxiv_primary_category),C(arxiv_primary_category)[T.math.NA],-0.07363255309328479,0.1771442562096541,-0.4156643555303258,0.6776556274627561,-0.4208289153323427,0.27356380914577305,14643.0,0.07430651089689733,0.06646435240391013,9810.611251042232,10751.984243927083
M35_Hit10YearCat_RefEntropy_Moderation,integration_base,Hit_Rate_10_year_cat,reference_entropy,Hit_Rate_10_year_cat ~ HSS_Continuous * reference_entropy + log_team_size + log_prior_knowledge + C(year) + C(arxiv_primary_category),C(arxiv_primary_category)[T.math.NT],0.6953972736828782,0.1590555088474869,4.372041425799793,1.2309016211615885e-05,0.38365420479911194,1.0071403425666445,14643.0,0.07430651089689733,0.06646435240391013,9810.611251042232,10751.984243927083
M35_Hit10YearCat_RefEntropy_Moderation,integration_base,Hit_Rate_10_year_cat,reference_entropy,Hit_Rate_10_year_cat ~ HSS_Continuous * reference_entropy + log_team_size + log_prior_knowledge + C(year) + C(arxiv_primary_category),C(arxiv_primary_category)[T.math.OC],-0.14338611200972998,0.1680619585970809,-0.8531741103499223,0.3935627582422697,-0.47278149803127023,0.1860092740118103,14643.0,0.07430651089689733,0.06646435240391013,9810.611251042232,10751.984243927083
M35_Hit10YearCat_RefEntropy_Moderation,integration_base,Hit_Rate_10_year_cat,reference_entropy,Hit_Rate_10_year_cat ~ HSS_Continuous * reference_entropy + log_team_size + log_prior_knowledge + C(year) + C(arxiv_primary_category),C(arxiv_primary_category)[T.math.PR],0.26253904023572044,0.22360657504111747,1.1741114508258264,0.24035038748403037,-0.17572179355122275,0.7007998740226636,14643.0,0.07430651089689733,0.06646435240391013,9810.611251042232,10751.984243927083
M35_Hit10YearCat_RefEntropy_Moderation,integration_base,Hit_Rate_10_year_cat,reference_entropy,Hit_Rate_10_year_cat ~ HSS_Continuous * reference_entropy + log_team_size + log_prior_knowledge + C(year) + C(arxiv_primary_category),C(arxiv_primary_category)[T.math.ST],0.09540393877609697,0.21508598499760637,0.44356185632996353,0.6573593883771933,-0.3261568453985339,0.5169647229507278,14643.0,0.07430651089689733,0.06646435240391013,9810.611251042232,10751.984243927083
M35_Hit10YearCat_RefEntropy_Moderation,integration_base,Hit_Rate_10_year_cat,reference_entropy,Hit_Rate_10_year_cat ~ HSS_Continuous * reference_entropy + log_team_size + log_prior_knowledge + C(year) + C(arxiv_primary_category),C(arxiv_primary_category)[T.nlin.AO],0.7625966308397746,0.15901426024890994,4.795775106245556,1.6204700433026132e-06,0.4509344077236319,1.0742588539559172,14643.0,0.07430651089689733,0.06646435240391013,9810.611251042232,10751.984243927083
M35_Hit10YearCat_RefEntropy_Moderation,integration_base,Hit_Rate_10_year_cat,reference_entropy,Hit_Rate_10_year_cat ~ HSS_Continuous * reference_entropy + log_team_size + log_prior_knowledge + C(year) + C(arxiv_primary_category),C(arxiv_primary_category)[T.nlin.PS],0.7631378412554815,0.15860918563728763,4.81143534146029,1.4985021429637544e-06,0.4522695497891701,1.074006132721793,14643.0,0.07430651089689733,0.06646435240391013,9810.611251042232,10751.984243927083
M35_Hit10YearCat_RefEntropy_Moderation,integration_base,Hit_Rate_10_year_cat,reference_entropy,Hit_Rate_10_year_cat ~ HSS_Continuous * reference_entropy + log_team_size + log_prior_knowledge + C(year) + C(arxiv_primary_category),C(arxiv_primary_category)[T.nucl-th],0.7364738194151816,0.1588277749092482,4.63693343205237,3.5361623296471846e-06,0.4251771008484207,1.0477705379819426,14643.0,0.07430651089689733,0.06646435240391013,9810.611251042232,10751.984243927083
M35_Hit10YearCat_RefEntropy_Moderation,integration_base,Hit_Rate_10_year_cat,reference_entropy,Hit_Rate_10_year_cat ~ HSS_Continuous * reference_entropy + log_team_size + log_prior_knowledge + C(year) + C(arxiv_primary_category),C(arxiv_primary_category)[T.physics.acc-ph],0.4685534776254737,0.27670643240204723,1.6933234025607244,0.0903939259230814,-0.07378116417310587,1.0108881194240533,14643.0,0.07430651089689733,0.06646435240391013,9810.611251042232,10751.984243927083
M35_Hit10YearCat_RefEntropy_Moderation,integration_base,Hit_Rate_10_year_cat,reference_entropy,Hit_Rate_10_year_cat ~ HSS_Continuous * reference_entropy + log_team_size + log_prior_knowledge + C(year) + C(arxiv_primary_category),C(arxiv_primary_category)[T.physics.ao-ph],0.03357173595478516,0.24772505409853093,0.13552014783870925,0.8922006355307421,-0.451960448146572,0.5191039200561423,14643.0,0.07430651089689733,0.06646435240391013,9810.611251042232,10751.984243927083
M35_Hit10YearCat_RefEntropy_Moderation,integration_base,Hit_Rate_10_year_cat,reference_entropy,Hit_Rate_10_year_cat ~ HSS_Continuous * reference_entropy + log_team_size + log_prior_knowledge + C(year) + C(arxiv_primary_category),C(arxiv_primary_category)[T.physics.app-ph],0.1776762501615115,0.20612051519350066,0.8620017759741848,0.3886865405357687,-0.22631253609259083,0.5816650364156138,14643.0,0.07430651089689733,0.06646435240391013,9810.611251042232,10751.984243927083
M35_Hit10YearCat_RefEntropy_Moderation,integration_base,Hit_Rate_10_year_cat,reference_entropy,Hit_Rate_10_year_cat ~ HSS_Continuous * reference_entropy + log_team_size + log_prior_knowledge + C(year) + C(arxiv_primary_category),C(arxiv_primary_category)[T.physics.atom-ph],0.70768861971529,0.15866457309542323,4.4602812455788445,8.185216805903775e-06,0.3967117708258376,1.0186654686047423,14643.0,0.07430651089689733,0.06646435240391013,9810.611251042232,10751.984243927083
M35_Hit10YearCat_RefEntropy_Moderation,integration_base,Hit_Rate_10_year_cat,reference_entropy,Hit_Rate_10_year_cat ~ HSS_Continuous * reference_entropy + log_team_size + log_prior_knowledge + C(year) + C(arxiv_primary_category),C(arxiv_primary_category)[T.physics.bio-ph],0.5221546697691948,0.2432274453438652,2.1467752910490567,0.03181117536354548,0.045437636843534523,0.998871702694855,14643.0,0.07430651089689733,0.06646435240391013,9810.611251042232,10751.984243927083
M35_Hit10YearCat_RefEntropy_Moderation,integration_base,Hit_Rate_10_year_cat,reference_entropy,Hit_Rate_10_year_cat ~ HSS_Continuous * reference_entropy + log_team_size + log_prior_knowledge + C(year) + C(arxiv_primary_category),C(arxiv_primary_category)[T.physics.chem-ph],0.0642050100260712,0.23137277317978977,0.2774959609278671,0.7813993068068089,-0.3892772924094717,0.517687312461614,14643.0,0.07430651089689733,0.06646435240391013,9810.611251042232,10751.984243927083
M35_Hit10YearCat_RefEntropy_Moderation,integration_base,Hit_Rate_10_year_cat,reference_entropy,Hit_Rate_10_year_cat ~ HSS_Continuous * reference_entropy + log_team_size + log_prior_knowledge + C(year) + C(arxiv_primary_category),C(arxiv_primary_category)[T.physics.comp-ph],0.040697788256901915,0.20911220115134566,0.19462177736557207,0.8456890531784322,-0.3691545947276308,0.4505501712414346,14643.0,0.07430651089689733,0.06646435240391013,9810.611251042232,10751.984243927083
M35_Hit10YearCat_RefEntropy_Moderation,integration_base,Hit_Rate_10_year_cat,reference_entropy,Hit_Rate_10_year_cat ~ HSS_Continuous * reference_entropy + log_team_size + log_prior_knowledge + C(year) + C(arxiv_primary_category),C(arxiv_primary_category)[T.physics.data-an],0.1787239381961137,0.23613533784454147,0.7568707836256839,0.4491272806167752,-0.2840928194563856,0.641540695848613,14643.0,0.07430651089689733,0.06646435240391013,9810.611251042232,10751.984243927083
M35_Hit10YearCat_RefEntropy_Moderation,integration_base,Hit_Rate_10_year_cat,reference_entropy,Hit_Rate_10_year_cat ~ HSS_Continuous * reference_entropy + log_team_size + log_prior_knowledge + C(year) + C(arxiv_primary_category),C(arxiv_primary_category)[T.physics.ed-ph],0.2387522725392834,0.41460653911211603,0.5758526458617217,0.5647147855483765,-0.5738616118752613,1.0513661569538282,14643.0,0.07430651089689733,0.06646435240391013,9810.611251042232,10751.984243927083
M35_Hit10YearCat_RefEntropy_Moderation,integration_base,Hit_Rate_10_year_cat,reference_entropy,Hit_Rate_10_year_cat ~ HSS_Continuous * reference_entropy + log_team_size + log_prior_knowledge + C(year) + C(arxiv_primary_category),C(arxiv_primary_category)[T.physics.flu-dyn],0.08384152558291315,0.23241970647821025,0.3607332908785574,0.7182988355148634,-0.37169272841174966,0.539375779577576,14643.0,0.07430651089689733,0.06646435240391013,9810.611251042232,10751.984243927083
M35_Hit10YearCat_RefEntropy_Moderation,integration_base,Hit_Rate_10_year_cat,reference_entropy,Hit_Rate_10_year_cat ~ HSS_Continuous * reference_entropy + log_team_size + log_prior_knowledge + C(year) + C(arxiv_primary_category),C(arxiv_primary_category)[T.physics.geo-ph],0.2288196303371073,0.226876136963616,1.0085663190474854,0.3131826670460005,-0.21584942706315655,0.6734886877373711,14643.0,0.07430651089689733,0.06646435240391013,9810.611251042232,10751.984243927083
M35_Hit10YearCat_RefEntropy_Moderation,integration_base,Hit_Rate_10_year_cat,reference_entropy,Hit_Rate_10_year_cat ~ HSS_Continuous * reference_entropy + log_team_size + log_prior_knowledge + C(year) + C(arxiv_primary_category),C(arxiv_primary_category)[T.physics.ins-det],0.09019524910756356,0.22484864590510575,0.40113761301292966,0.6883188097640309,-0.35049999883904326,0.5308904970541704,14643.0,0.07430651089689733,0.06646435240391013,9810.611251042232,10751.984243927083
M35_Hit10YearCat_RefEntropy_Moderation,integration_base,Hit_Rate_10_year_cat,reference_entropy,Hit_Rate_10_year_cat ~ HSS_Continuous * reference_entropy + log_team_size + log_prior_knowledge + C(year) + C(arxiv_primary_category),C(arxiv_primary_category)[T.physics.med-ph],-0.11365462393180006,0.17955327743401012,-0.6329855158092044,0.5267431016052696,-0.46557258100858834,0.23826333314498818,14643.0,0.07430651089689733,0.06646435240391013,9810.611251042232,10751.984243927083
M35_Hit10YearCat_RefEntropy_Moderation,integration_base,Hit_Rate_10_year_cat,reference_entropy,Hit_Rate_10_year_cat ~ HSS_Continuous * reference_entropy + log_team_size + log_prior_knowledge + C(year) + C(arxiv_primary_category),C(arxiv_primary_category)[T.physics.optics],0.09979422917399837,0.20794394139429243,0.47990928951747513,0.6312918954910265,-0.30776840676212247,0.5073568651101192,14643.0,0.07430651089689733,0.06646435240391013,9810.611251042232,10751.984243927083
M35_Hit10YearCat_RefEntropy_Moderation,integration_base,Hit_Rate_10_year_cat,reference_entropy,Hit_Rate_10_year_cat ~ HSS_Continuous * reference_entropy + log_team_size + log_prior_knowledge + C(year) + C(arxiv_primary_category),C(arxiv_primary_category)[T.physics.soc-ph],0.14951299151921768,0.22565398968865447,0.6625763263725488,0.5076019362287589,-0.29276070123831777,0.5917866842767532,14643.0,0.07430651089689733,0.06646435240391013,9810.611251042232,10751.984243927083
M35_Hit10YearCat_RefEntropy_Moderation,integration_base,Hit_Rate_10_year_cat,reference_entropy,Hit_Rate_10_year_cat ~ HSS_Continuous * reference_entropy + log_team_size + log_prior_knowledge + C(year) + C(arxiv_primary_category),C(arxiv_primary_category)[T.physics.space-ph],-0.00300294693366035,0.1713574167659249,-0.01752446430586889,0.9860182161479332,-0.3388573122786932,0.33285141841137245,14643.0,0.07430651089689733,0.06646435240391013,9810.611251042232,10751.984243927083
M35_Hit10YearCat_RefEntropy_Moderation,integration_base,Hit_Rate_10_year_cat,reference_entropy,Hit_Rate_10_year_cat ~ HSS_Continuous * reference_entropy + log_team_size + log_prior_knowledge + C(year) + C(arxiv_primary_category),C(arxiv_primary_category)[T.q-bio.BM],-0.0549308264766334,0.18432205732209123,-0.29801548048395116,0.7656913484513344,-0.41619542038425955,0.3063337674309928,14643.0,0.07430651089689733,0.06646435240391013,9810.611251042232,10751.984243927083
M35_Hit10YearCat_RefEntropy_Moderation,integration_base,Hit_Rate_10_year_cat,reference_entropy,Hit_Rate_10_year_cat ~ HSS_Continuous * reference_entropy + log_team_size + log_prior_knowledge + C(year) + C(arxiv_primary_category),C(arxiv_primary_category)[T.q-bio.GN],0.1294787140117634,0.23719087044689147,0.5458840543390749,0.5851456399469577,-0.33540684952584976,0.5943642775493765,14643.0,0.07430651089689733,0.06646435240391013,9810.611251042232,10751.984243927083
M35_Hit10YearCat_RefEntropy_Moderation,integration_base,Hit_Rate_10_year_cat,reference_entropy,Hit_Rate_10_year_cat ~ HSS_Continuous * reference_entropy + log_team_size + log_prior_knowledge + C(year) + C(arxiv_primary_category),C(arxiv_primary_category)[T.q-bio.MN],0.7342300001836914,0.15964850611472106,4.5990408432389875,4.244405714072431e-06,0.42132467801321555,1.0471353223541673,14643.0,0.07430651089689733,0.06646435240391013,9810.611251042232,10751.984243927083
M35_Hit10YearCat_RefEntropy_Moderation,integration_base,Hit_Rate_10_year_cat,reference_entropy,Hit_Rate_10_year_cat ~ HSS_Continuous * reference_entropy + log_team_size + log_prior_knowledge + C(year) + C(arxiv_primary_category),C(arxiv_primary_category)[T.q-bio.NC],-0.13163446628682543,0.16570449433510726,-0.7943928546718753,0.4269667626069025,-0.456409307260057,0.19314037468640619,14643.0,0.07430651089689733,0.06646435240391013,9810.611251042232,10751.984243927083
M35_Hit10YearCat_RefEntropy_Moderation,integration_base,Hit_Rate_10_year_cat,reference_entropy,Hit_Rate_10_year_cat ~ HSS_Continuous * reference_entropy + log_team_size + log_prior_knowledge + C(year) + C(arxiv_primary_category),C(arxiv_primary_category)[T.q-bio.OT],0.7359063901005342,0.16685815038430538,4.410371254898875,1.0319354485189252e-05,0.4088704248203274,1.0629423553807409,14643.0,0.07430651089689733,0.06646435240391013,9810.611251042232,10751.984243927083
M35_Hit10YearCat_RefEntropy_Moderation,integration_base,Hit_Rate_10_year_cat,reference_entropy,Hit_Rate_10_year_cat ~ HSS_Continuous * reference_entropy + log_team_size + log_prior_knowledge + C(year) + C(arxiv_primary_category),C(arxiv_primary_category)[T.q-bio.PE],0.33394640483182414,0.28398442027202797,1.1759321321639324,0.23962199744960422,-0.2226528310718371,0.8905456407354854,14643.0,0.07430651089689733,0.06646435240391013,9810.611251042232,10751.984243927083
M35_Hit10YearCat_RefEntropy_Moderation,integration_base,Hit_Rate_10_year_cat,reference_entropy,Hit_Rate_10_year_cat ~ HSS_Continuous * reference_entropy + log_team_size + log_prior_knowledge + C(year) + C(arxiv_primary_category),C(arxiv_primary_category)[T.q-bio.QM],-0.14974338577414895,0.1756516434548784,-0.8525020479675455,0.3939355028229268,-0.4940142807709813,0.19452750922268344,14643.0,0.07430651089689733,0.06646435240391013,9810.611251042232,10751.984243927083
M35_Hit10YearCat_RefEntropy_Moderation,integration_base,Hit_Rate_10_year_cat,reference_entropy,Hit_Rate_10_year_cat ~ HSS_Continuous * reference_entropy + log_team_size + log_prior_knowledge + C(year) + C(arxiv_primary_category),C(arxiv_primary_category)[T.q-bio.TO],0.7333289118200269,0.15856326009822064,4.624834979841943,3.748967521805365e-06,0.4225506327562574,1.0441071908837964,14643.0,0.07430651089689733,0.06646435240391013,9810.611251042232,10751.984243927083
M35_Hit10YearCat_RefEntropy_Moderation,integration_base,Hit_Rate_10_year_cat,reference_entropy,Hit_Rate_10_year_cat ~ HSS_Continuous * reference_entropy + log_team_size + log_prior_knowledge + C(year) + C(arxiv_primary_category),C(arxiv_primary_category)[T.q-fin.CP],-0.0542130150773337,0.20897516292142465,-0.25942324589892996,0.7953086958601673,-0.4637968080667161,0.35537077791204874,14643.0,0.07430651089689733,0.06646435240391013,9810.611251042232,10751.984243927083
M35_Hit10YearCat_RefEntropy_Moderation,integration_base,Hit_Rate_10_year_cat,reference_entropy,Hit_Rate_10_year_cat ~ HSS_Continuous * reference_entropy + log_team_size + log_prior_knowledge + C(year) + C(arxiv_primary_category),C(arxiv_primary_category)[T.q-fin.GN],0.7716524495712316,0.16053225157859163,4.806837516967451,1.5333651171335006e-06,0.45701501812006873,1.0862898810223944,14643.0,0.07430651089689733,0.06646435240391013,9810.611251042232,10751.984243927083
M35_Hit10YearCat_RefEntropy_Moderation,integration_base,Hit_Rate_10_year_cat,reference_entropy,Hit_Rate_10_year_cat ~ HSS_Continuous * reference_entropy + log_team_size + log_prior_knowledge + C(year) + C(arxiv_primary_category),C(arxiv_primary_category)[T.q-fin.MF],-0.2622452851786637,0.16168913538962848,-1.6219103686015837,0.1048225411224847,-0.5791501672337562,0.054659596876428795,14643.0,0.07430651089689733,0.06646435240391013,9810.611251042232,10751.984243927083
M35_Hit10YearCat_RefEntropy_Moderation,integration_base,Hit_Rate_10_year_cat,reference_entropy,Hit_Rate_10_year_cat ~ HSS_Continuous * reference_entropy + log_team_size + log_prior_knowledge + C(year) + C(arxiv_primary_category),C(arxiv_primary_category)[T.q-fin.PM],0.7254274145867383,0.16274198912624216,4.457530711536345,8.290916181406877e-06,0.4064589771268946,1.044395852046582,14643.0,0.07430651089689733,0.06646435240391013,9810.611251042232,10751.984243927083
M35_Hit10YearCat_RefEntropy_Moderation,integration_base,Hit_Rate_10_year_cat,reference_entropy,Hit_Rate_10_year_cat ~ HSS_Continuous * reference_entropy + log_team_size + log_prior_knowledge + C(year) + C(arxiv_primary_category),C(arxiv_primary_category)[T.q-fin.ST],0.20648349110089334,0.2214667949300671,0.9323451453121672,0.35115818374177077,-0.22758345073355604,0.6405504329353428,14643.0,0.07430651089689733,0.06646435240391013,9810.611251042232,10751.984243927083
M35_Hit10YearCat_RefEntropy_Moderation,integration_base,Hit_Rate_10_year_cat,reference_entropy,Hit_Rate_10_year_cat ~ HSS_Continuous * reference_entropy + log_team_size + log_prior_knowledge + C(year) + C(arxiv_primary_category),C(arxiv_primary_category)[T.q-fin.TR],0.7924584178118345,0.1667208001401134,4.753206661351472,2.0021550987989677e-06,0.4656916540635118,1.119225181560157,14643.0,0.07430651089689733,0.06646435240391013,9810.611251042232,10751.984243927083
M35_Hit10YearCat_RefEntropy_Moderation,integration_base,Hit_Rate_10_year_cat,reference_entropy,Hit_Rate_10_year_cat ~ HSS_Continuous * reference_entropy + log_team_size + log_prior_knowledge + C(year) + C(arxiv_primary_category),C(arxiv_primary_category)[T.quant-ph],-0.09779807970507183,0.16508620890949244,-0.5924061152721065,0.5535786723240581,-0.4213611035119324,0.22576494410178877,14643.0,0.07430651089689733,0.06646435240391013,9810.611251042232,10751.984243927083
M35_Hit10YearCat_RefEntropy_Moderation,integration_base,Hit_Rate_10_year_cat,reference_entropy,Hit_Rate_10_year_cat ~ HSS_Continuous * reference_entropy + log_team_size + log_prior_knowledge + C(year) + C(arxiv_primary_category),C(arxiv_primary_category)[T.stat.AP],0.3762296241047729,0.21831370418420099,1.7233440544223977,0.08482632549796951,-0.05165737342779231,0.8041166216373381,14643.0,0.07430651089689733,0.06646435240391013,9810.611251042232,10751.984243927083
M35_Hit10YearCat_RefEntropy_Moderation,integration_base,Hit_Rate_10_year_cat,reference_entropy,Hit_Rate_10_year_cat ~ HSS_Continuous * reference_entropy + log_team_size + log_prior_knowledge + C(year) + C(arxiv_primary_category),C(arxiv_primary_category)[T.stat.CO],-0.2526404180153842,0.16011261643348598,-1.5778920090306323,0.11459042111022169,-0.5664553796954928,0.0611745436647243,14643.0,0.07430651089689733,0.06646435240391013,9810.611251042232,10751.984243927083
M35_Hit10YearCat_RefEntropy_Moderation,integration_base,Hit_Rate_10_year_cat,reference_entropy,Hit_Rate_10_year_cat ~ HSS_Continuous * reference_entropy + log_team_size + log_prior_knowledge + C(year) + C(arxiv_primary_category),C(arxiv_primary_category)[T.stat.ME],0.22387175467769857,0.22687337507969138,0.986769622478008,0.32375558994808196,-0.22079188952954357,0.6685353988849407,14643.0,0.07430651089689733,0.06646435240391013,9810.611251042232,10751.984243927083
M35_Hit10YearCat_RefEntropy_Moderation,integration_base,Hit_Rate_10_year_cat,reference_entropy,Hit_Rate_10_year_cat ~ HSS_Continuous * reference_entropy + log_team_size + log_prior_knowledge + C(year) + C(arxiv_primary_category),C(arxiv_primary_category)[T.stat.ML],-0.19991199316551506,0.15955576263029203,-1.2529286932038473,0.21023165848347225,-0.5126355414467092,0.11281155511567914,14643.0,0.07430651089689733,0.06646435240391013,9810.611251042232,10751.984243927083
M35_Hit10YearCat_RefEntropy_Moderation,integration_base,Hit_Rate_10_year_cat,reference_entropy,Hit_Rate_10_year_cat ~ HSS_Continuous * reference_entropy + log_team_size + log_prior_knowledge + C(year) + C(arxiv_primary_category),HSS_Continuous,-0.0014821033188338333,0.0062752324362244025,-0.2361830153538608,0.8132906585245729,-0.013781332888451204,0.010817126250783538,14643.0,0.07430651089689733,0.06646435240391013,9810.611251042232,10751.984243927083
M35_Hit10YearCat_RefEntropy_Moderation,integration_base,Hit_Rate_10_year_cat,reference_entropy,Hit_Rate_10_year_cat ~ HSS_Continuous * reference_entropy + log_team_size + log_prior_knowledge + C(year) + C(arxiv_primary_category),reference_entropy,-0.017186315025264163,0.008498056140636905,-2.0223819119152227,0.04313691225482965,-0.03384219899951195,-0.00053043105101638,14643.0,0.07430651089689733,0.06646435240391013,9810.611251042232,10751.984243927083
M35_Hit10YearCat_RefEntropy_Moderation,integration_base,Hit_Rate_10_year_cat,reference_entropy,Hit_Rate_10_year_cat ~ HSS_Continuous * reference_entropy + log_team_size + log_prior_knowledge + C(year) + C(arxiv_primary_category),HSS_Continuous:reference_entropy,0.002733986014119073,0.007549708577577606,0.36213133076936566,0.7172538917227655,-0.012063170891706155,0.0175311429199443,14643.0,0.07430651089689733,0.06646435240391013,9810.611251042232,10751.984243927083
M35_Hit10YearCat_RefEntropy_Moderation,integration_base,Hit_Rate_10_year_cat,reference_entropy,Hit_Rate_10_year_cat ~ HSS_Continuous * reference_entropy + log_team_size + log_prior_knowledge + C(year) + C(arxiv_primary_category),log_team_size,0.05322053166817554,0.009911153626470921,5.36976155086861,7.88408164461283e-08,0.03379502751504898,0.0726460358213021,14643.0,0.07430651089689733,0.06646435240391013,9810.611251042232,10751.984243927083
M35_Hit10YearCat_RefEntropy_Moderation,integration_base,Hit_Rate_10_year_cat,reference_entropy,Hit_Rate_10_year_cat ~ HSS_Continuous * reference_entropy + log_team_size + log_prior_knowledge + C(year) + C(arxiv_primary_category),log_prior_knowledge,0.024882040622527694,0.003058682783030084,8.134887592978275,4.123207449344763e-16,0.01888713252765599,0.030876948717399398,14643.0,0.07430651089689733,0.06646435240391013,9810.611251042232,10751.984243927083
M35_Hit10YearCat_HSSRefShare_Moderation,integration_base,Hit_Rate_10_year_cat,hss_reference_share,Hit_Rate_10_year_cat ~ HSS_Continuous * hss_reference_share + log_team_size + log_prior_knowledge + C(year) + C(arxiv_primary_category),Intercept,0.4455051303400685,0.1823710849704074,2.442849591054189,0.014571808903530098,0.08806437197657602,0.802945888703561,14643.0,0.0742414548080057,0.06639874518209388,9811.64029883001,10753.013291714862
M35_Hit10YearCat_HSSRefShare_Moderation,integration_base,Hit_Rate_10_year_cat,hss_reference_share,Hit_Rate_10_year_cat ~ HSS_Continuous * hss_reference_share + log_team_size + log_prior_knowledge + C(year) + C(arxiv_primary_category),C(year)[T.2015],-0.22737221718914105,0.10282740598737836,-2.2112025000129836,0.027021817348543538,-0.42891022954808095,-0.025834204830201157,14643.0,0.0742414548080057,0.06639874518209388,9811.64029883001,10753.013291714862
M35_Hit10YearCat_HSSRefShare_Moderation,integration_base,Hit_Rate_10_year_cat,hss_reference_share,Hit_Rate_10_year_cat ~ HSS_Continuous * hss_reference_share + log_team_size + log_prior_knowledge + C(year) + C(arxiv_primary_category),C(year)[T.2016],-0.2706972271464346,0.09237042361863747,-2.9305617159886705,0.0033834977733613316,-0.45173993067567203,-0.08965452361719722,14643.0,0.0742414548080057,0.06639874518209388,9811.64029883001,10753.013291714862
M35_Hit10YearCat_HSSRefShare_Moderation,integration_base,Hit_Rate_10_year_cat,hss_reference_share,Hit_Rate_10_year_cat ~ HSS_Continuous * hss_reference_share + log_team_size + log_prior_knowledge + C(year) + C(arxiv_primary_category),C(year)[T.2017],-0.28520694576978967,0.09024660693947381,-3.1603065804021973,0.0015760320746608103,-0.46208704509810083,-0.10832684644147847,14643.0,0.0742414548080057,0.06639874518209388,9811.64029883001,10753.013291714862
M35_Hit10YearCat_HSSRefShare_Moderation,integration_base,Hit_Rate_10_year_cat,hss_reference_share,Hit_Rate_10_year_cat ~ HSS_Continuous * hss_reference_share + log_team_size + log_prior_knowledge + C(year) + C(arxiv_primary_category),C(year)[T.2018],-0.2978672892479856,0.08988789757572026,-3.3137641137625513,0.0009204912694038415,-0.47404433114242256,-0.12169024735354866,14643.0,0.0742414548080057,0.06639874518209388,9811.64029883001,10753.013291714862
M35_Hit10YearCat_HSSRefShare_Moderation,integration_base,Hit_Rate_10_year_cat,hss_reference_share,Hit_Rate_10_year_cat ~ HSS_Continuous * hss_reference_share + log_team_size + log_prior_knowledge + C(year) + C(arxiv_primary_category),C(year)[T.2019],-0.30728720348317695,0.08976479186635802,-3.423248660127978,0.0006187744522949727,-0.48322296262097264,-0.13135144434538124,14643.0,0.0742414548080057,0.06639874518209388,9811.64029883001,10753.013291714862
M35_Hit10YearCat_HSSRefShare_Moderation,integration_base,Hit_Rate_10_year_cat,hss_reference_share,Hit_Rate_10_year_cat ~ HSS_Continuous * hss_reference_share + log_team_size + log_prior_knowledge + C(year) + C(arxiv_primary_category),C(year)[T.2020],-0.29868879192079345,0.08972699476703577,-3.328862096588649,0.0008720156987267985,-0.47455047010519746,-0.12282711373638944,14643.0,0.0742414548080057,0.06639874518209388,9811.64029883001,10753.013291714862
M35_Hit10YearCat_HSSRefShare_Moderation,integration_base,Hit_Rate_10_year_cat,hss_reference_share,Hit_Rate_10_year_cat ~ HSS_Continuous * hss_reference_share + log_team_size + log_prior_knowledge + C(year) + C(arxiv_primary_category),C(year)[T.2021],-0.2923598690977299,0.08970575886863401,-3.25909810902848,0.0011176700973479724,-0.4681799256860871,-0.11653981250937268,14643.0,0.0742414548080057,0.06639874518209388,9811.64029883001,10753.013291714862
M35_Hit10YearCat_HSSRefShare_Moderation,integration_base,Hit_Rate_10_year_cat,hss_reference_share,Hit_Rate_10_year_cat ~ HSS_Continuous * hss_reference_share + log_team_size + log_prior_knowledge + C(year) + C(arxiv_primary_category),C(year)[T.2022],-0.17336801525160078,0.108571569826934,-1.596808589283125,0.11030838073840916,-0.386164381857367,0.039428351354165475,14643.0,0.0742414548080057,0.06639874518209388,9811.64029883001,10753.013291714862
M35_Hit10YearCat_HSSRefShare_Moderation,integration_base,Hit_Rate_10_year_cat,hss_reference_share,Hit_Rate_10_year_cat ~ HSS_Continuous * hss_reference_share + log_team_size + log_prior_knowledge + C(year) + C(arxiv_primary_category),C(year)[T.2023],-0.31522885428056885,0.09252195721096663,-3.4070707514519025,0.0006566410330646208,-0.49656855819321943,-0.1338891503679183,14643.0,0.0742414548080057,0.06639874518209388,9811.64029883001,10753.013291714862
M35_Hit10YearCat_HSSRefShare_Moderation,integration_base,Hit_Rate_10_year_cat,hss_reference_share,Hit_Rate_10_year_cat ~ HSS_Continuous * hss_reference_share + log_team_size + log_prior_knowledge + C(year) + C(arxiv_primary_category),C(year)[T.2024],-0.0328767208021033,0.1290165668694767,-0.2548255747292049,0.7988578214182191,-0.2857445452752812,0.2199911036710746,14643.0,0.0742414548080057,0.06639874518209388,9811.64029883001,10753.013291714862
M35_Hit10YearCat_HSSRefShare_Moderation,integration_base,Hit_Rate_10_year_cat,hss_reference_share,Hit_Rate_10_year_cat ~ HSS_Continuous * hss_reference_share + log_team_size + log_prior_knowledge + C(year) + C(arxiv_primary_category),C(year)[T.2025],0.45266268543353233,0.1106841478357535,4.089679455320448,4.319697468379969e-05,0.23572574201594848,0.6695996288511161,14643.0,0.0742414548080057,0.06639874518209388,9811.64029883001,10753.013291714862
M35_Hit10YearCat_HSSRefShare_Moderation,integration_base,Hit_Rate_10_year_cat,hss_reference_share,Hit_Rate_10_year_cat ~ HSS_Continuous * hss_reference_share + log_team_size + log_prior_knowledge + C(year) + C(arxiv_primary_category),C(arxiv_primary_category)[T.astro-ph.GA],0.16296922392468927,0.2745771475953694,0.5935279951441875,0.5528278532844086,-0.3751920963399734,0.701130544189352,14643.0,0.0742414548080057,0.06639874518209388,9811.64029883001,10753.013291714862
M35_Hit10YearCat_HSSRefShare_Moderation,integration_base,Hit_Rate_10_year_cat,hss_reference_share,Hit_Rate_10_year_cat ~ HSS_Continuous * hss_reference_share + log_team_size + log_prior_knowledge + C(year) + C(arxiv_primary_category),C(arxiv_primary_category)[T.astro-ph.HE],0.678226146631584,0.15885612692541928,4.269436500551229,1.9596742863328038e-05,0.36687385913423864,0.9895784341289293,14643.0,0.0742414548080057,0.06639874518209388,9811.64029883001,10753.013291714862
M35_Hit10YearCat_HSSRefShare_Moderation,integration_base,Hit_Rate_10_year_cat,hss_reference_share,Hit_Rate_10_year_cat ~ HSS_Continuous * hss_reference_share + log_team_size + log_prior_knowledge + C(year) + C(arxiv_primary_category),C(arxiv_primary_category)[T.astro-ph.IM],-0.005802925930643035,0.19351251787904755,-0.029987341357782745,0.9760771487648389,-0.3850804915312395,0.3734746396699535,14643.0,0.0742414548080057,0.06639874518209388,9811.64029883001,10753.013291714862
M35_Hit10YearCat_HSSRefShare_Moderation,integration_base,Hit_Rate_10_year_cat,hss_reference_share,Hit_Rate_10_year_cat ~ HSS_Continuous * hss_reference_share + log_team_size + log_prior_knowledge + C(year) + C(arxiv_primary_category),C(arxiv_primary_category)[T.astro-ph.SR],0.6442131421254617,0.15916961030717944,4.047337559488917,5.180350855658966e-05,0.3322464384901146,0.9561798457608087,14643.0,0.0742414548080057,0.06639874518209388,9811.64029883001,10753.013291714862
M35_Hit10YearCat_HSSRefShare_Moderation,integration_base,Hit_Rate_10_year_cat,hss_reference_share,Hit_Rate_10_year_cat ~ HSS_Continuous * hss_reference_share + log_team_size + log_prior_knowledge + C(year) + C(arxiv_primary_category),C(arxiv_primary_category)[T.cond-mat.dis-nn],0.11234531860019194,0.24853133060150553,0.45203684512648473,0.6512424392915274,-0.37476713840857634,0.5994577756089602,14643.0,0.0742414548080057,0.06639874518209388,9811.64029883001,10753.013291714862
M35_Hit10YearCat_HSSRefShare_Moderation,integration_base,Hit_Rate_10_year_cat,hss_reference_share,Hit_Rate_10_year_cat ~ HSS_Continuous * hss_reference_share + log_team_size + log_prior_knowledge + C(year) + C(arxiv_primary_category),C(arxiv_primary_category)[T.cond-mat.mes-hall],0.6956925395931935,0.1589784045628221,4.376019129807551,1.2086641134274318e-05,0.38410059233042404,1.007284486855963,14643.0,0.0742414548080057,0.06639874518209388,9811.64029883001,10753.013291714862
M35_Hit10YearCat_HSSRefShare_Moderation,integration_base,Hit_Rate_10_year_cat,hss_reference_share,Hit_Rate_10_year_cat ~ HSS_Continuous * hss_reference_share + log_team_size + log_prior_knowledge + C(year) + C(arxiv_primary_category),C(arxiv_primary_category)[T.cond-mat.mtrl-sci],-0.09752181193243695,0.2038288196763667,-0.47844957394778204,0.6323302567070495,-0.4970189575094248,0.30197533364455087,14643.0,0.0742414548080057,0.06639874518209388,9811.64029883001,10753.013291714862
M35_Hit10YearCat_HSSRefShare_Moderation,integration_base,Hit_Rate_10_year_cat,hss_reference_share,Hit_Rate_10_year_cat ~ HSS_Continuous * hss_reference_share + log_team_size + log_prior_knowledge + C(year) + C(arxiv_primary_category),C(arxiv_primary_category)[T.cond-mat.other],0.8079370113817104,0.15871752646604706,5.090408283010539,3.5729336021501334e-07,0.4968563757929753,1.1190176469704454,14643.0,0.0742414548080057,0.06639874518209388,9811.64029883001,10753.013291714862
M35_Hit10YearCat_HSSRefShare_Moderation,integration_base,Hit_Rate_10_year_cat,hss_reference_share,Hit_Rate_10_year_cat ~ HSS_Continuous * hss_reference_share + log_team_size + log_prior_knowledge + C(year) + C(arxiv_primary_category),C(arxiv_primary_category)[T.cond-mat.soft],0.7076672732553783,0.15891326603775582,4.453166755047658,8.46129888299113e-06,0.3962029951557447,1.0191315513550119,14643.0,0.0742414548080057,0.06639874518209388,9811.64029883001,10753.013291714862
M35_Hit10YearCat_HSSRefShare_Moderation,integration_base,Hit_Rate_10_year_cat,hss_reference_share,Hit_Rate_10_year_cat ~ HSS_Continuous * hss_reference_share + log_team_size + log_prior_knowledge + C(year) + C(arxiv_primary_category),C(arxiv_primary_category)[T.cond-mat.stat-mech],-0.017052342399983822,0.2611587084103711,-0.06529494078056423,0.9479391704226225,-0.5289140051333088,0.4948093203333412,14643.0,0.0742414548080057,0.06639874518209388,9811.64029883001,10753.013291714862
M35_Hit10YearCat_HSSRefShare_Moderation,integration_base,Hit_Rate_10_year_cat,hss_reference_share,Hit_Rate_10_year_cat ~ HSS_Continuous * hss_reference_share + log_team_size + log_prior_knowledge + C(year) + C(arxiv_primary_category),C(arxiv_primary_category)[T.cond-mat.str-el],0.7022767495971574,0.15873152090031073,4.424305554523182,9.675300158489792e-06,0.39116868542128147,1.0133848137730332,14643.0,0.0742414548080057,0.06639874518209388,9811.64029883001,10753.013291714862
M35_Hit10YearCat_HSSRefShare_Moderation,integration_base,Hit_Rate_10_year_cat,hss_reference_share,Hit_Rate_10_year_cat ~ HSS_Continuous * hss_reference_share + log_team_size + log_prior_knowledge + C(year) + C(arxiv_primary_category),C(arxiv_primary_category)[T.cs.AI],-0.17247394791606602,0.16057781904526125,-1.0740832634390909,0.2827853650544805,-0.48720068996076804,0.142252794128636,14643.0,0.0742414548080057,0.06639874518209388,9811.64029883001,10753.013291714862
M35_Hit10YearCat_HSSRefShare_Moderation,integration_base,Hit_Rate_10_year_cat,hss_reference_share,Hit_Rate_10_year_cat ~ HSS_Continuous * hss_reference_share + log_team_size + log_prior_knowledge + C(year) + C(arxiv_primary_category),C(arxiv_primary_category)[T.cs.AR],-0.11844921087426634,0.17955151717509985,-0.6596948482409863,0.5094496733687294,-0.470363717906987,0.2334652961584543,14643.0,0.0742414548080057,0.06639874518209388,9811.64029883001,10753.013291714862
M35_Hit10YearCat_HSSRefShare_Moderation,integration_base,Hit_Rate_10_year_cat,hss_reference_share,Hit_Rate_10_year_cat ~ HSS_Continuous * hss_reference_share + log_team_size + log_prior_knowledge + C(year) + C(arxiv_primary_category),C(arxiv_primary_category)[T.cs.CC],0.22778758512195046,0.30147545443479623,0.7555758910754602,0.4499035151805073,-0.3630934477930962,0.8186686180369971,14643.0,0.0742414548080057,0.06639874518209388,9811.64029883001,10753.013291714862
M35_Hit10YearCat_HSSRefShare_Moderation,integration_base,Hit_Rate_10_year_cat,hss_reference_share,Hit_Rate_10_year_cat ~ HSS_Continuous * hss_reference_share + log_team_size + log_prior_knowledge + C(year) + C(arxiv_primary_category),C(arxiv_primary_category)[T.cs.CE],0.04952828569399982,0.19618610636556214,0.2524556229364765,0.8006889111400067,-0.33498941704964624,0.43404598843764586,14643.0,0.0742414548080057,0.06639874518209388,9811.64029883001,10753.013291714862
M35_Hit10YearCat_HSSRefShare_Moderation,integration_base,Hit_Rate_10_year_cat,hss_reference_share,Hit_Rate_10_year_cat ~ HSS_Continuous * hss_reference_share + log_team_size + log_prior_knowledge + C(year) + C(arxiv_primary_category),C(arxiv_primary_category)[T.cs.CG],0.4944662346757549,0.23761089035678556,2.080991464378115,0.03743468734294127,0.028757447241959555,0.9601750221095502,14643.0,0.0742414548080057,0.06639874518209388,9811.64029883001,10753.013291714862
M35_Hit10YearCat_HSSRefShare_Moderation,integration_base,Hit_Rate_10_year_cat,hss_reference_share,Hit_Rate_10_year_cat ~ HSS_Continuous * hss_reference_share + log_team_size + log_prior_knowledge + C(year) + C(arxiv_primary_category),C(arxiv_primary_category)[T.cs.CL],-0.2246301647707505,0.15881361830995647,-1.4144263392597725,0.15723676104150178,-0.535899136912756,0.08663880737125504,14643.0,0.0742414548080057,0.06639874518209388,9811.64029883001,10753.013291714862
M35_Hit10YearCat_HSSRefShare_Moderation,integration_base,Hit_Rate_10_year_cat,hss_reference_share,Hit_Rate_10_year_cat ~ HSS_Continuous * hss_reference_share + log_team_size + log_prior_knowledge + C(year) + C(arxiv_primary_category),C(arxiv_primary_category)[T.cs.CR],-0.1504088679142401,0.16157324462580877,-0.9309020702194568,0.35190422354874984,-0.46708660824610515,0.16626887241762492,14643.0,0.0742414548080057,0.06639874518209388,9811.64029883001,10753.013291714862
M35_Hit10YearCat_HSSRefShare_Moderation,integration_base,Hit_Rate_10_year_cat,hss_reference_share,Hit_Rate_10_year_cat ~ HSS_Continuous * hss_reference_share + log_team_size + log_prior_knowledge + C(year) + C(arxiv_primary_category),C(arxiv_primary_category)[T.cs.CV],-0.21769853755390953,0.15882551720079482,-1.3706773407114714,0.17047556146846288,-0.5289908310934143,0.09359375598559519,14643.0,0.0742414548080057,0.06639874518209388,9811.64029883001,10753.013291714862
M35_Hit10YearCat_HSSRefShare_Moderation,integration_base,Hit_Rate_10_year_cat,hss_reference_share,Hit_Rate_10_year_cat ~ HSS_Continuous * hss_reference_share + log_team_size + log_prior_knowledge + C(year) + C(arxiv_primary_category),C(arxiv_primary_category)[T.cs.CY],-0.15753115155898503,0.17147829523965336,-0.9186652534586014,0.3582706894252502,-0.49362243435903186,0.17856013124106176,14643.0,0.0742414548080057,0.06639874518209388,9811.64029883001,10753.013291714862
M35_Hit10YearCat_HSSRefShare_Moderation,integration_base,Hit_Rate_10_year_cat,hss_reference_share,Hit_Rate_10_year_cat ~ HSS_Continuous * hss_reference_share + log_team_size + log_prior_knowledge + C(year) + C(arxiv_primary_category),C(arxiv_primary_category)[T.cs.DB],0.029614312889903304,0.212352389686433,0.13945834531757725,0.889087969844695,-0.3865887229265202,0.4458173487063268,14643.0,0.0742414548080057,0.06639874518209388,9811.64029883001,10753.013291714862
M35_Hit10YearCat_HSSRefShare_Moderation,integration_base,Hit_Rate_10_year_cat,hss_reference_share,Hit_Rate_10_year_cat ~ HSS_Continuous * hss_reference_share + log_team_size + log_prior_knowledge + C(year) + C(arxiv_primary_category),C(arxiv_primary_category)[T.cs.DC],-0.1088914051245716,0.17358799202109165,-0.6272980282607384,0.5304638956682342,-0.4491176176345375,0.23133480738539433,14643.0,0.0742414548080057,0.06639874518209388,9811.64029883001,10753.013291714862
M35_Hit10YearCat_HSSRefShare_Moderation,integration_base,Hit_Rate_10_year_cat,hss_reference_share,Hit_Rate_10_year_cat ~ HSS_Continuous * hss_reference_share + log_team_size + log_prior_knowledge + C(year) + C(arxiv_primary_category),C(arxiv_primary_category)[T.cs.DL],0.4496160403314704,0.259927480640758,1.7297749326970095,0.08367049476168543,-0.05983246031664735,0.9590645409795882,14643.0,0.0742414548080057,0.06639874518209388,9811.64029883001,10753.013291714862
M35_Hit10YearCat_HSSRefShare_Moderation,integration_base,Hit_Rate_10_year_cat,hss_reference_share,Hit_Rate_10_year_cat ~ HSS_Continuous * hss_reference_share + log_team_size + log_prior_knowledge + C(year) + C(arxiv_primary_category),C(arxiv_primary_category)[T.cs.DM],0.7423081717761485,0.15886552259747772,4.672556761462691,2.9747326951617704e-06,0.43093746909995806,1.0536788744523389,14643.0,0.0742414548080057,0.06639874518209388,9811.64029883001,10753.013291714862
M35_Hit10YearCat_HSSRefShare_Moderation,integration_base,Hit_Rate_10_year_cat,hss_reference_share,Hit_Rate_10_year_cat ~ HSS_Continuous * hss_reference_share + log_team_size + log_prior_knowledge + C(year) + C(arxiv_primary_category),C(arxiv_primary_category)[T.cs.DS],0.06197541746231134,0.18788203573608875,0.3298634551169438,0.7415031379412873,-0.30626660592249,0.43021744084711266,14643.0,0.0742414548080057,0.06639874518209388,9811.64029883001,10753.013291714862
M35_Hit10YearCat_HSSRefShare_Moderation,integration_base,Hit_Rate_10_year_cat,hss_reference_share,Hit_Rate_10_year_cat ~ HSS_Continuous * hss_reference_share + log_team_size + log_prior_knowledge + C(year) + C(arxiv_primary_category),C(arxiv_primary_category)[T.cs.ET],0.04085738551570446,0.22096403503417303,0.18490513856422694,0.85330344050128,-0.3922241650299214,0.4739389360613303,14643.0,0.0742414548080057,0.06639874518209388,9811.64029883001,10753.013291714862
M35_Hit10YearCat_HSSRefShare_Moderation,integration_base,Hit_Rate_10_year_cat,hss_reference_share,Hit_Rate_10_year_cat ~ HSS_Continuous * hss_reference_share + log_team_size + log_prior_knowledge + C(year) + C(arxiv_primary_category),C(arxiv_primary_category)[T.cs.FL],0.7375632209835195,0.15913561024312312,4.634809392169925,3.5726652060385797e-06,0.4256631562491948,1.049463285717844,14643.0,0.0742414548080057,0.06639874518209388,9811.64029883001,10753.013291714862
M35_Hit10YearCat_HSSRefShare_Moderation,integration_base,Hit_Rate_10_year_cat,hss_reference_share,Hit_Rate_10_year_cat ~ HSS_Continuous * hss_reference_share + log_team_size + log_prior_knowledge + C(year) + C(arxiv_primary_category),C(arxiv_primary_category)[T.cs.GR],-0.13974877853096343,0.1701903694051104,-0.821132118224118,0.4115710170743093,-0.4733157730805473,0.19381821601862045,14643.0,0.0742414548080057,0.06639874518209388,9811.64029883001,10753.013291714862
M35_Hit10YearCat_HSSRefShare_Moderation,integration_base,Hit_Rate_10_year_cat,hss_reference_share,Hit_Rate_10_year_cat ~ HSS_Continuous * hss_reference_share + log_team_size + log_prior_knowledge + C(year) + C(arxiv_primary_category),C(arxiv_primary_category)[T.cs.GT],0.4798772472615272,0.24151745530059912,1.9869257344743843,0.04693062732955387,0.006511733234590533,0.9532427612884639,14643.0,0.0742414548080057,0.06639874518209388,9811.64029883001,10753.013291714862
M35_Hit10YearCat_HSSRefShare_Moderation,integration_base,Hit_Rate_10_year_cat,hss_reference_share,Hit_Rate_10_year_cat ~ HSS_Continuous * hss_reference_share + log_team_size + log_prior_knowledge + C(year) + C(arxiv_primary_category),C(arxiv_primary_category)[T.cs.HC],-0.21265990749744892,0.16499124427775783,-1.28891632054997,0.19742717951804412,-0.5360368040463045,0.11071698905140667,14643.0,0.0742414548080057,0.06639874518209388,9811.64029883001,10753.013291714862
M35_Hit10YearCat_HSSRefShare_Moderation,integration_base,Hit_Rate_10_year_cat,hss_reference_share,Hit_Rate_10_year_cat ~ HSS_Continuous * hss_reference_share + log_team_size + log_prior_knowledge + C(year) + C(arxiv_primary_category),C(arxiv_primary_category)[T.cs.IR],-0.20951559441142312,0.16017630133106067,-1.3080311673471936,0.19086273814996524,-0.5234553761971371,0.1044241873742909,14643.0,0.0742414548080057,0.06639874518209388,9811.64029883001,10753.013291714862
M35_Hit10YearCat_HSSRefShare_Moderation,integration_base,Hit_Rate_10_year_cat,hss_reference_share,Hit_Rate_10_year_cat ~ HSS_Continuous * hss_reference_share + log_team_size + log_prior_knowledge + C(year) + C(arxiv_primary_category),C(arxiv_primary_category)[T.cs.IT],-0.13769809075910547,0.1592825253650808,-0.8644896258613235,0.3873189768162266,-0.4498861038412515,0.17448992232304053,14643.0,0.0742414548080057,0.06639874518209388,9811.64029883001,10753.013291714862
M35_Hit10YearCat_HSSRefShare_Moderation,integration_base,Hit_Rate_10_year_cat,hss_reference_share,Hit_Rate_10_year_cat ~ HSS_Continuous * hss_reference_share + log_team_size + log_prior_knowledge + C(year) + C(arxiv_primary_category),C(arxiv_primary_category)[T.cs.LG],-0.20675595084597634,0.15884012650013354,-1.3016607037630539,0.19303239847005782,-0.5180768780860243,0.10456497639407161,14643.0,0.0742414548080057,0.06639874518209388,9811.64029883001,10753.013291714862
M35_Hit10YearCat_HSSRefShare_Moderation,integration_base,Hit_Rate_10_year_cat,hss_reference_share,Hit_Rate_10_year_cat ~ HSS_Continuous * hss_reference_share + log_team_size + log_prior_knowledge + C(year) + C(arxiv_primary_category),C(arxiv_primary_category)[T.cs.LO],0.10898971531737375,0.2153310952311938,0.506149449527274,0.6127517387511427,-0.31305147608733064,0.5310309067220782,14643.0,0.0742414548080057,0.06639874518209388,9811.64029883001,10753.013291714862
M35_Hit10YearCat_HSSRefShare_Moderation,integration_base,Hit_Rate_10_year_cat,hss_reference_share,Hit_Rate_10_year_cat ~ HSS_Continuous * hss_reference_share + log_team_size + log_prior_knowledge + C(year) + C(arxiv_primary_category),C(arxiv_primary_category)[T.cs.MA],-0.006329925193397742,0.30443143008449575,-0.020792613928334716,0.9834110896981157,-0.6030045639210329,0.5903447135342375,14643.0,0.0742414548080057,0.06639874518209388,9811.64029883001,10753.013291714862
M35_Hit10YearCat_HSSRefShare_Moderation,integration_base,Hit_Rate_10_year_cat,hss_reference_share,Hit_Rate_10_year_cat ~ HSS_Continuous * hss_reference_share + log_team_size + log_prior_knowledge + C(year) + C(arxiv_primary_category),C(arxiv_primary_category)[T.cs.MM],-0.1154729816613835,0.16853839322671488,-0.6851434824470605,0.4932533838728905,-0.4458021623979941,0.21485619907522704,14643.0,0.0742414548080057,0.06639874518209388,9811.64029883001,10753.013291714862
M35_Hit10YearCat_HSSRefShare_Moderation,integration_base,Hit_Rate_10_year_cat,hss_reference_share,Hit_Rate_10_year_cat ~ HSS_Continuous * hss_reference_share + log_team_size + log_prior_knowledge + C(year) + C(arxiv_primary_category),C(arxiv_primary_category)[T.cs.MS],0.7027792415920174,0.16422819086551663,4.279285047763268,1.8749461405492714e-05,0.380897902249435,1.0246605809345999,14643.0,0.0742414548080057,0.06639874518209388,9811.64029883001,10753.013291714862
M35_Hit10YearCat_HSSRefShare_Moderation,integration_base,Hit_Rate_10_year_cat,hss_reference_share,Hit_Rate_10_year_cat ~ HSS_Continuous * hss_reference_share + log_team_size + log_prior_knowledge + C(year) + C(arxiv_primary_category),C(arxiv_primary_category)[T.cs.NE],-0.15658487483169775,0.16439298465619978,-0.9525033878980215,0.34084174857701877,-0.478789204068895,0.16561945440549952,14643.0,0.0742414548080057,0.06639874518209388,9811.64029883001,10753.013291714862
M35_Hit10YearCat_HSSRefShare_Moderation,integration_base,Hit_Rate_10_year_cat,hss_reference_share,Hit_Rate_10_year_cat ~ HSS_Continuous * hss_reference_share + log_team_size + log_prior_knowledge + C(year) + C(arxiv_primary_category),C(arxiv_primary_category)[T.cs.NI],-0.13184889560328256,0.16731878049406215,-0.7880101397700638,0.43069077485340634,-0.45978767930880726,0.19608988810224215,14643.0,0.0742414548080057,0.06639874518209388,9811.64029883001,10753.013291714862
M35_Hit10YearCat_HSSRefShare_Moderation,integration_base,Hit_Rate_10_year_cat,hss_reference_share,Hit_Rate_10_year_cat ~ HSS_Continuous * hss_reference_share + log_team_size + log_prior_knowledge + C(year) + C(arxiv_primary_category),C(arxiv_primary_category)[T.cs.OH],0.638200360693036,0.16146036096210542,3.952675176062693,7.728231374684943e-05,0.32174386827647244,0.9546568531095996,14643.0,0.0742414548080057,0.06639874518209388,9811.64029883001,10753.013291714862
M35_Hit10YearCat_HSSRefShare_Moderation,integration_base,Hit_Rate_10_year_cat,hss_reference_share,Hit_Rate_10_year_cat ~ HSS_Continuous * hss_reference_share + log_team_size + log_prior_knowledge + C(year) + C(arxiv_primary_category),C(arxiv_primary_category)[T.cs.PF],0.6566647840008715,0.15913464787318818,4.126472724683797,3.6836967085766155e-05,0.34476660547695914,0.9685629625247838,14643.0,0.0742414548080057,0.06639874518209388,9811.64029883001,10753.013291714862
M35_Hit10YearCat_HSSRefShare_Moderation,integration_base,Hit_Rate_10_year_cat,hss_reference_share,Hit_Rate_10_year_cat ~ HSS_Continuous * hss_reference_share + log_team_size + log_prior_knowledge + C(year) + C(arxiv_primary_category),C(arxiv_primary_category)[T.cs.PL],-0.00830526908501815,0.19552629007921843,-0.0424764827361744,0.9661188588842549,-0.39152975567101755,0.37491921750098123,14643.0,0.0742414548080057,0.06639874518209388,9811.64029883001,10753.013291714862
M35_Hit10YearCat_HSSRefShare_Moderation,integration_base,Hit_Rate_10_year_cat,hss_reference_share,Hit_Rate_10_year_cat ~ HSS_Continuous * hss_reference_share + log_team_size + log_prior_knowledge + C(year) + C(arxiv_primary_category),C(arxiv_primary_category)[T.cs.RO],-0.15319402179698252,0.1633420255305839,-0.9378726711595645,0.3483098491712686,-0.47333850899874896,0.16695046540478395,14643.0,0.0742414548080057,0.06639874518209388,9811.64029883001,10753.013291714862
M35_Hit10YearCat_HSSRefShare_Moderation,integration_base,Hit_Rate_10_year_cat,hss_reference_share,Hit_Rate_10_year_cat ~ HSS_Continuous * hss_reference_share + log_team_size + log_prior_knowledge + C(year) + C(arxiv_primary_category),C(arxiv_primary_category)[T.cs.SC],0.7896693837786605,0.15887308107753512,4.970441678494777,6.680055341677241e-07,0.4782838667537797,1.1010549008035413,14643.0,0.0742414548080057,0.06639874518209388,9811.64029883001,10753.013291714862
M35_Hit10YearCat_HSSRefShare_Moderation,integration_base,Hit_Rate_10_year_cat,hss_reference_share,Hit_Rate_10_year_cat ~ HSS_Continuous * hss_reference_share + log_team_size + log_prior_knowledge + C(year) + C(arxiv_primary_category),C(arxiv_primary_category)[T.cs.SD],-0.20327085504525527,0.16020403760205293,-1.2688247942300954,0.20450355992283276,-0.5172649989231796,0.11072328883266902,14643.0,0.0742414548080057,0.06639874518209388,9811.64029883001,10753.013291714862
M35_Hit10YearCat_HSSRefShare_Moderation,integration_base,Hit_Rate_10_year_cat,hss_reference_share,Hit_Rate_10_year_cat ~ HSS_Continuous * hss_reference_share + log_team_size + log_prior_knowledge + C(year) + C(arxiv_primary_category),C(arxiv_primary_category)[T.cs.SE],-0.21009618298351646,0.16226029058763425,-1.294809606359276,0.19538591727796828,-0.5281205086562831,0.10792814268925022,14643.0,0.0742414548080057,0.06639874518209388,9811.64029883001,10753.013291714862
M35_Hit10YearCat_HSSRefShare_Moderation,integration_base,Hit_Rate_10_year_cat,hss_reference_share,Hit_Rate_10_year_cat ~ HSS_Continuous * hss_reference_share + log_team_size + log_prior_knowledge + C(year) + C(arxiv_primary_category),C(arxiv_primary_category)[T.cs.SI],-0.17700575361850096,0.1639023012554615,-1.0799467259621702,0.2801659041618423,-0.49824836106243964,0.14423685382543772,14643.0,0.0742414548080057,0.06639874518209388,9811.64029883001,10753.013291714862
M35_Hit10YearCat_HSSRefShare_Moderation,integration_base,Hit_Rate_10_year_cat,hss_reference_share,Hit_Rate_10_year_cat ~ HSS_Continuous * hss_reference_share + log_team_size + log_prior_knowledge + C(year) + C(arxiv_primary_category),C(arxiv_primary_category)[T.econ.EM],0.6415553257737205,0.17804371707403172,3.6033584128495684,0.0003141318953046912,0.2925960526349793,0.9905145989124617,14643.0,0.0742414548080057,0.06639874518209388,9811.64029883001,10753.013291714862
M35_Hit10YearCat_HSSRefShare_Moderation,integration_base,Hit_Rate_10_year_cat,hss_reference_share,Hit_Rate_10_year_cat ~ HSS_Continuous * hss_reference_share + log_team_size + log_prior_knowledge + C(year) + C(arxiv_primary_category),C(arxiv_primary_category)[T.econ.GN],0.7880663003998921,0.16122271270378546,4.888060045533451,1.0183447372742278e-06,0.4720755900106244,1.1040570107891599,14643.0,0.0742414548080057,0.06639874518209388,9811.64029883001,10753.013291714862
M35_Hit10YearCat_HSSRefShare_Moderation,integration_base,Hit_Rate_10_year_cat,hss_reference_share,Hit_Rate_10_year_cat ~ HSS_Continuous * hss_reference_share + log_team_size + log_prior_knowledge + C(year) + C(arxiv_primary_category),C(arxiv_primary_category)[T.eess.AS],-0.20456628566244697,0.15965783361983743,-1.2812793523776693,0.20009556258005579,-0.5174898894070166,0.1083573180821226,14643.0,0.0742414548080057,0.06639874518209388,9811.64029883001,10753.013291714862
M35_Hit10YearCat_HSSRefShare_Moderation,integration_base,Hit_Rate_10_year_cat,hss_reference_share,Hit_Rate_10_year_cat ~ HSS_Continuous * hss_reference_share + log_team_size + log_prior_knowledge + C(year) + C(arxiv_primary_category),C(arxiv_primary_category)[T.eess.IV],-0.2017813293047594,0.15935808375707256,-1.2662133262869637,0.20543671771333183,-0.514117434113939,0.11055477550442022,14643.0,0.0742414548080057,0.06639874518209388,9811.64029883001,10753.013291714862
M35_Hit10YearCat_HSSRefShare_Moderation,integration_base,Hit_Rate_10_year_cat,hss_reference_share,Hit_Rate_10_year_cat ~ HSS_Continuous * hss_reference_share + log_team_size + log_prior_knowledge + C(year) + C(arxiv_primary_category),C(arxiv_primary_category)[T.eess.SP],-0.15705692204602836,0.1603168003692153,-0.9796660218038327,0.32725100361107107,-0.47127207688638806,0.1571582327943313,14643.0,0.0742414548080057,0.06639874518209388,9811.64029883001,10753.013291714862
M35_Hit10YearCat_HSSRefShare_Moderation,integration_base,Hit_Rate_10_year_cat,hss_reference_share,Hit_Rate_10_year_cat ~ HSS_Continuous * hss_reference_share + log_team_size + log_prior_knowledge + C(year) + C(arxiv_primary_category),C(arxiv_primary_category)[T.eess.SY],-0.03329153765086612,0.1766699628075691,-0.18843915016344706,0.8505324119860096,-0.3795583019037324,0.31297522660200017,14643.0,0.0742414548080057,0.06639874518209388,9811.64029883001,10753.013291714862
M35_Hit10YearCat_HSSRefShare_Moderation,integration_base,Hit_Rate_10_year_cat,hss_reference_share,Hit_Rate_10_year_cat ~ HSS_Continuous * hss_reference_share + log_team_size + log_prior_knowledge + C(year) + C(arxiv_primary_category),C(arxiv_primary_category)[T.gr-qc],0.5983750971432736,0.15929078451533915,3.756495386496462,0.00017230944647662205,0.2861708964240784,0.9105792978624689,14643.0,0.0742414548080057,0.06639874518209388,9811.64029883001,10753.013291714862
M35_Hit10YearCat_HSSRefShare_Moderation,integration_base,Hit_Rate_10_year_cat,hss_reference_share,Hit_Rate_10_year_cat ~ HSS_Continuous * hss_reference_share + log_team_size + log_prior_knowledge + C(year) + C(arxiv_primary_category),C(arxiv_primary_category)[T.hep-ex],0.6684199988543611,0.15908703014172848,4.201599578915231,2.650356194127103e-05,0.35661514936913524,0.980224848339587,14643.0,0.0742414548080057,0.06639874518209388,9811.64029883001,10753.013291714862
M35_Hit10YearCat_HSSRefShare_Moderation,integration_base,Hit_Rate_10_year_cat,hss_reference_share,Hit_Rate_10_year_cat ~ HSS_Continuous * hss_reference_share + log_team_size + log_prior_knowledge + C(year) + C(arxiv_primary_category),C(arxiv_primary_category)[T.hep-lat],0.46524100977300387,0.26138891039763884,1.779880443532414,0.07509552885876443,-0.047071840564535505,0.9775538601105432,14643.0,0.0742414548080057,0.06639874518209388,9811.64029883001,10753.013291714862
M35_Hit10YearCat_HSSRefShare_Moderation,integration_base,Hit_Rate_10_year_cat,hss_reference_share,Hit_Rate_10_year_cat ~ HSS_Continuous * hss_reference_share + log_team_size + log_prior_knowledge + C(year) + C(arxiv_primary_category),C(arxiv_primary_category)[T.hep-ph],-0.028635513930916477,0.2151688001603788,-0.13308395041275795,0.8941269879490366,-0.4503586128419551,0.3930875849801222,14643.0,0.0742414548080057,0.06639874518209388,9811.64029883001,10753.013291714862
M35_Hit10YearCat_HSSRefShare_Moderation,integration_base,Hit_Rate_10_year_cat,hss_reference_share,Hit_Rate_10_year_cat ~ HSS_Continuous * hss_reference_share + log_team_size + log_prior_knowledge + C(year) + C(arxiv_primary_category),C(arxiv_primary_category)[T.hep-th],0.7777114808114202,0.15959963227527915,4.872890179784469,1.0997736395831367e-06,0.46490194960603665,1.0905210120168036,14643.0,0.0742414548080057,0.06639874518209388,9811.64029883001,10753.013291714862
M35_Hit10YearCat_HSSRefShare_Moderation,integration_base,Hit_Rate_10_year_cat,hss_reference_share,Hit_Rate_10_year_cat ~ HSS_Continuous * hss_reference_share + log_team_size + log_prior_knowledge + C(year) + C(arxiv_primary_category),C(arxiv_primary_category)[T.math.AG],0.7985170971464643,0.1588881187221264,5.025656440321768,5.017133789787154e-07,0.4871021068797723,1.1099320874131564,14643.0,0.0742414548080057,0.06639874518209388,9811.64029883001,10753.013291714862
M35_Hit10YearCat_HSSRefShare_Moderation,integration_base,Hit_Rate_10_year_cat,hss_reference_share,Hit_Rate_10_year_cat ~ HSS_Continuous * hss_reference_share + log_team_size + log_prior_knowledge + C(year) + C(arxiv_primary_category),C(arxiv_primary_category)[T.math.AP],0.16650241525075835,0.20748726841123466,0.8024705155438967,0.42228083721485243,-0.24016515808585684,0.5731699885873736,14643.0,0.0742414548080057,0.06639874518209388,9811.64029883001,10753.013291714862
M35_Hit10YearCat_HSSRefShare_Moderation,integration_base,Hit_Rate_10_year_cat,hss_reference_share,Hit_Rate_10_year_cat ~ HSS_Continuous * hss_reference_share + log_team_size + log_prior_knowledge + C(year) + C(arxiv_primary_category),C(arxiv_primary_category)[T.math.CO],0.7492820271402997,0.1589277137922904,4.714608983298969,2.4217535719945226e-06,0.4377894319621209,1.0607746223184784,14643.0,0.0742414548080057,0.06639874518209388,9811.64029883001,10753.013291714862
M35_Hit10YearCat_HSSRefShare_Moderation,integration_base,Hit_Rate_10_year_cat,hss_reference_share,Hit_Rate_10_year_cat ~ HSS_Continuous * hss_reference_share + log_team_size + log_prior_knowledge + C(year) + C(arxiv_primary_category),C(arxiv_primary_category)[T.math.DS],0.6190416596882978,0.18674190330533397,3.3149585001076507,0.0009165673083437397,0.253034254805382,0.9850490645712137,14643.0,0.0742414548080057,0.06639874518209388,9811.64029883001,10753.013291714862
M35_Hit10YearCat_HSSRefShare_Moderation,integration_base,Hit_Rate_10_year_cat,hss_reference_share,Hit_Rate_10_year_cat ~ HSS_Continuous * hss_reference_share + log_team_size + log_prior_knowledge + C(year) + C(arxiv_primary_category),C(arxiv_primary_category)[T.math.GR],0.7683931999437688,0.15906920122175205,4.8305592411480225,1.3615009663055694e-06,0.45662329449957995,1.0801631053879577,14643.0,0.0742414548080057,0.06639874518209388,9811.64029883001,10753.013291714862
M35_Hit10YearCat_HSSRefShare_Moderation,integration_base,Hit_Rate_10_year_cat,hss_reference_share,Hit_Rate_10_year_cat ~ HSS_Continuous * hss_reference_share + log_team_size + log_prior_knowledge + C(year) + C(arxiv_primary_category),C(arxiv_primary_category)[T.math.LO],0.791875120705818,0.15909897004898074,4.977248567115354,6.449447731962076e-07,0.480046869432399,1.103703371979237,14643.0,0.0742414548080057,0.06639874518209388,9811.64029883001,10753.013291714862
M35_Hit10YearCat_HSSRefShare_Moderation,integration_base,Hit_Rate_10_year_cat,hss_reference_share,Hit_Rate_10_year_cat ~ HSS_Continuous * hss_reference_share + log_team_size + log_prior_knowledge + C(year) + C(arxiv_primary_category),C(arxiv_primary_category)[T.math.NA],-0.07659733354237208,0.17739491679206368,-0.4317899009031746,0.665894120209263,-0.42428498149529653,0.27109031441055237,14643.0,0.0742414548080057,0.06639874518209388,9811.64029883001,10753.013291714862
M35_Hit10YearCat_HSSRefShare_Moderation,integration_base,Hit_Rate_10_year_cat,hss_reference_share,Hit_Rate_10_year_cat ~ HSS_Continuous * hss_reference_share + log_team_size + log_prior_knowledge + C(year) + C(arxiv_primary_category),C(arxiv_primary_category)[T.math.NT],0.7043326141241704,0.15908966170370004,4.42726828746402,9.543400271660038e-06,0.3925226068722572,1.0161426213760836,14643.0,0.0742414548080057,0.06639874518209388,9811.64029883001,10753.013291714862
M35_Hit10YearCat_HSSRefShare_Moderation,integration_base,Hit_Rate_10_year_cat,hss_reference_share,Hit_Rate_10_year_cat ~ HSS_Continuous * hss_reference_share + log_team_size + log_prior_knowledge + C(year) + C(arxiv_primary_category),C(arxiv_primary_category)[T.math.OC],-0.14840006636005254,0.1684559546182742,-0.8809428357479624,0.37834876098738945,-0.47856767039318376,0.18176753767307868,14643.0,0.0742414548080057,0.06639874518209388,9811.64029883001,10753.013291714862
M35_Hit10YearCat_HSSRefShare_Moderation,integration_base,Hit_Rate_10_year_cat,hss_reference_share,Hit_Rate_10_year_cat ~ HSS_Continuous * hss_reference_share + log_team_size + log_prior_knowledge + C(year) + C(arxiv_primary_category),C(arxiv_primary_category)[T.math.PR],0.25988787905988775,0.2238830099601436,1.1608200153560284,0.24571510154922083,-0.1789147572124159,0.6986905153321914,14643.0,0.0742414548080057,0.06639874518209388,9811.64029883001,10753.013291714862
M35_Hit10YearCat_HSSRefShare_Moderation,integration_base,Hit_Rate_10_year_cat,hss_reference_share,Hit_Rate_10_year_cat ~ HSS_Continuous * hss_reference_share + log_team_size + log_prior_knowledge + C(year) + C(arxiv_primary_category),C(arxiv_primary_category)[T.math.ST],0.08479830474257923,0.21659099644514795,0.39151352611305124,0.6954176925944886,-0.33971224766555363,0.5093088571507121,14643.0,0.0742414548080057,0.06639874518209388,9811.64029883001,10753.013291714862
M35_Hit10YearCat_HSSRefShare_Moderation,integration_base,Hit_Rate_10_year_cat,hss_reference_share,Hit_Rate_10_year_cat ~ HSS_Continuous * hss_reference_share + log_team_size + log_prior_knowledge + C(year) + C(arxiv_primary_category),C(arxiv_primary_category)[T.nlin.AO],0.7555094478730879,0.1590231606433154,4.750939704736941,2.0247350476094606e-06,0.4438297803044624,1.0671891154417135,14643.0,0.0742414548080057,0.06639874518209388,9811.64029883001,10753.013291714862
M35_Hit10YearCat_HSSRefShare_Moderation,integration_base,Hit_Rate_10_year_cat,hss_reference_share,Hit_Rate_10_year_cat ~ HSS_Continuous * hss_reference_share + log_team_size + log_prior_knowledge + C(year) + C(arxiv_primary_category),C(arxiv_primary_category)[T.nlin.PS],0.7487605916195392,0.1586894383289841,4.718402179149818,2.377042177052616e-06,0.43773500776784036,1.059786175471238,14643.0,0.0742414548080057,0.06639874518209388,9811.64029883001,10753.013291714862
M35_Hit10YearCat_HSSRefShare_Moderation,integration_base,Hit_Rate_10_year_cat,hss_reference_share,Hit_Rate_10_year_cat ~ HSS_Continuous * hss_reference_share + log_team_size + log_prior_knowledge + C(year) + C(arxiv_primary_category),C(arxiv_primary_category)[T.nucl-th],0.7456724394445827,0.1588668735693029,4.693693673774578,2.6831572394163696e-06,0.4342990889122708,1.0570457899768946,14643.0,0.0742414548080057,0.06639874518209388,9811.64029883001,10753.013291714862
M35_Hit10YearCat_HSSRefShare_Moderation,integration_base,Hit_Rate_10_year_cat,hss_reference_share,Hit_Rate_10_year_cat ~ HSS_Continuous * hss_reference_share + log_team_size + log_prior_knowledge + C(year) + C(arxiv_primary_category),C(arxiv_primary_category)[T.physics.acc-ph],0.47088402394873213,0.27517879200876766,1.7111930047782498,0.08704548959625652,-0.06845649769769097,1.0102245455951553,14643.0,0.0742414548080057,0.06639874518209388,9811.64029883001,10753.013291714862
M35_Hit10YearCat_HSSRefShare_Moderation,integration_base,Hit_Rate_10_year_cat,hss_reference_share,Hit_Rate_10_year_cat ~ HSS_Continuous * hss_reference_share + log_team_size + log_prior_knowledge + C(year) + C(arxiv_primary_category),C(arxiv_primary_category)[T.physics.ao-ph],0.026873412729817164,0.24862548071365734,0.10808792667863093,0.9139259451576422,-0.460423575107909,0.5141704005675434,14643.0,0.0742414548080057,0.06639874518209388,9811.64029883001,10753.013291714862
M35_Hit10YearCat_HSSRefShare_Moderation,integration_base,Hit_Rate_10_year_cat,hss_reference_share,Hit_Rate_10_year_cat ~ HSS_Continuous * hss_reference_share + log_team_size + log_prior_knowledge + C(year) + C(arxiv_primary_category),C(arxiv_primary_category)[T.physics.app-ph],0.17663716113690808,0.20610484119395858,0.8570257744245832,0.39143064033672503,-0.22732090464259808,0.5805952269164143,14643.0,0.0742414548080057,0.06639874518209388,9811.64029883001,10753.013291714862
M35_Hit10YearCat_HSSRefShare_Moderation,integration_base,Hit_Rate_10_year_cat,hss_reference_share,Hit_Rate_10_year_cat ~ HSS_Continuous * hss_reference_share + log_team_size + log_prior_knowledge + C(year) + C(arxiv_primary_category),C(arxiv_primary_category)[T.physics.atom-ph],0.698724857657275,0.15881660949746615,4.399570421936396,1.0846537556943399e-05,0.3874500228954794,1.0099996924190706,14643.0,0.0742414548080057,0.06639874518209388,9811.64029883001,10753.013291714862
M35_Hit10YearCat_HSSRefShare_Moderation,integration_base,Hit_Rate_10_year_cat,hss_reference_share,Hit_Rate_10_year_cat ~ HSS_Continuous * hss_reference_share + log_team_size + log_prior_knowledge + C(year) + C(arxiv_primary_category),C(arxiv_primary_category)[T.physics.bio-ph],0.5161150983044506,0.24445791778926573,2.111263578500109,0.034749662738181204,0.03698638370183632,0.9952438129070649,14643.0,0.0742414548080057,0.06639874518209388,9811.64029883001,10753.013291714862
M35_Hit10YearCat_HSSRefShare_Moderation,integration_base,Hit_Rate_10_year_cat,hss_reference_share,Hit_Rate_10_year_cat ~ HSS_Continuous * hss_reference_share + log_team_size + log_prior_knowledge + C(year) + C(arxiv_primary_category),C(arxiv_primary_category)[T.physics.chem-ph],0.05568875050051335,0.23148049676804178,0.24057642556520442,0.8098834232848922,-0.3980046862882889,0.5093821872893156,14643.0,0.0742414548080057,0.06639874518209388,9811.64029883001,10753.013291714862
M35_Hit10YearCat_HSSRefShare_Moderation,integration_base,Hit_Rate_10_year_cat,hss_reference_share,Hit_Rate_10_year_cat ~ HSS_Continuous * hss_reference_share + log_team_size + log_prior_knowledge + C(year) + C(arxiv_primary_category),C(arxiv_primary_category)[T.physics.comp-ph],0.03432156639766445,0.20939955286782178,0.16390467853257107,0.8698061839764117,-0.37609401560205724,0.4447371483973861,14643.0,0.0742414548080057,0.06639874518209388,9811.64029883001,10753.013291714862
M35_Hit10YearCat_HSSRefShare_Moderation,integration_base,Hit_Rate_10_year_cat,hss_reference_share,Hit_Rate_10_year_cat ~ HSS_Continuous * hss_reference_share + log_team_size + log_prior_knowledge + C(year) + C(arxiv_primary_category),C(arxiv_primary_category)[T.physics.data-an],0.17782051559255427,0.23718564391126895,0.749710280353548,0.4534292145709592,-0.28705480412347484,0.6426958353085833,14643.0,0.0742414548080057,0.06639874518209388,9811.64029883001,10753.013291714862
M35_Hit10YearCat_HSSRefShare_Moderation,integration_base,Hit_Rate_10_year_cat,hss_reference_share,Hit_Rate_10_year_cat ~ HSS_Continuous * hss_reference_share + log_team_size + log_prior_knowledge + C(year) + C(arxiv_primary_category),C(arxiv_primary_category)[T.physics.ed-ph],0.2537165278120673,0.42296708869526034,0.5998493372018957,0.5486066491404167,-0.5752837326764015,1.0827167883005362,14643.0,0.0742414548080057,0.06639874518209388,9811.64029883001,10753.013291714862
M35_Hit10YearCat_HSSRefShare_Moderation,integration_base,Hit_Rate_10_year_cat,hss_reference_share,Hit_Rate_10_year_cat ~ HSS_Continuous * hss_reference_share + log_team_size + log_prior_knowledge + C(year) + C(arxiv_primary_category),C(arxiv_primary_category)[T.physics.flu-dyn],0.07214765016647116,0.23300422704921028,0.3096409497808537,0.7568340122581312,-0.38453224309557443,0.5288275434285168,14643.0,0.0742414548080057,0.06639874518209388,9811.64029883001,10753.013291714862
M35_Hit10YearCat_HSSRefShare_Moderation,integration_base,Hit_Rate_10_year_cat,hss_reference_share,Hit_Rate_10_year_cat ~ HSS_Continuous * hss_reference_share + log_team_size + log_prior_knowledge + C(year) + C(arxiv_primary_category),C(arxiv_primary_category)[T.physics.geo-ph],0.22424528142250966,0.22766569864791195,0.9849761415719809,0.32463579036192636,-0.22197128844254704,0.6704618512875664,14643.0,0.0742414548080057,0.06639874518209388,9811.64029883001,10753.013291714862
M35_Hit10YearCat_HSSRefShare_Moderation,integration_base,Hit_Rate_10_year_cat,hss_reference_share,Hit_Rate_10_year_cat ~ HSS_Continuous * hss_reference_share + log_team_size + log_prior_knowledge + C(year) + C(arxiv_primary_category),C(arxiv_primary_category)[T.physics.ins-det],0.08759193216914361,0.22503581606335235,0.38923551682317375,0.6971019323421889,-0.3534701625466071,0.5286540268848944,14643.0,0.0742414548080057,0.06639874518209388,9811.64029883001,10753.013291714862
M35_Hit10YearCat_HSSRefShare_Moderation,integration_base,Hit_Rate_10_year_cat,hss_reference_share,Hit_Rate_10_year_cat ~ HSS_Continuous * hss_reference_share + log_team_size + log_prior_knowledge + C(year) + C(arxiv_primary_category),C(arxiv_primary_category)[T.physics.med-ph],-0.12013538048545047,0.179648866547279,-0.6687232866778701,0.5036720100627172,-0.47224068878155984,0.2319699278106589,14643.0,0.0742414548080057,0.06639874518209388,9811.64029883001,10753.013291714862
M35_Hit10YearCat_HSSRefShare_Moderation,integration_base,Hit_Rate_10_year_cat,hss_reference_share,Hit_Rate_10_year_cat ~ HSS_Continuous * hss_reference_share + log_team_size + log_prior_knowledge + C(year) + C(arxiv_primary_category),C(arxiv_primary_category)[T.physics.optics],0.09356101617652059,0.2079886705029156,0.44983707982887,0.6528279191105253,-0.3140892872015623,0.5012113195546035,14643.0,0.0742414548080057,0.06639874518209388,9811.64029883001,10753.013291714862
M35_Hit10YearCat_HSSRefShare_Moderation,integration_base,Hit_Rate_10_year_cat,hss_reference_share,Hit_Rate_10_year_cat ~ HSS_Continuous * hss_reference_share + log_team_size + log_prior_knowledge + C(year) + C(arxiv_primary_category),C(arxiv_primary_category)[T.physics.soc-ph],0.1536958808786597,0.22527710362994796,0.6822525609665537,0.4950792642555081,-0.28783912877753576,0.5952308905348551,14643.0,0.0742414548080057,0.06639874518209388,9811.64029883001,10753.013291714862
M35_Hit10YearCat_HSSRefShare_Moderation,integration_base,Hit_Rate_10_year_cat,hss_reference_share,Hit_Rate_10_year_cat ~ HSS_Continuous * hss_reference_share + log_team_size + log_prior_knowledge + C(year) + C(arxiv_primary_category),C(arxiv_primary_category)[T.physics.space-ph],-0.005857939296456671,0.17162652977887655,-0.034131898512450465,0.9727719719628063,-0.34223975645464577,0.33052387786173243,14643.0,0.0742414548080057,0.06639874518209388,9811.64029883001,10753.013291714862
M35_Hit10YearCat_HSSRefShare_Moderation,integration_base,Hit_Rate_10_year_cat,hss_reference_share,Hit_Rate_10_year_cat ~ HSS_Continuous * hss_reference_share + log_team_size + log_prior_knowledge + C(year) + C(arxiv_primary_category),C(arxiv_primary_category)[T.q-bio.BM],-0.058822459398910766,0.18462864646538207,-0.318598768528263,0.7500307873915795,-0.420687956985438,0.3030430381876164,14643.0,0.0742414548080057,0.06639874518209388,9811.64029883001,10753.013291714862
M35_Hit10YearCat_HSSRefShare_Moderation,integration_base,Hit_Rate_10_year_cat,hss_reference_share,Hit_Rate_10_year_cat ~ HSS_Continuous * hss_reference_share + log_team_size + log_prior_knowledge + C(year) + C(arxiv_primary_category),C(arxiv_primary_category)[T.q-bio.GN],0.12303888296953465,0.23647671459833602,0.5203002045191658,0.6028543533734683,-0.3404469608255612,0.5865247267646305,14643.0,0.0742414548080057,0.06639874518209388,9811.64029883001,10753.013291714862
M35_Hit10YearCat_HSSRefShare_Moderation,integration_base,Hit_Rate_10_year_cat,hss_reference_share,Hit_Rate_10_year_cat ~ HSS_Continuous * hss_reference_share + log_team_size + log_prior_knowledge + C(year) + C(arxiv_primary_category),C(arxiv_primary_category)[T.q-bio.MN],0.7303882656113804,0.15996353956318848,4.5659671422990975,4.971966483501466e-06,0.4168654892279829,1.043911041994778,14643.0,0.0742414548080057,0.06639874518209388,9811.64029883001,10753.013291714862
M35_Hit10YearCat_HSSRefShare_Moderation,integration_base,Hit_Rate_10_year_cat,hss_reference_share,Hit_Rate_10_year_cat ~ HSS_Continuous * hss_reference_share + log_team_size + log_prior_knowledge + C(year) + C(arxiv_primary_category),C(arxiv_primary_category)[T.q-bio.NC],-0.13470791014065026,0.16582645296189474,-0.8123427097099205,0.4165950098571818,-0.45972178562998933,0.19030596534868882,14643.0,0.0742414548080057,0.06639874518209388,9811.64029883001,10753.013291714862
M35_Hit10YearCat_HSSRefShare_Moderation,integration_base,Hit_Rate_10_year_cat,hss_reference_share,Hit_Rate_10_year_cat ~ HSS_Continuous * hss_reference_share + log_team_size + log_prior_knowledge + C(year) + C(arxiv_primary_category),C(arxiv_primary_category)[T.q-bio.OT],0.7325704661908872,0.16738374434596157,4.376592655716641,1.2054895962162806e-05,0.4045043556753426,1.0606365767064316,14643.0,0.0742414548080057,0.06639874518209388,9811.64029883001,10753.013291714862
M35_Hit10YearCat_HSSRefShare_Moderation,integration_base,Hit_Rate_10_year_cat,hss_reference_share,Hit_Rate_10_year_cat ~ HSS_Continuous * hss_reference_share + log_team_size + log_prior_knowledge + C(year) + C(arxiv_primary_category),C(arxiv_primary_category)[T.q-bio.PE],0.327333611222045,0.283871802945209,1.1531036468783227,0.24886784495691983,-0.22904489877701578,0.8837121212211059,14643.0,0.0742414548080057,0.06639874518209388,9811.64029883001,10753.013291714862
M35_Hit10YearCat_HSSRefShare_Moderation,integration_base,Hit_Rate_10_year_cat,hss_reference_share,Hit_Rate_10_year_cat ~ HSS_Continuous * hss_reference_share + log_team_size + log_prior_knowledge + C(year) + C(arxiv_primary_category),C(arxiv_primary_category)[T.q-bio.QM],-0.15319865256443455,0.17572103112598336,-0.871828782148442,0.3833017903177821,-0.4976055448976038,0.1912082397687347,14643.0,0.0742414548080057,0.06639874518209388,9811.64029883001,10753.013291714862
M35_Hit10YearCat_HSSRefShare_Moderation,integration_base,Hit_Rate_10_year_cat,hss_reference_share,Hit_Rate_10_year_cat ~ HSS_Continuous * hss_reference_share + log_team_size + log_prior_knowledge + C(year) + C(arxiv_primary_category),C(arxiv_primary_category)[T.q-bio.TO],0.7235224881672352,0.15869028651572628,4.559336957876964,5.131537849687899e-06,0.4124952419000695,1.034549734434401,14643.0,0.0742414548080057,0.06639874518209388,9811.64029883001,10753.013291714862
M35_Hit10YearCat_HSSRefShare_Moderation,integration_base,Hit_Rate_10_year_cat,hss_reference_share,Hit_Rate_10_year_cat ~ HSS_Continuous * hss_reference_share + log_team_size + log_prior_knowledge + C(year) + C(arxiv_primary_category),C(arxiv_primary_category)[T.q-fin.CP],-0.06869381535193356,0.2115957388452553,-0.324646496790613,0.7454486323075584,-0.4834138427707768,0.34602621206690964,14643.0,0.0742414548080057,0.06639874518209388,9811.64029883001,10753.013291714862
M35_Hit10YearCat_HSSRefShare_Moderation,integration_base,Hit_Rate_10_year_cat,hss_reference_share,Hit_Rate_10_year_cat ~ HSS_Continuous * hss_reference_share + log_team_size + log_prior_knowledge + C(year) + C(arxiv_primary_category),C(arxiv_primary_category)[T.q-fin.GN],0.7610941933075656,0.16116188224830996,4.722544702815711,2.329118731533964e-06,0.44522270842019296,1.0769656781949382,14643.0,0.0742414548080057,0.06639874518209388,9811.64029883001,10753.013291714862
M35_Hit10YearCat_HSSRefShare_Moderation,integration_base,Hit_Rate_10_year_cat,hss_reference_share,Hit_Rate_10_year_cat ~ HSS_Continuous * hss_reference_share + log_team_size + log_prior_knowledge + C(year) + C(arxiv_primary_category),C(arxiv_primary_category)[T.q-fin.MF],-0.28943538949018294,0.16527872522622236,-1.7511956792625507,0.07991220948032209,-0.6133757383442704,0.034504959363904575,14643.0,0.0742414548080057,0.06639874518209388,9811.64029883001,10753.013291714862
M35_Hit10YearCat_HSSRefShare_Moderation,integration_base,Hit_Rate_10_year_cat,hss_reference_share,Hit_Rate_10_year_cat ~ HSS_Continuous * hss_reference_share + log_team_size + log_prior_knowledge + C(year) + C(arxiv_primary_category),C(arxiv_primary_category)[T.q-fin.PM],0.6747388079616227,0.17359952866841705,3.8867548382023798,0.00010159326553538823,0.33448998403839664,1.0149876318848488,14643.0,0.0742414548080057,0.06639874518209388,9811.64029883001,10753.013291714862
M35_Hit10YearCat_HSSRefShare_Moderation,integration_base,Hit_Rate_10_year_cat,hss_reference_share,Hit_Rate_10_year_cat ~ HSS_Continuous * hss_reference_share + log_team_size + log_prior_knowledge + C(year) + C(arxiv_primary_category),C(arxiv_primary_category)[T.q-fin.ST],0.19903740006514056,0.22152761381341834,0.8984767029214689,0.36893146009127065,-0.23514874459025717,0.6332235447205383,14643.0,0.0742414548080057,0.06639874518209388,9811.64029883001,10753.013291714862
M35_Hit10YearCat_HSSRefShare_Moderation,integration_base,Hit_Rate_10_year_cat,hss_reference_share,Hit_Rate_10_year_cat ~ HSS_Continuous * hss_reference_share + log_team_size + log_prior_knowledge + C(year) + C(arxiv_primary_category),C(arxiv_primary_category)[T.q-fin.TR],0.710069262721978,0.17842644661667018,3.979618919651999,6.902582538077745e-05,0.3603598534638459,1.05977867198011,14643.0,0.0742414548080057,0.06639874518209388,9811.64029883001,10753.013291714862
M35_Hit10YearCat_HSSRefShare_Moderation,integration_base,Hit_Rate_10_year_cat,hss_reference_share,Hit_Rate_10_year_cat ~ HSS_Continuous * hss_reference_share + log_team_size + log_prior_knowledge + C(year) + C(arxiv_primary_category),C(arxiv_primary_category)[T.quant-ph],-0.09658773486196073,0.1652017655710944,-0.5846652699386212,0.5587728108463863,-0.4203772455637348,0.22720177583981335,14643.0,0.0742414548080057,0.06639874518209388,9811.64029883001,10753.013291714862
M35_Hit10YearCat_HSSRefShare_Moderation,integration_base,Hit_Rate_10_year_cat,hss_reference_share,Hit_Rate_10_year_cat ~ HSS_Continuous * hss_reference_share + log_team_size + log_prior_knowledge + C(year) + C(arxiv_primary_category),C(arxiv_primary_category)[T.stat.AP],0.3748222545161617,0.2180990738211586,1.7185870987398884,0.08568958247559731,-0.052644075234851706,0.8022885842671751,14643.0,0.0742414548080057,0.06639874518209388,9811.64029883001,10753.013291714862
M35_Hit10YearCat_HSSRefShare_Moderation,integration_base,Hit_Rate_10_year_cat,hss_reference_share,Hit_Rate_10_year_cat ~ HSS_Continuous * hss_reference_share + log_team_size + log_prior_knowledge + C(year) + C(arxiv_primary_category),C(arxiv_primary_category)[T.stat.CO],-0.2514746871362939,0.15976193272347805,-1.5740588690270525,0.11547384032868607,-0.5646023213748219,0.06165294710223418,14643.0,0.0742414548080057,0.06639874518209388,9811.64029883001,10753.013291714862
M35_Hit10YearCat_HSSRefShare_Moderation,integration_base,Hit_Rate_10_year_cat,hss_reference_share,Hit_Rate_10_year_cat ~ HSS_Continuous * hss_reference_share + log_team_size + log_prior_knowledge + C(year) + C(arxiv_primary_category),C(arxiv_primary_category)[T.stat.ME],0.21982881018912703,0.22665347457397506,0.969889434090186,0.3321016072467081,-0.22440383694672894,0.664061457324983,14643.0,0.0742414548080057,0.06639874518209388,9811.64029883001,10753.013291714862
M35_Hit10YearCat_HSSRefShare_Moderation,integration_base,Hit_Rate_10_year_cat,hss_reference_share,Hit_Rate_10_year_cat ~ HSS_Continuous * hss_reference_share + log_team_size + log_prior_knowledge + C(year) + C(arxiv_primary_category),C(arxiv_primary_category)[T.stat.ML],-0.19878696428926446,0.15970652099215304,-1.2447016130232502,0.21324145283960683,-0.5118059935300745,0.11423206495154559,14643.0,0.0742414548080057,0.06639874518209388,9811.64029883001,10753.013291714862
M35_Hit10YearCat_HSSRefShare_Moderation,integration_base,Hit_Rate_10_year_cat,hss_reference_share,Hit_Rate_10_year_cat ~ HSS_Continuous * hss_reference_share + log_team_size + log_prior_knowledge + C(year) + C(arxiv_primary_category),HSS_Continuous,-0.0034726032250386022,0.004496623641543104,-0.7722690404765364,0.43995509795999144,-0.012285823614494432,0.005340617164417229,14643.0,0.0742414548080057,0.06639874518209388,9811.64029883001,10753.013291714862
M35_Hit10YearCat_HSSRefShare_Moderation,integration_base,Hit_Rate_10_year_cat,hss_reference_share,Hit_Rate_10_year_cat ~ HSS_Continuous * hss_reference_share + log_team_size + log_prior_knowledge + C(year) + C(arxiv_primary_category),hss_reference_share,-0.06018367037541838,0.037183239580196786,-1.6185698463850704,0.10553984733641106,-0.1330614807811283,0.01269414003029156,14643.0,0.0742414548080057,0.06639874518209388,9811.64029883001,10753.013291714862
M35_Hit10YearCat_HSSRefShare_Moderation,integration_base,Hit_Rate_10_year_cat,hss_reference_share,Hit_Rate_10_year_cat ~ HSS_Continuous * hss_reference_share + log_team_size + log_prior_knowledge + C(year) + C(arxiv_primary_category),HSS_Continuous:hss_reference_share,0.021074947601192693,0.013287120427205111,1.5861185060114427,0.1127124296167866,-0.004967329894375781,0.04711722509676117,14643.0,0.0742414548080057,0.06639874518209388,9811.64029883001,10753.013291714862
M35_Hit10YearCat_HSSRefShare_Moderation,integration_base,Hit_Rate_10_year_cat,hss_reference_share,Hit_Rate_10_year_cat ~ HSS_Continuous * hss_reference_share + log_team_size + log_prior_knowledge + C(year) + C(arxiv_primary_category),log_team_size,0.05248742122492407,0.009885842507001941,5.309352357955157,1.1001546143138622e-07,0.03311152595436511,0.07186331649548303,14643.0,0.0742414548080057,0.06639874518209388,9811.64029883001,10753.013291714862
M35_Hit10YearCat_HSSRefShare_Moderation,integration_base,Hit_Rate_10_year_cat,hss_reference_share,Hit_Rate_10_year_cat ~ HSS_Continuous * hss_reference_share + log_team_size + log_prior_knowledge + C(year) + C(arxiv_primary_category),log_prior_knowledge,0.02519458235464895,0.003040077100849995,8.287481375917944,1.1567170622259944e-16,0.019236140726758017,0.03115302398253988,14643.0,0.0742414548080057,0.06639874518209388,9811.64029883001,10753.013291714862
M35_Hit10YearCat_CSCoreRefShare_Moderation,integration_base,Hit_Rate_10_year_cat,cs_core_reference_share,Hit_Rate_10_year_cat ~ HSS_Continuous * cs_core_reference_share + log_team_size + log_prior_knowledge + C(year) + C(arxiv_primary_category),Intercept,0.42507791115557914,0.1842210128219976,2.307434448676645,0.02103061264813446,0.06401136082897235,0.786144461482186,14643.0,0.07501213705778853,0.06717595638819074,9799.445110136126,10740.818103020978
M35_Hit10YearCat_CSCoreRefShare_Moderation,integration_base,Hit_Rate_10_year_cat,cs_core_reference_share,Hit_Rate_10_year_cat ~ HSS_Continuous * cs_core_reference_share + log_team_size + log_prior_knowledge + C(year) + C(arxiv_primary_category),C(year)[T.2015],-0.2263118455757393,0.1030605522789002,-2.195911438193143,0.028098282876197048,-0.4283068162691911,-0.024316874882287537,14643.0,0.07501213705778853,0.06717595638819074,9799.445110136126,10740.818103020978
M35_Hit10YearCat_CSCoreRefShare_Moderation,integration_base,Hit_Rate_10_year_cat,cs_core_reference_share,Hit_Rate_10_year_cat ~ HSS_Continuous * cs_core_reference_share + log_team_size + log_prior_knowledge + C(year) + C(arxiv_primary_category),C(year)[T.2016],-0.2709384116857024,0.09251596849078578,-2.92855834625659,0.00340537912684738,-0.4522663779224849,-0.0896104454489198,14643.0,0.07501213705778853,0.06717595638819074,9799.445110136126,10740.818103020978
M35_Hit10YearCat_CSCoreRefShare_Moderation,integration_base,Hit_Rate_10_year_cat,cs_core_reference_share,Hit_Rate_10_year_cat ~ HSS_Continuous * cs_core_reference_share + log_team_size + log_prior_knowledge + C(year) + C(arxiv_primary_category),C(year)[T.2017],-0.2833772110455108,0.09040673542985639,-3.134470122144537,0.0017216478535885902,-0.4605711564478706,-0.10618326564315098,14643.0,0.07501213705778853,0.06717595638819074,9799.445110136126,10740.818103020978
M35_Hit10YearCat_CSCoreRefShare_Moderation,integration_base,Hit_Rate_10_year_cat,cs_core_reference_share,Hit_Rate_10_year_cat ~ HSS_Continuous * cs_core_reference_share + log_team_size + log_prior_knowledge + C(year) + C(arxiv_primary_category),C(year)[T.2018],-0.29595097803570347,0.09004390901456791,-3.2867406721294445,0.001013541238165085,-0.4724337967314581,-0.11946815933994887,14643.0,0.07501213705778853,0.06717595638819074,9799.445110136126,10740.818103020978
M35_Hit10YearCat_CSCoreRefShare_Moderation,integration_base,Hit_Rate_10_year_cat,cs_core_reference_share,Hit_Rate_10_year_cat ~ HSS_Continuous * cs_core_reference_share + log_team_size + log_prior_knowledge + C(year) + C(arxiv_primary_category),C(year)[T.2019],-0.30556356726716133,0.0899253943744428,-3.3979674973102356,0.0006788848526646552,-0.48181410153663,-0.12931303299769265,14643.0,0.07501213705778853,0.06717595638819074,9799.445110136126,10740.818103020978
M35_Hit10YearCat_CSCoreRefShare_Moderation,integration_base,Hit_Rate_10_year_cat,cs_core_reference_share,Hit_Rate_10_year_cat ~ HSS_Continuous * cs_core_reference_share + log_team_size + log_prior_knowledge + C(year) + C(arxiv_primary_category),C(year)[T.2020],-0.2964759552523455,0.0898930531119546,-3.2980964044363743,0.0009734270718745943,-0.47266310181212273,-0.12028880869256825,14643.0,0.07501213705778853,0.06717595638819074,9799.445110136126,10740.818103020978
M35_Hit10YearCat_CSCoreRefShare_Moderation,integration_base,Hit_Rate_10_year_cat,cs_core_reference_share,Hit_Rate_10_year_cat ~ HSS_Continuous * cs_core_reference_share + log_team_size + log_prior_knowledge + C(year) + C(arxiv_primary_category),C(year)[T.2021],-0.2903008710776595,0.0898692304500306,-3.2302587840570594,0.0012367821740523579,-0.46644132607804983,-0.11416041607726918,14643.0,0.07501213705778853,0.06717595638819074,9799.445110136126,10740.818103020978
M35_Hit10YearCat_CSCoreRefShare_Moderation,integration_base,Hit_Rate_10_year_cat,cs_core_reference_share,Hit_Rate_10_year_cat ~ HSS_Continuous * cs_core_reference_share + log_team_size + log_prior_knowledge + C(year) + C(arxiv_primary_category),C(year)[T.2022],-0.16770800385415457,0.10877328418160945,-1.5418124506946658,0.12311917560049039,-0.38089972333024946,0.04548371562194031,14643.0,0.07501213705778853,0.06717595638819074,9799.445110136126,10740.818103020978
M35_Hit10YearCat_CSCoreRefShare_Moderation,integration_base,Hit_Rate_10_year_cat,cs_core_reference_share,Hit_Rate_10_year_cat ~ HSS_Continuous * cs_core_reference_share + log_team_size + log_prior_knowledge + C(year) + C(arxiv_primary_category),C(year)[T.2023],-0.3092577103208578,0.092705289823379,-3.3359230191723888,0.0008501670176255189,-0.49095673955102825,-0.12755868109068738,14643.0,0.07501213705778853,0.06717595638819074,9799.445110136126,10740.818103020978
M35_Hit10YearCat_CSCoreRefShare_Moderation,integration_base,Hit_Rate_10_year_cat,cs_core_reference_share,Hit_Rate_10_year_cat ~ HSS_Continuous * cs_core_reference_share + log_team_size + log_prior_knowledge + C(year) + C(arxiv_primary_category),C(year)[T.2024],-0.024774420279761677,0.129148020838575,-0.1918296549873403,0.8478756410113979,-0.27789988979799707,0.2283510492384737,14643.0,0.07501213705778853,0.06717595638819074,9799.445110136126,10740.818103020978
M35_Hit10YearCat_CSCoreRefShare_Moderation,integration_base,Hit_Rate_10_year_cat,cs_core_reference_share,Hit_Rate_10_year_cat ~ HSS_Continuous * cs_core_reference_share + log_team_size + log_prior_knowledge + C(year) + C(arxiv_primary_category),C(year)[T.2025],0.4601097145162942,0.1114116671014004,4.129816261500954,3.630532665777877e-05,0.2417468595399834,0.6784725694926049,14643.0,0.07501213705778853,0.06717595638819074,9799.445110136126,10740.818103020978
M35_Hit10YearCat_CSCoreRefShare_Moderation,integration_base,Hit_Rate_10_year_cat,cs_core_reference_share,Hit_Rate_10_year_cat ~ HSS_Continuous * cs_core_reference_share + log_team_size + log_prior_knowledge + C(year) + C(arxiv_primary_category),C(arxiv_primary_category)[T.astro-ph.GA],0.16120701960838713,0.28046807702996535,0.574778496417486,0.5654411116027531,-0.3885003101835506,0.7109143494003248,14643.0,0.07501213705778853,0.06717595638819074,9799.445110136126,10740.818103020978
M35_Hit10YearCat_CSCoreRefShare_Moderation,integration_base,Hit_Rate_10_year_cat,cs_core_reference_share,Hit_Rate_10_year_cat ~ HSS_Continuous * cs_core_reference_share + log_team_size + log_prior_knowledge + C(year) + C(arxiv_primary_category),C(arxiv_primary_category)[T.astro-ph.HE],0.6950102318983813,0.1608316628544062,4.32135202461684,1.550760355700571e-05,0.3797859651300567,1.0102344986667058,14643.0,0.07501213705778853,0.06717595638819074,9799.445110136126,10740.818103020978
M35_Hit10YearCat_CSCoreRefShare_Moderation,integration_base,Hit_Rate_10_year_cat,cs_core_reference_share,Hit_Rate_10_year_cat ~ HSS_Continuous * cs_core_reference_share + log_team_size + log_prior_knowledge + C(year) + C(arxiv_primary_category),C(arxiv_primary_category)[T.astro-ph.IM],-0.010392761830833402,0.19305255325266527,-0.05383384811922927,0.9570675417106326,-0.38876881332955815,0.3679832896678914,14643.0,0.07501213705778853,0.06717595638819074,9799.445110136126,10740.818103020978
M35_Hit10YearCat_CSCoreRefShare_Moderation,integration_base,Hit_Rate_10_year_cat,cs_core_reference_share,Hit_Rate_10_year_cat ~ HSS_Continuous * cs_core_reference_share + log_team_size + log_prior_knowledge + C(year) + C(arxiv_primary_category),C(arxiv_primary_category)[T.astro-ph.SR],0.6540364118599706,0.16109276005522802,4.059998795946789,4.907296898992852e-05,0.3383004039815711,0.9697724197383701,14643.0,0.07501213705778853,0.06717595638819074,9799.445110136126,10740.818103020978
M35_Hit10YearCat_CSCoreRefShare_Moderation,integration_base,Hit_Rate_10_year_cat,cs_core_reference_share,Hit_Rate_10_year_cat ~ HSS_Continuous * cs_core_reference_share + log_team_size + log_prior_knowledge + C(year) + C(arxiv_primary_category),C(arxiv_primary_category)[T.cond-mat.dis-nn],0.12262260926870336,0.2500373206426031,0.4904172263306923,0.623838689346629,-0.3674415339816921,0.6126867525190988,14643.0,0.07501213705778853,0.06717595638819074,9799.445110136126,10740.818103020978
M35_Hit10YearCat_CSCoreRefShare_Moderation,integration_base,Hit_Rate_10_year_cat,cs_core_reference_share,Hit_Rate_10_year_cat ~ HSS_Continuous * cs_core_reference_share + log_team_size + log_prior_knowledge + C(year) + C(arxiv_primary_category),C(arxiv_primary_category)[T.cond-mat.mes-hall],0.7114053438268719,0.16094361170407834,4.420214858449364,9.860281436755115e-06,0.39596166134507926,1.0268490263086645,14643.0,0.07501213705778853,0.06717595638819074,9799.445110136126,10740.818103020978
M35_Hit10YearCat_CSCoreRefShare_Moderation,integration_base,Hit_Rate_10_year_cat,cs_core_reference_share,Hit_Rate_10_year_cat ~ HSS_Continuous * cs_core_reference_share + log_team_size + log_prior_knowledge + C(year) + C(arxiv_primary_category),C(arxiv_primary_category)[T.cond-mat.mtrl-sci],-0.09674439969543103,0.2060826552597039,-0.46944464867028435,0.6387518404495942,-0.5006589818428346,0.3071701824519726,14643.0,0.07501213705778853,0.06717595638819074,9799.445110136126,10740.818103020978
M35_Hit10YearCat_CSCoreRefShare_Moderation,integration_base,Hit_Rate_10_year_cat,cs_core_reference_share,Hit_Rate_10_year_cat ~ HSS_Continuous * cs_core_reference_share + log_team_size + log_prior_knowledge + C(year) + C(arxiv_primary_category),C(arxiv_primary_category)[T.cond-mat.other],0.7973559579394651,0.16061633417987028,4.964351614740041,6.893096358127545e-07,0.4825537276180697,1.1121581882608607,14643.0,0.07501213705778853,0.06717595638819074,9799.445110136126,10740.818103020978
M35_Hit10YearCat_CSCoreRefShare_Moderation,integration_base,Hit_Rate_10_year_cat,cs_core_reference_share,Hit_Rate_10_year_cat ~ HSS_Continuous * cs_core_reference_share + log_team_size + log_prior_knowledge + C(year) + C(arxiv_primary_category),C(arxiv_primary_category)[T.cond-mat.soft],0.7235904337201987,0.16088127023680765,4.497667333525628,6.870308406213994e-06,0.40826893826899996,1.0389119291713975,14643.0,0.07501213705778853,0.06717595638819074,9799.445110136126,10740.818103020978
M35_Hit10YearCat_CSCoreRefShare_Moderation,integration_base,Hit_Rate_10_year_cat,cs_core_reference_share,Hit_Rate_10_year_cat ~ HSS_Continuous * cs_core_reference_share + log_team_size + log_prior_knowledge + C(year) + C(arxiv_primary_category),C(arxiv_primary_category)[T.cond-mat.stat-mech],-0.02851582284344662,0.26565834305691066,-0.1073402119252766,0.914519084306253,-0.5491966074275779,0.49216496174068464,14643.0,0.07501213705778853,0.06717595638819074,9799.445110136126,10740.818103020978
M35_Hit10YearCat_CSCoreRefShare_Moderation,integration_base,Hit_Rate_10_year_cat,cs_core_reference_share,Hit_Rate_10_year_cat ~ HSS_Continuous * cs_core_reference_share + log_team_size + log_prior_knowledge + C(year) + C(arxiv_primary_category),C(arxiv_primary_category)[T.cond-mat.str-el],0.7052344245984814,0.1606515213395255,4.389839689771868,1.1343425400337562e-05,0.39036322871144347,1.0201056204855194,14643.0,0.07501213705778853,0.06717595638819074,9799.445110136126,10740.818103020978
M35_Hit10YearCat_CSCoreRefShare_Moderation,integration_base,Hit_Rate_10_year_cat,cs_core_reference_share,Hit_Rate_10_year_cat ~ HSS_Continuous * cs_core_reference_share + log_team_size + log_prior_knowledge + C(year) + C(arxiv_primary_category),C(arxiv_primary_category)[T.cs.AI],-0.20263324702901128,0.16251396976485596,-1.2468666375094064,0.21244640152268968,-0.5211547747527603,0.1158882806947377,14643.0,0.07501213705778853,0.06717595638819074,9799.445110136126,10740.818103020978
M35_Hit10YearCat_CSCoreRefShare_Moderation,integration_base,Hit_Rate_10_year_cat,cs_core_reference_share,Hit_Rate_10_year_cat ~ HSS_Continuous * cs_core_reference_share + log_team_size + log_prior_knowledge + C(year) + C(arxiv_primary_category),C(arxiv_primary_category)[T.cs.AR],-0.14182568009743285,0.1814056052121195,-0.7818153134330915,0.4343231201294343,-0.49737413290687854,0.21372277271201284,14643.0,0.07501213705778853,0.06717595638819074,9799.445110136126,10740.818103020978
M35_Hit10YearCat_CSCoreRefShare_Moderation,integration_base,Hit_Rate_10_year_cat,cs_core_reference_share,Hit_Rate_10_year_cat ~ HSS_Continuous * cs_core_reference_share + log_team_size + log_prior_knowledge + C(year) + C(arxiv_primary_category),C(arxiv_primary_category)[T.cs.CC],0.1925101675536443,0.30193301957204877,0.6375922972138083,0.5237391111429706,-0.39926767655099854,0.7842880116582871,14643.0,0.07501213705778853,0.06717595638819074,9799.445110136126,10740.818103020978
M35_Hit10YearCat_CSCoreRefShare_Moderation,integration_base,Hit_Rate_10_year_cat,cs_core_reference_share,Hit_Rate_10_year_cat ~ HSS_Continuous * cs_core_reference_share + log_team_size + log_prior_knowledge + C(year) + C(arxiv_primary_category),C(arxiv_primary_category)[T.cs.CE],0.045095302910962705,0.19732786199037777,0.2285298307907561,0.819234367998093,-0.341660199736468,0.4318508055583934,14643.0,0.07501213705778853,0.06717595638819074,9799.445110136126,10740.818103020978
M35_Hit10YearCat_CSCoreRefShare_Moderation,integration_base,Hit_Rate_10_year_cat,cs_core_reference_share,Hit_Rate_10_year_cat ~ HSS_Continuous * cs_core_reference_share + log_team_size + log_prior_knowledge + C(year) + C(arxiv_primary_category),C(arxiv_primary_category)[T.cs.CG],0.46477809943303705,0.2389090983340341,1.9454181639545642,0.05172467036184131,-0.003475128880608025,0.9330313277466822,14643.0,0.07501213705778853,0.06717595638819074,9799.445110136126,10740.818103020978
M35_Hit10YearCat_CSCoreRefShare_Moderation,integration_base,Hit_Rate_10_year_cat,cs_core_reference_share,Hit_Rate_10_year_cat ~ HSS_Continuous * cs_core_reference_share + log_team_size + log_prior_knowledge + C(year) + C(arxiv_primary_category),C(arxiv_primary_category)[T.cs.CL],-0.2588744601422296,0.16086153538007228,-1.6092999456369683,0.1075507709819059,-0.5741572759849869,0.05640835570052777,14643.0,0.07501213705778853,0.06717595638819074,9799.445110136126,10740.818103020978
M35_Hit10YearCat_CSCoreRefShare_Moderation,integration_base,Hit_Rate_10_year_cat,cs_core_reference_share,Hit_Rate_10_year_cat ~ HSS_Continuous * cs_core_reference_share + log_team_size + log_prior_knowledge + C(year) + C(arxiv_primary_category),C(arxiv_primary_category)[T.cs.CR],-0.18419242554636936,0.1635498894312365,-1.1262155308506758,0.26007430122324116,-0.5047443185071009,0.1363594674143622,14643.0,0.07501213705778853,0.06717595638819074,9799.445110136126,10740.818103020978
M35_Hit10YearCat_CSCoreRefShare_Moderation,integration_base,Hit_Rate_10_year_cat,cs_core_reference_share,Hit_Rate_10_year_cat ~ HSS_Continuous * cs_core_reference_share + log_team_size + log_prior_knowledge + C(year) + C(arxiv_primary_category),C(arxiv_primary_category)[T.cs.CV],-0.24691846392707173,0.16081308745382022,-1.5354376178989655,0.12467636935676711,-0.5621063235792494,0.06826939572510593,14643.0,0.07501213705778853,0.06717595638819074,9799.445110136126,10740.818103020978
M35_Hit10YearCat_CSCoreRefShare_Moderation,integration_base,Hit_Rate_10_year_cat,cs_core_reference_share,Hit_Rate_10_year_cat ~ HSS_Continuous * cs_core_reference_share + log_team_size + log_prior_knowledge + C(year) + C(arxiv_primary_category),C(arxiv_primary_category)[T.cs.CY],-0.1837051916877554,0.17319148537906823,-1.0607056766426801,0.28882367938316056,-0.5231542654597245,0.1557438820842137,14643.0,0.07501213705778853,0.06717595638819074,9799.445110136126,10740.818103020978
M35_Hit10YearCat_CSCoreRefShare_Moderation,integration_base,Hit_Rate_10_year_cat,cs_core_reference_share,Hit_Rate_10_year_cat ~ HSS_Continuous * cs_core_reference_share + log_team_size + log_prior_knowledge + C(year) + C(arxiv_primary_category),C(arxiv_primary_category)[T.cs.DB],-0.005074421145371972,0.2137168154394773,-0.023743668157029055,0.9810570736603721,-0.42395168229734126,0.4138028400065973,14643.0,0.07501213705778853,0.06717595638819074,9799.445110136126,10740.818103020978
M35_Hit10YearCat_CSCoreRefShare_Moderation,integration_base,Hit_Rate_10_year_cat,cs_core_reference_share,Hit_Rate_10_year_cat ~ HSS_Continuous * cs_core_reference_share + log_team_size + log_prior_knowledge + C(year) + C(arxiv_primary_category),C(arxiv_primary_category)[T.cs.DC],-0.13874297167617067,0.17547154185521216,-0.7906864566714326,0.42912698115709047,-0.4826608740240992,0.20517493067175785,14643.0,0.07501213705778853,0.06717595638819074,9799.445110136126,10740.818103020978
M35_Hit10YearCat_CSCoreRefShare_Moderation,integration_base,Hit_Rate_10_year_cat,cs_core_reference_share,Hit_Rate_10_year_cat ~ HSS_Continuous * cs_core_reference_share + log_team_size + log_prior_knowledge + C(year) + C(arxiv_primary_category),C(arxiv_primary_category)[T.cs.DL],0.4244204054773389,0.26055009523973083,1.6289397441472122,0.1033257753990472,-0.08624839736101447,0.9350892083156923,14643.0,0.07501213705778853,0.06717595638819074,9799.445110136126,10740.818103020978
M35_Hit10YearCat_CSCoreRefShare_Moderation,integration_base,Hit_Rate_10_year_cat,cs_core_reference_share,Hit_Rate_10_year_cat ~ HSS_Continuous * cs_core_reference_share + log_team_size + log_prior_knowledge + C(year) + C(arxiv_primary_category),C(arxiv_primary_category)[T.cs.DM],0.7492566889246413,0.16078919833882926,4.659869547615637,3.1640985013730755e-06,0.4341156510774684,1.064397726771814,14643.0,0.07501213705778853,0.06717595638819074,9799.445110136126,10740.818103020978
M35_Hit10YearCat_CSCoreRefShare_Moderation,integration_base,Hit_Rate_10_year_cat,cs_core_reference_share,Hit_Rate_10_year_cat ~ HSS_Continuous * cs_core_reference_share + log_team_size + log_prior_knowledge + C(year) + C(arxiv_primary_category),C(arxiv_primary_category)[T.cs.DS],0.03433979048024351,0.18910992917580674,0.18158639596506534,0.8559073257973143,-0.3363088598232581,0.4049884407837451,14643.0,0.07501213705778853,0.06717595638819074,9799.445110136126,10740.818103020978
M35_Hit10YearCat_CSCoreRefShare_Moderation,integration_base,Hit_Rate_10_year_cat,cs_core_reference_share,Hit_Rate_10_year_cat ~ HSS_Continuous * cs_core_reference_share + log_team_size + log_prior_knowledge + C(year) + C(arxiv_primary_category),C(arxiv_primary_category)[T.cs.ET],0.023659692867928513,0.22023349267389303,0.10743003973043373,0.9144478241447869,-0.40799002096236764,0.4553094066982247,14643.0,0.07501213705778853,0.06717595638819074,9799.445110136126,10740.818103020978
M35_Hit10YearCat_CSCoreRefShare_Moderation,integration_base,Hit_Rate_10_year_cat,cs_core_reference_share,Hit_Rate_10_year_cat ~ HSS_Continuous * cs_core_reference_share + log_team_size + log_prior_knowledge + C(year) + C(arxiv_primary_category),C(arxiv_primary_category)[T.cs.FL],0.701754142313982,0.16118009921222062,4.353851038334485,1.3376661913220771e-05,0.3858469528334369,1.0176613317945271,14643.0,0.07501213705778853,0.06717595638819074,9799.445110136126,10740.818103020978
M35_Hit10YearCat_CSCoreRefShare_Moderation,integration_base,Hit_Rate_10_year_cat,cs_core_reference_share,Hit_Rate_10_year_cat ~ HSS_Continuous * cs_core_reference_share + log_team_size + log_prior_knowledge + C(year) + C(arxiv_primary_category),C(arxiv_primary_category)[T.cs.GR],-0.15914505168747856,0.172170124739366,-0.9243476586219298,0.3553053367914354,-0.49659229539040445,0.17830219201544734,14643.0,0.07501213705778853,0.06717595638819074,9799.445110136126,10740.818103020978
M35_Hit10YearCat_CSCoreRefShare_Moderation,integration_base,Hit_Rate_10_year_cat,cs_core_reference_share,Hit_Rate_10_year_cat ~ HSS_Continuous * cs_core_reference_share + log_team_size + log_prior_knowledge + C(year) + C(arxiv_primary_category),C(arxiv_primary_category)[T.cs.GT],0.46230465660686637,0.24183667799061145,1.9116399565528843,0.05592239062329581,-0.011686522395542465,0.9362958356092752,14643.0,0.07501213705778853,0.06717595638819074,9799.445110136126,10740.818103020978
M35_Hit10YearCat_CSCoreRefShare_Moderation,integration_base,Hit_Rate_10_year_cat,cs_core_reference_share,Hit_Rate_10_year_cat ~ HSS_Continuous * cs_core_reference_share + log_team_size + log_prior_knowledge + C(year) + C(arxiv_primary_category),C(arxiv_primary_category)[T.cs.HC],-0.23316133342676915,0.1667513584034252,-1.398257475436433,0.1620357627780621,-0.5599879902706131,0.09366532341707473,14643.0,0.07501213705778853,0.06717595638819074,9799.445110136126,10740.818103020978
M35_Hit10YearCat_CSCoreRefShare_Moderation,integration_base,Hit_Rate_10_year_cat,cs_core_reference_share,Hit_Rate_10_year_cat ~ HSS_Continuous * cs_core_reference_share + log_team_size + log_prior_knowledge + C(year) + C(arxiv_primary_category),C(arxiv_primary_category)[T.cs.IR],-0.24392450447719619,0.1622108550939127,-1.5037495754274584,0.13264585909536644,-0.5618519383627106,0.07400292940831829,14643.0,0.07501213705778853,0.06717595638819074,9799.445110136126,10740.818103020978
M35_Hit10YearCat_CSCoreRefShare_Moderation,integration_base,Hit_Rate_10_year_cat,cs_core_reference_share,Hit_Rate_10_year_cat ~ HSS_Continuous * cs_core_reference_share + log_team_size + log_prior_knowledge + C(year) + C(arxiv_primary_category),C(arxiv_primary_category)[T.cs.IT],-0.14916512100964607,0.1611892781614272,-0.9254034927823226,0.35475606266731863,-0.46509030090005204,0.1667600588807599,14643.0,0.07501213705778853,0.06717595638819074,9799.445110136126,10740.818103020978
M35_Hit10YearCat_CSCoreRefShare_Moderation,integration_base,Hit_Rate_10_year_cat,cs_core_reference_share,Hit_Rate_10_year_cat ~ HSS_Continuous * cs_core_reference_share + log_team_size + log_prior_knowledge + C(year) + C(arxiv_primary_category),C(arxiv_primary_category)[T.cs.LG],-0.2352562117436689,0.16082510350992132,-1.4628077744663532,0.14351998515458234,-0.5504676224330409,0.07995519894570313,14643.0,0.07501213705778853,0.06717595638819074,9799.445110136126,10740.818103020978
M35_Hit10YearCat_CSCoreRefShare_Moderation,integration_base,Hit_Rate_10_year_cat,cs_core_reference_share,Hit_Rate_10_year_cat ~ HSS_Continuous * cs_core_reference_share + log_team_size + log_prior_knowledge + C(year) + C(arxiv_primary_category),C(arxiv_primary_category)[T.cs.LO],0.07688422345061481,0.21750922139660933,0.3534756961426617,0.7237318459770543,-0.3494260167920884,0.503194463693318,14643.0,0.07501213705778853,0.06717595638819074,9799.445110136126,10740.818103020978
M35_Hit10YearCat_CSCoreRefShare_Moderation,integration_base,Hit_Rate_10_year_cat,cs_core_reference_share,Hit_Rate_10_year_cat ~ HSS_Continuous * cs_core_reference_share + log_team_size + log_prior_knowledge + C(year) + C(arxiv_primary_category),C(arxiv_primary_category)[T.cs.MA],-0.03140066204263928,0.3028058598968894,-0.10369899067782817,0.9174082276601842,-0.624889241748224,0.5620879176629455,14643.0,0.07501213705778853,0.06717595638819074,9799.445110136126,10740.818103020978
M35_Hit10YearCat_CSCoreRefShare_Moderation,integration_base,Hit_Rate_10_year_cat,cs_core_reference_share,Hit_Rate_10_year_cat ~ HSS_Continuous * cs_core_reference_share + log_team_size + log_prior_knowledge + C(year) + C(arxiv_primary_category),C(arxiv_primary_category)[T.cs.MM],-0.14700639533636736,0.17047217422195288,-0.8623483334292825,0.388495862876595,-0.4811257171776324,0.18711292650489766,14643.0,0.07501213705778853,0.06717595638819074,9799.445110136126,10740.818103020978
M35_Hit10YearCat_CSCoreRefShare_Moderation,integration_base,Hit_Rate_10_year_cat,cs_core_reference_share,Hit_Rate_10_year_cat ~ HSS_Continuous * cs_core_reference_share + log_team_size + log_prior_knowledge + C(year) + C(arxiv_primary_category),C(arxiv_primary_category)[T.cs.MS],0.6689170900822717,0.16615433339459665,4.025878088257101,5.676309371906136e-05,0.34326058075360155,0.9945735994109419,14643.0,0.07501213705778853,0.06717595638819074,9799.445110136126,10740.818103020978
M35_Hit10YearCat_CSCoreRefShare_Moderation,integration_base,Hit_Rate_10_year_cat,cs_core_reference_share,Hit_Rate_10_year_cat ~ HSS_Continuous * cs_core_reference_share + log_team_size + log_prior_knowledge + C(year) + C(arxiv_primary_category),C(arxiv_primary_category)[T.cs.NE],-0.18107114172618333,0.16625534110855308,-1.089114734713735,0.2761032929338483,-0.5069256225363689,0.1447833390840022,14643.0,0.07501213705778853,0.06717595638819074,9799.445110136126,10740.818103020978
M35_Hit10YearCat_CSCoreRefShare_Moderation,integration_base,Hit_Rate_10_year_cat,cs_core_reference_share,Hit_Rate_10_year_cat ~ HSS_Continuous * cs_core_reference_share + log_team_size + log_prior_knowledge + C(year) + C(arxiv_primary_category),C(arxiv_primary_category)[T.cs.NI],-0.14869995053170512,0.16925077086722867,-0.8785776854650491,0.3796302992205868,-0.48042536578711437,0.1830254647237041,14643.0,0.07501213705778853,0.06717595638819074,9799.445110136126,10740.818103020978
M35_Hit10YearCat_CSCoreRefShare_Moderation,integration_base,Hit_Rate_10_year_cat,cs_core_reference_share,Hit_Rate_10_year_cat ~ HSS_Continuous * cs_core_reference_share + log_team_size + log_prior_knowledge + C(year) + C(arxiv_primary_category),C(arxiv_primary_category)[T.cs.OH],0.6428925560369384,0.16194883409215546,3.969726362284933,7.195521962121317e-05,0.32547867387806123,0.9603064381958155,14643.0,0.07501213705778853,0.06717595638819074,9799.445110136126,10740.818103020978
M35_Hit10YearCat_CSCoreRefShare_Moderation,integration_base,Hit_Rate_10_year_cat,cs_core_reference_share,Hit_Rate_10_year_cat ~ HSS_Continuous * cs_core_reference_share + log_team_size + log_prior_knowledge + C(year) + C(arxiv_primary_category),C(arxiv_primary_category)[T.cs.PF],0.625672818298379,0.16115771117798325,3.8823635166137556,0.0001034460793657014,0.3098095085586237,0.9415361280381342,14643.0,0.07501213705778853,0.06717595638819074,9799.445110136126,10740.818103020978
M35_Hit10YearCat_CSCoreRefShare_Moderation,integration_base,Hit_Rate_10_year_cat,cs_core_reference_share,Hit_Rate_10_year_cat ~ HSS_Continuous * cs_core_reference_share + log_team_size + log_prior_knowledge + C(year) + C(arxiv_primary_category),C(arxiv_primary_category)[T.cs.PL],-0.04514955568752744,0.19742479949263328,-0.22869242265185713,0.8191079845829474,-0.43209505234813017,0.3417959409730753,14643.0,0.07501213705778853,0.06717595638819074,9799.445110136126,10740.818103020978
M35_Hit10YearCat_CSCoreRefShare_Moderation,integration_base,Hit_Rate_10_year_cat,cs_core_reference_share,Hit_Rate_10_year_cat ~ HSS_Continuous * cs_core_reference_share + log_team_size + log_prior_knowledge + C(year) + C(arxiv_primary_category),C(arxiv_primary_category)[T.cs.RO],-0.17056016035152902,0.1652071456843282,-1.032401834951069,0.3018839127060753,-0.49436021588147416,0.1532398951784161,14643.0,0.07501213705778853,0.06717595638819074,9799.445110136126,10740.818103020978
M35_Hit10YearCat_CSCoreRefShare_Moderation,integration_base,Hit_Rate_10_year_cat,cs_core_reference_share,Hit_Rate_10_year_cat ~ HSS_Continuous * cs_core_reference_share + log_team_size + log_prior_knowledge + C(year) + C(arxiv_primary_category),C(arxiv_primary_category)[T.cs.SC],0.756155667529327,0.16090082196530267,4.69951401300105,2.6078132883218164e-06,0.4407958513944425,1.0715154836642113,14643.0,0.07501213705778853,0.06717595638819074,9799.445110136126,10740.818103020978
M35_Hit10YearCat_CSCoreRefShare_Moderation,integration_base,Hit_Rate_10_year_cat,cs_core_reference_share,Hit_Rate_10_year_cat ~ HSS_Continuous * cs_core_reference_share + log_team_size + log_prior_knowledge + C(year) + C(arxiv_primary_category),C(arxiv_primary_category)[T.cs.SD],-0.2374812786563085,0.16222324606250288,-1.4639164510665106,0.14321677786362513,-0.5554329983939933,0.08047044108137627,14643.0,0.07501213705778853,0.06717595638819074,9799.445110136126,10740.818103020978
M35_Hit10YearCat_CSCoreRefShare_Moderation,integration_base,Hit_Rate_10_year_cat,cs_core_reference_share,Hit_Rate_10_year_cat ~ HSS_Continuous * cs_core_reference_share + log_team_size + log_prior_knowledge + C(year) + C(arxiv_primary_category),C(arxiv_primary_category)[T.cs.SE],-0.2463807590159144,0.16431155036796946,-1.4994731561119963,0.13375092757716434,-0.5684254799810736,0.07566396194924482,14643.0,0.07501213705778853,0.06717595638819074,9799.445110136126,10740.818103020978
M35_Hit10YearCat_CSCoreRefShare_Moderation,integration_base,Hit_Rate_10_year_cat,cs_core_reference_share,Hit_Rate_10_year_cat ~ HSS_Continuous * cs_core_reference_share + log_team_size + log_prior_knowledge + C(year) + C(arxiv_primary_category),C(arxiv_primary_category)[T.cs.SI],-0.1933062593643522,0.16575310077090186,-1.166230124596784,0.24352141590985854,-0.5181763672011581,0.13156384847245373,14643.0,0.07501213705778853,0.06717595638819074,9799.445110136126,10740.818103020978
M35_Hit10YearCat_CSCoreRefShare_Moderation,integration_base,Hit_Rate_10_year_cat,cs_core_reference_share,Hit_Rate_10_year_cat ~ HSS_Continuous * cs_core_reference_share + log_team_size + log_prior_knowledge + C(year) + C(arxiv_primary_category),C(arxiv_primary_category)[T.econ.EM],0.6357376135582975,0.1782039832133251,3.567471400441517,0.00036044270495698855,0.28646422455859993,0.985011002557995,14643.0,0.07501213705778853,0.06717595638819074,9799.445110136126,10740.818103020978
M35_Hit10YearCat_CSCoreRefShare_Moderation,integration_base,Hit_Rate_10_year_cat,cs_core_reference_share,Hit_Rate_10_year_cat ~ HSS_Continuous * cs_core_reference_share + log_team_size + log_prior_knowledge + C(year) + C(arxiv_primary_category),C(arxiv_primary_category)[T.econ.GN],0.7711257392371207,0.16269447251213015,4.739716889764815,2.140170389406372e-06,0.4522504326296038,1.0900010458446376,14643.0,0.07501213705778853,0.06717595638819074,9799.445110136126,10740.818103020978
M35_Hit10YearCat_CSCoreRefShare_Moderation,integration_base,Hit_Rate_10_year_cat,cs_core_reference_share,Hit_Rate_10_year_cat ~ HSS_Continuous * cs_core_reference_share + log_team_size + log_prior_knowledge + C(year) + C(arxiv_primary_category),C(arxiv_primary_category)[T.eess.AS],-0.23967719814831331,0.16171749432727447,-1.4820734092210737,0.13832076320509323,-0.5566376626998317,0.07728326640320513,14643.0,0.07501213705778853,0.06717595638819074,9799.445110136126,10740.818103020978
M35_Hit10YearCat_CSCoreRefShare_Moderation,integration_base,Hit_Rate_10_year_cat,cs_core_reference_share,Hit_Rate_10_year_cat ~ HSS_Continuous * cs_core_reference_share + log_team_size + log_prior_knowledge + C(year) + C(arxiv_primary_category),C(arxiv_primary_category)[T.eess.IV],-0.21906340706471641,0.16127089309967368,-1.3583567552349574,0.1743505092657477,-0.5351485492946859,0.09702173516525311,14643.0,0.07501213705778853,0.06717595638819074,9799.445110136126,10740.818103020978
M35_Hit10YearCat_CSCoreRefShare_Moderation,integration_base,Hit_Rate_10_year_cat,cs_core_reference_share,Hit_Rate_10_year_cat ~ HSS_Continuous * cs_core_reference_share + log_team_size + log_prior_knowledge + C(year) + C(arxiv_primary_category),C(arxiv_primary_category)[T.eess.SP],-0.16079565663455453,0.16219771259724114,-0.9913558832597836,0.3215118342533163,-0.4786973316999258,0.15710601843081673,14643.0,0.07501213705778853,0.06717595638819074,9799.445110136126,10740.818103020978
M35_Hit10YearCat_CSCoreRefShare_Moderation,integration_base,Hit_Rate_10_year_cat,cs_core_reference_share,Hit_Rate_10_year_cat ~ HSS_Continuous * cs_core_reference_share + log_team_size + log_prior_knowledge + C(year) + C(arxiv_primary_category),C(arxiv_primary_category)[T.eess.SY],-0.027954278553736257,0.17853342306808614,-0.15657728437254861,0.8755780061437838,-0.3778733578038376,0.321964800696365,14643.0,0.07501213705778853,0.06717595638819074,9799.445110136126,10740.818103020978
M35_Hit10YearCat_CSCoreRefShare_Moderation,integration_base,Hit_Rate_10_year_cat,cs_core_reference_share,Hit_Rate_10_year_cat ~ HSS_Continuous * cs_core_reference_share + log_team_size + log_prior_knowledge + C(year) + C(arxiv_primary_category),C(arxiv_primary_category)[T.gr-qc],0.5806539956105834,0.161227099575895,3.6014664850883213,0.0003164272199132681,0.26465468710997614,0.8966533041111906,14643.0,0.07501213705778853,0.06717595638819074,9799.445110136126,10740.818103020978
M35_Hit10YearCat_CSCoreRefShare_Moderation,integration_base,Hit_Rate_10_year_cat,cs_core_reference_share,Hit_Rate_10_year_cat ~ HSS_Continuous * cs_core_reference_share + log_team_size + log_prior_knowledge + C(year) + C(arxiv_primary_category),C(arxiv_primary_category)[T.hep-ex],0.6652060927832167,0.16140184257562243,4.121428121067108,3.765309550083678e-05,0.34886429429659327,0.9815478912698402,14643.0,0.07501213705778853,0.06717595638819074,9799.445110136126,10740.818103020978
M35_Hit10YearCat_CSCoreRefShare_Moderation,integration_base,Hit_Rate_10_year_cat,cs_core_reference_share,Hit_Rate_10_year_cat ~ HSS_Continuous * cs_core_reference_share + log_team_size + log_prior_knowledge + C(year) + C(arxiv_primary_category),C(arxiv_primary_category)[T.hep-lat],0.4693967481279504,0.26046206096760194,1.8021693692515826,0.07151876232658276,-0.041099510707625186,0.979893006963526,14643.0,0.07501213705778853,0.06717595638819074,9799.445110136126,10740.818103020978
M35_Hit10YearCat_CSCoreRefShare_Moderation,integration_base,Hit_Rate_10_year_cat,cs_core_reference_share,Hit_Rate_10_year_cat ~ HSS_Continuous * cs_core_reference_share + log_team_size + log_prior_knowledge + C(year) + C(arxiv_primary_category),C(arxiv_primary_category)[T.hep-ph],-0.03296505588142353,0.2173843888115644,-0.15164408107519936,0.8794676637674007,-0.45903062875334166,0.39310051699049464,14643.0,0.07501213705778853,0.06717595638819074,9799.445110136126,10740.818103020978
M35_Hit10YearCat_CSCoreRefShare_Moderation,integration_base,Hit_Rate_10_year_cat,cs_core_reference_share,Hit_Rate_10_year_cat ~ HSS_Continuous * cs_core_reference_share + log_team_size + log_prior_knowledge + C(year) + C(arxiv_primary_category),C(arxiv_primary_category)[T.hep-th],0.7894052344910731,0.16190738475170646,4.875659227660726,1.0844567966722491e-06,0.4720725915466589,1.1067378774354872,14643.0,0.07501213705778853,0.06717595638819074,9799.445110136126,10740.818103020978
M35_Hit10YearCat_CSCoreRefShare_Moderation,integration_base,Hit_Rate_10_year_cat,cs_core_reference_share,Hit_Rate_10_year_cat ~ HSS_Continuous * cs_core_reference_share + log_team_size + log_prior_knowledge + C(year) + C(arxiv_primary_category),C(arxiv_primary_category)[T.math.AG],0.7610715966465664,0.1609712396273719,4.727997364053052,2.2674512810429578e-06,0.4455737644301508,1.0765694288629821,14643.0,0.07501213705778853,0.06717595638819074,9799.445110136126,10740.818103020978
M35_Hit10YearCat_CSCoreRefShare_Moderation,integration_base,Hit_Rate_10_year_cat,cs_core_reference_share,Hit_Rate_10_year_cat ~ HSS_Continuous * cs_core_reference_share + log_team_size + log_prior_knowledge + C(year) + C(arxiv_primary_category),C(arxiv_primary_category)[T.math.AP],0.17245823313923297,0.20931940473760838,0.8238998833166825,0.409996446746848,-0.23780026141184218,0.5827167276903081,14643.0,0.07501213705778853,0.06717595638819074,9799.445110136126,10740.818103020978
M35_Hit10YearCat_CSCoreRefShare_Moderation,integration_base,Hit_Rate_10_year_cat,cs_core_reference_share,Hit_Rate_10_year_cat ~ HSS_Continuous * cs_core_reference_share + log_team_size + log_prior_knowledge + C(year) + C(arxiv_primary_category),C(arxiv_primary_category)[T.math.CO],0.7272301246188648,0.16126783167742675,4.5094555873578965,6.499419886573752e-06,0.4111509826662407,1.043309266571489,14643.0,0.07501213705778853,0.06717595638819074,9799.445110136126,10740.818103020978
M35_Hit10YearCat_CSCoreRefShare_Moderation,integration_base,Hit_Rate_10_year_cat,cs_core_reference_share,Hit_Rate_10_year_cat ~ HSS_Continuous * cs_core_reference_share + log_team_size + log_prior_knowledge + C(year) + C(arxiv_primary_category),C(arxiv_primary_category)[T.math.DS],0.6069624393035946,0.19229163161137514,3.1564682987883566,0.0015969224511243098,0.2300777668168556,0.9838471117903336,14643.0,0.07501213705778853,0.06717595638819074,9799.445110136126,10740.818103020978
M35_Hit10YearCat_CSCoreRefShare_Moderation,integration_base,Hit_Rate_10_year_cat,cs_core_reference_share,Hit_Rate_10_year_cat ~ HSS_Continuous * cs_core_reference_share + log_team_size + log_prior_knowledge + C(year) + C(arxiv_primary_category),C(arxiv_primary_category)[T.math.GR],0.7869439299709984,0.16106862330944222,4.885768027327926,1.030264438019855e-06,0.471255229245043,1.1026326306969538,14643.0,0.07501213705778853,0.06717595638819074,9799.445110136126,10740.818103020978
M35_Hit10YearCat_CSCoreRefShare_Moderation,integration_base,Hit_Rate_10_year_cat,cs_core_reference_share,Hit_Rate_10_year_cat ~ HSS_Continuous * cs_core_reference_share + log_team_size + log_prior_knowledge + C(year) + C(arxiv_primary_category),C(arxiv_primary_category)[T.math.LO],0.7921728564068966,0.16100069609313722,4.920307027421999,8.640855722687481e-07,0.4766172905784691,1.107728422235324,14643.0,0.07501213705778853,0.06717595638819074,9799.445110136126,10740.818103020978
M35_Hit10YearCat_CSCoreRefShare_Moderation,integration_base,Hit_Rate_10_year_cat,cs_core_reference_share,Hit_Rate_10_year_cat ~ HSS_Continuous * cs_core_reference_share + log_team_size + log_prior_knowledge + C(year) + C(arxiv_primary_category),C(arxiv_primary_category)[T.math.NA],-0.08009338227674145,0.17904439666863223,-0.44733811147955044,0.6546309534872835,-0.4310139513809639,0.27082718682748097,14643.0,0.07501213705778853,0.06717595638819074,9799.445110136126,10740.818103020978
M35_Hit10YearCat_CSCoreRefShare_Moderation,integration_base,Hit_Rate_10_year_cat,cs_core_reference_share,Hit_Rate_10_year_cat ~ HSS_Continuous * cs_core_reference_share + log_team_size + log_prior_knowledge + C(year) + C(arxiv_primary_category),C(arxiv_primary_category)[T.math.NT],0.6657859038440243,0.16119715131588838,4.130258496561912,3.623555685899702e-05,0.34984529285442967,0.9817265148336188,14643.0,0.07501213705778853,0.06717595638819074,9799.445110136126,10740.818103020978
M35_Hit10YearCat_CSCoreRefShare_Moderation,integration_base,Hit_Rate_10_year_cat,cs_core_reference_share,Hit_Rate_10_year_cat ~ HSS_Continuous * cs_core_reference_share + log_team_size + log_prior_knowledge + C(year) + C(arxiv_primary_category),C(arxiv_primary_category)[T.math.OC],-0.15349400791220102,0.17006332037531283,-0.9025697462183793,0.3667542892556517,-0.48681199093911093,0.17982397511470888,14643.0,0.07501213705778853,0.06717595638819074,9799.445110136126,10740.818103020978
M35_Hit10YearCat_CSCoreRefShare_Moderation,integration_base,Hit_Rate_10_year_cat,cs_core_reference_share,Hit_Rate_10_year_cat ~ HSS_Continuous * cs_core_reference_share + log_team_size + log_prior_knowledge + C(year) + C(arxiv_primary_category),C(arxiv_primary_category)[T.math.PR],0.23864506319404924,0.22739737257043963,1.049462711448548,0.2939652085180037,-0.2070455972230488,0.6843357236111473,14643.0,0.07501213705778853,0.06717595638819074,9799.445110136126,10740.818103020978
M35_Hit10YearCat_CSCoreRefShare_Moderation,integration_base,Hit_Rate_10_year_cat,cs_core_reference_share,Hit_Rate_10_year_cat ~ HSS_Continuous * cs_core_reference_share + log_team_size + log_prior_knowledge + C(year) + C(arxiv_primary_category),C(arxiv_primary_category)[T.math.ST],0.07055031762449468,0.21651649476580384,0.32584269249696557,0.7445433759912253,-0.353814214175336,0.4949148494243253,14643.0,0.07501213705778853,0.06717595638819074,9799.445110136126,10740.818103020978
M35_Hit10YearCat_CSCoreRefShare_Moderation,integration_base,Hit_Rate_10_year_cat,cs_core_reference_share,Hit_Rate_10_year_cat ~ HSS_Continuous * cs_core_reference_share + log_team_size + log_prior_knowledge + C(year) + C(arxiv_primary_category),C(arxiv_primary_category)[T.nlin.AO],0.7484158827450761,0.16086462802137547,4.6524577338756385,3.2800198339895443e-06,0.4331270054367474,1.0637047600534046,14643.0,0.07501213705778853,0.06717595638819074,9799.445110136126,10740.818103020978
M35_Hit10YearCat_CSCoreRefShare_Moderation,integration_base,Hit_Rate_10_year_cat,cs_core_reference_share,Hit_Rate_10_year_cat ~ HSS_Continuous * cs_core_reference_share + log_team_size + log_prior_knowledge + C(year) + C(arxiv_primary_category),C(arxiv_primary_category)[T.nlin.PS],0.7532206916573875,0.1606043072188243,4.689915885201758,2.7331738149482157e-06,0.43844203374648566,1.0679993495682893,14643.0,0.07501213705778853,0.06717595638819074,9799.445110136126,10740.818103020978
M35_Hit10YearCat_CSCoreRefShare_Moderation,integration_base,Hit_Rate_10_year_cat,cs_core_reference_share,Hit_Rate_10_year_cat ~ HSS_Continuous * cs_core_reference_share + log_team_size + log_prior_knowledge + C(year) + C(arxiv_primary_category),C(arxiv_primary_category)[T.nucl-th],0.7637832478747955,0.1608665551686357,4.7479306501847125,2.0550847287938826e-06,0.4484905934272438,1.079075902322347,14643.0,0.07501213705778853,0.06717595638819074,9799.445110136126,10740.818103020978
M35_Hit10YearCat_CSCoreRefShare_Moderation,integration_base,Hit_Rate_10_year_cat,cs_core_reference_share,Hit_Rate_10_year_cat ~ HSS_Continuous * cs_core_reference_share + log_team_size + log_prior_knowledge + C(year) + C(arxiv_primary_category),C(arxiv_primary_category)[T.physics.acc-ph],0.48798252185323004,0.27655132289282897,1.7645278885262694,0.07764314424150216,-0.0540481108936221,1.0300131546000821,14643.0,0.07501213705778853,0.06717595638819074,9799.445110136126,10740.818103020978
M35_Hit10YearCat_CSCoreRefShare_Moderation,integration_base,Hit_Rate_10_year_cat,cs_core_reference_share,Hit_Rate_10_year_cat ~ HSS_Continuous * cs_core_reference_share + log_team_size + log_prior_knowledge + C(year) + C(arxiv_primary_category),C(arxiv_primary_category)[T.physics.ao-ph],0.031559397032814025,0.25076054506850065,0.12585471539868,0.899846929434878,-0.4599222400450803,0.5230410341107083,14643.0,0.07501213705778853,0.06717595638819074,9799.445110136126,10740.818103020978
M35_Hit10YearCat_CSCoreRefShare_Moderation,integration_base,Hit_Rate_10_year_cat,cs_core_reference_share,Hit_Rate_10_year_cat ~ HSS_Continuous * cs_core_reference_share + log_team_size + log_prior_knowledge + C(year) + C(arxiv_primary_category),C(arxiv_primary_category)[T.physics.app-ph],0.19256565961552558,0.2074962330984841,0.9280441227293412,0.353384682569581,-0.2141194841852312,0.5992508034162823,14643.0,0.07501213705778853,0.06717595638819074,9799.445110136126,10740.818103020978
M35_Hit10YearCat_CSCoreRefShare_Moderation,integration_base,Hit_Rate_10_year_cat,cs_core_reference_share,Hit_Rate_10_year_cat ~ HSS_Continuous * cs_core_reference_share + log_team_size + log_prior_knowledge + C(year) + C(arxiv_primary_category),C(arxiv_primary_category)[T.physics.atom-ph],0.7152804357870133,0.16079001128736067,4.4485377546785445,8.64568537297628e-06,0.4001378045899976,1.0304230669840289,14643.0,0.07501213705778853,0.06717595638819074,9799.445110136126,10740.818103020978
M35_Hit10YearCat_CSCoreRefShare_Moderation,integration_base,Hit_Rate_10_year_cat,cs_core_reference_share,Hit_Rate_10_year_cat ~ HSS_Continuous * cs_core_reference_share + log_team_size + log_prior_knowledge + C(year) + C(arxiv_primary_category),C(arxiv_primary_category)[T.physics.bio-ph],0.5236716500241001,0.24628159258850185,2.126312586012361,0.0334772407687411,0.040968598495469744,1.0063747015527305,14643.0,0.07501213705778853,0.06717595638819074,9799.445110136126,10740.818103020978
M35_Hit10YearCat_CSCoreRefShare_Moderation,integration_base,Hit_Rate_10_year_cat,cs_core_reference_share,Hit_Rate_10_year_cat ~ HSS_Continuous * cs_core_reference_share + log_team_size + log_prior_knowledge + C(year) + C(arxiv_primary_category),C(arxiv_primary_category)[T.physics.chem-ph],0.040793201214612856,0.23265849934173738,0.17533509985678322,0.8608163332401502,-0.41520907819232833,0.496795480621554,14643.0,0.07501213705778853,0.06717595638819074,9799.445110136126,10740.818103020978
M35_Hit10YearCat_CSCoreRefShare_Moderation,integration_base,Hit_Rate_10_year_cat,cs_core_reference_share,Hit_Rate_10_year_cat ~ HSS_Continuous * cs_core_reference_share + log_team_size + log_prior_knowledge + C(year) + C(arxiv_primary_category),C(arxiv_primary_category)[T.physics.comp-ph],0.02939308581076334,0.20985608504643063,0.1400630618085729,0.8886101652536511,-0.3819172828168153,0.44070345443834197,14643.0,0.07501213705778853,0.06717595638819074,9799.445110136126,10740.818103020978
M35_Hit10YearCat_CSCoreRefShare_Moderation,integration_base,Hit_Rate_10_year_cat,cs_core_reference_share,Hit_Rate_10_year_cat ~ HSS_Continuous * cs_core_reference_share + log_team_size + log_prior_knowledge + C(year) + C(arxiv_primary_category),C(arxiv_primary_category)[T.physics.data-an],0.16685796828598443,0.23740395380542084,0.7028441001565763,0.4821529107976428,-0.29844523096005116,0.63216116753202,14643.0,0.07501213705778853,0.06717595638819074,9799.445110136126,10740.818103020978
M35_Hit10YearCat_CSCoreRefShare_Moderation,integration_base,Hit_Rate_10_year_cat,cs_core_reference_share,Hit_Rate_10_year_cat ~ HSS_Continuous * cs_core_reference_share + log_team_size + log_prior_knowledge + C(year) + C(arxiv_primary_category),C(arxiv_primary_category)[T.physics.ed-ph],0.24009106878413425,0.42488680231323533,0.5650706670035238,0.5720256991475383,-0.5926717612561968,1.0728538988244654,14643.0,0.07501213705778853,0.06717595638819074,9799.445110136126,10740.818103020978
M35_Hit10YearCat_CSCoreRefShare_Moderation,integration_base,Hit_Rate_10_year_cat,cs_core_reference_share,Hit_Rate_10_year_cat ~ HSS_Continuous * cs_core_reference_share + log_team_size + log_prior_knowledge + C(year) + C(arxiv_primary_category),C(arxiv_primary_category)[T.physics.flu-dyn],0.07843710420857326,0.23474937715055966,0.3341312558979297,0.7382805153254048,-0.38166322039973355,0.53853742881688,14643.0,0.07501213705778853,0.06717595638819074,9799.445110136126,10740.818103020978
M35_Hit10YearCat_CSCoreRefShare_Moderation,integration_base,Hit_Rate_10_year_cat,cs_core_reference_share,Hit_Rate_10_year_cat ~ HSS_Continuous * cs_core_reference_share + log_team_size + log_prior_knowledge + C(year) + C(arxiv_primary_category),C(arxiv_primary_category)[T.physics.geo-ph],0.21921651403292633,0.2303811960695814,0.9515382234872891,0.3413312245114196,-0.23232233297871388,0.6707553610445666,14643.0,0.07501213705778853,0.06717595638819074,9799.445110136126,10740.818103020978
M35_Hit10YearCat_CSCoreRefShare_Moderation,integration_base,Hit_Rate_10_year_cat,cs_core_reference_share,Hit_Rate_10_year_cat ~ HSS_Continuous * cs_core_reference_share + log_team_size + log_prior_knowledge + C(year) + C(arxiv_primary_category),C(arxiv_primary_category)[T.physics.ins-det],0.09660691513430687,0.22681918661625575,0.4259203843180664,0.6701658608406909,-0.34795052163622386,0.5411643519048376,14643.0,0.07501213705778853,0.06717595638819074,9799.445110136126,10740.818103020978
M35_Hit10YearCat_CSCoreRefShare_Moderation,integration_base,Hit_Rate_10_year_cat,cs_core_reference_share,Hit_Rate_10_year_cat ~ HSS_Continuous * cs_core_reference_share + log_team_size + log_prior_knowledge + C(year) + C(arxiv_primary_category),C(arxiv_primary_category)[T.physics.med-ph],-0.11451838813122969,0.18161670786482215,-0.6305498512640482,0.5283348975900877,-0.4704805945370135,0.2414438182745541,14643.0,0.07501213705778853,0.06717595638819074,9799.445110136126,10740.818103020978
M35_Hit10YearCat_CSCoreRefShare_Moderation,integration_base,Hit_Rate_10_year_cat,cs_core_reference_share,Hit_Rate_10_year_cat ~ HSS_Continuous * cs_core_reference_share + log_team_size + log_prior_knowledge + C(year) + C(arxiv_primary_category),C(arxiv_primary_category)[T.physics.optics],0.10061252641645524,0.20881594158527095,0.48182397211933964,0.6299309984962056,-0.3086591984884956,0.5098842513214061,14643.0,0.07501213705778853,0.06717595638819074,9799.445110136126,10740.818103020978
M35_Hit10YearCat_CSCoreRefShare_Moderation,integration_base,Hit_Rate_10_year_cat,cs_core_reference_share,Hit_Rate_10_year_cat ~ HSS_Continuous * cs_core_reference_share + log_team_size + log_prior_knowledge + C(year) + C(arxiv_primary_category),C(arxiv_primary_category)[T.physics.soc-ph],0.13278551376592357,0.2265876949130615,0.5860226161745963,0.557860316758463,-0.31131820760362655,0.5768892351354737,14643.0,0.07501213705778853,0.06717595638819074,9799.445110136126,10740.818103020978
M35_Hit10YearCat_CSCoreRefShare_Moderation,integration_base,Hit_Rate_10_year_cat,cs_core_reference_share,Hit_Rate_10_year_cat ~ HSS_Continuous * cs_core_reference_share + log_team_size + log_prior_knowledge + C(year) + C(arxiv_primary_category),C(arxiv_primary_category)[T.physics.space-ph],0.005230493614275966,0.1737110362070998,0.03011031266913938,0.9759790761405993,-0.3352368810687729,0.34569786829732485,14643.0,0.07501213705778853,0.06717595638819074,9799.445110136126,10740.818103020978
M35_Hit10YearCat_CSCoreRefShare_Moderation,integration_base,Hit_Rate_10_year_cat,cs_core_reference_share,Hit_Rate_10_year_cat ~ HSS_Continuous * cs_core_reference_share + log_team_size + log_prior_knowledge + C(year) + C(arxiv_primary_category),C(arxiv_primary_category)[T.q-bio.BM],-0.06726994857954455,0.1861968287334032,-0.36128407254380107,0.7178870990562882,-0.4322090269325875,0.2976691297734984,14643.0,0.07501213705778853,0.06717595638819074,9799.445110136126,10740.818103020978
M35_Hit10YearCat_CSCoreRefShare_Moderation,integration_base,Hit_Rate_10_year_cat,cs_core_reference_share,Hit_Rate_10_year_cat ~ HSS_Continuous * cs_core_reference_share + log_team_size + log_prior_knowledge + C(year) + C(arxiv_primary_category),C(arxiv_primary_category)[T.q-bio.GN],0.1262088884665899,0.2383285703550928,0.529558366747837,0.5964181666044259,-0.34090652591631243,0.5933243028494922,14643.0,0.07501213705778853,0.06717595638819074,9799.445110136126,10740.818103020978
M35_Hit10YearCat_CSCoreRefShare_Moderation,integration_base,Hit_Rate_10_year_cat,cs_core_reference_share,Hit_Rate_10_year_cat ~ HSS_Continuous * cs_core_reference_share + log_team_size + log_prior_knowledge + C(year) + C(arxiv_primary_category),C(arxiv_primary_category)[T.q-bio.MN],0.7328050351897624,0.1630499183804347,4.494360024639521,6.977948510477254e-06,0.41323306748191496,1.0523770028976098,14643.0,0.07501213705778853,0.06717595638819074,9799.445110136126,10740.818103020978
M35_Hit10YearCat_CSCoreRefShare_Moderation,integration_base,Hit_Rate_10_year_cat,cs_core_reference_share,Hit_Rate_10_year_cat ~ HSS_Continuous * cs_core_reference_share + log_team_size + log_prior_knowledge + C(year) + C(arxiv_primary_category),C(arxiv_primary_category)[T.q-bio.NC],-0.1325046972881247,0.1676538342369317,-0.790346954432706,0.4293251720864657,-0.46110017426255906,0.19609077968630967,14643.0,0.07501213705778853,0.06717595638819074,9799.445110136126,10740.818103020978
M35_Hit10YearCat_CSCoreRefShare_Moderation,integration_base,Hit_Rate_10_year_cat,cs_core_reference_share,Hit_Rate_10_year_cat ~ HSS_Continuous * cs_core_reference_share + log_team_size + log_prior_knowledge + C(year) + C(arxiv_primary_category),C(arxiv_primary_category)[T.q-bio.OT],0.7142372434048065,0.16920914872921516,4.221032070481,2.431863318300588e-05,0.3825934060408634,1.0458810807687497,14643.0,0.07501213705778853,0.06717595638819074,9799.445110136126,10740.818103020978
M35_Hit10YearCat_CSCoreRefShare_Moderation,integration_base,Hit_Rate_10_year_cat,cs_core_reference_share,Hit_Rate_10_year_cat ~ HSS_Continuous * cs_core_reference_share + log_team_size + log_prior_knowledge + C(year) + C(arxiv_primary_category),C(arxiv_primary_category)[T.q-bio.PE],0.33216207561964634,0.28833769269218745,1.151989781558817,0.24932527237136182,-0.232969417442419,0.8972935686817116,14643.0,0.07501213705778853,0.06717595638819074,9799.445110136126,10740.818103020978
M35_Hit10YearCat_CSCoreRefShare_Moderation,integration_base,Hit_Rate_10_year_cat,cs_core_reference_share,Hit_Rate_10_year_cat ~ HSS_Continuous * cs_core_reference_share + log_team_size + log_prior_knowledge + C(year) + C(arxiv_primary_category),C(arxiv_primary_category)[T.q-bio.QM],-0.16560729158376353,0.1771464525907481,-0.9348608970813382,0.34985999114621913,-0.512807958650662,0.18159337548313492,14643.0,0.07501213705778853,0.06717595638819074,9799.445110136126,10740.818103020978
M35_Hit10YearCat_CSCoreRefShare_Moderation,integration_base,Hit_Rate_10_year_cat,cs_core_reference_share,Hit_Rate_10_year_cat ~ HSS_Continuous * cs_core_reference_share + log_team_size + log_prior_knowledge + C(year) + C(arxiv_primary_category),C(arxiv_primary_category)[T.q-bio.TO],0.7388695949463585,0.1606721916998719,4.598615274549389,4.2530836238305865e-06,0.42395788589749417,1.0537813039952229,14643.0,0.07501213705778853,0.06717595638819074,9799.445110136126,10740.818103020978
M35_Hit10YearCat_CSCoreRefShare_Moderation,integration_base,Hit_Rate_10_year_cat,cs_core_reference_share,Hit_Rate_10_year_cat ~ HSS_Continuous * cs_core_reference_share + log_team_size + log_prior_knowledge + C(year) + C(arxiv_primary_category),C(arxiv_primary_category)[T.q-fin.CP],-0.08666139367794626,0.213684316423123,-0.4055580452911917,0.6850673608333513,-0.5054749579283281,0.3321521705724356,14643.0,0.07501213705778853,0.06717595638819074,9799.445110136126,10740.818103020978
M35_Hit10YearCat_CSCoreRefShare_Moderation,integration_base,Hit_Rate_10_year_cat,cs_core_reference_share,Hit_Rate_10_year_cat ~ HSS_Continuous * cs_core_reference_share + log_team_size + log_prior_knowledge + C(year) + C(arxiv_primary_category),C(arxiv_primary_category)[T.q-fin.GN],0.7442129358676144,0.16262271966159875,4.576315888802287,4.73235806355366e-06,0.4254782622629271,1.0629476094723016,14643.0,0.07501213705778853,0.06717595638819074,9799.445110136126,10740.818103020978
M35_Hit10YearCat_CSCoreRefShare_Moderation,integration_base,Hit_Rate_10_year_cat,cs_core_reference_share,Hit_Rate_10_year_cat ~ HSS_Continuous * cs_core_reference_share + log_team_size + log_prior_knowledge + C(year) + C(arxiv_primary_category),C(arxiv_primary_category)[T.q-fin.MF],-0.2979361054831459,0.1651432877638796,-1.8041066610538377,0.07121458770575262,-0.6216110017888841,0.025738790822592283,14643.0,0.07501213705778853,0.06717595638819074,9799.445110136126,10740.818103020978
M35_Hit10YearCat_CSCoreRefShare_Moderation,integration_base,Hit_Rate_10_year_cat,cs_core_reference_share,Hit_Rate_10_year_cat ~ HSS_Continuous * cs_core_reference_share + log_team_size + log_prior_knowledge + C(year) + C(arxiv_primary_category),C(arxiv_primary_category)[T.q-fin.PM],0.6792362000021926,0.1698717217841347,3.998524256234568,6.373864989456574e-05,0.3462937433134805,1.0121786566909048,14643.0,0.07501213705778853,0.06717595638819074,9799.445110136126,10740.818103020978
M35_Hit10YearCat_CSCoreRefShare_Moderation,integration_base,Hit_Rate_10_year_cat,cs_core_reference_share,Hit_Rate_10_year_cat ~ HSS_Continuous * cs_core_reference_share + log_team_size + log_prior_knowledge + C(year) + C(arxiv_primary_category),C(arxiv_primary_category)[T.q-fin.ST],0.18085792046766885,0.22337539029923087,0.809659113411705,0.41813612319624305,-0.2569497995514014,0.6186656404867391,14643.0,0.07501213705778853,0.06717595638819074,9799.445110136126,10740.818103020978
M35_Hit10YearCat_CSCoreRefShare_Moderation,integration_base,Hit_Rate_10_year_cat,cs_core_reference_share,Hit_Rate_10_year_cat ~ HSS_Continuous * cs_core_reference_share + log_team_size + log_prior_knowledge + C(year) + C(arxiv_primary_category),C(arxiv_primary_category)[T.q-fin.TR],0.7364244088588278,0.17261659982772226,4.2662432789998554,1.987920037965367e-05,0.39810209006272923,1.0747467276549263,14643.0,0.07501213705778853,0.06717595638819074,9799.445110136126,10740.818103020978
M35_Hit10YearCat_CSCoreRefShare_Moderation,integration_base,Hit_Rate_10_year_cat,cs_core_reference_share,Hit_Rate_10_year_cat ~ HSS_Continuous * cs_core_reference_share + log_team_size + log_prior_knowledge + C(year) + C(arxiv_primary_category),C(arxiv_primary_category)[T.quant-ph],-0.12178045032691678,0.16714057062583432,-0.728610952271654,0.4662396770698837,-0.4493699491090253,0.20580904845519174,14643.0,0.07501213705778853,0.06717595638819074,9799.445110136126,10740.818103020978
M35_Hit10YearCat_CSCoreRefShare_Moderation,integration_base,Hit_Rate_10_year_cat,cs_core_reference_share,Hit_Rate_10_year_cat ~ HSS_Continuous * cs_core_reference_share + log_team_size + log_prior_knowledge + C(year) + C(arxiv_primary_category),C(arxiv_primary_category)[T.stat.AP],0.3665516534174415,0.21961761277382533,1.6690448857348121,0.0951084846215075,-0.06389095798991984,0.7969942648248028,14643.0,0.07501213705778853,0.06717595638819074,9799.445110136126,10740.818103020978
M35_Hit10YearCat_CSCoreRefShare_Moderation,integration_base,Hit_Rate_10_year_cat,cs_core_reference_share,Hit_Rate_10_year_cat ~ HSS_Continuous * cs_core_reference_share + log_team_size + log_prior_knowledge + C(year) + C(arxiv_primary_category),C(arxiv_primary_category)[T.stat.CO],-0.27462784150987646,0.1618172461104418,-1.697148160106744,0.08966865304330116,-0.5917838159637965,0.04252813294404362,14643.0,0.07501213705778853,0.06717595638819074,9799.445110136126,10740.818103020978
M35_Hit10YearCat_CSCoreRefShare_Moderation,integration_base,Hit_Rate_10_year_cat,cs_core_reference_share,Hit_Rate_10_year_cat ~ HSS_Continuous * cs_core_reference_share + log_team_size + log_prior_knowledge + C(year) + C(arxiv_primary_category),C(arxiv_primary_category)[T.stat.ME],0.21249143919050573,0.23057472164079074,0.9215730053945085,0.356751344549485,-0.23942671097079232,0.6644095893518038,14643.0,0.07501213705778853,0.06717595638819074,9799.445110136126,10740.818103020978
M35_Hit10YearCat_CSCoreRefShare_Moderation,integration_base,Hit_Rate_10_year_cat,cs_core_reference_share,Hit_Rate_10_year_cat ~ HSS_Continuous * cs_core_reference_share + log_team_size + log_prior_knowledge + C(year) + C(arxiv_primary_category),C(arxiv_primary_category)[T.stat.ML],-0.22500915343253716,0.16166422263768457,-1.3918302377689264,0.1639738110866792,-0.5418652073910638,0.09184690052598951,14643.0,0.07501213705778853,0.06717595638819074,9799.445110136126,10740.818103020978
M35_Hit10YearCat_CSCoreRefShare_Moderation,integration_base,Hit_Rate_10_year_cat,cs_core_reference_share,Hit_Rate_10_year_cat ~ HSS_Continuous * cs_core_reference_share + log_team_size + log_prior_knowledge + C(year) + C(arxiv_primary_category),HSS_Continuous,0.009443613815326515,0.008288880140721783,1.1393111801595166,0.25457338688327846,-0.006802292732657474,0.025689520363310504,14643.0,0.07501213705778853,0.06717595638819074,9799.445110136126,10740.818103020978
M35_Hit10YearCat_CSCoreRefShare_Moderation,integration_base,Hit_Rate_10_year_cat,cs_core_reference_share,Hit_Rate_10_year_cat ~ HSS_Continuous * cs_core_reference_share + log_team_size + log_prior_knowledge + C(year) + C(arxiv_primary_category),cs_core_reference_share,0.056677515630442876,0.014051684917526416,4.033503167990197,5.4951439534187336e-05,0.02913671926998642,0.08421831199089932,14643.0,0.07501213705778853,0.06717595638819074,9799.445110136126,10740.818103020978
M35_Hit10YearCat_CSCoreRefShare_Moderation,integration_base,Hit_Rate_10_year_cat,cs_core_reference_share,Hit_Rate_10_year_cat ~ HSS_Continuous * cs_core_reference_share + log_team_size + log_prior_knowledge + C(year) + C(arxiv_primary_category),HSS_Continuous:cs_core_reference_share,-0.013744702750646563,0.011660834640049135,-1.1787065999066981,0.2385150266773054,-0.036599518674819954,0.009110113173526828,14643.0,0.07501213705778853,0.06717595638819074,9799.445110136126,10740.818103020978
M35_Hit10YearCat_CSCoreRefShare_Moderation,integration_base,Hit_Rate_10_year_cat,cs_core_reference_share,Hit_Rate_10_year_cat ~ HSS_Continuous * cs_core_reference_share + log_team_size + log_prior_knowledge + C(year) + C(arxiv_primary_category),log_team_size,0.05514919755434639,0.009925743736675423,5.556177856030195,2.757459089992544e-08,0.035695097310688546,0.07460329779800423,14643.0,0.07501213705778853,0.06717595638819074,9799.445110136126,10740.818103020978
M35_Hit10YearCat_CSCoreRefShare_Moderation,integration_base,Hit_Rate_10_year_cat,cs_core_reference_share,Hit_Rate_10_year_cat ~ HSS_Continuous * cs_core_reference_share + log_team_size + log_prior_knowledge + C(year) + C(arxiv_primary_category),log_prior_knowledge,0.02389742038423765,0.0030630927999724398,7.80172914919609,6.106460014375535e-15,0.017893868814987716,0.029900971953487586,14643.0,0.07501213705778853,0.06717595638819074,9799.445110136126,10740.818103020978
