topic_id,topic_name,subfield_id,subfield_name,field_id,field_name,domain_id,domain_name,works_count
T14423,Military Technology and Strategies,2202,Aerospace Engineering,22,Engineering,3,Physical Sciences,22328844
T10346,Magnetic confinement fusion research,3106,Nuclear and High Energy Physics,31,Physics and Astronomy,3,Physical Sciences,9280046
T13370,Diverse Scientific and Economic Studies,2002,Economics and Econometrics,20,"Economics, Econometrics and Finance",2,Social Sciences,5019812
T12157,Geochemistry and Geologic Mapping,1702,Artificial Intelligence,17,Computer Science,3,Physical Sciences,3955756
T10451,Mycorrhizal Fungi and Plant Interactions,1110,Plant Science,11,Agricultural and Biological Sciences,1,Life Sciences,3216652
T10978,Prenatal Screening and Diagnostics,2735,"Pediatrics, Perinatology and Child Health",27,Medicine,4,Health Sciences,1676642
T11367,Particle accelerators and beam dynamics,2202,Aerospace Engineering,22,Engineering,3,Physical Sciences,1473838
T10895,Species Distribution and Climate Change,2302,Ecological Modeling,23,Environmental Science,3,Physical Sciences,1385008
T12859,Cell Image Analysis Techniques,1304,Biophysics,13,"Biochemistry, Genetics and Molecular Biology",1,Life Sciences,1177224
T12692,Magnetic Field Sensors Techniques,2208,Electrical and Electronic Engineering,22,Engineering,3,Physical Sciences,1017784
T13497,Hermeneutics and Narrative Identity,1211,Philosophy,12,Arts and Humanities,2,Social Sciences,1006730
T13638,Human auditory perception and evaluation,2202,Aerospace Engineering,22,Engineering,3,Physical Sciences,989827
T10781,Plasma Diagnostics and Applications,2208,Electrical and Electronic Engineering,22,Engineering,3,Physical Sciences,980390
T12760,Laser Design and Applications,2208,Electrical and Electronic Engineering,22,Engineering,3,Physical Sciences,870874
T11881,Crystallization and Solubility Studies,2505,Materials Chemistry,25,Materials Science,3,Physical Sciences,778827
T11893,German Literature and Culture Studies,1208,Literature and Literary Theory,12,Arts and Humanities,2,Social Sciences,771234
T10384,Laser-Plasma Interactions and Diagnostics,3106,Nuclear and High Energy Physics,31,Physics and Astronomy,3,Physical Sciences,725480
T11475,French Urban and Social Studies,3312,Sociology and Political Science,33,Social Sciences,2,Social Sciences,707775
T11803,Superconducting and THz Device Technology,3103,Astronomy and Astrophysics,31,Physics and Astronomy,3,Physical Sciences,626726
T10015,Genomics and Phylogenetic Studies,1312,Molecular Biology,13,"Biochemistry, Genetics and Molecular Biology",1,Life Sciences,570628
T10165,Classical Antiquity Studies,3314,Anthropology,33,Social Sciences,2,Social Sciences,565647
T11044,Particle Detector Development and Performance,3106,Nuclear and High Energy Physics,31,Physics and Astronomy,3,Physical Sciences,559436
T10733,Wheat and Barley Genetics and Pathology,1110,Plant Science,11,Agricultural and Biological Sciences,1,Life Sciences,554939
T10941,Musicology and Musical Analysis,1210,Music,12,Arts and Humanities,2,Social Sciences,552632
T14380,Libraries and Information Services,1209,Museology,12,Arts and Humanities,2,Social Sciences,551794
T11175,Gyrotron and Vacuum Electronics Research,3107,"Atomic and Molecular Physics, and Optics",31,Physics and Astronomy,3,Physical Sciences,540733
T12837,American Environmental and Regional History,2308,"Management, Monitoring, Policy and Law",23,Environmental Science,3,Physical Sciences,540536
T11662,Legal Cases and Commentary,2743,Reproductive Medicine,27,Medicine,4,Health Sciences,520944
T11926,Subterranean biodiversity and taxonomy,1911,Paleontology,19,Earth and Planetary Sciences,3,Physical Sciences,512577
T13958,"Education, Innovation and Language Studies",3304,Education,33,Social Sciences,2,Social Sciences,500625
T13445,American Constitutional Law and Politics,3320,Political Science and International Relations,33,Social Sciences,2,Social Sciences,494615
T10591,Theoretical and Computational Physics,3104,Condensed Matter Physics,31,Physics and Astronomy,3,Physical Sciences,488347
T10251,Solar and Space Plasma Dynamics,3103,Astronomy and Astrophysics,31,Physics and Astronomy,3,Physical Sciences,472226
T10048,Particle physics theoretical and experimental studies,3106,Nuclear and High Energy Physics,31,Physics and Astronomy,3,Physical Sciences,469700
T13085,"Education, Psychology, and Social Research",3304,Education,33,Social Sciences,2,Social Sciences,468670
T10744,Astrophysical Phenomena and Observations,3103,Astronomy and Astrophysics,31,Physics and Astronomy,3,Physical Sciences,467861
T11986,Scientific Computing and Data Management,1802,Information Systems and Management,18,Decision Sciences,2,Social Sciences,464946
T12565,Physics and Engineering Research Articles,2206,Computational Mechanics,22,Engineering,3,Physical Sciences,446048
T10252,Microbial Natural Products and Biosynthesis,2736,Pharmacology,27,Medicine,4,Health Sciences,428720
T11974,Lepidoptera: Biology and Taxonomy,1311,Genetics,13,"Biochemistry, Genetics and Molecular Biology",1,Life Sciences,417128
T13650,Computational Physics and Python Applications,1702,Artificial Intelligence,17,Computer Science,3,Physical Sciences,412519
T10362,Biblical Studies and Interpretation,1212,Religious studies,12,Arts and Humanities,2,Social Sciences,404450
T12633,Legal case studies and regulations,3320,Political Science and International Relations,33,Social Sciences,2,Social Sciences,402482
T12930,Biomedical and Chemical Research,2746,Surgery,27,Medicine,4,Health Sciences,396969
T10017,Geology and Paleoclimatology Research,1902,Atmospheric Science,19,Earth and Planetary Sciences,3,Physical Sciences,394878
T10893,Chinese history and philosophy,3312,Sociology and Political Science,33,Social Sciences,2,Social Sciences,392741
T12409,Reformation and Early Modern Christianity,1202,History,12,Arts and Humanities,2,Social Sciences,390974
T10885,Gene expression and cancer classification,1312,Molecular Biology,13,"Biochemistry, Genetics and Molecular Biology",1,Life Sciences,389444
T10001,Geological and Geochemical Analysis,1908,Geophysics,19,Earth and Planetary Sciences,3,Physical Sciences,377195
T11937,Research Data Management Practices,1710,Information Systems,17,Computer Science,3,Physical Sciences,371648
T11993,Atomic and Subatomic Physics Research,3107,"Atomic and Molecular Physics, and Optics",31,Physics and Astronomy,3,Physical Sciences,364946
T12713,Forest Ecology and Biodiversity Studies,1109,Insect Science,11,Agricultural and Biological Sciences,1,Life Sciences,364611
T12552,Fetal and Pediatric Neurological Disorders,2735,"Pediatrics, Perinatology and Child Health",27,Medicine,4,Health Sciences,364151
T12826,Education Methods and Technologies,3304,Education,33,Social Sciences,2,Social Sciences,359852
T13167,"Historical, Literary, and Cultural Studies",1205,Classics,12,Arts and Humanities,2,Social Sciences,359699
T13459,Public Administration and Political Analysis,3320,Political Science and International Relations,33,Social Sciences,2,Social Sciences,359593
T11312,Soil Moisture and Remote Sensing,2305,Environmental Engineering,23,Environmental Science,3,Physical Sciences,356293
T13710,European and International Law Studies,3320,Political Science and International Relations,33,Social Sciences,2,Social Sciences,354554
T13297,History and advancements in chemistry,1606,Physical and Theoretical Chemistry,16,Chemistry,3,Physical Sciences,353948
T13641,Historical Studies and Socio-cultural Analysis,1207,History and Philosophy of Science,12,Arts and Humanities,2,Social Sciences,349305
T12797,History of Computing Technologies,1706,Computer Science Applications,17,Computer Science,3,Physical Sciences,346173
T12836,History and Developments in Astronomy,3103,Astronomy and Astrophysics,31,Physics and Astronomy,3,Physical Sciences,346047
T12455,Mediterranean and Iberian flora and fauna,1110,Plant Science,11,Agricultural and Biological Sciences,1,Life Sciences,340638
T12527,Chemistry and Stereochemistry Studies,1605,Organic Chemistry,16,Chemistry,3,Physical Sciences,335261
T12917,Astronomy and Astrophysical Research,3105,Instrumentation,31,Physics and Astronomy,3,Physical Sciences,335066
T12012,Diatoms and Algae Research,2502,Biomaterials,25,Materials Science,3,Physical Sciences,334082
T13884,Educational Leadership and Practices,3304,Education,33,Social Sciences,2,Social Sciences,333165
T13624,Social Sciences and Policies,3300,General Social Sciences,33,Social Sciences,2,Social Sciences,332550
T10995,Methane Hydrates and Related Phenomena,2304,Environmental Chemistry,23,Environmental Science,3,Physical Sciences,329819
T13396,Agriculture and Rural Development Research,1105,"Ecology, Evolution, Behavior and Systematics",11,Agricultural and Biological Sciences,1,Life Sciences,328821
T12954,Law and Political Science,3308,Law,33,Social Sciences,2,Social Sciences,328000
T13937,"Genetics, Bioinformatics, and Biomedical Research",1312,Molecular Biology,13,"Biochemistry, Genetics and Molecular Biology",1,Life Sciences,325837
T12983,Satellite Image Processing and Photogrammetry,2212,Ocean Engineering,22,Engineering,3,Physical Sciences,320916
T10325,Astro and Planetary Science,3103,Astronomy and Astrophysics,31,Physics and Astronomy,3,Physical Sciences,319528
T10290,Pregnancy and preeclampsia studies,2729,Obstetrics and Gynecology,27,Medicine,4,Health Sciences,318793
T10597,Nuclear reactor physics and engineering,2202,Aerospace Engineering,22,Engineering,3,Physical Sciences,317280
T11776,Irish and British Studies,3312,Sociology and Political Science,33,Social Sciences,2,Social Sciences,316947
T12454,European Political History Analysis,1202,History,12,Arts and Humanities,2,Social Sciences,310837
T13532,Education Systems and Policy,3304,Education,33,Social Sciences,2,Social Sciences,310381
T13602,Educational Methods and Media Use,1710,Information Systems,17,Computer Science,3,Physical Sciences,310170
T13130,Biological and pharmacological studies of plants,2736,Pharmacology,27,Medicine,4,Health Sciences,308888
T11405,Geophysics and Gravity Measurements,1910,Oceanography,19,Earth and Planetary Sciences,3,Physical Sciences,304016
T13033,Social Sciences and Governance,3322,Urban Studies,33,Social Sciences,2,Social Sciences,303886
T12618,Botany and Plant Ecology Studies,1110,Plant Science,11,Agricultural and Biological Sciences,1,Life Sciences,302331
T13275,Medical and Health Sciences Research,2739,"Public Health, Environmental and Occupational Health",27,Medicine,4,Health Sciences,300109
T13015,"Botany, Ecology, and Taxonomy Studies",1110,Plant Science,11,Agricultural and Biological Sciences,1,Life Sciences,299272
T11198,Japanese History and Culture,3316,Cultural Studies,33,Social Sciences,2,Social Sciences,297551
T12568,Plant Taxonomy and Phylogenetics,1105,"Ecology, Evolution, Behavior and Systematics",11,Agricultural and Biological Sciences,1,Life Sciences,297073
T12768,Linguistics and language evolution,1203,Language and Linguistics,12,Arts and Humanities,2,Social Sciences,295352
T13372,Archaeology and Historical Studies,1204,Archeology,12,Arts and Humanities,2,Social Sciences,295231
T10181,Natural Language Processing Techniques,1702,Artificial Intelligence,17,Computer Science,3,Physical Sciences,294285
T11857,Archaeological and Historical Studies,1204,Archeology,12,Arts and Humanities,2,Social Sciences,292568
T13556,Historical Influence and Diplomacy,3320,Political Science and International Relations,33,Social Sciences,2,Social Sciences,291932
T10385,Plant Diversity and Evolution,1105,"Ecology, Evolution, Behavior and Systematics",11,Agricultural and Biological Sciences,1,Life Sciences,291652
T12765,"Race, History, and American Society",3312,Sociology and Political Science,33,Social Sciences,2,Social Sciences,289416
T12021,Social and Educational Sciences,3304,Education,33,Social Sciences,2,Social Sciences,288360
T10487,Plant and animal studies,1105,"Ecology, Evolution, Behavior and Systematics",11,Agricultural and Biological Sciences,1,Life Sciences,287992
T11468,Genetic Mapping and Diversity in Plants and Animals,1311,Genetics,13,"Biochemistry, Genetics and Molecular Biology",1,Life Sciences,284571
T12990,Medical History and Innovations,1202,History,12,Arts and Humanities,2,Social Sciences,284180
T12613,X-ray Diffraction in Crystallography,2505,Materials Chemistry,25,Materials Science,3,Physical Sciences,284153
T11841,Nuclear Structure and Function,1312,Molecular Biology,13,"Biochemistry, Genetics and Molecular Biology",1,Life Sciences,283980
T11530,Business and Management Studies,1802,Information Systems and Management,18,Decision Sciences,2,Social Sciences,283541
T12170,History and Theory of Mathematics,2614,Theoretical Computer Science,26,Mathematics,3,Physical Sciences,283368
T10391,Healthcare Policy and Management,2002,Economics and Econometrics,20,"Economics, Econometrics and Finance",2,Social Sciences,282130
T11583,Advanced Measurement and Metrology Techniques,2210,Mechanical Engineering,22,Engineering,3,Physical Sciences,280616
T10039,"Stellar, planetary, and galactic studies",3103,Astronomy and Astrophysics,31,Physics and Astronomy,3,Physical Sciences,279983
T12510,Magneto-Optical Properties and Applications,2208,Electrical and Electronic Engineering,22,Engineering,3,Physical Sciences,279024
T10908,Analytical Chemistry and Chromatography,1607,Spectroscopy,16,Chemistry,3,Physical Sciences,277547
T12645,European history and politics,3320,Political Science and International Relations,33,Social Sciences,2,Social Sciences,277344
T10037,Physics of Superconductivity and Magnetism,3104,Condensed Matter Physics,31,Physics and Astronomy,3,Physical Sciences,277326
T12254,Machine Learning in Bioinformatics,1312,Molecular Biology,13,"Biochemistry, Genetics and Molecular Biology",1,Life Sciences,276778
T11494,Coleoptera Taxonomy and Distribution,1105,"Ecology, Evolution, Behavior and Systematics",11,Agricultural and Biological Sciences,1,Life Sciences,276304
T10559,Particle Accelerators and Free-Electron Lasers,2208,Electrical and Electronic Engineering,22,Engineering,3,Physical Sciences,275986
T14335,Educational Robotics and Engineering,1702,Artificial Intelligence,17,Computer Science,3,Physical Sciences,273843
T10332,Amphibian and Reptile Biology,2306,Global and Planetary Change,23,Environmental Science,3,Physical Sciences,272253
T12909,French Historical and Cultural Studies,1202,History,12,Arts and Humanities,2,Social Sciences,271343
T10259,Sociology and Education Studies,3312,Sociology and Political Science,33,Social Sciences,2,Social Sciences,270294
T14162,Historical and Literary Studies,3314,Anthropology,33,Social Sciences,2,Social Sciences,269841
T10351,Liver Disease Diagnosis and Treatment,2713,Epidemiology,27,Medicine,4,Health Sciences,269306
T10012,Genetic diversity and population structure,1311,Genetics,13,"Biochemistry, Genetics and Molecular Biology",1,Life Sciences,268975
T13099,"Health, Medicine and Society",3600,General Health Professions,36,Health Professions,4,Health Sciences,267057
T11132,Psychoanalysis and Psychopathology Research,3203,Clinical Psychology,32,Psychology,2,Social Sciences,266769
T11354,Evolution and Paleontology Studies,1911,Paleontology,19,Earth and Planetary Sciences,3,Physical Sciences,265706
T14388,Medieval European History and Architecture,1204,Archeology,12,Arts and Humanities,2,Social Sciences,264580
T14021,Medieval European Literature and History,1203,Language and Linguistics,12,Arts and Humanities,2,Social Sciences,264425
T12762,Crystallography and Radiation Phenomena,3104,Condensed Matter Physics,31,Physics and Astronomy,3,Physical Sciences,264361
T13622,Historical and Environmental Studies,3312,Sociology and Political Science,33,Social Sciences,2,Social Sciences,263566
T11484,Adaptive optics and wavefront sensing,3107,"Atomic and Molecular Physics, and Optics",31,Physics and Astronomy,3,Physical Sciences,263560
T13800,Earthquake and Disaster Impact Studies,3313,Transportation,33,Social Sciences,2,Social Sciences,263165
T13068,Ancient Mediterranean Archaeology and History,1204,Archeology,12,Arts and Humanities,2,Social Sciences,258863
T13031,Civil and Structural Engineering Research,2205,Civil and Structural Engineering,22,Engineering,3,Physical Sciences,257725
T12373,Linguistic research and analysis,1203,Language and Linguistics,12,Arts and Humanities,2,Social Sciences,255193
T10825,Plant Pathogens and Fungal Diseases,1307,Cell Biology,13,"Biochemistry, Genetics and Molecular Biology",1,Life Sciences,253473
T10320,Neural Networks and Applications,1702,Artificial Intelligence,17,Computer Science,3,Physical Sciences,251109
T10095,Cosmology and Gravitation Theories,3103,Astronomy and Astrophysics,31,Physics and Astronomy,3,Physical Sciences,250033
T13398,Data Analysis with R,1702,Artificial Intelligence,17,Computer Science,3,Physical Sciences,248605
T12039,Electron and X-Ray Spectroscopy Techniques,2508,"Surfaces, Coatings and Films",25,Materials Science,3,Physical Sciences,246675
T11159,Manufacturing Process and Optimization,2209,Industrial and Manufacturing Engineering,22,Engineering,3,Physical Sciences,246183
T12148,Brazilian Legal Issues,3308,Law,33,Social Sciences,2,Social Sciences,245734
T10025,Black Holes and Theoretical Physics,3106,Nuclear and High Energy Physics,31,Physics and Astronomy,3,Physical Sciences,245437
T11808,Superconducting Materials and Applications,2204,Biomedical Engineering,22,Engineering,3,Physical Sciences,244109
T13856,Advanced Power Generation Technologies,2208,Electrical and Electronic Engineering,22,Engineering,3,Physical Sciences,244075
T13621,Ancient and Medieval Archaeology Studies,1204,Archeology,12,Arts and Humanities,2,Social Sciences,243238
T10794,Islamic Studies and History,3320,Political Science and International Relations,33,Social Sciences,2,Social Sciences,242820
T10255,Oceanographic and Atmospheric Processes,1910,Oceanography,19,Earth and Planetary Sciences,3,Physical Sciences,242719
T12219,Canadian Identity and History,3312,Sociology and Political Science,33,Social Sciences,2,Social Sciences,241118
T11930,"Cardiac, Anesthesia and Surgical Outcomes",2705,Cardiology and Cardiovascular Medicine,27,Medicine,4,Health Sciences,239564
T12004,Advanced Frequency and Time Standards,3107,"Atomic and Molecular Physics, and Optics",31,Physics and Astronomy,3,Physical Sciences,239372
T13332,"Historical Studies on Reproduction, Gender, Health, and Societal Changes",1202,History,12,Arts and Humanities,2,Social Sciences,237965
T14339,Image Processing and 3D Reconstruction,1707,Computer Vision and Pattern Recognition,17,Computer Science,3,Physical Sciences,237382
T12771,Plant pathogens and resistance mechanisms,1110,Plant Science,11,Agricultural and Biological Sciences,1,Life Sciences,236697
T10038,Tuberculosis Research and Epidemiology,2725,Infectious Diseases,27,Medicine,4,Health Sciences,236654
T13064,Dutch Social and Cultural Studies,3304,Education,33,Social Sciences,2,Social Sciences,236561
T10128,Global trade and economics,2000,"General Economics, Econometrics and Finance",20,"Economics, Econometrics and Finance",2,Social Sciences,236279
T10021,EFL/ESL Teaching and Learning,1203,Language and Linguistics,12,Arts and Humanities,2,Social Sciences,234596
T10026,"Galaxies: Formation, Evolution, Phenomena",3103,Astronomy and Astrophysics,31,Physics and Astronomy,3,Physical Sciences,233427
T13379,"Multiculturalism, Politics, Migration, Gender",3320,Political Science and International Relations,33,Social Sciences,2,Social Sciences,233113
T13394,"Ecology, Conservation, and Geographical Studies",2309,Nature and Landscape Conservation,23,Environmental Science,3,Physical Sciences,232234
T10224,Quantum Chromodynamics and Particle Interactions,3106,Nuclear and High Energy Physics,31,Physics and Astronomy,3,Physical Sciences,231902
T13184,Research in Social Sciences,3304,Education,33,Social Sciences,2,Social Sciences,231360
T14495,Public Health and Nutrition,2735,"Pediatrics, Perinatology and Child Health",27,Medicine,4,Health Sciences,230634
T13053,SMEs Development and Digital Marketing,3317,Demography,33,Social Sciences,2,Social Sciences,230499
T14102,Corporate Governance and Law,1408,Strategy and Management,14,"Business, Management and Accounting",2,Social Sciences,229966
T13418,Photocathodes and Microchannel Plates,2204,Biomedical Engineering,22,Engineering,3,Physical Sciences,229814
T13807,Cultural Insights and Digital Impacts,1705,Computer Networks and Communications,17,Computer Science,3,Physical Sciences,229408
T10605,Historical Economic and Social Studies,2002,Economics and Econometrics,20,"Economics, Econometrics and Finance",2,Social Sciences,229062
T10077,Neuroscience and Neuropharmacology Research,2804,Cellular and Molecular Neuroscience,28,Neuroscience,1,Life Sciences,228834
T14156,Engineering Applied Research,2205,Civil and Structural Engineering,22,Engineering,3,Physical Sciences,228684
T10683,Mass Spectrometry Techniques and Applications,1607,Spectroscopy,16,Chemistry,3,Physical Sciences,228577
T10765,Marine Biology and Ecology Research,1910,Oceanography,19,Earth and Planetary Sciences,3,Physical Sciences,228062
T12267,Diet and metabolism studies,2737,Physiology,27,Medicine,4,Health Sciences,227982
T13656,"Science, Research, and Medicine",2743,Reproductive Medicine,27,Medicine,4,Health Sciences,227707
T14449,Education and Character Development,3304,Education,33,Social Sciences,2,Social Sciences,226932
T10153,"Education, sociology, and vocational training",3312,Sociology and Political Science,33,Social Sciences,2,Social Sciences,226285
T10093,Nuclear physics research studies,3106,Nuclear and High Energy Physics,31,Physics and Astronomy,3,Physical Sciences,225727
T11463,Classical Philosophy and Thought,1211,Philosophy,12,Arts and Humanities,2,Social Sciences,225196
T10166,Mosquito-borne diseases and control,2739,"Public Health, Environmental and Occupational Health",27,Medicine,4,Health Sciences,225158
T10910,Corporate Governance and Management,1408,Strategy and Management,14,"Business, Management and Accounting",2,Social Sciences,225056
T14134,Medical and Biological Sciences,2702,Anatomy,27,Medicine,4,Health Sciences,224838
T10815,Parasite Biology and Host Interactions,2303,Ecology,23,Environmental Science,3,Physical Sciences,223516
T10192,Catalytic Processes in Materials Science,2505,Materials Chemistry,25,Materials Science,3,Physical Sciences,223056
T13444,Medical Research and Treatments,2707,Complementary and alternative medicine,27,Medicine,4,Health Sciences,221534
T12624,Maritime and Coastal Archaeology,1204,Archeology,12,Arts and Humanities,2,Social Sciences,221387
T12959,Engineering and Materials Science Studies,2210,Mechanical Engineering,22,Engineering,3,Physical Sciences,220569
T13255,"Business, Innovation, and Economy",2002,Economics and Econometrics,20,"Economics, Econometrics and Finance",2,Social Sciences,220515
T13022,Health and Medical Studies,3600,General Health Professions,36,Health Professions,4,Health Sciences,218140
T11594,Tree-ring climate responses,1902,Atmospheric Science,19,Earth and Planetary Sciences,3,Physical Sciences,218090
T14109,Scottish History and National Identity,1202,History,12,Arts and Humanities,2,Social Sciences,217283
T12532,Historical and Cultural Archaeology Studies,3314,Anthropology,33,Social Sciences,2,Social Sciences,216147
T10787,Lightning and Electromagnetic Phenomena,3103,Astronomy and Astrophysics,31,Physics and Astronomy,3,Physical Sciences,215671
T12076,Renaissance and Early Modern Studies,1202,History,12,Arts and Humanities,2,Social Sciences,215249
T11949,Nuclear Physics and Applications,3108,Radiation,31,Physics and Astronomy,3,Physical Sciences,214539
T12119,Linguistics and Discourse Analysis,1211,Philosophy,12,Arts and Humanities,2,Social Sciences,214474
T12752,Global Peace and Security Dynamics,3320,Political Science and International Relations,33,Social Sciences,2,Social Sciences,214452
T11546,Plant Physiology and Cultivation Studies,1110,Plant Science,11,Agricultural and Biological Sciences,1,Life Sciences,214015
T12337,Italian Fascism and Post-war Society,3312,Sociology and Political Science,33,Social Sciences,2,Social Sciences,212584
T10159,Ionosphere and magnetosphere dynamics,3103,Astronomy and Astrophysics,31,Physics and Astronomy,3,Physical Sciences,211720
T12115,Genetic and Environmental Crop Studies,1110,Plant Science,11,Agricultural and Biological Sciences,1,Life Sciences,211049
T11757,Seismic Waves and Analysis,1908,Geophysics,19,Earth and Planetary Sciences,3,Physical Sciences,210590
T10299,Photonic and Optical Devices,2208,Electrical and Electronic Engineering,22,Engineering,3,Physical Sciences,210534
T13593,Historical and Archaeological Studies,1202,History,12,Arts and Humanities,2,Social Sciences,210237
T11563,Indian and Buddhist Studies,1212,Religious studies,12,Arts and Humanities,2,Social Sciences,209749
T11421,Labor Movements and Unions,3321,Public Administration,33,Social Sciences,2,Social Sciences,208872
T11852,Clay minerals and soil interactions,2502,Biomaterials,25,Materials Science,3,Physical Sciences,208444
T13607,Academic Publishing and Open Access,1802,Information Systems and Management,18,Decision Sciences,2,Social Sciences,208394
T10522,Medical Imaging Techniques and Applications,2741,"Radiology, Nuclear Medicine and Imaging",27,Medicine,4,Health Sciences,207332
T14293,Biotechnology and Related Fields,2739,"Public Health, Environmental and Occupational Health",27,Medicine,4,Health Sciences,207048
T10002,Advanced Chemical Physics Studies,3107,"Atomic and Molecular Physics, and Optics",31,Physics and Astronomy,3,Physical Sciences,205997
T12266,Byzantine Studies and History,1205,Classics,12,Arts and Humanities,2,Social Sciences,205805
T10857,Advanced Electron Microscopy Techniques and Applications,1315,Structural Biology,13,"Biochemistry, Genetics and Molecular Biology",1,Life Sciences,205775
T11016,Monoclonal and Polyclonal Antibodies Research,2741,"Radiology, Nuclear Medicine and Imaging",27,Medicine,4,Health Sciences,203313
T10595,Medieval Literature and History,1205,Classics,12,Arts and Humanities,2,Social Sciences,203207
T12289,Library Science and Administration,3309,Library and Information Sciences,33,Social Sciences,2,Social Sciences,202621
T10271,Seismic Imaging and Inversion Techniques,1908,Geophysics,19,Earth and Planetary Sciences,3,Physical Sciences,202597
T14468,Plant Ecology and Soil Science,2303,Ecology,23,Environmental Science,3,Physical Sciences,202583
T11365,Islamic Finance and Banking Studies,1402,Accounting,14,"Business, Management and Accounting",2,Social Sciences,201909
T14191,Historical Art and Architecture Studies,1206,Conservation,12,Arts and Humanities,2,Social Sciences,201784
T13568,Wood and Agarwood Research,1605,Organic Chemistry,16,Chemistry,3,Physical Sciences,201417
T10236,Aquatic Ecosystems and Phytoplankton Dynamics,2304,Environmental Chemistry,23,Environmental Science,3,Physical Sciences,201243
T12319,Fish Biology and Ecology Studies,1104,Aquatic Science,11,Agricultural and Biological Sciences,1,Life Sciences,200801
T10758,Cinema and Media Studies,2002,Economics and Econometrics,20,"Economics, Econometrics and Finance",2,Social Sciences,200452
T10302,Fish Ecology and Management Studies,2309,Nature and Landscape Conservation,23,Environmental Science,3,Physical Sciences,200159
T13028,Literature and Culture Studies,1208,Literature and Literary Theory,12,Arts and Humanities,2,Social Sciences,199935
T10054,Parallel Computing and Optimization Techniques,1708,Hardware and Architecture,17,Computer Science,3,Physical Sciences,199124
T14149,Historical and Literary Analyses,1208,Literature and Literary Theory,12,Arts and Humanities,2,Social Sciences,199093
T10230,Marine and fisheries research,2306,Global and Planetary Change,23,Environmental Science,3,Physical Sciences,198196
T10110,earthquake and tectonic studies,1908,Geophysics,19,Earth and Planetary Sciences,3,Physical Sciences,197951
T10182,Child and Adolescent Psychosocial and Emotional Development,3203,Clinical Psychology,32,Psychology,2,Social Sciences,197741
T13996,Diverse Musicological Studies,1210,Music,12,Arts and Humanities,2,Social Sciences,197405
T11027,Metabolism and Genetic Disorders,1308,Clinical Biochemistry,13,"Biochemistry, Genetics and Molecular Biology",1,Life Sciences,196902
T11742,Economic Theory and Policy,2000,"General Economics, Econometrics and Finance",20,"Economics, Econometrics and Finance",2,Social Sciences,196557
T14249,Water Quality Monitoring and Analysis,2311,Industrial and Manufacturing Engineering,23,Environmental Science,3,Physical Sciences,196446
T10715,Distributed and Parallel Computing Systems,1705,Computer Networks and Communications,17,Computer Science,3,Physical Sciences,196047
T11050,Photorefractive and Nonlinear Optics,3107,"Atomic and Molecular Physics, and Optics",31,Physics and Astronomy,3,Physical Sciences,195768
T10152,Animal Nutrition and Physiology,1103,Animal Science and Zoology,11,Agricultural and Biological Sciences,1,Life Sciences,195134
T11715,Education and Critical Thinking Development,3304,Education,33,Social Sciences,2,Social Sciences,194984
T10018,Advancements in Battery Materials,2208,Electrical and Electronic Engineering,22,Engineering,3,Physical Sciences,194864
T14186,Healthcare Systems and Practices,3600,General Health Professions,36,Health Professions,4,Health Sciences,194848
T12430,Academic and Historical Perspectives in Psychology,3200,General Psychology,32,Psychology,2,Social Sciences,194592
T14451,Historical and Religious Studies of Rome,1202,History,12,Arts and Humanities,2,Social Sciences,192206
T11290,Preterm Birth and Chorioamnionitis,2713,Epidemiology,27,Medicine,4,Health Sciences,191974
T12977,Spanish Literature and Culture Studies,1208,Literature and Literary Theory,12,Arts and Humanities,2,Social Sciences,191835
T10089,Avian ecology and behavior,2303,Ecology,23,Environmental Science,3,Physical Sciences,191515
T10472,Semiconductor materials and devices,2208,Electrical and Electronic Engineering,22,Engineering,3,Physical Sciences,191151
T14379,Diverse Cultural and Historical Studies,3316,Cultural Studies,33,Social Sciences,2,Social Sciences,190078
T10457,Education Pedagogy and Practices,3304,Education,33,Social Sciences,2,Social Sciences,189880
T11891,Big Data and Business Intelligence,1404,Management Information Systems,14,"Business, Management and Accounting",2,Social Sciences,189224
T10527,High-Energy Particle Collisions Research,3106,Nuclear and High Energy Physics,31,Physics and Astronomy,3,Physical Sciences,189060
T11387,Ichthyology and Marine Biology,2309,Nature and Landscape Conservation,23,Environmental Science,3,Physical Sciences,188663
T10804,"Health Systems, Economic Evaluations, Quality of Life",2002,Economics and Econometrics,20,"Economics, Econometrics and Finance",2,Social Sciences,188606
T10019,Corporate Finance and Governance,1402,Accounting,14,"Business, Management and Accounting",2,Social Sciences,188109
T12641,Historical and socio-economic studies of Spain and related regions,2002,Economics and Econometrics,20,"Economics, Econometrics and Finance",2,Social Sciences,187753
T12804,Thermal Analysis in Power Transmission,2207,Control and Systems Engineering,22,Engineering,3,Physical Sciences,187367
T10572,Geophysical and Geoelectrical Methods,1908,Geophysics,19,Earth and Planetary Sciences,3,Physical Sciences,187270
T11168,International Development and Aid,3303,Development,33,Social Sciences,2,Social Sciences,187007
T10162,Online and Blended Learning,3304,Education,33,Social Sciences,2,Social Sciences,186975
T12575,Medical History and Research,1202,History,12,Arts and Humanities,2,Social Sciences,186569
T10399,Hydrocarbon exploration and reservoir analysis,2211,Mechanics of Materials,22,Engineering,3,Physical Sciences,185924
T12773,Water Quality and Resources Studies,2312,Water Science and Technology,23,Environmental Science,3,Physical Sciences,185818
T12925,Educational and Social Studies,3304,Education,33,Social Sciences,2,Social Sciences,185495
T11796,Horticultural and Viticultural Research,1110,Plant Science,11,Agricultural and Biological Sciences,1,Life Sciences,185428
T10503,Global Financial Crisis and Policies,2003,Finance,20,"Economics, Econometrics and Finance",2,Social Sciences,185406
T10360,Fluid Dynamics and Turbulent Flows,2206,Computational Mechanics,22,Engineering,3,Physical Sciences,185346
T10406,Planetary Science and Exploration,3103,Astronomy and Astrophysics,31,Physics and Astronomy,3,Physical Sciences,185320
T11228,Bat Biology and Ecology Studies,1105,"Ecology, Evolution, Behavior and Systematics",11,Agricultural and Biological Sciences,1,Life Sciences,185307
T14518,American Sports and Literature,1202,History,12,Arts and Humanities,2,Social Sciences,185282
T11203,Jewish and Middle Eastern Studies,3312,Sociology and Political Science,33,Social Sciences,2,Social Sciences,184846
T10759,Translation Studies and Practices,1203,Language and Linguistics,12,Arts and Humanities,2,Social Sciences,184074
T14313,Health and Well-being Studies,3203,Clinical Psychology,32,Psychology,2,Social Sciences,184039
T11410,Cultural Industries and Urban Development,3322,Urban Studies,33,Social Sciences,2,Social Sciences,183262
T10051,Asthma and respiratory diseases,2737,Physiology,27,Medicine,4,Health Sciences,183142
T12764,Polish Historical and Cultural Studies,3320,Political Science and International Relations,33,Social Sciences,2,Social Sciences,182999
T12648,Academic Writing and Publishing,1207,History and Philosophy of Science,12,Arts and Humanities,2,Social Sciences,182841
T13129,Material Properties and Applications,2500,General Materials Science,25,Materials Science,3,Physical Sciences,181971
T13484,German History and Society,1202,History,12,Arts and Humanities,2,Social Sciences,181444
T13883,Child and Adolescent Health,3600,General Health Professions,36,Health Professions,4,Health Sciences,181022
T13939,Archaeology and Natural History,3314,Anthropology,33,Social Sciences,2,Social Sciences,180436
T12525,Australian History and Society,3312,Sociology and Political Science,33,Social Sciences,2,Social Sciences,180328
T12639,Global Energy and Sustainability Research,2105,"Renewable Energy, Sustainability and the Environment",21,Energy,3,Physical Sciences,180101
T13734,Advanced Computational Techniques and Applications,1702,Artificial Intelligence,17,Computer Science,3,Physical Sciences,180022
T11289,Single-cell and spatial transcriptomics,1312,Molecular Biology,13,"Biochemistry, Genetics and Molecular Biology",1,Life Sciences,179563
T10133,Media Studies and Communication,3315,Communication,33,Social Sciences,2,Social Sciences,178546
T10172,Cardiac Valve Diseases and Treatments,2705,Cardiology and Cardiovascular Medicine,27,Medicine,4,Health Sciences,178531
T13922,Historical Art and Culture Studies,1209,Museology,12,Arts and Humanities,2,Social Sciences,178350
T10413,High-pressure geophysics and materials,1908,Geophysics,19,Earth and Planetary Sciences,3,Physical Sciences,178153
T13706,Management and Optimization Techniques,1408,Strategy and Management,14,"Business, Management and Accounting",2,Social Sciences,177887
T10240,Plant tissue culture and regeneration,1312,Molecular Biology,13,"Biochemistry, Genetics and Molecular Biology",1,Life Sciences,177031
T11472,Analytical Chemistry and Sensors,1502,Bioengineering,15,Chemical Engineering,3,Physical Sciences,176023
T11162,Enzyme Structure and Function,2505,Materials Chemistry,25,Materials Science,3,Physical Sciences,175708
T10669,Freshwater macroinvertebrate diversity and ecology,2303,Ecology,23,Environmental Science,3,Physical Sciences,175574
T14059,"Nietzsche, Schopenhauer, and Hegel",1211,Philosophy,12,Arts and Humanities,2,Social Sciences,175484
T13124,Chemical synthesis and alkaloids,1605,Organic Chemistry,16,Chemistry,3,Physical Sciences,175142
T10091,Malaria Research and Control,2739,"Public Health, Environmental and Occupational Health",27,Medicine,4,Health Sciences,174595
T10087,Archaeology and ancient environmental studies,1911,Paleontology,19,Earth and Planetary Sciences,3,Physical Sciences,173931
T10157,Sports Performance and Training,2732,Orthopedics and Sports Medicine,27,Medicine,4,Health Sciences,173911
T10630,Orthopedic Surgery and Rehabilitation,2746,Surgery,27,Medicine,4,Health Sciences,173863
T10209,Global Maternal and Child Health,2735,"Pediatrics, Perinatology and Child Health",27,Medicine,4,Health Sciences,173765
T12097,Aquatic Invertebrate Ecology and Behavior,2303,Ecology,23,Environmental Science,3,Physical Sciences,173651
T14395,African history and culture studies,3314,Anthropology,33,Social Sciences,2,Social Sciences,172878
T10594,Genetic and phenotypic traits in livestock,1311,Genetics,13,"Biochemistry, Genetics and Molecular Biology",1,Life Sciences,172824
T10211,Computational Drug Discovery Methods,1703,Computational Theory and Mathematics,17,Computer Science,3,Physical Sciences,172805
T14039,Ecology and biodiversity studies,2303,Ecology,23,Environmental Science,3,Physical Sciences,172678
T12327,Various Chemistry Research Topics,1606,Physical and Theoretical Chemistry,16,Chemistry,3,Physical Sciences,172526
T10215,Semantic Web and Ontologies,1702,Artificial Intelligence,17,Computer Science,3,Physical Sciences,171610
T10143,Chronic Obstructive Pulmonary Disease (COPD) Research,2740,Pulmonary and Respiratory Medicine,27,Medicine,4,Health Sciences,171198
T12495,Electrostatic Discharge in Electronics,2208,Electrical and Electronic Engineering,22,Engineering,3,Physical Sciences,171089
T10075,Atmospheric chemistry and aerosols,1902,Atmospheric Science,19,Earth and Planetary Sciences,3,Physical Sciences,170882
T10055,Diverse Aspects of Tourism Research,3312,Sociology and Political Science,33,Social Sciences,2,Social Sciences,170828
T12854,Neurology and Historical Studies,2808,Neurology,28,Neuroscience,1,Life Sciences,170762
T10511,High voltage insulation and dielectric phenomena,2505,Materials Chemistry,25,Materials Science,3,Physical Sciences,170553
T13749,"Hungarian Social, Economic and Educational Studies",3305,"Geography, Planning and Development",33,Social Sciences,2,Social Sciences,170402
T11613,Phytochemistry and Biological Activities,1110,Plant Science,11,Agricultural and Biological Sciences,1,Life Sciences,169504
T11746,Inorganic and Organometallic Chemistry,1605,Organic Chemistry,16,Chemistry,3,Physical Sciences,169206
T10214,Psychotherapy Techniques and Applications,3203,Clinical Psychology,32,Psychology,2,Social Sciences,169005
T11770,Fiscal Policy and Economic Growth,2002,Economics and Econometrics,20,"Economics, Econometrics and Finance",2,Social Sciences,168889
T12165,Environmental Sustainability and Education,2308,"Management, Monitoring, Policy and Law",23,Environmental Science,3,Physical Sciences,168749
T10702,Insect and Arachnid Ecology and Behavior,1311,Genetics,13,"Biochemistry, Genetics and Molecular Biology",1,Life Sciences,168709
T11590,Primary Care and Health Outcomes,3600,General Health Professions,36,Health Professions,4,Health Sciences,168697
T13178,Theology and Canon Law Studies,1212,Religious studies,12,Arts and Humanities,2,Social Sciences,168687
T10109,Paleontology and Stratigraphy of Fossils,1911,Paleontology,19,Earth and Planetary Sciences,3,Physical Sciences,168432
T12341,Spanish Linguistics and Language Studies,1203,Language and Linguistics,12,Arts and Humanities,2,Social Sciences,168313
T10523,Atomic and Molecular Physics,3107,"Atomic and Molecular Physics, and Optics",31,Physics and Astronomy,3,Physical Sciences,168137
T10135,Insect-Plant Interactions and Control,1109,Insect Science,11,Agricultural and Biological Sciences,1,Life Sciences,167650
T13456,"Religion, Society, and Development",3312,Sociology and Political Science,33,Social Sciences,2,Social Sciences,167571
T10127,"Banking stability, regulation, efficiency",2003,Finance,20,"Economics, Econometrics and Finance",2,Social Sciences,167549
T13760,"Finance, Taxation, and Governance",2308,"Management, Monitoring, Policy and Law",23,Environmental Science,3,Physical Sciences,167487
T10022,Semiconductor Quantum Structures and Devices,3107,"Atomic and Molecular Physics, and Optics",31,Physics and Astronomy,3,Physical Sciences,167416
T10285,Venous Thromboembolism Diagnosis and Management,2724,Internal Medicine,27,Medicine,4,Health Sciences,167066
T11791,Microbial Community Ecology and Physiology,2303,Ecology,23,Environmental Science,3,Physical Sciences,166810
T11836,Bryophyte Studies and Records,1105,"Ecology, Evolution, Behavior and Systematics",11,Agricultural and Biological Sciences,1,Life Sciences,166772
T10749,International Law and Human Rights,3320,Political Science and International Relations,33,Social Sciences,2,Social Sciences,166764
T14180,"Law, logistics, and international trade",1402,Accounting,14,"Business, Management and Accounting",2,Social Sciences,166549
T13802,Vietnamese History and Culture Studies,3312,Sociology and Political Science,33,Social Sciences,2,Social Sciences,166299
T10521,RNA and protein synthesis mechanisms,1312,Molecular Biology,13,"Biochemistry, Genetics and Molecular Biology",1,Life Sciences,166269
T10199,Wildlife Ecology and Conservation,2303,Ecology,23,Environmental Science,3,Physical Sciences,165607
T11879,Protist diversity and phylogeny,1312,Molecular Biology,13,"Biochemistry, Genetics and Molecular Biology",1,Life Sciences,165427
T13180,Chemistry and Chemical Engineering,2304,Environmental Chemistry,23,Environmental Science,3,Physical Sciences,165160
T10429,EEG and Brain-Computer Interfaces,2805,Cognitive Neuroscience,28,Neuroscience,1,Life Sciences,165156
T13523,"Mathematics, Computing, and Information Processing",1703,Computational Theory and Mathematics,17,Computer Science,3,Physical Sciences,164801
T10330,Hydrology and Watershed Management Studies,2312,Water Science and Technology,23,Environmental Science,3,Physical Sciences,164103
T13376,Criminal Law and Policy,3312,Sociology and Political Science,33,Social Sciences,2,Social Sciences,163976
T10028,Topic Modeling,1702,Artificial Intelligence,17,Computer Science,3,Physical Sciences,163940
T13154,Legal and Regulatory Analysis,3313,Transportation,33,Social Sciences,2,Social Sciences,163858
T10058,Entrepreneurship Studies and Influences,1405,Management of Technology and Innovation,14,"Business, Management and Accounting",2,Social Sciences,163772
T10177,Palliative Care and End-of-Life Issues,2739,"Public Health, Environmental and Occupational Health",27,Medicine,4,Health Sciences,163362
T11197,Digital Games and Media,3312,Sociology and Political Science,33,Social Sciences,2,Social Sciences,163353
T10254,Innovations in Medical Education,2739,"Public Health, Environmental and Occupational Health",27,Medicine,4,Health Sciences,162499
T14430,Higher Education and Teaching Methods,1710,Information Systems,17,Computer Science,3,Physical Sciences,162461
T10372,Cardiac Imaging and Diagnostics,2741,"Radiology, Nuclear Medicine and Imaging",27,Medicine,4,Health Sciences,162352
T13823,Religious and Theological Studies,3312,Sociology and Political Science,33,Social Sciences,2,Social Sciences,162280
T10268,Developmental Biology and Gene Regulation,1312,Molecular Biology,13,"Biochemistry, Genetics and Molecular Biology",1,Life Sciences,161057
T11004,Crustacean biology and ecology,2303,Ecology,23,Environmental Science,3,Physical Sciences,160994
T10596,Child Nutrition and Water Access,2916,Nutrition and Dietetics,29,Nursing,4,Health Sciences,160751
T10301,Mitochondrial Function and Pathology,1312,Molecular Biology,13,"Biochemistry, Genetics and Molecular Biology",1,Life Sciences,160515
T13215,Global Maritime and Colonial Histories,3314,Anthropology,33,Social Sciences,2,Social Sciences,160452
T10190,Air Quality and Health Impacts,2307,"Health, Toxicology and Mutagenesis",23,Environmental Science,3,Physical Sciences,160390
T11434,Electrochemical Analysis and Applications,1603,Electrochemistry,16,Chemistry,3,Physical Sciences,160125
T10477,Astrophysics and Star Formation Studies,3103,Astronomy and Astrophysics,31,Physics and Astronomy,3,Physical Sciences,160108
T10303,Photosynthetic Processes and Mechanisms,1312,Molecular Biology,13,"Biochemistry, Genetics and Molecular Biology",1,Life Sciences,159883
T10250,Glaucoma and retinal disorders,2731,Ophthalmology,27,Medicine,4,Health Sciences,159834
T10094,Epilepsy research and treatment,2738,Psychiatry and Mental health,27,Medicine,4,Health Sciences,159428
T10029,Climate variability and models,2306,Global and Planetary Change,23,Environmental Science,3,Physical Sciences,159421
T10084,Musculoskeletal pain and rehabilitation,2736,Pharmacology,27,Medicine,4,Health Sciences,158923
T11020,Immune Cell Function and Interaction,2403,Immunology,24,Immunology and Microbiology,1,Life Sciences,158887
T14008,Balkan and Eastern European Studies,2002,Economics and Econometrics,20,"Economics, Econometrics and Finance",2,Social Sciences,158759
T12753,"Psychology, Coaching, and Therapy",3207,Social Psychology,32,Psychology,2,Social Sciences,158438
T13623,Linguistic Studies and Language Acquisition,1702,Artificial Intelligence,17,Computer Science,3,Physical Sciences,158379
T11710,Biomedical Text Mining and Ontologies,1312,Molecular Biology,13,"Biochemistry, Genetics and Molecular Biology",1,Life Sciences,158129
T12885,Digital Innovation in Industries,1405,Management of Technology and Innovation,14,"Business, Management and Accounting",2,Social Sciences,157923
T10340,Hepatitis B Virus Studies,2713,Epidemiology,27,Medicine,4,Health Sciences,157807
T10082,HIV/AIDS Research and Interventions,2725,Infectious Diseases,27,Medicine,4,Health Sciences,157572
T13735,History of Medical Practice,2728,Neurology,27,Medicine,4,Health Sciences,157455
T13923,Nuclear and radioactivity studies,2213,"Safety, Risk, Reliability and Quality",22,Engineering,3,Physical Sciences,157404
T10609,Digital Marketing and Social Media,3312,Sociology and Political Science,33,Social Sciences,2,Social Sciences,157394
T10189,Anesthesia and Pain Management,2746,Surgery,27,Medicine,4,Health Sciences,157261
T13597,Medicine and Dermatology Studies History,2708,Dermatology,27,Medicine,4,Health Sciences,157222
T10443,Social Policy and Reform Studies,3320,Political Science and International Relations,33,Social Sciences,2,Social Sciences,157084
T12323,Asian American and Pacific Histories,3316,Cultural Studies,33,Social Sciences,2,Social Sciences,157028
T11277,Thermal properties of materials,2505,Materials Chemistry,25,Materials Science,3,Physical Sciences,156869
T10078,Advanced Photocatalysis Techniques,2105,"Renewable Energy, Sustainability and the Environment",21,Energy,3,Physical Sciences,156604
T12555,Ancient Egypt and Archaeology,1204,Archeology,12,Arts and Humanities,2,Social Sciences,156499
T10276,Helicobacter pylori-related gastroenterology studies,2746,Surgery,27,Medicine,4,Health Sciences,156240
T10549,Neonatal Respiratory Health Research,2740,Pulmonary and Respiratory Medicine,27,Medicine,4,Health Sciences,156031
T10809,Occupational Health and Safety Research,3614,Radiological and Ultrasound Technology,36,Health Professions,4,Health Sciences,155945
T12504,Mathematics and Applications,2608,Geometry and Topology,26,Mathematics,3,Physical Sciences,155931
T11752,Cancer Treatment and Pharmacology,2730,Oncology,27,Medicine,4,Health Sciences,155617
T10069,Antenna Design and Analysis,2202,Aerospace Engineering,22,Engineering,3,Physical Sciences,155502
T10425,Cold Atom Physics and Bose-Einstein Condensates,3107,"Atomic and Molecular Physics, and Optics",31,Physics and Astronomy,3,Physical Sciences,155491
T10217,Cardiac electrophysiology and arrhythmias,2705,Cardiology and Cardiovascular Medicine,27,Medicine,4,Health Sciences,155320
T14005,Eastern European Communism and Reforms,3312,Sociology and Political Science,33,Social Sciences,2,Social Sciences,155251
T11743,Political Economy and Marxism,3312,Sociology and Political Science,33,Social Sciences,2,Social Sciences,155098
T11349,Music Technology and Sound Studies,1707,Computer Vision and Pattern Recognition,17,Computer Science,3,Physical Sciences,154953
T10364,Reproductive Biology and Fertility,2739,"Public Health, Environmental and Occupational Health",27,Medicine,4,Health Sciences,154920
T14491,Diverse academic and cultural studies,2002,Economics and Econometrics,20,"Economics, Econometrics and Finance",2,Social Sciences,154894
T11006,BIM and Construction Integration,2215,Building and Construction,22,Engineering,3,Physical Sciences,154718
T12982,Legal principles and applications,3308,Law,33,Social Sciences,2,Social Sciences,154648
T10032,Marine and coastal ecosystems,1910,Oceanography,19,Earth and Planetary Sciences,3,Physical Sciences,154402
T13212,German Social Sciences and History,3312,Sociology and Political Science,33,Social Sciences,2,Social Sciences,154380
T13168,Plant Ecology and Taxonomy Studies,1105,"Ecology, Evolution, Behavior and Systematics",11,Agricultural and Biological Sciences,1,Life Sciences,154291
T10129,Glioma Diagnosis and Treatment,2716,Genetics,27,Medicine,4,Health Sciences,154161
T10238,Spine and Intervertebral Disc Pathology,2734,Pathology and Forensic Medicine,27,Medicine,4,Health Sciences,154024
T14081,Linguistic Education and Pedagogy,1203,Language and Linguistics,12,Arts and Humanities,2,Social Sciences,154019
T11588,Atmospheric and Environmental Gas Dynamics,2306,Global and Planetary Change,23,Environmental Science,3,Physical Sciences,153741
T12505,Peptidase Inhibition and Analysis,2730,Oncology,27,Medicine,4,Health Sciences,153713
T10431,Ethnobotanical and Medicinal Plants Studies,1110,Plant Science,11,Agricultural and Biological Sciences,1,Life Sciences,153545
T12444,"Art, Politics, and Modernism",1213,Visual Arts and Performing Arts,12,Arts and Humanities,2,Social Sciences,153333
T14210,Historical and Linguistic Studies,3312,Sociology and Political Science,33,Social Sciences,2,Social Sciences,153116
T10030,Electrocatalysts for Energy Conversion,2105,"Renewable Energy, Sustainability and the Environment",21,Energy,3,Physical Sciences,152982
T11499,ICT Impact and Policies,2214,Media Technology,22,Engineering,3,Physical Sciences,152782
T12353,Lexicography and Language Studies,1203,Language and Linguistics,12,Arts and Humanities,2,Social Sciences,152757
T10818,Astrophysics and Cosmic Phenomena,3106,Nuclear and High Energy Physics,31,Physics and Astronomy,3,Physical Sciences,152743
T10047,Financial Markets and Investment Strategies,2003,Finance,20,"Economics, Econometrics and Finance",2,Social Sciences,152710
T10146,Cervical Cancer and HPV Research,2713,Epidemiology,27,Medicine,4,Health Sciences,152705
T10106,Autism Spectrum Disorder Research,2805,Cognitive Neuroscience,28,Neuroscience,1,Life Sciences,152652
T10432,DNA and Nucleic Acid Chemistry,1312,Molecular Biology,13,"Biochemistry, Genetics and Molecular Biology",1,Life Sciences,152305
T10231,Pancreatic and Hepatic Oncology Research,2730,Oncology,27,Medicine,4,Health Sciences,152093
T14030,Taxation and Legal Issues,1402,Accounting,14,"Business, Management and Accounting",2,Social Sciences,151885
T10622,Quantum Mechanics and Applications,3107,"Atomic and Molecular Physics, and Optics",31,Physics and Astronomy,3,Physical Sciences,151871
T13193,Geological Studies and Exploration,1907,Geology,19,Earth and Planetary Sciences,3,Physical Sciences,151807
T10020,Quantum Information and Cryptography,1702,Artificial Intelligence,17,Computer Science,3,Physical Sciences,151447
T10965,Geological formations and processes,1904,Earth-Surface Processes,19,Earth and Planetary Sciences,3,Physical Sciences,151333
T10141,Probiotics and Fermented Foods,1106,Food Science,11,Agricultural and Biological Sciences,1,Life Sciences,151189
T12359,Fern and Epiphyte Biology,1105,"Ecology, Evolution, Behavior and Systematics",11,Agricultural and Biological Sciences,1,Life Sciences,151089
T13754,Central European and Russian historical studies,3320,Political Science and International Relations,33,Social Sciences,2,Social Sciences,150939
T10378,Advanced MRI Techniques and Applications,2741,"Radiology, Nuclear Medicine and Imaging",27,Medicine,4,Health Sciences,150303
T11629,"Birth, Development, and Health",2735,"Pediatrics, Perinatology and Child Health",27,Medicine,4,Health Sciences,150154
T10333,Meat and Animal Product Quality,1103,Animal Science and Zoology,11,Agricultural and Biological Sciences,1,Life Sciences,149939
T10602,Glycosylation and Glycoproteins Research,1312,Molecular Biology,13,"Biochemistry, Genetics and Molecular Biology",1,Life Sciences,149938
T10007,Monetary Policy and Economic Impact,2000,"General Economics, Econometrics and Finance",20,"Economics, Econometrics and Finance",2,Social Sciences,149733
T10322,Respiratory Support and Mechanisms,2740,Pulmonary and Respiratory Medicine,27,Medicine,4,Health Sciences,149727
T11429,Semiconductor Lasers and Optical Devices,2208,Electrical and Electronic Engineering,22,Engineering,3,Physical Sciences,149441
T13636,Pentecostalism and Christianity Studies,1212,Religious studies,12,Arts and Humanities,2,Social Sciences,149394
T10066,Gut microbiota and health,1312,Molecular Biology,13,"Biochemistry, Genetics and Molecular Biology",1,Life Sciences,149328
T10911,Chemical Synthesis and Analysis,1312,Molecular Biology,13,"Biochemistry, Genetics and Molecular Biology",1,Life Sciences,149234
T10535,Landslides and related hazards,2308,"Management, Monitoring, Policy and Law",23,Environmental Science,3,Physical Sciences,149024
T12669,Comparative International Legal Studies,3320,Political Science and International Relations,33,Social Sciences,2,Social Sciences,148763
T12998,Education and Islamic Studies,3304,Education,33,Social Sciences,2,Social Sciences,148617
T10543,Prostate Cancer Treatment and Research,2740,Pulmonary and Respiratory Medicine,27,Medicine,4,Health Sciences,148476
T10065,Atrial Fibrillation Management and Outcomes,2705,Cardiology and Cardiovascular Medicine,27,Medicine,4,Health Sciences,148454
T14441,"Religion, Theology, History, Judaism, Christianity",3320,Political Science and International Relations,33,Social Sciences,2,Social Sciences,147933
T12487,Structural Engineering and Vibration Analysis,2205,Civil and Structural Engineering,22,Engineering,3,Physical Sciences,147792
T13070,Cultural Identity and Heritage,1204,Archeology,12,Arts and Humanities,2,Social Sciences,147515
T10280,Shoulder Injury and Treatment,2746,Surgery,27,Medicine,4,Health Sciences,147473
T11876,Legal Studies and Policies,3308,Law,33,Social Sciences,2,Social Sciences,147408
T12573,Education and Digital Technologies,3312,Sociology and Political Science,33,Social Sciences,2,Social Sciences,147191
T12502,Urbanization and City Planning,3322,Urban Studies,33,Social Sciences,2,Social Sciences,147188
T12137,Economic theories and models,2002,Economics and Econometrics,20,"Economics, Econometrics and Finance",2,Social Sciences,147020
T10207,Advanced biosensing and bioanalysis techniques,1312,Molecular Biology,13,"Biochemistry, Genetics and Molecular Biology",1,Life Sciences,146942
T13695,"Aging, Elder Care, and Social Issues",3600,General Health Professions,36,Health Professions,4,Health Sciences,146933
T12471,History of Science and Natural History,1207,History and Philosophy of Science,12,Arts and Humanities,2,Social Sciences,146904
T12927,"Memory, History, Trauma, Identity",1211,Philosophy,12,Arts and Humanities,2,Social Sciences,146896
T13175,Historical Astronomy and Related Studies,3103,Astronomy and Astrophysics,31,Physics and Astronomy,3,Physical Sciences,146652
T10062,MicroRNA in disease regulation,1306,Cancer Research,13,"Biochemistry, Genetics and Molecular Biology",1,Life Sciences,146629
T10171,Biofuel production and bioconversion,2204,Biomedical Engineering,22,Engineering,3,Physical Sciences,146508
T12339,Medical Malpractice and Liability Issues,3611,Pharmacy,36,Health Professions,4,Health Sciences,146459
T10644,Cryospheric studies and observations,1902,Atmospheric Science,19,Earth and Planetary Sciences,3,Physical Sciences,146285
T13466,Comparative Literary Analysis and Criticism,1208,Literature and Literary Theory,12,Arts and Humanities,2,Social Sciences,146252
T11657,Digital and Traditional Archives Management,1206,Conservation,12,Arts and Humanities,2,Social Sciences,145556
T11753,Forest Management and Policy,2306,Global and Planetary Change,23,Environmental Science,3,Physical Sciences,145522
T11091,Extraction and Separation Processes,2210,Mechanical Engineering,22,Engineering,3,Physical Sciences,145264
T11801,Reservoir Engineering and Simulation Methods,2212,Ocean Engineering,22,Engineering,3,Physical Sciences,145180
T12912,"Shakespeare, Adaptation, and Literary Criticism",1208,Literature and Literary Theory,12,Arts and Humanities,2,Social Sciences,145164
T12755,Legal Education and Practice Innovations,3308,Law,33,Social Sciences,2,Social Sciences,145124
T10163,Metal complexes synthesis and properties,2730,Oncology,27,Medicine,4,Health Sciences,145020
T10631,"Cancer, Hypoxia, and Metabolism",1306,Cancer Research,13,"Biochemistry, Genetics and Molecular Biology",1,Life Sciences,144758
T10121,Building Energy and Comfort Optimization,2215,Building and Construction,22,Engineering,3,Physical Sciences,144557
T10382,Quantum and electron transport phenomena,3107,"Atomic and Molecular Physics, and Optics",31,Physics and Astronomy,3,Physical Sciences,144504
T11216,Radiation Detection and Scintillator Technologies,3108,Radiation,31,Physics and Astronomy,3,Physical Sciences,144210
T14281,Islamic Finance and Communication,3312,Sociology and Political Science,33,Social Sciences,2,Social Sciences,144142
T11391,Theatre and Performance Studies,1213,Visual Arts and Performing Arts,12,Arts and Humanities,2,Social Sciences,143979
T10973,Radioactive element chemistry and processing,1604,Inorganic Chemistry,16,Chemistry,3,Physical Sciences,143865
T11537,Ethics in medical practice,3600,General Health Professions,36,Health Professions,4,Health Sciences,143842
T12890,Eurasian Exchange Networks,3314,Anthropology,33,Social Sciences,2,Social Sciences,143739
T10589,Early Childhood Education and Development,3304,Education,33,Social Sciences,2,Social Sciences,143477
T12332,Comparative constitutional jurisprudence studies,3320,Political Science and International Relations,33,Social Sciences,2,Social Sciences,143294
T10270,Blockchain Technology Applications and Security,1710,Information Systems,17,Computer Science,3,Physical Sciences,143273
T10876,Fault Detection and Control Systems,2207,Control and Systems Engineering,22,Engineering,3,Physical Sciences,143217
T12705,Educational Reforms and Innovations,2307,"Health, Toxicology and Mutagenesis",23,Environmental Science,3,Physical Sciences,143028
T10289,European Union Policy and Governance,3320,Political Science and International Relations,33,Social Sciences,2,Social Sciences,142936
T10494,Plant Virus Research Studies,1110,Plant Science,11,Agricultural and Biological Sciences,1,Life Sciences,142904
T10463,Pulsars and Gravitational Waves Research,3103,Astronomy and Astrophysics,31,Physics and Astronomy,3,Physical Sciences,142772
T12767,Conflict of Laws and Jurisdiction,3320,Political Science and International Relations,33,Social Sciences,2,Social Sciences,142705
T11507,Religion and Society Interactions,3312,Sociology and Political Science,33,Social Sciences,2,Social Sciences,142699
T13504,African history and culture analysis,3320,Political Science and International Relations,33,Social Sciences,2,Social Sciences,142458
T10400,Network Security and Intrusion Detection,1705,Computer Networks and Communications,17,Computer Science,3,Physical Sciences,142340
T12961,Regional Development and Policy,3320,Political Science and International Relations,33,Social Sciences,2,Social Sciences,142278
T14490,Human Rights and Immigration,3312,Sociology and Political Science,33,Social Sciences,2,Social Sciences,142236
T11726,Organizational Management and Innovation,1407,Organizational Behavior and Human Resource Management,14,"Business, Management and Accounting",2,Social Sciences,141894
T13518,Architecture and Computational Design,2216,Architecture,22,Engineering,3,Physical Sciences,141725
T14047,Marine and environmental studies,1910,Oceanography,19,Earth and Planetary Sciences,3,Physical Sciences,141634
T10450,Aquaculture Nutrition and Growth,1104,Aquatic Science,11,Agricultural and Biological Sciences,1,Life Sciences,141596
T10377,Metal and Thin Film Mechanics,2211,Mechanics of Materials,22,Engineering,3,Physical Sciences,141500
T10167,Influenza Virus Research Studies,2713,Epidemiology,27,Medicine,4,Health Sciences,141480
T13743,Italian Literature and Culture,1200,General Arts and Humanities,12,Arts and Humanities,2,Social Sciences,141317
T10158,Cancer Immunotherapy and Biomarkers,2730,Oncology,27,Medicine,4,Health Sciences,141310
T13845,Classical Studies and Legal History,1202,History,12,Arts and Humanities,2,Social Sciences,141300
T12229,Pharmacological Effects and Toxicity Studies,2735,"Pediatrics, Perinatology and Child Health",27,Medicine,4,Health Sciences,141161
T14321,"Religion, Theology, and Education",1212,Religious studies,12,Arts and Humanities,2,Social Sciences,141146
T11048,Bacteriophages and microbial interactions,2303,Ecology,23,Environmental Science,3,Physical Sciences,141116
T10403,Phonetics and Phonology Research,3205,Experimental and Cognitive Psychology,32,Psychology,2,Social Sciences,140902
T12398,Poetry Analysis and Criticism,1208,Literature and Literary Theory,12,Arts and Humanities,2,Social Sciences,140797
T10147,Antibiotic Resistance in Bacteria,1313,Molecular Medicine,13,"Biochemistry, Genetics and Molecular Biology",1,Life Sciences,140794
T10112,HIV Research and Treatment,2406,Virology,24,Immunology and Microbiology,1,Life Sciences,140776
T11913,Animal Ecology and Behavior Studies,2303,Ecology,23,Environmental Science,3,Physical Sciences,140692
T14101,Financial Crisis of the 21st Century,2003,Finance,20,"Economics, Econometrics and Finance",2,Social Sciences,140664
T10151,Hepatitis C virus research,2721,Hepatology,27,Medicine,4,Health Sciences,140586
T12542,Second Language Learning and Teaching,1208,Literature and Literary Theory,12,Arts and Humanities,2,Social Sciences,140451
T10010,"Obesity, Physical Activity, Diet",2739,"Public Health, Environmental and Occupational Health",27,Medicine,4,Health Sciences,140271
T10613,Virus-based gene therapy research,1311,Genetics,13,"Biochemistry, Genetics and Molecular Biology",1,Life Sciences,140191
T10009,Dementia and Cognitive Impairment Research,2738,Psychiatry and Mental health,27,Medicine,4,Health Sciences,139834
T11925,Culinary Culture and Tourism,1106,Food Science,11,Agricultural and Biological Sciences,1,Life Sciences,139265
T10300,Congenital Heart Disease Studies,2713,Epidemiology,27,Medicine,4,Health Sciences,139195
T10083,Graphene research and applications,2505,Materials Chemistry,25,Materials Science,3,Physical Sciences,138914
T10044,Protein Structure and Dynamics,1312,Molecular Biology,13,"Biochemistry, Genetics and Molecular Biology",1,Life Sciences,138798
T11201,Metallurgy and Material Forming,2211,Mechanics of Materials,22,Engineering,3,Physical Sciences,138780
T10409,Fuel Cells and Related Materials,2208,Electrical and Electronic Engineering,22,Engineering,3,Physical Sciences,138689
T12123,Financial Analysis and Corporate Governance,1402,Accounting,14,"Business, Management and Accounting",2,Social Sciences,138587
T10144,Blood Pressure and Hypertension Studies,2705,Cardiology and Cardiovascular Medicine,27,Medicine,4,Health Sciences,138558
T10004,Soil Carbon and Nitrogen Dynamics,1111,Soil Science,11,Agricultural and Biological Sciences,1,Life Sciences,138459
T11113,Music History and Culture,1210,Music,12,Arts and Humanities,2,Social Sciences,138404
T10581,Neural dynamics and brain function,2805,Cognitive Neuroscience,28,Neuroscience,1,Life Sciences,138375
T11890,Scientific Measurement and Uncertainty Evaluation,1804,"Statistics, Probability and Uncertainty",18,Decision Sciences,2,Social Sciences,138204
T13158,Political and Economic history of UK and US,3320,Political Science and International Relations,33,Social Sciences,2,Social Sciences,138030
T10049,Magnetic properties of thin films,3107,"Atomic and Molecular Physics, and Optics",31,Physics and Astronomy,3,Physical Sciences,137976
T12424,Earthquake Detection and Analysis,1908,Geophysics,19,Earth and Planetary Sciences,3,Physical Sciences,137945
T12377,Digital Humanities and Scholarship,1208,Literature and Literary Theory,12,Arts and Humanities,2,Social Sciences,137905
T10580,Immunotherapy and Immune Responses,2403,Immunology,24,Immunology and Microbiology,1,Life Sciences,137890
T13156,Historical Linguistics and Language Studies,1203,Language and Linguistics,12,Arts and Humanities,2,Social Sciences,137869
T11177,Spectroscopy and Quantum Chemical Studies,3107,"Atomic and Molecular Physics, and Optics",31,Physics and Astronomy,3,Physical Sciences,137791
T11771,Plant Pathogens and Resistance,1110,Plant Science,11,Agricultural and Biological Sciences,1,Life Sciences,137571
T12514,Fashion and Cultural Textiles,1209,Museology,12,Arts and Humanities,2,Social Sciences,137120
T10269,Epigenetics and DNA Methylation,1312,Molecular Biology,13,"Biochemistry, Genetics and Molecular Biology",1,Life Sciences,137019
T10496,Pharmaceutical Practices and Patient Outcomes,2717,Geriatrics and Gerontology,27,Medicine,4,Health Sciences,136910
T12863,Web and Library Services,1710,Information Systems,17,Computer Science,3,Physical Sciences,136891
T11148,"Language, Metaphor, and Cognition",3205,Experimental and Cognitive Psychology,32,Psychology,2,Social Sciences,136525
T12678,Themes in Literature Analysis,1208,Literature and Literary Theory,12,Arts and Humanities,2,Social Sciences,136333
T10059,Bone Tissue Engineering Materials,2204,Biomedical Engineering,22,Engineering,3,Physical Sciences,136231
T10180,Analytical chemistry methods development,1602,Analytical Chemistry,16,Chemistry,3,Physical Sciences,136212
T10023,Schizophrenia research and treatment,2738,Psychiatry and Mental health,27,Medicine,4,Health Sciences,135724
T11817,"Housing, Finance, and Neoliberalism",2003,Finance,20,"Economics, Econometrics and Finance",2,Social Sciences,135692
T14402,Political and Social Issues,3320,Political Science and International Relations,33,Social Sciences,2,Social Sciences,135667
T11667,Advanced Chemical Sensor Technologies,2204,Biomedical Engineering,22,Engineering,3,Physical Sciences,135615
T10168,COVID-19 and Mental Health,3203,Clinical Psychology,32,Psychology,2,Social Sciences,135554
T10227,Acute Ischemic Stroke Management,2713,Epidemiology,27,Medicine,4,Health Sciences,135492
T10632,Housing Market and Economics,2002,Economics and Econometrics,20,"Economics, Econometrics and Finance",2,Social Sciences,135427
T11948,Machine Learning in Materials Science,2505,Materials Chemistry,25,Materials Science,3,Physical Sciences,135399
T13763,Historical Legal Studies and Society,3320,Political Science and International Relations,33,Social Sciences,2,Social Sciences,135325
T10349,Migration and Labor Dynamics,3312,Sociology and Political Science,33,Social Sciences,2,Social Sciences,135307
T12447,Spider Taxonomy and Behavior Studies,1311,Genetics,13,"Biochemistry, Genetics and Molecular Biology",1,Life Sciences,135256
T13861,Health and Lifestyle Studies,3600,General Health Professions,36,Health Professions,4,Health Sciences,135090
T10120,Bacterial Genetics and Biotechnology,1311,Genetics,13,"Biochemistry, Genetics and Molecular Biology",1,Life Sciences,135055
T13238,Botanical Studies and Applications,1110,Plant Science,11,Agricultural and Biological Sciences,1,Life Sciences,134980
T10839,Pancreatic function and diabetes,2746,Surgery,27,Medicine,4,Health Sciences,134940
T11520,Advanced Thermodynamics and Statistical Mechanics,3109,Statistical and Nonlinear Physics,31,Physics and Astronomy,3,Physical Sciences,134938
T11212,Cultural Heritage Materials Analysis,1204,Archeology,12,Arts and Humanities,2,Social Sciences,134856
T13360,Economic and Social Issues,3312,Sociology and Political Science,33,Social Sciences,2,Social Sciences,134709
T11430,Disaster Response and Management,3604,Emergency Medical Services,36,Health Professions,4,Health Sciences,134527
T10312,"Health, Nursing, Elderly Care",3600,General Health Professions,36,Health Professions,4,Health Sciences,134482
T10132,Advanced ceramic materials synthesis,2503,Ceramics and Composites,25,Materials Science,3,Physical Sciences,134372
T10185,Lymphoma Diagnosis and Treatment,2734,Pathology and Forensic Medicine,27,Medicine,4,Health Sciences,134166
T13714,Medieval Architecture and Archaeology,1204,Archeology,12,Arts and Humanities,2,Social Sciences,134038
T13407,Regional Development and Management Studies,2002,Economics and Econometrics,20,"Economics, Econometrics and Finance",2,Social Sciences,133917
T12045,Rice Cultivation and Yield Improvement,1110,Plant Science,11,Agricultural and Biological Sciences,1,Life Sciences,133626
T11733,X-ray Spectroscopy and Fluorescence Analysis,3108,Radiation,31,Physics and Astronomy,3,Physical Sciences,133547
T10515,Cancer-related molecular mechanisms research,1306,Cancer Research,13,"Biochemistry, Genetics and Molecular Biology",1,Life Sciences,133430
T10663,Advanced Battery Technologies Research,2203,Automotive Engineering,22,Engineering,3,Physical Sciences,133102
T13711,Environmental Science and Technology,1303,Biochemistry,13,"Biochemistry, Genetics and Molecular Biology",1,Life Sciences,133065
T11595,Textile materials and evaluations,2507,Polymers and Plastics,25,Materials Science,3,Physical Sciences,132916
T10417,Lung Cancer Treatments and Mutations,2740,Pulmonary and Respiratory Medicine,27,Medicine,4,Health Sciences,132728
T12422,Radiomics and Machine Learning in Medical Imaging,2741,"Radiology, Nuclear Medicine and Imaging",27,Medicine,4,Health Sciences,132394
T14002,"Art, Technology, and Culture",1213,Visual Arts and Performing Arts,12,Arts and Humanities,2,Social Sciences,132359
T10098,Ruminant Nutrition and Digestive Physiology,1102,Agronomy and Crop Science,11,Agricultural and Biological Sciences,1,Life Sciences,132308
T13443,Mineralogy and Gemology Studies,1906,Geochemistry and Petrology,19,Earth and Planetary Sciences,3,Physical Sciences,132277
T11761,Resilience and Mental Health,3203,Clinical Psychology,32,Psychology,2,Social Sciences,132181
T13075,Legal Systems and Judicial Processes,3320,Political Science and International Relations,33,Social Sciences,2,Social Sciences,132150
T10101,Cloud Computing and Resource Management,1710,Information Systems,17,Computer Science,3,Physical Sciences,132012
T11880,Forest ecology and management,2309,Nature and Landscape Conservation,23,Environmental Science,3,Physical Sciences,131974
T12307,Ancient Near East History,1204,Archeology,12,Arts and Humanities,2,Social Sciences,131912
T12564,Sensor Technology and Measurement Systems,1705,Computer Networks and Communications,17,Computer Science,3,Physical Sciences,131868
T10557,Social Media and Politics,3315,Communication,33,Social Sciences,2,Social Sciences,131852
T11457,Adipose Tissue and Metabolism,2737,Physiology,27,Medicine,4,Health Sciences,131789
T11732,Assisted Reproductive Technology and Twin Pregnancy,2735,"Pediatrics, Perinatology and Child Health",27,Medicine,4,Health Sciences,131639
T13500,Probability and Statistical Research,2613,Statistics and Probability,26,Mathematics,3,Physical Sciences,131624
T12184,Linguistics and Education Research,1208,Literature and Literary Theory,12,Arts and Humanities,2,Social Sciences,131529
T11959,Employment and Welfare Studies,3600,General Health Professions,36,Health Professions,4,Health Sciences,131401
T14239,"Business, Education, Mathematics Research",1402,Accounting,14,"Business, Management and Accounting",2,Social Sciences,131328
T10421,Pleistocene-Era Hominins and Archaeology,3314,Anthropology,33,Social Sciences,2,Social Sciences,131256
T10257,Oral microbiology and periodontitis research,3506,Periodontics,35,Dentistry,4,Health Sciences,131164
T10111,Remote Sensing in Agriculture,2303,Ecology,23,Environmental Science,3,Physical Sciences,131146
T10661,biodegradable polymer synthesis and properties,2502,Biomaterials,25,Materials Science,3,Physical Sciences,131146
T13067,Geological Modeling and Analysis,1906,Geochemistry and Petrology,19,Earth and Planetary Sciences,3,Physical Sciences,130955
T10466,Meteorological Phenomena and Simulations,1902,Atmospheric Science,19,Earth and Planetary Sciences,3,Physical Sciences,130879
T10164,Quality and Supply Management,1404,Management Information Systems,14,"Business, Management and Accounting",2,Social Sciences,130803
T11316,Mycobacterium research and diagnosis,2713,Epidemiology,27,Medicine,4,Health Sciences,130787
T13025,American History and Culture,1406,Marketing,14,"Business, Management and Accounting",2,Social Sciences,130755
T13704,French Literature and Poetry,1208,Literature and Literary Theory,12,Arts and Humanities,2,Social Sciences,130554
T11794,Early Modern Spanish Literature,1208,Literature and Literary Theory,12,Arts and Humanities,2,Social Sciences,130518
T14322,"Art, Aesthetics, and Perception",1213,Visual Arts and Performing Arts,12,Arts and Humanities,2,Social Sciences,130460
T10068,Technology Adoption and User Behaviour,1802,Information Systems and Management,18,Decision Sciences,2,Social Sciences,130411
T10205,Advanced Fiber Optic Sensors,2208,Electrical and Electronic Engineering,22,Engineering,3,Physical Sciences,130397
T10785,Economic Theory and Institutions,2002,Economics and Econometrics,20,"Economics, Econometrics and Finance",2,Social Sciences,130303
T14362,Diverse Legal and Medical Studies,1408,Strategy and Management,14,"Business, Management and Accounting",2,Social Sciences,129961
T12904,Diverse Educational Innovations Studies,1100,General Agricultural and Biological Sciences,11,Agricultural and Biological Sciences,1,Life Sciences,129945
T10118,SARS-CoV-2 and COVID-19 Research,2725,Infectious Diseases,27,Medicine,4,Health Sciences,129934
T10034,"Syntax, Semantics, Linguistic Variation",1203,Language and Linguistics,12,Arts and Humanities,2,Social Sciences,129583
T10397,Nutrition and Health in Aging,2737,Physiology,27,Medicine,4,Health Sciences,129489
T13984,"Nutrition, Genetics, and Disease",1311,Genetics,13,"Biochemistry, Genetics and Molecular Biology",1,Life Sciences,129487
T10645,Cardiac Arrest and Resuscitation,2711,Emergency Medicine,27,Medicine,4,Health Sciences,129483
T11851,Electromagnetic Compatibility and Measurements,2208,Electrical and Electronic Engineering,22,Engineering,3,Physical Sciences,129406
T11211,3D Surveying and Cultural Heritage,1907,Geology,19,Earth and Planetary Sciences,3,Physical Sciences,129393
T13751,Diverse Approaches in Healthcare and Education Studies,2739,"Public Health, Environmental and Occupational Health",27,Medicine,4,Health Sciences,129272
T10008,Teacher Education and Leadership Studies,3304,Education,33,Social Sciences,2,Social Sciences,129220
T10554,Hemoglobinopathies and Related Disorders,2716,Genetics,27,Medicine,4,Health Sciences,128899
T14474,Industrial Technology and Control Systems,2207,Control and Systems Engineering,22,Engineering,3,Physical Sciences,128827
T11357,Risk and Safety Analysis,1804,"Statistics, Probability and Uncertainty",18,Decision Sciences,2,Social Sciences,128806
T10265,Multilingual Education and Policy,3310,Linguistics and Language,33,Social Sciences,2,Social Sciences,128794
T10202,Lung Cancer Diagnosis and Treatment,2740,Pulmonary and Respiratory Medicine,27,Medicine,4,Health Sciences,128771
T12142,Marine Invertebrate Physiology and Ecology,1911,Paleontology,19,Earth and Planetary Sciences,3,Physical Sciences,128754
T10318,Criminal Justice and Corrections Analysis,3312,Sociology and Political Science,33,Social Sciences,2,Social Sciences,128749
T13224,Sports and Physical Education Research,3612,"Physical Therapy, Sports Therapy and Rehabilitation",36,Health Professions,4,Health Sciences,128634
T11741,Flexible and Reconfigurable Manufacturing Systems,2209,Industrial and Manufacturing Engineering,22,Engineering,3,Physical Sciences,128568
T10816,Cerebrovascular and Carotid Artery Diseases,2740,Pulmonary and Respiratory Medicine,27,Medicine,4,Health Sciences,128555
T13457,"Dental Education, Practice, Research",3600,General Health Professions,36,Health Professions,4,Health Sciences,128531
T10407,Lipid Membrane Structure and Behavior,1312,Molecular Biology,13,"Biochemistry, Genetics and Molecular Biology",1,Life Sciences,128442
T11156,Reproductive Health and Technologies,2743,Reproductive Medicine,27,Medicine,4,Health Sciences,128377
T10263,Eating Disorders and Behaviors,3203,Clinical Psychology,32,Psychology,2,Social Sciences,128141
T13147,Ethics and bioethics in healthcare,2739,"Public Health, Environmental and Occupational Health",27,Medicine,4,Health Sciences,128043
T14386,"Libraries, Manuscripts, and Books",1202,History,12,Arts and Humanities,2,Social Sciences,127977
T11508,Corporate Taxation and Avoidance,1402,Accounting,14,"Business, Management and Accounting",2,Social Sciences,127828
T10624,Silicon and Solar Cell Technologies,2208,Electrical and Electronic Engineering,22,Engineering,3,Physical Sciences,127773
T13088,Legal and Labor Studies,1410,Industrial relations,14,"Business, Management and Accounting",2,Social Sciences,127631
T11846,Cultural Heritage Management and Preservation,1204,Archeology,12,Arts and Humanities,2,Social Sciences,127604
T10544,Glass properties and applications,2503,Ceramics and Composites,25,Materials Science,3,Physical Sciences,127585
T10643,Marine and coastal plant biology,1910,Oceanography,19,Earth and Planetary Sciences,3,Physical Sciences,127529
T13890,Remote Sensing and Land Use,1902,Atmospheric Science,19,Earth and Planetary Sciences,3,Physical Sciences,127480
T13177,Geological and Geophysical Studies,1907,Geology,19,Earth and Planetary Sciences,3,Physical Sciences,127478
T13537,"German legal, social, and political studies",3312,Sociology and Political Science,33,Social Sciences,2,Social Sciences,127465
T10660,Conducting polymers and applications,2507,Polymers and Plastics,25,Materials Science,3,Physical Sciences,127447
T10096,Metal-Organic Frameworks: Synthesis and Applications,1604,Inorganic Chemistry,16,Chemistry,3,Physical Sciences,127439
T10534,Structural Health Monitoring Techniques,2205,Civil and Structural Engineering,22,Engineering,3,Physical Sciences,127420
T14399,Invertebrate Taxonomy and Ecology,1105,"Ecology, Evolution, Behavior and Systematics",11,Agricultural and Biological Sciences,1,Life Sciences,127335
T13986,Medical Practices and Rehabilitation,3612,"Physical Therapy, Sports Therapy and Rehabilitation",36,Health Professions,4,Health Sciences,127288
T13750,"Mormonism, Religion, and History",1202,History,12,Arts and Humanities,2,Social Sciences,127243
T10116,Sperm and Testicular Function,2743,Reproductive Medicine,27,Medicine,4,Health Sciences,127193
T10085,Parkinson's Disease Mechanisms and Treatments,2728,Neurology,27,Medicine,4,Health Sciences,127184
T10423,Neurobiology and Insect Physiology Research,2804,Cellular and Molecular Neuroscience,28,Neuroscience,1,Life Sciences,127175
T13179,"Literature, Culture, and Criticism",1208,Literature and Literary Theory,12,Arts and Humanities,2,Social Sciences,127117
T10099,GaN-based semiconductor devices and materials,3104,Condensed Matter Physics,31,Physics and Astronomy,3,Physical Sciences,126881
T12242,Latin American and Latino Studies,3316,Cultural Studies,33,Social Sciences,2,Social Sciences,126757
T12033,Agricultural Economics and Policy,1100,General Agricultural and Biological Sciences,11,Agricultural and Biological Sciences,1,Life Sciences,126438
T11858,Urban Development and Societal Issues,3322,Urban Studies,33,Social Sciences,2,Social Sciences,126275
T10512,Orthopaedic implants and arthroplasty,2746,Surgery,27,Medicine,4,Health Sciences,126176
T14256,Agricultural and Food Sciences,1107,Forestry,11,Agricultural and Biological Sciences,1,Life Sciences,126139
T10418,Pelvic floor disorders treatments,2745,Rheumatology,27,Medicine,4,Health Sciences,126069
T11810,Complex Systems and Decision Making,1803,Management Science and Operations Research,18,Decision Sciences,2,Social Sciences,126043
T10358,Advanced Radiotherapy Techniques,3108,Radiation,31,Physics and Astronomy,3,Physical Sciences,125936
T12394,Insurance and Financial Risk Management,2002,Economics and Econometrics,20,"Economics, Econometrics and Finance",2,Social Sciences,125929
T13303,Asian Culture and Media Studies,3316,Cultural Studies,33,Social Sciences,2,Social Sciences,125909
T10831,Cell Adhesion Molecules Research,2723,Immunology and Allergy,27,Medicine,4,Health Sciences,125798
T11505,Reproductive biology and impacts on aquatic species,1314,Physiology,13,"Biochemistry, Genetics and Molecular Biology",1,Life Sciences,125687
T12014,"Fish biology, ecology, and behavior",2309,Nature and Landscape Conservation,23,Environmental Science,3,Physical Sciences,125599
T10033,Concrete and Cement Materials Research,2205,Civil and Structural Engineering,22,Engineering,3,Physical Sciences,125364
T10359,Dental Implant Techniques and Outcomes,3504,Oral Surgery,35,Dentistry,4,Health Sciences,125013
T10310,Corrosion Behavior and Inhibition,2505,Materials Chemistry,25,Materials Science,3,Physical Sciences,125006
T10756,Estrogen and related hormone effects,1311,Genetics,13,"Biochemistry, Genetics and Molecular Biology",1,Life Sciences,124962
T10476,Algal biology and biofuel production,2105,"Renewable Energy, Sustainability and the Environment",21,Energy,3,Physical Sciences,124775
T10537,Attention Deficit Hyperactivity Disorder,2738,Psychiatry and Mental health,27,Medicine,4,Health Sciences,124335
T12308,Mental Health and Psychiatry,1211,Philosophy,12,Arts and Humanities,2,Social Sciences,124322
T14515,International Law and Aviation,3320,Political Science and International Relations,33,Social Sciences,2,Social Sciences,124242
T10253,Sarcoma Diagnosis and Treatment,2740,Pulmonary and Respiratory Medicine,27,Medicine,4,Health Sciences,124240
T10031,T-cell and B-cell Immunology,2403,Immunology,24,Immunology and Microbiology,1,Life Sciences,124228
T12414,Coastal and Marine Management,2308,"Management, Monitoring, Policy and Law",23,Environmental Science,3,Physical Sciences,124169
T10092,Organometallic Complex Synthesis and Catalysis,1605,Organic Chemistry,16,Chemistry,3,Physical Sciences,124150
T11970,Molecular Biology Techniques and Applications,1312,Molecular Biology,13,"Biochemistry, Genetics and Molecular Biology",1,Life Sciences,123710
T10195,Antimicrobial Resistance in Staphylococcus,2725,Infectious Diseases,27,Medicine,4,Health Sciences,123662
T10791,Advanced Control Systems Optimization,2207,Control and Systems Engineering,22,Engineering,3,Physical Sciences,123493
T10427,Visual perception and processing mechanisms,2805,Cognitive Neuroscience,28,Neuroscience,1,Life Sciences,123465
T12168,Health and Medical Research Impacts,2739,"Public Health, Environmental and Occupational Health",27,Medicine,4,Health Sciences,123366
T14477,"Management, Economics, and Public Policy",1406,Marketing,14,"Business, Management and Accounting",2,Social Sciences,123361
T11425,Diverse Music Education Insights,1210,Music,12,Arts and Humanities,2,Social Sciences,123097
T10792,Matrix Theory and Algorithms,1703,Computational Theory and Mathematics,17,Computer Science,3,Physical Sciences,123026
T11323,Gamma-ray bursts and supernovae,3103,Astronomy and Astrophysics,31,Physics and Astronomy,3,Physical Sciences,122965
T10308,Systemic Lupus Erythematosus Research,2745,Rheumatology,27,Medicine,4,Health Sciences,122960
T10479,Structural Behavior of Reinforced Concrete,2215,Building and Construction,22,Engineering,3,Physical Sciences,122927
T10347,Atmospheric aerosols and clouds,2306,Global and Planetary Change,23,Environmental Science,3,Physical Sciences,122919
T11878,Solid-state spectroscopy and crystallography,2505,Materials Chemistry,25,Materials Science,3,Physical Sciences,122730
T10154,Customer Service Quality and Loyalty,1407,Organizational Behavior and Human Resource Management,14,"Business, Management and Accounting",2,Social Sciences,122404
T10139,Heavy metals in environment,2310,Pollution,23,Environmental Science,3,Physical Sciences,122339
T12310,Crop Yield and Soil Fertility,1102,Agronomy and Crop Science,11,Agricultural and Biological Sciences,1,Life Sciences,122285
T10241,Functional Brain Connectivity Studies,2805,Cognitive Neuroscience,28,Neuroscience,1,Life Sciences,122064
T10123,DNA Repair Mechanisms,1312,Molecular Biology,13,"Biochemistry, Genetics and Molecular Biology",1,Life Sciences,121861
T10247,Perovskite Materials and Applications,2208,Electrical and Electronic Engineering,22,Engineering,3,Physical Sciences,121801
T11636,Artificial Intelligence in Healthcare and Education,2718,Health Informatics,27,Medicine,4,Health Sciences,121746
T12473,Pacific and Southeast Asian Studies,3305,"Geography, Planning and Development",33,Social Sciences,2,Social Sciences,121700
T10745,Heart Rate Variability and Autonomic Control,2705,Cardiology and Cardiovascular Medicine,27,Medicine,4,Health Sciences,121525
T12129,Global Energy Security and Policy,2100,General Energy,21,Energy,3,Physical Sciences,121420
T10371,Immune Response and Inflammation,2403,Immunology,24,Immunology and Microbiology,1,Life Sciences,121417
T10081,"Auditing, Earnings Management, Governance",1402,Accounting,14,"Business, Management and Accounting",2,Social Sciences,121271
T10546,Higher Education Governance and Development,3320,Political Science and International Relations,33,Social Sciences,2,Social Sciences,121171
T10105,Osteoarthritis Treatment and Mechanisms,2745,Rheumatology,27,Medicine,4,Health Sciences,121044
T10510,Stroke Rehabilitation and Recovery,2742,Rehabilitation,27,Medicine,4,Health Sciences,120998
T13739,Medieval and Early Modern Justice,3320,Political Science and International Relations,33,Social Sciences,2,Social Sciences,120819
T10783,Additive Manufacturing and 3D Printing Technologies,2203,Automotive Engineering,22,Engineering,3,Physical Sciences,120805
T10140,Food composition and properties,2916,Nutrition and Dietetics,29,Nursing,4,Health Sciences,120531
T10955,Paleontology and Evolutionary Biology,1911,Paleontology,19,Earth and Planetary Sciences,3,Physical Sciences,120476
T11320,Atmospheric Ozone and Climate,1902,Atmospheric Science,19,Earth and Planetary Sciences,3,Physical Sciences,120468
T10293,Thyroid Disorders and Treatments,2712,"Endocrinology, Diabetes and Metabolism",27,Medicine,4,Health Sciences,120400
T13917,Engineering and Material Science Research,2500,General Materials Science,25,Materials Science,3,Physical Sciences,120397
T10184,Plant Molecular Biology Research,1110,Plant Science,11,Agricultural and Biological Sciences,1,Life Sciences,120359
T12670,"Urbanism, Landscape, and Tourism Studies",3316,Cultural Studies,33,Social Sciences,2,Social Sciences,120352
T10086,Alzheimer's disease research and treatments,2737,Physiology,27,Medicine,4,Health Sciences,120316
T11645,"Urban, Neighborhood, and Segregation Studies",3312,Sociology and Political Science,33,Social Sciences,2,Social Sciences,120174
T12636,Regional Development and Innovation,3303,Development,33,Social Sciences,2,Social Sciences,120166
T10298,Urban Transport and Accessibility,3313,Transportation,33,Social Sciences,2,Social Sciences,120145
T10005,Ecology and Vegetation Dynamics Studies,2309,Nature and Landscape Conservation,23,Environmental Science,3,Physical Sciences,120108
T13460,Historical Studies in Latin America,3317,Demography,33,Social Sciences,2,Social Sciences,120052
T10706,Traumatic Brain Injury and Neurovascular Disturbances,2728,Neurology,27,Medicine,4,Health Sciences,120050
T12324,History of Medicine Studies,1202,History,12,Arts and Humanities,2,Social Sciences,120029
T10150,Antifungal resistance and susceptibility,2725,Infectious Diseases,27,Medicine,4,Health Sciences,119957
T12040,International Arbitration and Investment Law,1408,Strategy and Management,14,"Business, Management and Accounting",2,Social Sciences,119850
T10659,Marine animal studies overview,2303,Ecology,23,Environmental Science,3,Physical Sciences,119807
T10658,Bone fractures and treatments,2713,Epidemiology,27,Medicine,4,Health Sciences,119756
T10458,Bladder and Urothelial Cancer Treatments,2746,Surgery,27,Medicine,4,Health Sciences,119607
T14316,"Nursing Education, Practice, and Leadership",2910,"Issues, ethics and legal aspects",29,Nursing,4,Health Sciences,119576
T10073,Hepatocellular Carcinoma Treatment and Prognosis,2721,Hepatology,27,Medicine,4,Health Sciences,119565
T11632,Family and Disability Support Research,3203,Clinical Psychology,32,Psychology,2,Social Sciences,119543
T12586,"Folklore, Mythology, and Literature Studies",1208,Literature and Literary Theory,12,Arts and Humanities,2,Social Sciences,119537
T11617,Enzyme Production and Characterization,1305,Biotechnology,13,"Biochemistry, Genetics and Molecular Biology",1,Life Sciences,119424
T10821,Cardiovascular Function and Risk Factors,2705,Cardiology and Cardiovascular Medicine,27,Medicine,4,Health Sciences,119329
T10627,Advanced Image and Video Retrieval Techniques,1707,Computer Vision and Pattern Recognition,17,Computer Science,3,Physical Sciences,119295
T10550,Ovarian cancer diagnosis and treatment,2743,Reproductive Medicine,27,Medicine,4,Health Sciences,119285
T12385,Food Quality and Safety Studies,1106,Food Science,11,Agricultural and Biological Sciences,1,Life Sciences,119243
T10113,Dental materials and restorations,3505,Orthodontics,35,Dentistry,4,Health Sciences,119225
T10338,Advanced Sensor and Energy Harvesting Materials,2204,Biomedical Engineering,22,Engineering,3,Physical Sciences,119218
T13122,Linguistics and Cultural Studies,1203,Language and Linguistics,12,Arts and Humanities,2,Social Sciences,119083
T10067,Stochastic processes and financial applications,2003,Finance,20,"Economics, Econometrics and Finance",2,Social Sciences,119017
T10625,Herpesvirus Infections and Treatments,2713,Epidemiology,27,Medicine,4,Health Sciences,118934
T10200,Rheumatoid Arthritis Research and Therapies,2745,Rheumatology,27,Medicine,4,Health Sciences,118859
T12547,Pharmaceutical studies and practices,2735,"Pediatrics, Perinatology and Child Health",27,Medicine,4,Health Sciences,118676
T10064,Complex Network Analysis Techniques,3109,Statistical and Nonlinear Physics,31,Physics and Astronomy,3,Physical Sciences,118614
T10080,Energy Efficient Wireless Sensor Networks,1705,Computer Networks and Communications,17,Computer Science,3,Physical Sciences,118561
T14173,"Education, Healthcare and Sociology Research",3207,Social Psychology,32,Psychology,2,Social Sciences,118545
T10603,Smart Grid Energy Management,2208,Electrical and Electronic Engineering,22,Engineering,3,Physical Sciences,118519
T10307,Head and Neck Cancer Studies,2733,Otorhinolaryngology,27,Medicine,4,Health Sciences,118344
T13888,Social Policies and Family,3312,Sociology and Political Science,33,Social Sciences,2,Social Sciences,118205
T11831,Chemical Synthesis and Reactions,1605,Organic Chemistry,16,Chemistry,3,Physical Sciences,118191
T10134,Inflammatory Bowel Disease,1311,Genetics,13,"Biochemistry, Genetics and Molecular Biology",1,Life Sciences,118151
T10682,Quantum Computing Algorithms and Architecture,1702,Artificial Intelligence,17,Computer Science,3,Physical Sciences,118002
T12577,Geography and Environmental Studies,2312,Water Science and Technology,23,Environmental Science,3,Physical Sciences,117945
T12446,Economic Growth and Fiscal Policies,2002,Economics and Econometrics,20,"Economics, Econometrics and Finance",2,Social Sciences,117797
T10016,Adsorption and biosorption for pollutant removal,2312,Water Science and Technology,23,Environmental Science,3,Physical Sciences,117709
T10309,Acute Myeloid Leukemia Research,2720,Hematology,27,Medicine,4,Health Sciences,117281
T14309,Employee Performance and Management,3307,Human Factors and Ergonomics,33,Social Sciences,2,Social Sciences,117257
T10747,Disaster Management and Resilience,3312,Sociology and Political Science,33,Social Sciences,2,Social Sciences,117161
T10124,Prostate Cancer Diagnosis and Treatment,2740,Pulmonary and Respiratory Medicine,27,Medicine,4,Health Sciences,116903
T14475,History of Science and Medicine,1207,History and Philosophy of Science,12,Arts and Humanities,2,Social Sciences,116884
T10471,Climate Change Policy and Economics,2002,Economics and Econometrics,20,"Economics, Econometrics and Finance",2,Social Sciences,116710
T12736,Criminal Justice and Penology,3308,Law,33,Social Sciences,2,Social Sciences,116626
T13993,Historical Geopolitical and Social Dynamics,3320,Political Science and International Relations,33,Social Sciences,2,Social Sciences,116604
T11464,Homelessness and Social Issues,3600,General Health Professions,36,Health Professions,4,Health Sciences,116455
T10757,Geographic Information Systems Studies,3305,"Geography, Planning and Development",33,Social Sciences,2,Social Sciences,116235
T10155,Nitric Oxide and Endothelin Effects,2737,Physiology,27,Medicine,4,Health Sciences,116234
T10117,Advanced Combustion Engine Technologies,1507,Fluid Flow and Transfer Processes,15,Chemical Engineering,3,Physical Sciences,116219
T10814,Neuropeptides and Animal Physiology,2804,Cellular and Molecular Neuroscience,28,Neuroscience,1,Life Sciences,116110
T10760,Pancreatitis Pathology and Treatment,2746,Surgery,27,Medicine,4,Health Sciences,115996
T10394,Lipoproteins and Cardiovascular Health,2746,Surgery,27,Medicine,4,Health Sciences,115917
T11859,Educator Training and Historical Pedagogy,3312,Sociology and Political Science,33,Social Sciences,2,Social Sciences,115694
T10060,Smoking Behavior and Cessation,2737,Physiology,27,Medicine,4,Health Sciences,115688
T12693,"Migration, Ethnicity, and Economy",3312,Sociology and Political Science,33,Social Sciences,2,Social Sciences,115670
T10555,Fire effects on ecosystems,2306,Global and Planetary Change,23,Environmental Science,3,Physical Sciences,115545
T14270,Simulation and Modeling Applications,2207,Control and Systems Engineering,22,Engineering,3,Physical Sciences,115449
T10396,Fatigue and fracture mechanics,2211,Mechanics of Materials,22,Engineering,3,Physical Sciences,115442
T12001,Fossil Insects in Amber,1105,"Ecology, Evolution, Behavior and Systematics",11,Agricultural and Biological Sciences,1,Life Sciences,115419
T10560,Diabetes Management and Research,2712,"Endocrinology, Diabetes and Metabolism",27,Medicine,4,Health Sciences,115403
T11085,Fungal Biology and Applications,2736,Pharmacology,27,Medicine,4,Health Sciences,115388
T10183,Breast Cancer Treatment Studies,1306,Cancer Research,13,"Biochemistry, Genetics and Molecular Biology",1,Life Sciences,115383
T10395,Construction Project Management and Performance,1803,Management Science and Operations Research,18,Decision Sciences,2,Social Sciences,115353
T11474,Sport and Mega-Event Impacts,3312,Sociology and Political Science,33,Social Sciences,2,Social Sciences,115249
T10698,Transportation Planning and Optimization,3313,Transportation,33,Social Sciences,2,Social Sciences,115245
T12273,Latin American Urban Studies,3322,Urban Studies,33,Social Sciences,2,Social Sciences,115152
T14434,Historical and Modern Theater Studies,3203,Clinical Psychology,32,Psychology,2,Social Sciences,115081
T11256,Asian Studies and History,3312,Sociology and Political Science,33,Social Sciences,2,Social Sciences,115034
T10486,Salmonella and Campylobacter epidemiology,1106,Food Science,11,Agricultural and Biological Sciences,1,Life Sciences,114937
T10097,Luminescence Properties of Advanced Materials,2505,Materials Chemistry,25,Materials Science,3,Physical Sciences,114825
T11482,RNA modifications and cancer,1312,Molecular Biology,13,"Biochemistry, Genetics and Molecular Biology",1,Life Sciences,114803
T10679,Service-Oriented Architecture and Web Services,1710,Information Systems,17,Computer Science,3,Physical Sciences,114800
T10232,Optical Network Technologies,2208,Electrical and Electronic Engineering,22,Engineering,3,Physical Sciences,114604
T12348,Rural Development and Agriculture,2308,"Management, Monitoring, Policy and Law",23,Environmental Science,3,Physical Sciences,114596
T10355,Impact of Technology on Adolescents,3312,Sociology and Political Science,33,Social Sciences,2,Social Sciences,114586
T12051,Diversity and Impact of Dance,3205,Experimental and Cognitive Psychology,32,Psychology,2,Social Sciences,114519
T12283,Latin American history and culture,1213,Visual Arts and Performing Arts,12,Arts and Humanities,2,Social Sciences,114451
T10393,Economic Growth and Productivity,2002,Economics and Econometrics,20,"Economics, Econometrics and Finance",2,Social Sciences,114364
T12188,"Architecture, Modernity, and Design",2216,Architecture,22,Engineering,3,Physical Sciences,114253
T10833,Vaccine Coverage and Hesitancy,3306,Health,33,Social Sciences,2,Social Sciences,114162
T14506,Historical and Architectural Studies,1204,Archeology,12,Arts and Humanities,2,Social Sciences,114102
T10640,Spectroscopy and Chemometric Analyses,1602,Analytical Chemistry,16,Chemistry,3,Physical Sciences,113895
T10942,"Sports, Gender, and Society",3318,Gender Studies,33,Social Sciences,2,Social Sciences,113846
T13590,"Oral History, Memory, Narrative Analysis",1202,History,12,Arts and Humanities,2,Social Sciences,113837
T12522,Mathematics Education and Pedagogy,2604,Applied Mathematics,26,Mathematics,3,Physical Sciences,113750
T10234,Obstructive Sleep Apnea Research,2737,Physiology,27,Medicine,4,Health Sciences,113692
T10712,Library Science and Information Literacy,3309,Library and Information Sciences,33,Social Sciences,2,Social Sciences,113648
T13172,Economic Issues in Ukraine,2000,"General Economics, Econometrics and Finance",20,"Economics, Econometrics and Finance",2,Social Sciences,113550
T11813,Library Collection Development and Digital Resources,1710,Information Systems,17,Computer Science,3,Physical Sciences,113494
T14012,Comparative and International Law Studies,3308,Law,33,Social Sciences,2,Social Sciences,113424
T14409,Educational Systems and Policies,1710,Information Systems,17,Computer Science,3,Physical Sciences,113362
T10461,Gas Sensing Nanomaterials and Sensors,2208,Electrical and Electronic Engineering,22,Engineering,3,Physical Sciences,113361
T11744,Health Sciences Research and Education,3600,General Health Professions,36,Health Professions,4,Health Sciences,113275
T13198,"Historical, Religious, and Philosophical Studies",1204,Archeology,12,Arts and Humanities,2,Social Sciences,113186
T13870,Environmental and Ecological Studies,2105,"Renewable Energy, Sustainability and the Environment",21,Energy,3,Physical Sciences,113156
T10932,Microbial Metabolic Engineering and Bioproduction,1312,Molecular Biology,13,"Biochemistry, Genetics and Molecular Biology",1,Life Sciences,113141
T12428,Global Trade and Competitiveness,1408,Strategy and Management,14,"Business, Management and Accounting",2,Social Sciences,113099
T10173,Computational Fluid Dynamics and Aerodynamics,2206,Computational Mechanics,22,Engineering,3,Physical Sciences,113098
T10337,Liver Disease and Transplantation,2721,Hepatology,27,Medicine,4,Health Sciences,113044
T10586,Robotic Path Planning Algorithms,1707,Computer Vision and Pattern Recognition,17,Computer Science,3,Physical Sciences,113042
T10878,CRISPR and Genetic Engineering,1312,Molecular Biology,13,"Biochemistry, Genetics and Molecular Biology",1,Life Sciences,112906
T11137,Historical Philosophy and Science,1207,History and Philosophy of Science,12,Arts and Humanities,2,Social Sciences,112868
T10401,Diabetes Treatment and Management,2712,"Endocrinology, Diabetes and Metabolism",27,Medicine,4,Health Sciences,112760
T10006,Job Satisfaction and Organizational Behavior,1407,Organizational Behavior and Human Resource Management,14,"Business, Management and Accounting",2,Social Sciences,112518
T12250,Experimental and Theoretical Physics Studies,3109,Statistical and Nonlinear Physics,31,Physics and Astronomy,3,Physical Sciences,112507
T12664,Clinical practice guidelines implementation,2739,"Public Health, Environmental and Occupational Health",27,Medicine,4,Health Sciences,112447
T10703,Business Process Modeling and Analysis,1404,Management Information Systems,14,"Business, Management and Accounting",2,Social Sciences,112327
T10061,Algebraic Geometry and Number Theory,2608,Geometry and Topology,26,Mathematics,3,Physical Sciences,112253
T10696,Gastric Cancer Management and Outcomes,2740,Pulmonary and Respiratory Medicine,27,Medicine,4,Health Sciences,112208
T10188,Advanced machining processes and optimization,2210,Mechanical Engineering,22,Engineering,3,Physical Sciences,112062
T10415,International Business and FDI,1408,Strategy and Management,14,"Business, Management and Accounting",2,Social Sciences,112048
T10493,Ion channel regulation and function,1312,Molecular Biology,13,"Biochemistry, Genetics and Molecular Biology",1,Life Sciences,112030
T11544,"Gender, Labor, and Family Dynamics",3318,Gender Studies,33,Social Sciences,2,Social Sciences,111956
T11388,"Grief, Bereavement, and Mental Health",3203,Clinical Psychology,32,Psychology,2,Social Sciences,111786
T11089,Radioactive contamination and transfer,2306,Global and Planetary Change,23,Environmental Science,3,Physical Sciences,111649
T12686,Central European national history,3312,Sociology and Political Science,33,Social Sciences,2,Social Sciences,111627
T10497,Fungal and yeast genetics research,1312,Molecular Biology,13,"Biochemistry, Genetics and Molecular Biology",1,Life Sciences,111472
T11971,"World Wars: History, Literature, and Impact",3320,Political Science and International Relations,33,Social Sciences,2,Social Sciences,111420
T10844,Radiation Dose and Imaging,2741,"Radiology, Nuclear Medicine and Imaging",27,Medicine,4,Health Sciences,111392
T10636,Innovative Teaching and Learning Methods,3204,Developmental and Educational Psychology,32,Psychology,2,Social Sciences,111232
T10103,Reading and Literacy Development,3204,Developmental and Educational Psychology,32,Psychology,2,Social Sciences,111208
T10753,Microplastics and Plastic Pollution,2310,Pollution,23,Environmental Science,3,Physical Sciences,111130
T13830,Educational Curriculum and Learning Methods,3304,Education,33,Social Sciences,2,Social Sciences,111076
T12234,Mollusks and Parasites Studies,1109,Insect Science,11,Agricultural and Biological Sciences,1,Life Sciences,111061
T13508,Agricultural Economics and Practices,1100,General Agricultural and Biological Sciences,11,Agricultural and Biological Sciences,1,Life Sciences,111031
T12363,Academic Research in Diverse Fields,3304,Education,33,Social Sciences,2,Social Sciences,111015
T10725,RNA Interference and Gene Delivery,1312,Molecular Biology,13,"Biochemistry, Genetics and Molecular Biology",1,Life Sciences,110895
T10108,Electoral Systems and Political Participation,3320,Political Science and International Relations,33,Social Sciences,2,Social Sciences,110750
T10296,Vector-borne infectious diseases,2405,Parasitology,24,Immunology and Microbiology,1,Life Sciences,110730
T13125,Agricultural pest management studies,1110,Plant Science,11,Agricultural and Biological Sciences,1,Life Sciences,110520
T10492,Microtubule and mitosis dynamics,1307,Cell Biology,13,"Biochemistry, Genetics and Molecular Biology",1,Life Sciences,110512
T12071,Marine Biology and Environmental Chemistry,2212,Ocean Engineering,22,Engineering,3,Physical Sciences,110409
T12095,Vehicle emissions and performance,2203,Automotive Engineering,22,Engineering,3,Physical Sciences,110185
T10584,Reproductive Physiology in Livestock,1102,Agronomy and Crop Science,11,Agricultural and Biological Sciences,1,Life Sciences,110157
T10248,Nonlinear Waves and Solitons,3109,Statistical and Nonlinear Physics,31,Physics and Astronomy,3,Physical Sciences,110122
T13091,Human Health and Disease,2735,"Pediatrics, Perinatology and Child Health",27,Medicine,4,Health Sciences,110122
T12550,"Politics and Conflicts in Afghanistan, Pakistan, and Middle East",3320,Political Science and International Relations,33,Social Sciences,2,Social Sciences,109987
T11786,Geomagnetism and Paleomagnetism Studies,1312,Molecular Biology,13,"Biochemistry, Genetics and Molecular Biology",1,Life Sciences,109706
T13591,Pasture and Agricultural Systems,1107,Forestry,11,Agricultural and Biological Sciences,1,Life Sciences,109638
T10223,Microgrid Control and Optimization,2207,Control and Systems Engineering,22,Engineering,3,Physical Sciences,109572
T10226,Land Use and Ecosystem Services,2306,Global and Planetary Change,23,Environmental Science,3,Physical Sciences,109507
T10126,"Logic, programming, and type systems",1702,Artificial Intelligence,17,Computer Science,3,Physical Sciences,109472
T13717,Advanced Algorithms and Applications,2207,Control and Systems Engineering,22,Engineering,3,Physical Sciences,109415
T10074,Carbon Nanotubes in Composites,2505,Materials Chemistry,25,Materials Science,3,Physical Sciences,109333
T11126,Metallurgical Processes and Thermodynamics,2210,Mechanical Engineering,22,Engineering,3,Physical Sciences,109327
T10434,Chromosomal and Genetic Variations,1110,Plant Science,11,Agricultural and Biological Sciences,1,Life Sciences,109188
T10969,Water resources management and optimization,2212,Ocean Engineering,22,Engineering,3,Physical Sciences,109167
T10090,ZnO doping and properties,2505,Materials Chemistry,25,Materials Science,3,Physical Sciences,109161
T12838,Photovoltaic Systems and Sustainability,2305,Environmental Engineering,23,Environmental Science,3,Physical Sciences,109078
T12010,Evaluation and Performance Assessment,1803,Management Science and Operations Research,18,Decision Sciences,2,Social Sciences,109072
T11610,Food Security and Health in Diverse Populations,3600,General Health Professions,36,Health Professions,4,Health Sciences,108934
T10193,Coronary Interventions and Diagnostics,2746,Surgery,27,Medicine,4,Health Sciences,108932
T11111,Spectroscopy and Laser Applications,1607,Spectroscopy,16,Chemistry,3,Physical Sciences,108897
T10043,Substance Abuse Treatment and Outcomes,2713,Epidemiology,27,Medicine,4,Health Sciences,108894
T13061,Literacy and Educational Practices,3304,Education,33,Social Sciences,2,Social Sciences,108832
T10137,Multiple Sclerosis Research Studies,2734,Pathology and Forensic Medicine,27,Medicine,4,Health Sciences,108693
T13619,Geotechnical and Geomechanical Engineering,2211,Mechanics of Materials,22,Engineering,3,Physical Sciences,108687
T10858,Clinical Nutrition and Gastroenterology,2916,Nutrition and Dietetics,29,Nursing,4,Health Sciences,108685
T10695,Parasites and Host Interactions,2405,Parasitology,24,Immunology and Microbiology,1,Life Sciences,108671
T10892,Drilling and Well Engineering,2212,Ocean Engineering,22,Engineering,3,Physical Sciences,108640
T11688,Microbial infections and disease research,2404,Microbiology,24,Immunology and Microbiology,1,Life Sciences,108603
T11641,Insect and Pesticide Research,1109,Insect Science,11,Agricultural and Biological Sciences,1,Life Sciences,108579
T11920,Pulsed Power Technology Applications,2207,Control and Systems Engineering,22,Engineering,3,Physical Sciences,108555
T10529,Stress Responses and Cortisol,2802,Behavioral Neuroscience,28,Neuroscience,1,Life Sciences,108533
T10264,Asphalt Pavement Performance Evaluation,2205,Civil and Structural Engineering,22,Engineering,3,Physical Sciences,108410
T11164,Remote Sensing and LiDAR Applications,2305,Environmental Engineering,23,Environmental Science,3,Physical Sciences,108372
T12748,Molecular spectroscopy and chirality,1607,Spectroscopy,16,Chemistry,3,Physical Sciences,108300
T10317,Advanced Database Systems and Queries,1705,Computer Networks and Communications,17,Computer Science,3,Physical Sciences,108288
T12646,Inorganic Fluorides and Related Compounds,1604,Inorganic Chemistry,16,Chemistry,3,Physical Sciences,108254
T14311,Electrical and Electromagnetic Research,3107,"Atomic and Molecular Physics, and Optics",31,Physics and Astronomy,3,Physical Sciences,108216
T13854,Historical Geography and Cartography,3305,"Geography, Planning and Development",33,Social Sciences,2,Social Sciences,108074
T11178,Receptor Mechanisms and Signaling,1312,Molecular Biology,13,"Biochemistry, Genetics and Molecular Biology",1,Life Sciences,108072
T10604,RNA Research and Splicing,1312,Molecular Biology,13,"Biochemistry, Genetics and Molecular Biology",1,Life Sciences,107968
T12935,Healthcare Systems and Public Health,2713,Epidemiology,27,Medicine,4,Health Sciences,107955
T13911,"Employment, Labor, and Gender Studies",3311,Safety Research,33,Social Sciences,2,Social Sciences,107874
T13465,"Graphite, nuclear technology, radiation studies",2505,Materials Chemistry,25,Materials Science,3,Physical Sciences,107853
T10748,Growth Hormone and Insulin-like Growth Factors,2712,"Endocrinology, Diabetes and Metabolism",27,Medicine,4,Health Sciences,107720
T11283,Experimental Learning in Engineering,2214,Media Technology,22,Engineering,3,Physical Sciences,107690
T11745,Potato Plant Research,1106,Food Science,11,Agricultural and Biological Sciences,1,Life Sciences,107574
T12844,Psychology and Mental Health,3203,Clinical Psychology,32,Psychology,2,Social Sciences,107571
T10107,Ferroelectric and Piezoelectric Materials,2505,Materials Chemistry,25,Materials Science,3,Physical Sciences,107556
T12413,Health and Medical Education,3600,General Health Professions,36,Health Professions,4,Health Sciences,107555
T13938,Historical and Contemporary Political Dynamics,1202,History,12,Arts and Humanities,2,Social Sciences,107534
T14118,Social and Demographic Issues in Germany,3600,General Health Professions,36,Health Professions,4,Health Sciences,107505
T11990,Global Health Workforce Issues,3604,Emergency Medical Services,36,Health Professions,4,Health Sciences,107452
T10860,Speech and Audio Processing,1711,Signal Processing,17,Computer Science,3,Physical Sciences,107411
T12217,Higher Education Teaching and Evaluation,3304,Education,33,Social Sciences,2,Social Sciences,107352
T14244,Consumer Behavior and Marketing Influence,1406,Marketing,14,"Business, Management and Accounting",2,Social Sciences,107259
T10235,Health disparities and outcomes,3306,Health,33,Social Sciences,2,Social Sciences,107255
T11260,Tracheal and airway disorders,2740,Pulmonary and Respiratory Medicine,27,Medicine,4,Health Sciences,107227
T10266,Plant Water Relations and Carbon Dynamics,2306,Global and Planetary Change,23,Environmental Science,3,Physical Sciences,107171
T10830,Airway Management and Intubation Techniques,2703,Anesthesiology and Pain Medicine,27,Medicine,4,Health Sciences,107126
T10278,Electric Motor Design and Analysis,2208,Electrical and Electronic Engineering,22,Engineering,3,Physical Sciences,107105
T12144,"Colonialism, slavery, and trade",3314,Anthropology,33,Social Sciences,2,Social Sciences,107102
T12364,Archaeological Research and Protection,1912,Space and Planetary Science,19,Earth and Planetary Sciences,3,Physical Sciences,107095
T10262,Microwave Engineering and Waveguides,2208,Electrical and Electronic Engineering,22,Engineering,3,Physical Sciences,107092
T10762,"Migration, Health and Trauma",3203,Clinical Psychology,32,Psychology,2,Social Sciences,107087
T10518,Gallbladder and Bile Duct Disorders,2740,Pulmonary and Respiratory Medicine,27,Medicine,4,Health Sciences,107051
T13246,"Agriculture, Plant Science, Crop Management",1110,Plant Science,11,Agricultural and Biological Sciences,1,Life Sciences,107028
T12675,Financial Reporting and Valuation Research,1408,Strategy and Management,14,"Business, Management and Accounting",2,Social Sciences,107003
T10681,Rare-earth and actinide compounds,3104,Condensed Matter Physics,31,Physics and Astronomy,3,Physical Sciences,106842
T10947,Fluorine in Organic Chemistry,3003,Pharmaceutical Science,30,"Pharmacology, Toxicology and Pharmaceutics",1,Life Sciences,106828
T14163,Astronomical Observations and Instrumentation,2206,Computational Mechanics,22,Engineering,3,Physical Sciences,106828
T10835,Carbohydrate Chemistry and Synthesis,1605,Organic Chemistry,16,Chemistry,3,Physical Sciences,106799
T10616,Smart Agriculture and AI,1110,Plant Science,11,Agricultural and Biological Sciences,1,Life Sciences,106705
T13912,"Language, Linguistics, Cultural Analysis",1203,Language and Linguistics,12,Arts and Humanities,2,Social Sciences,106620
T10826,Behavioral and Psychological Studies,3204,Developmental and Educational Psychology,32,Psychology,2,Social Sciences,106600
T10196,Pain Mechanisms and Treatments,2737,Physiology,27,Medicine,4,Health Sciences,106566
T10291,Dialysis and Renal Disease Management,2727,Nephrology,27,Medicine,4,Health Sciences,106389
T14006,"Linguistics, Language Diversity, and Identity",1203,Language and Linguistics,12,Arts and Humanities,2,Social Sciences,106370
T10428,Reproductive tract infections research,2404,Microbiology,24,Immunology and Microbiology,1,Life Sciences,106273
T10283,Hearing Loss and Rehabilitation,2805,Cognitive Neuroscience,28,Neuroscience,1,Life Sciences,106188
T10531,Advanced Vision and Imaging,1707,Computer Vision and Pattern Recognition,17,Computer Science,3,Physical Sciences,106188
T10260,Software Engineering Research,1710,Information Systems,17,Computer Science,3,Physical Sciences,106156
T10718,Political Philosophy and Ethics,3320,Political Science and International Relations,33,Social Sciences,2,Social Sciences,106027
T11217,Cardiac Arrhythmias and Treatments,2705,Cardiology and Cardiovascular Medicine,27,Medicine,4,Health Sciences,106014
T10041,COVID-19 Clinical Research Studies,2725,Infectious Diseases,27,Medicine,4,Health Sciences,105947
T11470,Legume Nitrogen Fixing Symbiosis,1110,Plant Science,11,Agricultural and Biological Sciences,1,Life Sciences,105906
T10436,Anesthesia and Sedative Agents,2703,Anesthesiology and Pain Medicine,27,Medicine,4,Health Sciences,105873
T12788,Space Science and Extraterrestrial Life,3103,Astronomy and Astrophysics,31,Physics and Astronomy,3,Physical Sciences,105845
T10122,Toxic Organic Pollutants Impact,2307,"Health, Toxicology and Mutagenesis",23,Environmental Science,3,Physical Sciences,105774
T14254,Digital Media and Visual Art,1704,Computer Graphics and Computer-Aided Design,17,Computer Science,3,Physical Sciences,105760
T10267,Higher Education Research Studies,3304,Education,33,Social Sciences,2,Social Sciences,105647
T11815,Urological Disorders and Treatments,2748,Urology,27,Medicine,4,Health Sciences,105556
T12781,Global Health Care Issues,3600,General Health Professions,36,Health Professions,4,Health Sciences,105505
T12002,"Computability, Logic, AI Algorithms",1703,Computational Theory and Mathematics,17,Computer Science,3,Physical Sciences,105336
T13152,French Language Learning Methods,3310,Linguistics and Language,33,Social Sciences,2,Social Sciences,105279
T10206,Meta-analysis and systematic reviews,1804,"Statistics, Probability and Uncertainty",18,Decision Sciences,2,Social Sciences,105165
T10887,Bioinformatics and Genomic Networks,1312,Molecular Biology,13,"Biochemistry, Genetics and Molecular Biology",1,Life Sciences,105008
T14159,Discourse Analysis and Cultural Communication,3316,Cultural Studies,33,Social Sciences,2,Social Sciences,104975
T12831,School Health and Nursing Education,3616,Speech and Hearing,36,Health Professions,4,Health Sciences,104972
T13315,Occupational Health and Safety in Workplaces,3609,Occupational Therapy,36,Health Professions,4,Health Sciences,104892
T10926,Peripheral Artery Disease Management,2746,Surgery,27,Medicine,4,Health Sciences,104833
T10542,Vestibular and auditory disorders,2808,Neurology,28,Neuroscience,1,Life Sciences,104683
T10170,Retinal Diseases and Treatments,2731,Ophthalmology,27,Medicine,4,Health Sciences,104595
T10376,Suicide and Self-Harm Studies,3203,Clinical Psychology,32,Psychology,2,Social Sciences,104573
T10341,Coral and Marine Ecosystems Studies,2303,Ecology,23,Environmental Science,3,Physical Sciences,104424
T10784,Muscle activation and electromyography studies,2204,Biomedical Engineering,22,Engineering,3,Physical Sciences,104323
T13801,Urban Arborization and Environmental Studies,2308,"Management, Monitoring, Policy and Law",23,Environmental Science,3,Physical Sciences,104292
T13347,Christian Theology and Mission,1212,Religious studies,12,Arts and Humanities,2,Social Sciences,104227
T11556,"Poverty, Education, and Child Welfare",3311,Safety Research,33,Social Sciences,2,Social Sciences,104186
T11285,Hearing Impairment and Communication,3204,Developmental and Educational Psychology,32,Psychology,2,Social Sciences,104106
T13506,Botanical Research and Chemistry,1105,"Ecology, Evolution, Behavior and Systematics",11,Agricultural and Biological Sciences,1,Life Sciences,104070
T14225,Advanced Sensor and Control Systems,2207,Control and Systems Engineering,22,Engineering,3,Physical Sciences,103920
T10994,"Terrorism, Counterterrorism, and Political Violence",3312,Sociology and Political Science,33,Social Sciences,2,Social Sciences,103898
T12282,Mineral Processing and Grinding,2210,Mechanical Engineering,22,Engineering,3,Physical Sciences,103846
T12017,Recycling and Waste Management Techniques,2311,Industrial and Manufacturing Engineering,23,Environmental Science,3,Physical Sciences,103762
T11515,Bacillus and Francisella bacterial research,1312,Molecular Biology,13,"Biochemistry, Genetics and Molecular Biology",1,Life Sciences,103727
T11153,Streptococcal Infections and Treatments,2739,"Public Health, Environmental and Occupational Health",27,Medicine,4,Health Sciences,103537
T10036,Advanced Neural Network Applications,1707,Computer Vision and Pattern Recognition,17,Computer Science,3,Physical Sciences,103515
T10778,Philosophy and History of Science,1207,History and Philosophy of Science,12,Arts and Humanities,2,Social Sciences,103341
T11462,Museums and Cultural Heritage,1209,Museology,12,Arts and Humanities,2,Social Sciences,103298
T10599,Reconstructive Surgery and Microvascular Techniques,2746,Surgery,27,Medicine,4,Health Sciences,103289
T14469,Renaissance Literature and Culture,1205,Classics,12,Arts and Humanities,2,Social Sciences,103268
T10003,Innovation and Knowledge Management,1408,Strategy and Management,14,"Business, Management and Accounting",2,Social Sciences,103165
T12470,Caribbean and African Literature and Culture,1212,Religious studies,12,Arts and Humanities,2,Social Sciences,103094
T11634,Water Quality and Pollution Assessment,2312,Water Science and Technology,23,Environmental Science,3,Physical Sciences,102945
T12629,Island Studies and Pacific Affairs,3317,Demography,33,Social Sciences,2,Social Sciences,102898
T10478,Diamond and Carbon-based Materials Research,2505,Materials Chemistry,25,Materials Science,3,Physical Sciences,102809
T13565,Education and Learning Interventions,1710,Information Systems,17,Computer Science,3,Physical Sciences,102773
T10306,Liquid Crystal Research Advancements,2504,"Electronic, Optical and Magnetic Materials",25,Materials Science,3,Physical Sciences,102728
T11059,Market Dynamics and Volatility,2002,Economics and Econometrics,20,"Economics, Econometrics and Finance",2,Social Sciences,102667
T10731,Educational Games and Gamification,3204,Developmental and Educational Psychology,32,Psychology,2,Social Sciences,102564
T11955,Urban and spatial planning,2309,Nature and Landscape Conservation,23,Environmental Science,3,Physical Sciences,102560
T10329,Thyroid Cancer Diagnosis and Treatment,2712,"Endocrinology, Diabetes and Metabolism",27,Medicine,4,Health Sciences,102522
T13877,Law in Society and Culture,3308,Law,33,Social Sciences,2,Social Sciences,102440
T13367,Cultural and Sociopolitical Studies,1209,Museology,12,Arts and Humanities,2,Social Sciences,102432
T10551,Scheduling and Optimization Algorithms,2209,Industrial and Manufacturing Engineering,22,Engineering,3,Physical Sciences,102400
T10179,Supercapacitor Materials and Fabrication,2504,"Electronic, Optical and Magnetic Materials",25,Materials Science,3,Physical Sciences,102391
T12300,Advanced Electrical Measurement Techniques,2208,Electrical and Electronic Engineering,22,Engineering,3,Physical Sciences,102318
T12816,Global Public Health Policies and Epidemiology,1407,Organizational Behavior and Human Resource Management,14,"Business, Management and Accounting",2,Social Sciences,102171
T12100,Advanced Mathematical Modeling in Engineering,1703,Computational Theory and Mathematics,17,Computer Science,3,Physical Sciences,102151
T14115,Legal processes and jurisprudence,3308,Law,33,Social Sciences,2,Social Sciences,101860
T10930,Flood Risk Assessment and Management,2306,Global and Planetary Change,23,Environmental Science,3,Physical Sciences,101774
T14483,Education and Teacher Training,3304,Education,33,Social Sciences,2,Social Sciences,101749
T10156,"LGBTQ Health, Identity, and Policy",3207,Social Psychology,32,Psychology,2,Social Sciences,101717
T11528,Lichen and fungal ecology,1105,"Ecology, Evolution, Behavior and Systematics",11,Agricultural and Biological Sciences,1,Life Sciences,101699
T10866,Nutritional Studies and Diet,2739,"Public Health, Environmental and Occupational Health",27,Medicine,4,Health Sciences,101683
T10225,Essential Oils and Antimicrobial Activity,1106,Food Science,11,Agricultural and Biological Sciences,1,Life Sciences,101601
T11725,Immunodeficiency and Autoimmune Disorders,2403,Immunology,24,Immunology and Microbiology,1,Life Sciences,101571
T10130,Mathematics Education and Teaching Techniques,3304,Education,33,Social Sciences,2,Social Sciences,101562
T10873,Bacterial Infections and Vaccines,2404,Microbiology,24,Immunology and Microbiology,1,Life Sciences,101483
T10699,Primate Behavior and Ecology,3207,Social Psychology,32,Psychology,2,Social Sciences,101471
T10832,Pituitary Gland Disorders and Treatments,2712,"Endocrinology, Diabetes and Metabolism",27,Medicine,4,Health Sciences,101450
T10212,Electrochemical sensors and biosensors,2208,Electrical and Electronic Engineering,22,Engineering,3,Physical Sciences,101380
T12111,Industrial Vision Systems and Defect Detection,2209,Industrial and Manufacturing Engineering,22,Engineering,3,Physical Sciences,101137
T10380,Intimate Partner and Family Violence,3306,Health,33,Social Sciences,2,Social Sciences,101132
T14246,E-Learning and Knowledge Management,1706,Computer Science Applications,17,Computer Science,3,Physical Sciences,101102
T13838,Plant and soil sciences,1100,General Agricultural and Biological Sciences,11,Agricultural and Biological Sciences,1,Life Sciences,101098
T10836,Metabolomics and Mass Spectrometry Studies,1312,Molecular Biology,13,"Biochemistry, Genetics and Molecular Biology",1,Life Sciences,101019
T10410,COVID-19 epidemiological studies,2611,Modeling and Simulation,26,Mathematics,3,Physical Sciences,100989
T11245,Advanced Numerical Analysis Techniques,2206,Computational Mechanics,22,Engineering,3,Physical Sciences,100978
T11340,Marine Sponges and Natural Products,1305,Biotechnology,13,"Biochemistry, Genetics and Molecular Biology",1,Life Sciences,100821
T10837,Dermatology and Skin Diseases,2708,Dermatology,27,Medicine,4,Health Sciences,100814
T10218,Sepsis Diagnosis and Treatment,2713,Epidemiology,27,Medicine,4,Health Sciences,100800
T10880,Environmental Sustainability in Business,1406,Marketing,14,"Business, Management and Accounting",2,Social Sciences,100758
T11376,Geriatric Care and Nursing Homes,3600,General Health Professions,36,Health Professions,4,Health Sciences,100460
T11336,Energy and Environment Impacts,2310,Pollution,23,Environmental Science,3,Physical Sciences,100444
T11640,Linguistic Variation and Morphology,3310,Linguistics and Language,33,Social Sciences,2,Social Sciences,100326
T10713,Structural Load-Bearing Analysis,2205,Civil and Structural Engineering,22,Engineering,3,Physical Sciences,100320
T10198,Heart Failure Treatment and Management,2705,Cardiology and Cardiovascular Medicine,27,Medicine,4,Health Sciences,100313
T12717,Space exploration and regulation,3103,Astronomy and Astrophysics,31,Physics and Astronomy,3,Physical Sciences,100307
T10088,Thermochemical Biomass Conversion Processes,2204,Biomedical Engineering,22,Engineering,3,Physical Sciences,100276
T10890,Trypanosoma species research and implications,2713,Epidemiology,27,Medicine,4,Health Sciences,100257
T10676,"Genetics, Aging, and Longevity in Model Organisms",1302,Aging,13,"Biochemistry, Genetics and Molecular Biology",1,Life Sciences,100252
T11157,Chronic Lymphocytic Leukemia Research,2716,Genetics,27,Medicine,4,Health Sciences,100186
T11287,Cancer Genomics and Diagnostics,1306,Cancer Research,13,"Biochemistry, Genetics and Molecular Biology",1,Life Sciences,100132
T13280,Biomedical and Engineering Education,2204,Biomedical Engineering,22,Engineering,3,Physical Sciences,100111
T10386,Microstructure and Mechanical Properties of Steels,2210,Mechanical Engineering,22,Engineering,3,Physical Sciences,100057
T11242,Nuclear Materials and Properties,2505,Materials Chemistry,25,Materials Science,3,Physical Sciences,100023
T10287,Algebraic structures and combinatorial models,2608,Geometry and Topology,26,Mathematics,3,Physical Sciences,100005
T10498,Migraine and Headache Studies,2738,Psychiatry and Mental health,27,Medicine,4,Health Sciences,99994
T12658,Language and Culture,3310,Linguistics and Language,33,Social Sciences,2,Social Sciences,99951
T12374,European and International Contract Law,3308,Law,33,Social Sciences,2,Social Sciences,99883
T10590,Chalcogenide Semiconductor Thin Films,2208,Electrical and Electronic Engineering,22,Engineering,3,Physical Sciences,99815
T14127,Food and Agricultural Sciences,1106,Food Science,11,Agricultural and Biological Sciences,1,Life Sciences,99813
T14238,Historical Gender and Feminism Studies,3312,Sociology and Political Science,33,Social Sciences,2,Social Sciences,99805
T12395,Educational Innovations and Technology,1710,Information Systems,17,Computer Science,3,Physical Sciences,99770
T13759,Medical Imaging and Pathology Studies,2740,Pulmonary and Respiratory Medicine,27,Medicine,4,Health Sciences,99458
T10279,Urinary Bladder and Prostate Research,2748,Urology,27,Medicine,4,Health Sciences,99399
T12375,Cuban History and Society,3312,Sociology and Political Science,33,Social Sciences,2,Social Sciences,99296
T10517,"Financial Literacy, Pension, Retirement Analysis",1402,Accounting,14,"Business, Management and Accounting",2,Social Sciences,99292
T13005,Religious Studies and Spiritual Practices,1211,Philosophy,12,Arts and Humanities,2,Social Sciences,99246
T10404,Enzyme Catalysis and Immobilization,1312,Molecular Biology,13,"Biochemistry, Genetics and Molecular Biology",1,Life Sciences,99199
T10392,Cutaneous Melanoma Detection and Management,2730,Oncology,27,Medicine,4,Health Sciences,98983
T14235,"Linguistic, Cultural, and Literary Studies",3312,Sociology and Political Science,33,Social Sciences,2,Social Sciences,98926
T12376,Corporate Management and Leadership,1407,Organizational Behavior and Human Resource Management,14,"Business, Management and Accounting",2,Social Sciences,98900
T13412,Education and Technology Integration,3304,Education,33,Social Sciences,2,Social Sciences,98889
T10071,Bone health and osteoporosis research,2732,Orthopedics and Sports Medicine,27,Medicine,4,Health Sciences,98797
T11179,Nematode management and characterization studies,1110,Plant Science,11,Agricultural and Biological Sciences,1,Life Sciences,98789
T10197,Membrane Separation Technologies,2312,Water Science and Technology,23,Environmental Science,3,Physical Sciences,98778
T10506,Aquaculture disease management and microbiota,2403,Immunology,24,Immunology and Microbiology,1,Life Sciences,98776
T10274,Synthesis and biological activity,1605,Organic Chemistry,16,Chemistry,3,Physical Sciences,98673
T12857,Medieval Philosophy and Theology,1211,Philosophy,12,Arts and Humanities,2,Social Sciences,98671
T12929,Animal Genetics and Reproduction,1311,Genetics,13,"Biochemistry, Genetics and Molecular Biology",1,Life Sciences,98664
T11070,Soviet and Russian History,3320,Political Science and International Relations,33,Social Sciences,2,Social Sciences,98653
T12233,Geotechnical Engineering and Underground Structures,2205,Civil and Structural Engineering,22,Engineering,3,Physical Sciences,98649
T10564,Wastewater Treatment and Nitrogen Removal,2310,Pollution,23,Environmental Science,3,Physical Sciences,98562
T12606,Diptera species taxonomy and behavior,1105,"Ecology, Evolution, Behavior and Systematics",11,Agricultural and Biological Sciences,1,Life Sciences,98500
T10102,scientometrics and bibliometrics research,1804,"Statistics, Probability and Uncertainty",18,Decision Sciences,2,Social Sciences,98480
T11814,Advanced Manufacturing and Logistics Optimization,2209,Industrial and Manufacturing Engineering,22,Engineering,3,Physical Sciences,98362
T10913,Molecular Junctions and Nanostructures,2208,Electrical and Electronic Engineering,22,Engineering,3,Physical Sciences,98360
T10056,Neurotransmitter Receptor Influence on Behavior,2804,Cellular and Molecular Neuroscience,28,Neuroscience,1,Life Sciences,98233
T14010,Food Industry and Aquatic Biology,1106,Food Science,11,Agricultural and Biological Sciences,1,Life Sciences,98086
T13003,Regional Development and Environment,3312,Sociology and Political Science,33,Social Sciences,2,Social Sciences,98081
T11698,Underwater Acoustics Research,1910,Oceanography,19,Earth and Planetary Sciences,3,Physical Sciences,98036
T10145,Consumer Behavior in Brand Consumption and Identification,1406,Marketing,14,"Business, Management and Accounting",2,Social Sciences,98033
T10612,Magnetism in coordination complexes,2504,"Electronic, Optical and Magnetic Materials",25,Materials Science,3,Physical Sciences,97994
T14355,Historical Studies of British Isles,1202,History,12,Arts and Humanities,2,Social Sciences,97921
T10553,Combustion and flame dynamics,2206,Computational Mechanics,22,Engineering,3,Physical Sciences,97891
T10079,Nanoparticles: synthesis and applications,2505,Materials Chemistry,25,Materials Science,3,Physical Sciences,97889
T12091,Peatlands and Wetlands Ecology,2303,Ecology,23,Environmental Science,3,Physical Sciences,97762
T14330,Library Science and Information Systems,1710,Information Systems,17,Computer Science,3,Physical Sciences,97760
T14376,Science and Education Research,3304,Education,33,Social Sciences,2,Social Sciences,97683
T10678,Inflammatory mediators and NSAID effects,2736,Pharmacology,27,Medicine,4,Health Sciences,97652
T13770,Pediatric health and respiratory diseases,3604,Emergency Medical Services,36,Health Professions,4,Health Sciences,97582
T11270,Complex Systems and Time Series Analysis,2002,Economics and Econometrics,20,"Economics, Econometrics and Finance",2,Social Sciences,97337
T13618,Regional Socio-Economic Development Trends,3317,Demography,33,Social Sciences,2,Social Sciences,97333
T11171,Diabetes and associated disorders,1311,Genetics,13,"Biochemistry, Genetics and Molecular Biology",1,Life Sciences,97242
T12783,"Migration, Aging, and Tourism Studies",3317,Demography,33,Social Sciences,2,Social Sciences,97182
T11871,Advanced Statistical Methods and Models,2613,Statistics and Probability,26,Mathematics,3,Physical Sciences,97107
T13195,Medieval Iberian Studies,1205,Classics,12,Arts and Humanities,2,Social Sciences,97107
T10368,Dental Health and Care Utilization,3506,Periodontics,35,Dentistry,4,Health Sciences,97104
T12921,European Criminal Justice and Data Protection,3320,Political Science and International Relations,33,Social Sciences,2,Social Sciences,97070
T12647,Traditional Chinese Medicine Studies,2707,Complementary and alternative medicine,27,Medicine,4,Health Sciences,96897
T13402,Business Strategy and Innovation,1408,Strategy and Management,14,"Business, Management and Accounting",2,Social Sciences,96855
T10502,Advanced Memory and Neural Computing,2208,Electrical and Electronic Engineering,22,Engineering,3,Physical Sciences,96811
T10976,Viral gastroenteritis research and epidemiology,2725,Infectious Diseases,27,Medicine,4,Health Sciences,96671
T12417,Morphological variations and asymmetry,2608,Geometry and Topology,26,Mathematics,3,Physical Sciences,96665
T10903,Porphyrin and Phthalocyanine Chemistry,2505,Materials Chemistry,25,Materials Science,3,Physical Sciences,96627
T12084,Synthesis and properties of polymers,2507,Polymers and Plastics,25,Materials Science,3,Physical Sciences,96596
T10717,Aluminum Alloys Composites Properties,2210,Mechanical Engineering,22,Engineering,3,Physical Sciences,96588
T11372,Hydraulic and Pneumatic Systems,2210,Mechanical Engineering,22,Engineering,3,Physical Sciences,96304
T10453,Maternal and Perinatal Health Interventions,2729,Obstetrics and Gynecology,27,Medicine,4,Health Sciences,96095
T10342,Circadian rhythm and melatonin,2807,Endocrine and Autonomic Systems,28,Neuroscience,1,Life Sciences,95996
T10499,Folate and B Vitamins Research,2745,Rheumatology,27,Medicine,4,Health Sciences,95949
T10076,Plant-Microbe Interactions and Immunity,1110,Plant Science,11,Agricultural and Biological Sciences,1,Life Sciences,95937
T13561,Chemical Reactions and Isotopes,3003,Pharmaceutical Science,30,"Pharmacology, Toxicology and Pharmaceutics",1,Life Sciences,95856
T10728,Pulmonary Hypertension Research and Treatments,2740,Pulmonary and Respiratory Medicine,27,Medicine,4,Health Sciences,95832
T10273,IoT and Edge/Fog Computing,1705,Computer Networks and Communications,17,Computer Science,3,Physical Sciences,95804
T11691,Forest Insect Ecology and Management,2303,Ecology,23,Environmental Science,3,Physical Sciences,95802
T10277,Vitamin D Research Studies,2734,Pathology and Forensic Medicine,27,Medicine,4,Health Sciences,95738
T10734,Information and Cyber Security,1710,Information Systems,17,Computer Science,3,Physical Sciences,95694
T10219,Mechanical Behavior of Composites,2211,Mechanics of Materials,22,Engineering,3,Physical Sciences,95673
T11036,Antibiotics Pharmacokinetics and Efficacy,2736,Pharmacology,27,Medicine,4,Health Sciences,95598
T10201,Speech Recognition and Synthesis,1702,Artificial Intelligence,17,Computer Science,3,Physical Sciences,95596
T10516,Parathyroid Disorders and Treatments,2727,Nephrology,27,Medicine,4,Health Sciences,95595
T10370,Traffic and Road Safety,2213,"Safety, Risk, Reliability and Quality",22,Engineering,3,Physical Sciences,95569
T11631,"Retirement, Disability, and Employment",3317,Demography,33,Social Sciences,2,Social Sciences,95495
T10442,Knee injuries and reconstruction techniques,2746,Surgery,27,Medicine,4,Health Sciences,95326
T13742,Metallurgy and Cultural Artifacts,3302,Archeology,33,Social Sciences,2,Social Sciences,95228
T10654,Pneumonia and Respiratory Infections,2713,Epidemiology,27,Medicine,4,Health Sciences,95205
T12886,Historical and Cultural Studies of Poland,1202,History,12,Arts and Humanities,2,Social Sciences,95194
T13521,Psychosocial Factors Impacting Youth,3312,Sociology and Political Science,33,Social Sciences,2,Social Sciences,95175
T11106,Data Management and Algorithms,1711,Signal Processing,17,Computer Science,3,Physical Sciences,95162
T11243,Respiratory viral infections research,2713,Epidemiology,27,Medicine,4,Health Sciences,95063
T10175,Advanced DC-DC Converters,2208,Electrical and Electronic Engineering,22,Engineering,3,Physical Sciences,95060
T12467,Rangeland Management and Livestock Ecology,2308,"Management, Monitoring, Policy and Law",23,Environmental Science,3,Physical Sciences,95030
T10050,Multi-Criteria Decision Making,1803,Management Science and Operations Research,18,Decision Sciences,2,Social Sciences,94790
T12614,Indigenous Studies and Ecology,3600,General Health Professions,36,Health Professions,4,Health Sciences,94776
T12739,Historical Studies on Spain,1202,History,12,Arts and Humanities,2,Social Sciences,94569
T12754,Plant Growth and Agriculture Techniques,1111,Soil Science,11,Agricultural and Biological Sciences,1,Life Sciences,94547
T11076,Policing Practices and Perceptions,3320,Political Science and International Relations,33,Social Sciences,2,Social Sciences,94531
T12623,"Cultural, Media, and Literary Studies",1211,Philosophy,12,Arts and Humanities,2,Social Sciences,94482
T11147,Misinformation and Its Impacts,3312,Sociology and Political Science,33,Social Sciences,2,Social Sciences,94470
T10035,Phytochemicals and Antioxidant Activities,2704,Biochemistry,27,Medicine,4,Health Sciences,94439
T10988,Advanced Fiber Laser Technologies,3107,"Atomic and Molecular Physics, and Optics",31,Physics and Astronomy,3,Physical Sciences,94425
T13439,Transport and Economic Policies,1408,Strategy and Management,14,"Business, Management and Accounting",2,Social Sciences,94371
T10754,Neuroendocrine Tumor Research Advances,2713,Epidemiology,27,Medicine,4,Health Sciences,94361
T12795,Banana Cultivation and Research,1110,Plant Science,11,Agricultural and Biological Sciences,1,Life Sciences,94357
T12741,Maternal and Neonatal Healthcare,3600,General Health Professions,36,Health Professions,4,Health Sciences,94321
T13205,Geological and Geophysical Studies Worldwide,1908,Geophysics,19,Earth and Planetary Sciences,3,Physical Sciences,94192
T13690,Quality and Safety in Healthcare,3607,Medical Laboratory Technology,36,Health Professions,4,Health Sciences,94160
T12231,Contemporary Sociological Theory and Practice,3312,Sociology and Political Science,33,Social Sciences,2,Social Sciences,94159
T13352,International Relations in Latin America,3320,Political Science and International Relations,33,Social Sciences,2,Social Sciences,94102
T10823,Research on Leishmaniasis Studies,2739,"Public Health, Environmental and Occupational Health",27,Medicine,4,Health Sciences,94092
T12127,Software System Performance and Reliability,1705,Computer Networks and Communications,17,Computer Science,3,Physical Sciences,94051
T11144,melanin and skin pigmentation,1307,Cell Biology,13,"Biochemistry, Genetics and Molecular Biology",1,Life Sciences,94041
T12203,Mobile Agent-Based Network Management,1705,Computer Networks and Communications,17,Computer Science,3,Physical Sciences,94012
T10657,Topological Materials and Phenomena,3107,"Atomic and Molecular Physics, and Optics",31,Physics and Astronomy,3,Physical Sciences,93919
T11711,COVID-19 Pandemic Impacts,2002,Economics and Econometrics,20,"Economics, Econometrics and Finance",2,Social Sciences,93892
T12330,Botanical Research and Applications,1106,Food Science,11,Agricultural and Biological Sciences,1,Life Sciences,93872
T12798,Religious Tourism and Spaces,3305,"Geography, Planning and Development",33,Social Sciences,2,Social Sciences,93821
T12775,Legal Issues in South Africa,3308,Law,33,Social Sciences,2,Social Sciences,93818
T13494,Military History and Strategy,3320,Political Science and International Relations,33,Social Sciences,2,Social Sciences,93792
T12720,Multimedia Communication and Technology,3312,Sociology and Political Science,33,Social Sciences,2,Social Sciences,93772
T11960,Relativity and Gravitational Theory,3103,Astronomy and Astrophysics,31,Physics and Astronomy,3,Physical Sciences,93766
T13766,"Media, Journalism, and Communication History",1202,History,12,Arts and Humanities,2,Social Sciences,93758
T11965,"Quantum, superfluid, helium dynamics",3107,"Atomic and Molecular Physics, and Optics",31,Physics and Astronomy,3,Physical Sciences,93743
T12213,Marine Ecology and Invasive Species,2306,Global and Planetary Change,23,Environmental Science,3,Physical Sciences,93741
T10856,Intellectual Property and Patents,1405,Management of Technology and Innovation,14,"Business, Management and Accounting",2,Social Sciences,93722
T11246,Sports injuries and prevention,2732,Orthopedics and Sports Medicine,27,Medicine,4,Health Sciences,93716
T11079,Creativity in Education and Neuroscience,3205,Experimental and Cognitive Psychology,32,Psychology,2,Social Sciences,93664
T12503,Social Acceptance of Renewable Energy,3312,Sociology and Political Science,33,Social Sciences,2,Social Sciences,93639
T11257,Taxation and Compliance Studies,2002,Economics and Econometrics,20,"Economics, Econometrics and Finance",2,Social Sciences,93607
T10768,Electric Vehicles and Infrastructure,2208,Electrical and Electronic Engineering,22,Engineering,3,Physical Sciences,93542
T13029,South Asian Studies and Conflicts,3320,Political Science and International Relations,33,Social Sciences,2,Social Sciences,93478
T10647,Coastal and Marine Dynamics,1904,Earth-Surface Processes,19,Earth and Planetary Sciences,3,Physical Sciences,93453
T11674,Sports Analytics and Performance,2002,Economics and Econometrics,20,"Economics, Econometrics and Finance",2,Social Sciences,93427
T13944,Psychiatric care and mental health services,3203,Clinical Psychology,32,Psychology,2,Social Sciences,93393
T10258,Philosophy and Theoretical Science,3205,Experimental and Cognitive Psychology,32,Psychology,2,Social Sciences,93210
T10430,Software Engineering Techniques and Practices,1710,Information Systems,17,Computer Science,3,Physical Sciences,93160
T13236,Geotechnical and construction materials studies,2205,Civil and Structural Engineering,22,Engineering,3,Physical Sciences,93143
T12329,Hemiptera Insect Studies,1105,"Ecology, Evolution, Behavior and Systematics",11,Agricultural and Biological Sciences,1,Life Sciences,93127
T10222,Genomics and Chromatin Dynamics,1312,Molecular Biology,13,"Biochemistry, Genetics and Molecular Biology",1,Life Sciences,93093
T10316,Sleep and related disorders,3205,Experimental and Cognitive Psychology,32,Psychology,2,Social Sciences,93081
T10915,Trace Elements in Health,2916,Nutrition and Dietetics,29,Nursing,4,Health Sciences,93066
T10971,Olfactory and Sensory Function Studies,2809,Sensory Systems,28,Neuroscience,1,Life Sciences,92976
T11253,Nail Diseases and Treatments,2713,Epidemiology,27,Medicine,4,Health Sciences,92863
T10402,Phase Equilibria and Thermodynamics,2204,Biomedical Engineering,22,Engineering,3,Physical Sciences,92740
T14276,Power Systems and Technologies,2208,Electrical and Electronic Engineering,22,Engineering,3,Physical Sciences,92697
T10883,Ethics and Social Impacts of AI,3311,Safety Research,33,Social Sciences,2,Social Sciences,92679
T10024,TiO2 Photocatalysis and Solar Cells,2105,"Renewable Energy, Sustainability and the Environment",21,Energy,3,Physical Sciences,92660
T10772,Distributed systems and fault tolerance,1705,Computer Networks and Communications,17,Computer Science,3,Physical Sciences,92653
T10649,Multiple Myeloma Research and Treatments,2720,Hematology,27,Medicine,4,Health Sciences,92648
T12811,"Aging, Health, and Disability",2739,"Public Health, Environmental and Occupational Health",27,Medicine,4,Health Sciences,92523
T10027,"Diabetes, Cardiovascular Risks, and Lipoproteins",2712,"Endocrinology, Diabetes and Metabolism",27,Medicine,4,Health Sciences,92465
T14009,Ecology and Conservation Studies,1110,Plant Science,11,Agricultural and Biological Sciences,1,Life Sciences,92428
T10894,Groundwater flow and contamination studies,2305,Environmental Engineering,23,Environmental Science,3,Physical Sciences,92426
T10261,Genetic Associations and Epidemiology,1311,Genetics,13,"Biochemistry, Genetics and Molecular Biology",1,Life Sciences,92376
T12619,Political Systems and Governance,3320,Political Science and International Relations,33,Social Sciences,2,Social Sciences,92357
T10327,Adolescent Sexual and Reproductive Health,3600,General Health Professions,36,Health Professions,4,Health Sciences,92336
T12596,Cephalopods and Marine Biology,1105,"Ecology, Evolution, Behavior and Systematics",11,Agricultural and Biological Sciences,1,Life Sciences,92336
T10979,Breastfeeding Practices and Influences,2713,Epidemiology,27,Medicine,4,Health Sciences,92304
T11330,Systemic Sclerosis and Related Diseases,2734,Pathology and Forensic Medicine,27,Medicine,4,Health Sciences,92299
T10566,Laser-Matter Interactions and Applications,3107,"Atomic and Molecular Physics, and Optics",31,Physics and Astronomy,3,Physical Sciences,92240
T10414,Cannabis and Cannabinoid Research,2736,Pharmacology,27,Medicine,4,Health Sciences,92236
T13186,Russia and Soviet political economy,3320,Political Science and International Relations,33,Social Sciences,2,Social Sciences,92191
T10902,Complementary and Alternative Medicine Studies,2707,Complementary and alternative medicine,27,Medicine,4,Health Sciences,92116
T13409,Paleopathology and ancient diseases,1204,Archeology,12,Arts and Humanities,2,Social Sciences,92097
T10577,Hydrology and Sediment Transport Processes,2303,Ecology,23,Environmental Science,3,Physical Sciences,92094
T10691,Retinal Development and Disorders,1312,Molecular Biology,13,"Biochemistry, Genetics and Molecular Biology",1,Life Sciences,92037
T11056,Physiological and biochemical adaptations,2303,Ecology,23,Environmental Science,3,Physical Sciences,92035
T13337,Korean Peninsula Historical and Political Studies,3312,Sociology and Political Science,33,Social Sciences,2,Social Sciences,92002
T10148,Advanced MIMO Systems Optimization,2208,Electrical and Electronic Engineering,22,Engineering,3,Physical Sciences,91955
T12996,Cancer Research and Treatments,1305,Biotechnology,13,"Biochemistry, Genetics and Molecular Biology",1,Life Sciences,91916
T10688,Image and Signal Denoising Methods,1707,Computer Vision and Pattern Recognition,17,Computer Science,3,Physical Sciences,91869
T12743,Spanish Culture and Identity,1211,Philosophy,12,Arts and Humanities,2,Social Sciences,91851
T10536,Endodontics and Root Canal Treatments,3504,Oral Surgery,35,Dentistry,4,Health Sciences,91844
T10598,Cardiac pacing and defibrillation studies,2705,Cardiology and Cardiovascular Medicine,27,Medicine,4,Health Sciences,91836
T10229,Geometric Analysis and Curvature Flows,2604,Applied Mathematics,26,Mathematics,3,Physical Sciences,91818
T11122,Online Learning and Analytics,1706,Computer Science Applications,17,Computer Science,3,Physical Sciences,91783
T10509,"Religion, Spirituality, and Psychology",3306,Health,33,Social Sciences,2,Social Sciences,91599
T12972,German Colonialism and Identity Studies,1208,Literature and Literary Theory,12,Arts and Humanities,2,Social Sciences,91553
T10438,"Energy, Environment, Economic Growth",2002,Economics and Econometrics,20,"Economics, Econometrics and Finance",2,Social Sciences,91476
T14166,European Monetary and Fiscal Policies,2003,Finance,20,"Economics, Econometrics and Finance",2,Social Sciences,91473
T11927,Plant Reproductive Biology,1312,Molecular Biology,13,"Biochemistry, Genetics and Molecular Biology",1,Life Sciences,91389
T13831,Archaeological and Geological Studies,1204,Archeology,12,Arts and Humanities,2,Social Sciences,91378
T10441,Muscle Physiology and Disorders,1312,Molecular Biology,13,"Biochemistry, Genetics and Molecular Biology",1,Life Sciences,91373
T10104,Nanofluid Flow and Heat Transfer,2204,Biomedical Engineering,22,Engineering,3,Physical Sciences,91263
T14090,Health and Conflict Studies,3600,General Health Professions,36,Health Professions,4,Health Sciences,91227
T10433,Carcinogens and Genotoxicity Assessment,1306,Cancer Research,13,"Biochemistry, Genetics and Molecular Biology",1,Life Sciences,91156
T10662,Ultrasonics and Acoustic Wave Propagation,2211,Mechanics of Materials,22,Engineering,3,Physical Sciences,91092
T11007,Hybrid Renewable Energy Systems,2102,Energy Engineering and Power Technology,21,Energy,3,Physical Sciences,91064
T10987,Microfinance and Financial Inclusion,2002,Economics and Econometrics,20,"Economics, Econometrics and Finance",2,Social Sciences,91053
T14099,Synthesis and Characterization of Heterocyclic Compounds,1605,Organic Chemistry,16,Chemistry,3,Physical Sciences,91035
T10670,Aluminum Alloy Microstructure Properties,2202,Aerospace Engineering,22,Engineering,3,Physical Sciences,91009
T10142,Formal Methods in Verification,1703,Computational Theory and Mathematics,17,Computer Science,3,Physical Sciences,90979
T12432,Arctic and Russian Policy Studies,3312,Sociology and Political Science,33,Social Sciences,2,Social Sciences,90958
T10191,Robotics and Sensor-Based Localization,2202,Aerospace Engineering,22,Engineering,3,Physical Sciences,90943
T11692,Noise Effects and Management,3616,Speech and Hearing,36,Health Professions,4,Health Sciences,90812
T10923,Force Microscopy Techniques and Applications,3107,"Atomic and Molecular Physics, and Optics",31,Physics and Astronomy,3,Physical Sciences,90776
T13970,Pharmacy and Medical Practices,3004,Pharmacology,30,"Pharmacology, Toxicology and Pharmaceutics",1,Life Sciences,90723
T11155,Toxoplasma gondii Research Studies,2405,Parasitology,24,Immunology and Microbiology,1,Life Sciences,90660
T11244,Climate Change and Health Impacts,2307,"Health, Toxicology and Mutagenesis",23,Environmental Science,3,Physical Sciences,90600
T11433,Emotional Intelligence and Performance,3207,Social Psychology,32,Psychology,2,Social Sciences,90572
T10570,Drug Transport and Resistance Mechanisms,2730,Oncology,27,Medicine,4,Health Sciences,90469
T11146,Hormonal and reproductive studies,2712,"Endocrinology, Diabetes and Metabolism",27,Medicine,4,Health Sciences,90444
T10208,Labor market dynamics and wage inequality,2002,Economics and Econometrics,20,"Economics, Econometrics and Finance",2,Social Sciences,90371
T10507,Biodiesel Production and Applications,2204,Biomedical Engineering,22,Engineering,3,Physical Sciences,90352
T10552,Colorectal Cancer Screening and Detection,2730,Oncology,27,Medicine,4,Health Sciences,90351
T10426,Child Abuse and Trauma,3203,Clinical Psychology,32,Psychology,2,Social Sciences,90252
T10635,Hydraulic Fracturing and Reservoir Analysis,2210,Mechanical Engineering,22,Engineering,3,Physical Sciences,90238
T13796,Neurological Disorders and Treatments,2808,Neurology,28,Neuroscience,1,Life Sciences,90234
T13342,Art History and Market Analysis,1213,Visual Arts and Performing Arts,12,Arts and Humanities,2,Social Sciences,90218
T11536,Consumer Retail Behavior Studies,1406,Marketing,14,"Business, Management and Accounting",2,Social Sciences,90216
T11578,Plant Pathogenic Bacteria Studies,1110,Plant Science,11,Agricultural and Biological Sciences,1,Life Sciences,90135
T10449,Renal cell carcinoma treatment,2740,Pulmonary and Respiratory Medicine,27,Medicine,4,Health Sciences,90041
T11999,Empathy and Medical Education,2738,Psychiatry and Mental health,27,Medicine,4,Health Sciences,89920
T12630,African Botany and Ecology Studies,1107,Forestry,11,Agricultural and Biological Sciences,1,Life Sciences,89909
T11395,Radiopharmaceutical Chemistry and Applications,2741,"Radiology, Nuclear Medicine and Imaging",27,Medicine,4,Health Sciences,89874
T13133,Architecture and Art History Studies,1213,Visual Arts and Performing Arts,12,Arts and Humanities,2,Social Sciences,89707
T11350,Sex work and related issues,3312,Sociology and Political Science,33,Social Sciences,2,Social Sciences,89684
T11138,Tribology and Lubrication Engineering,2210,Mechanical Engineering,22,Engineering,3,Physical Sciences,89665
T11658,Esophageal and GI Pathology,2746,Surgery,27,Medicine,4,Health Sciences,89638
T10335,Colorectal Cancer Surgical Treatments,2730,Oncology,27,Medicine,4,Health Sciences,89601
T11855,Gastrointestinal disorders and treatments,2746,Surgery,27,Medicine,4,Health Sciences,89535
T10677,Attachment and Relationship Dynamics,3207,Social Psychology,32,Psychology,2,Social Sciences,89513
T11195,Simulation Techniques and Applications,1803,Management Science and Operations Research,18,Decision Sciences,2,Social Sciences,89435
T10981,Cytomegalovirus and herpesvirus research,2713,Epidemiology,27,Medicine,4,Health Sciences,89390
T11221,Bone health and treatments,2730,Oncology,27,Medicine,4,Health Sciences,89372
T11825,Catalysis and Oxidation Reactions,1503,Catalysis,15,Chemical Engineering,3,Physical Sciences,89333
T10763,Digital Transformation in Industry,2209,Industrial and Manufacturing Engineering,22,Engineering,3,Physical Sciences,89329
T12616,Religious Education and Schools,3304,Education,33,Social Sciences,2,Social Sciences,89246
T11467,Trauma and Emergency Care Studies,2711,Emergency Medicine,27,Medicine,4,Health Sciences,89192
T10520,Mycotoxins in Agriculture and Food,1110,Plant Science,11,Agricultural and Biological Sciences,1,Life Sciences,89168
T13772,Geomechanics and Mining Engineering,2211,Mechanics of Materials,22,Engineering,3,Physical Sciences,89108
T12286,Erythrocyte Function and Pathophysiology,2737,Physiology,27,Medicine,4,Health Sciences,89051
T10390,Ovarian function and disorders,2743,Reproductive Medicine,27,Medicine,4,Health Sciences,89027
T10700,Metal Forming Simulation Techniques,2210,Mechanical Engineering,22,Engineering,3,Physical Sciences,88980
T10771,Wound Healing and Treatments,2742,Rehabilitation,27,Medicine,4,Health Sciences,88823
T10992,Forensic Anthropology and Bioarchaeology Studies,1204,Archeology,12,Arts and Humanities,2,Social Sciences,88756
T13222,"Caribbean history, culture, and politics",3316,Cultural Studies,33,Social Sciences,2,Social Sciences,88520
T11660,Blood groups and transfusion,2720,Hematology,27,Medicine,4,Health Sciences,88442
T12852,Chemical Thermodynamics and Molecular Structure,1605,Organic Chemistry,16,Chemistry,3,Physical Sciences,88391
T11549,Synthetic Organic Chemistry Methods,1605,Organic Chemistry,16,Chemistry,3,Physical Sciences,88378
T14018,Agriculture and Biological Studies,1100,General Agricultural and Biological Sciences,11,Agricultural and Biological Sciences,1,Life Sciences,88376
T11065,Insect Pest Control Strategies,1110,Plant Science,11,Agricultural and Biological Sciences,1,Life Sciences,88303
T14337,"Religious, Philosophical, and Educational Studies",3312,Sociology and Political Science,33,Social Sciences,2,Social Sciences,88285
T10904,Embedded Systems Design Techniques,1708,Hardware and Architecture,17,Computer Science,3,Physical Sciences,88254
T10822,Acoustic Wave Phenomena Research,2204,Biomedical Engineering,22,Engineering,3,Physical Sciences,88242
T10877,Allergic Rhinitis and Sensitization,2723,Immunology and Allergy,27,Medicine,4,Health Sciences,88234
T14061,Educational Practices and Policies,3304,Education,33,Social Sciences,2,Social Sciences,88190
T11247,Plant nutrient uptake and metabolism,1110,Plant Science,11,Agricultural and Biological Sciences,1,Life Sciences,88189
T11673,Advanced Topics in Algebra,2602,Algebra and Number Theory,26,Mathematics,3,Physical Sciences,88109
T13135,"Communism, Protests, Social Movements",3312,Sociology and Political Science,33,Social Sciences,2,Social Sciences,88100
T10588,Mathematical Dynamics and Fractals,2610,Mathematical Physics,26,Mathematics,3,Physical Sciences,88087
T14378,Entomological Studies and Ecology,1105,"Ecology, Evolution, Behavior and Systematics",11,Agricultural and Biological Sciences,1,Life Sciences,88076
T14193,Literature and Cultural Memory,1208,Literature and Literary Theory,12,Arts and Humanities,2,Social Sciences,88031
T10641,Central Venous Catheters and Hemodialysis,3604,Emergency Medical Services,36,Health Professions,4,Health Sciences,88023
T11112,Viral Infections and Immunology Research,2705,Cardiology and Cardiovascular Medicine,27,Medicine,4,Health Sciences,87950
T10063,Nanoparticle-Based Drug Delivery,2502,Biomaterials,25,Materials Science,3,Physical Sciences,87933
T11047,Gender Diversity and Inequality,3318,Gender Studies,33,Social Sciences,2,Social Sciences,87922
T12480,Health and Wellbeing Research,3600,General Health Professions,36,Health Professions,4,Health Sciences,87854
T12132,Hymenoptera taxonomy and phylogeny,1105,"Ecology, Evolution, Behavior and Systematics",11,Agricultural and Biological Sciences,1,Life Sciences,87849
T10344,Management and Organizational Studies,1407,Organizational Behavior and Human Resource Management,14,"Business, Management and Accounting",2,Social Sciences,87847
T10420,Intracranial Aneurysms: Treatment and Complications,2728,Neurology,27,Medicine,4,Health Sciences,87819
T10921,Neutrino Physics Research,3106,Nuclear and High Energy Physics,31,Physics and Astronomy,3,Physical Sciences,87730
T14462,Educational Methods and Impacts,3304,Education,33,Social Sciences,2,Social Sciences,87660
T13113,Engineering Technology and Methodologies,2209,Industrial and Manufacturing Engineering,22,Engineering,3,Physical Sciences,87620
T11459,Arctic and Antarctic ice dynamics,1902,Atmospheric Science,19,Earth and Planetary Sciences,3,Physical Sciences,87612
T10882,Cardiomyopathy and Myosin Studies,2705,Cardiology and Cardiovascular Medicine,27,Medicine,4,Health Sciences,87545
T13134,Latin American Literature Studies,3316,Cultural Studies,33,Social Sciences,2,Social Sciences,87430
T13745,Media and Digital Communication,1705,Computer Networks and Communications,17,Computer Science,3,Physical Sciences,87310
T13447,Educational and Psychological Assessments,3204,Developmental and Educational Psychology,32,Psychology,2,Social Sciences,87295
T10919,Neurological disorders and treatments,2728,Neurology,27,Medicine,4,Health Sciences,87200
T12770,Amino Acid Enzymes and Metabolism,1303,Biochemistry,13,"Biochemistry, Genetics and Molecular Biology",1,Life Sciences,87196
T13269,Orthoptera Research and Taxonomy,1105,"Ecology, Evolution, Behavior and Systematics",11,Agricultural and Biological Sciences,1,Life Sciences,87189
T10275,2D Materials and Applications,2505,Materials Chemistry,25,Materials Science,3,Physical Sciences,87184
T12206,Vibration and Dynamic Analysis,2207,Control and Systems Engineering,22,Engineering,3,Physical Sciences,87154
T10452,Iron Metabolism and Disorders,2720,Hematology,27,Medicine,4,Health Sciences,87134
T10799,Data Visualization and Analytics,1707,Computer Vision and Pattern Recognition,17,Computer Science,3,Physical Sciences,87069
T14257,Advanced Measurement and Detection Methods,2208,Electrical and Electronic Engineering,22,Engineering,3,Physical Sciences,87036
T10583,Cancer-related Molecular Pathways,2730,Oncology,27,Medicine,4,Health Sciences,87016
T10671,Gastroesophageal reflux and treatments,2715,Gastroenterology,27,Medicine,4,Health Sciences,86986
T12872,Philippine History and Culture,3314,Anthropology,33,Social Sciences,2,Social Sciences,86985
T10136,Statistical Methods and Inference,2613,Statistics and Probability,26,Mathematics,3,Physical Sciences,86836
T11135,Virology and Viral Diseases,2713,Epidemiology,27,Medicine,4,Health Sciences,86831
T11942,Transportation and Mobility Innovations,2203,Automotive Engineering,22,Engineering,3,Physical Sciences,86822
T13327,"Arts, Culture, and Music Studies",3316,Cultural Studies,33,Social Sciences,2,Social Sciences,86582
T11353,Venomous Animal Envenomation and Studies,1311,Genetics,13,"Biochemistry, Genetics and Molecular Biology",1,Life Sciences,86566
T10221,Composite Structure Analysis and Optimization,2211,Mechanics of Materials,22,Engineering,3,Physical Sciences,86558
T13270,QR Code Applications and Technologies,1710,Information Systems,17,Computer Science,3,Physical Sciences,86487
T11740,Geochemistry and Elemental Analysis,1906,Geochemistry and Petrology,19,Earth and Planetary Sciences,3,Physical Sciences,86444
T11375,Geotechnical Engineering and Soil Stabilization,2205,Civil and Structural Engineering,22,Engineering,3,Physical Sciences,86441
T11510,Reproductive System and Pregnancy,2403,Immunology,24,Immunology and Microbiology,1,Life Sciences,86356
T11995,"FinTech, Crowdfunding, Digital Finance",1404,Management Information Systems,14,"Business, Management and Accounting",2,Social Sciences,86310
T10416,Traumatic Brain Injury Research,2713,Epidemiology,27,Medicine,4,Health Sciences,86228
T13364,"Digitalization, Law, and Regulation",3308,Law,33,Social Sciences,2,Social Sciences,86191
T10176,Mesenchymal stem cell research,2716,Genetics,27,Medicine,4,Health Sciences,86148
T11379,Rheology and Fluid Dynamics Studies,1507,Fluid Flow and Transfer Processes,15,Chemical Engineering,3,Physical Sciences,86051
T10985,Sleep and Wakefulness Research,2805,Cognitive Neuroscience,28,Neuroscience,1,Life Sciences,86045
T10375,Pharmacogenetics and Drug Metabolism,3004,Pharmacology,30,"Pharmacology, Toxicology and Pharmaceutics",1,Life Sciences,86032
T10125,Advanced Wireless Communication Techniques,2208,Electrical and Electronic Engineering,22,Engineering,3,Physical Sciences,86031
T11209,Cardiovascular and exercise physiology,2707,Complementary and alternative medicine,27,Medicine,4,Health Sciences,86029
T12667,Economic and Technological Developments in Russia,3303,Development,33,Social Sciences,2,Social Sciences,86005
T10558,Advancements in Semiconductor Devices and Circuit Design,2208,Electrical and Electronic Engineering,22,Engineering,3,Physical Sciences,85948
T11090,Dark Matter and Cosmic Phenomena,3106,Nuclear and High Energy Physics,31,Physics and Astronomy,3,Physical Sciences,85943
T11295,Counseling Practices and Supervision,3207,Social Psychology,32,Psychology,2,Social Sciences,85873
T10336,Cancer Cells and Metastasis,2730,Oncology,27,Medicine,4,Health Sciences,85775
T13174,American and British Literature Analysis,1208,Literature and Literary Theory,12,Arts and Humanities,2,Social Sciences,85747
T10447,Environmental Toxicology and Ecotoxicology,2307,"Health, Toxicology and Mutagenesis",23,Environmental Science,3,Physical Sciences,85736
T10834,Welding Techniques and Residual Stresses,2210,Mechanical Engineering,22,Engineering,3,Physical Sciences,85723
T10600,Reproductive Health and Contraception,2739,"Public Health, Environmental and Occupational Health",27,Medicine,4,Health Sciences,85688
T10935,Endometriosis Research and Treatment,2743,Reproductive Medicine,27,Medicine,4,Health Sciences,85656
T10304,Geometric and Algebraic Topology,2608,Geometry and Topology,26,Mathematics,3,Physical Sciences,85569
T11028,Social Work Education and Practice,3321,Public Administration,33,Social Sciences,2,Social Sciences,85554
T10562,Total Knee Arthroplasty Outcomes,2746,Surgery,27,Medicine,4,Health Sciences,85527
T10352,Physical Activity and Health,2737,Physiology,27,Medicine,4,Health Sciences,85519
T11460,Analytical Methods in Pharmaceuticals,1602,Analytical Chemistry,16,Chemistry,3,Physical Sciences,85501
T10321,Quantum Dots Synthesis And Properties,2505,Materials Chemistry,25,Materials Science,3,Physical Sciences,85498
T11541,Neuroendocrine regulation and behavior,3207,Social Psychology,32,Psychology,2,Social Sciences,85383
T12842,"Youth, Drugs, and Violence",3317,Demography,33,Social Sciences,2,Social Sciences,85370
T10519,Advanced Proteomics Techniques and Applications,1607,Spectroscopy,16,Chemistry,3,Physical Sciences,85356
T10949,Genetic Neurodegenerative Diseases,2804,Cellular and Molecular Neuroscience,28,Neuroscience,1,Life Sciences,85322
T12652,International Maritime Law Issues,2308,"Management, Monitoring, Policy and Law",23,Environmental Science,3,Physical Sciences,85302
T11075,Insect Resistance and Genetics,1312,Molecular Biology,13,"Biochemistry, Genetics and Molecular Biology",1,Life Sciences,85298
T10045,Organic Electronics and Photovoltaics,2208,Electrical and Electronic Engineering,22,Engineering,3,Physical Sciences,85191
T11223,Maritime Ports and Logistics,2209,Industrial and Manufacturing Engineering,22,Engineering,3,Physical Sciences,85164
T12171,Open Education and E-Learning,1706,Computer Science Applications,17,Computer Science,3,Physical Sciences,85083
T12728,Demographic Trends and Gender Preferences,3318,Gender Studies,33,Social Sciences,2,Social Sciences,85074
T10889,Soil erosion and sediment transport,1111,Soil Science,11,Agricultural and Biological Sciences,1,Life Sciences,85043
T10786,Maternal Mental Health During Pregnancy and Postpartum,2739,"Public Health, Environmental and Occupational Health",27,Medicine,4,Health Sciences,85036
T11663,Viral Infectious Diseases and Gene Expression in Insects,1312,Molecular Biology,13,"Biochemistry, Genetics and Molecular Biology",1,Life Sciences,85030
T13334,South Asian Cinema and Culture,1213,Visual Arts and Performing Arts,12,Arts and Humanities,2,Social Sciences,85008
T10052,Medical Image Segmentation Techniques,1707,Computer Vision and Pattern Recognition,17,Computer Science,3,Physical Sciences,84992
T12043,Insect behavior and control techniques,1109,Insect Science,11,Agricultural and Biological Sciences,1,Life Sciences,84956
T10628,China's Socioeconomic Reforms and Governance,3320,Political Science and International Relations,33,Social Sciences,2,Social Sciences,84941
T11181,Advanced Data Storage Technologies,1705,Computer Networks and Communications,17,Computer Science,3,Physical Sciences,84908
T12147,Urban and Rural Development Challenges,3322,Urban Studies,33,Social Sciences,2,Social Sciences,84862
T11712,Intergenerational Family Dynamics and Caregiving,3312,Sociology and Political Science,33,Social Sciences,2,Social Sciences,84836
T13283,Mental Health Research Topics,3205,Experimental and Cognitive Psychology,32,Psychology,2,Social Sciences,84834
T11129,Photochemistry and Electron Transfer Studies,1606,Physical and Theoretical Chemistry,16,Chemistry,3,Physical Sciences,84831
T10797,Accounting and Organizational Management,1404,Management Information Systems,14,"Business, Management and Accounting",2,Social Sciences,84814
T13123,Advances in Oncology and Radiotherapy,2741,"Radiology, Nuclear Medicine and Imaging",27,Medicine,4,Health Sciences,84775
T10072,Science Education and Pedagogy,3304,Education,33,Social Sciences,2,Social Sciences,84768
T12408,Educational Innovations and Challenges,1710,Information Systems,17,Computer Science,3,Physical Sciences,84584
T10365,Gastrointestinal motility and disorders,2715,Gastroenterology,27,Medicine,4,Health Sciences,84507
T10575,Wireless Communication Networks Research,1705,Computer Networks and Communications,17,Computer Science,3,Physical Sciences,84440
T10475,Psychological Well-being and Life Satisfaction,3207,Social Psychology,32,Psychology,2,Social Sciences,84382
T13169,Consumer Perception and Purchasing Behavior,1406,Marketing,14,"Business, Management and Accounting",2,Social Sciences,84360
T10505,Pluripotent Stem Cells Research,1312,Molecular Biology,13,"Biochemistry, Genetics and Molecular Biology",1,Life Sciences,84344
T10619,Esophageal Cancer Research and Treatment,2746,Surgery,27,Medicine,4,Health Sciences,84256
T10665,Cystic Fibrosis Research Advances,2740,Pulmonary and Respiratory Medicine,27,Medicine,4,Health Sciences,84248
T11291,Intraocular Surgery and Lenses,2731,Ophthalmology,27,Medicine,4,Health Sciences,84169
T13712,Kantian Philosophy and Modern Interpretations,1211,Philosophy,12,Arts and Humanities,2,Social Sciences,84153
T11012,Gas Dynamics and Kinetic Theory,2604,Applied Mathematics,26,Mathematics,3,Physical Sciences,84148
T10323,Analog and Mixed-Signal Circuit Design,2204,Biomedical Engineering,22,Engineering,3,Physical Sciences,84103
T11963,Impact of Light on Environment and Health,2306,Global and Planetary Change,23,Environmental Science,3,Physical Sciences,84070
T11141,Childhood Cancer Survivors' Quality of Life,2735,"Pediatrics, Perinatology and Child Health",27,Medicine,4,Health Sciences,84018
T10863,Voice and Speech Disorders,2737,Physiology,27,Medicine,4,Health Sciences,83941
T11839,Hormonal Regulation and Hypertension,2712,"Endocrinology, Diabetes and Metabolism",27,Medicine,4,Health Sciences,83893
T10729,Electrospun Nanofibers in Biomedical Applications,2502,Biomaterials,25,Materials Science,3,Physical Sciences,83878
T10999,Organ Transplantation Techniques and Outcomes,2746,Surgery,27,Medicine,4,Health Sciences,83874
T12571,Soybean genetics and cultivation,1110,Plant Science,11,Agricultural and Biological Sciences,1,Life Sciences,83783
T12437,"Balkans: History, Politics, Society",3316,Cultural Studies,33,Social Sciences,2,Social Sciences,83774
T12019,Calibration and Measurement Techniques,2202,Aerospace Engineering,22,Engineering,3,Physical Sciences,83733
T12697,Water Quality Monitoring Technologies,2312,Water Science and Technology,23,Environmental Science,3,Physical Sciences,83720
T10272,Mental Health Treatment and Access,3207,Social Psychology,32,Psychology,2,Social Sciences,83649
T11261,Quantum chaos and dynamical systems,3109,Statistical and Nonlinear Physics,31,Physics and Astronomy,3,Physical Sciences,83557
T13417,Biomedical Ethics and Regulation,2737,Physiology,27,Medicine,4,Health Sciences,83498
T10353,Zeolite Catalysis and Synthesis,1604,Inorganic Chemistry,16,Chemistry,3,Physical Sciences,83453
T10446,"Income, Poverty, and Inequality",3312,Sociology and Political Science,33,Social Sciences,2,Social Sciences,83445
T12041,Public Health Policies and Education,3600,General Health Professions,36,Health Professions,4,Health Sciences,83433
T10776,Spinal Fractures and Fixation Techniques,2746,Surgery,27,Medicine,4,Health Sciences,83404
T11560,Animal Disease Management and Epidemiology,1102,Agronomy and Crop Science,11,Agricultural and Biological Sciences,1,Life Sciences,83367
T11635,Poisoning and overdose treatments,2711,Emergency Medicine,27,Medicine,4,Health Sciences,83346
T11309,Music and Audio Processing,1711,Signal Processing,17,Computer Science,3,Physical Sciences,83238
T11185,Integrated Energy Systems Optimization,2208,Electrical and Electronic Engineering,22,Engineering,3,Physical Sciences,83218
T10040,Adaptive Control of Nonlinear Systems,2207,Control and Systems Engineering,22,Engineering,3,Physical Sciences,83198
T10673,Gestational Diabetes Research and Management,2729,Obstetrics and Gynecology,27,Medicine,4,Health Sciences,83190
T10174,Animal Behavior and Reproduction,1105,"Ecology, Evolution, Behavior and Systematics",11,Agricultural and Biological Sciences,1,Life Sciences,83181
T13144,Theology and Philosophy of Evil,1211,Philosophy,12,Arts and Humanities,2,Social Sciences,83153
T10292,Acute Myocardial Infarction Research,2705,Cardiology and Cardiovascular Medicine,27,Medicine,4,Health Sciences,83140
T12190,Innovations in Concrete and Construction Materials,2215,Building and Construction,22,Engineering,3,Physical Sciences,83114
T10675,Mechanical Circulatory Support Devices,2204,Biomedical Engineering,22,Engineering,3,Physical Sciences,83088
T12120,Air Quality Monitoring and Forecasting,2305,Environmental Engineering,23,Environmental Science,3,Physical Sciences,83041
T10672,Design Education and Practice,2210,Mechanical Engineering,22,Engineering,3,Physical Sciences,83037
T11187,Nonlinear Dynamics and Pattern Formation,1705,Computer Networks and Communications,17,Computer Science,3,Physical Sciences,82994
T10538,Data Mining Algorithms and Applications,1710,Information Systems,17,Computer Science,3,Physical Sciences,82875
T13200,Spacecraft and Cryogenic Technologies,2202,Aerospace Engineering,22,Engineering,3,Physical Sciences,82848
T11190,3D Printing in Biomedical Research,2204,Biomedical Engineering,22,Engineering,3,Physical Sciences,82832
T13035,Human Rights and Development,3312,Sociology and Political Science,33,Social Sciences,2,Social Sciences,82795
T11491,CAR-T cell therapy research,2730,Oncology,27,Medicine,4,Health Sciences,82759
T13887,Augustinian Studies and Theology,1211,Philosophy,12,Arts and Humanities,2,Social Sciences,82752
T11266,Neuroinflammation and Neurodegeneration Mechanisms,2808,Neurology,28,Neuroscience,1,Life Sciences,82701
T10563,Corneal surgery and disorders,2741,"Radiology, Nuclear Medicine and Imaging",27,Medicine,4,Health Sciences,82635
T10115,Corporate Social Responsibility Reporting,1408,Strategy and Management,14,"Business, Management and Accounting",2,Social Sciences,82607
T10896,Homotopy and Cohomology in Algebraic Topology,2610,Mathematical Physics,26,Mathematics,3,Physical Sciences,82565
T10870,Interstitial Lung Diseases and Idiopathic Pulmonary Fibrosis,2740,Pulmonary and Respiratory Medicine,27,Medicine,4,Health Sciences,82552
T11097,Cerebral Palsy and Movement Disorders,2738,Psychiatry and Mental health,27,Medicine,4,Health Sciences,82490
T13558,"Philosophy, Science, and History",1207,History and Philosophy of Science,12,Arts and Humanities,2,Social Sciences,82459
T10465,Neurobiology of Language and Bilingualism,2805,Cognitive Neuroscience,28,Neuroscience,1,Life Sciences,82457
T10574,Crime Patterns and Interventions,3312,Sociology and Political Science,33,Social Sciences,2,Social Sciences,82449
T11399,Muscle metabolism and nutrition,1307,Cell Biology,13,"Biochemistry, Genetics and Molecular Biology",1,Life Sciences,82436
T10556,Global Cancer Incidence and Screening,2730,Oncology,27,Medicine,4,Health Sciences,82435
T12379,Cancer Diagnosis and Treatment,2730,Oncology,27,Medicine,4,Health Sciences,82421
T10943,Escherichia coli research studies,1310,Endocrinology,13,"Biochemistry, Genetics and Molecular Biology",1,Life Sciences,82383
T11227,Diabetic Foot Ulcer Assessment and Management,2712,"Endocrinology, Diabetes and Metabolism",27,Medicine,4,Health Sciences,82376
T10668,Endometrial and Cervical Cancer Treatments,2729,Obstetrics and Gynecology,27,Medicine,4,Health Sciences,82284
T11456,Neuroscience of respiration and sleep,2807,Endocrine and Autonomic Systems,28,Neuroscience,1,Life Sciences,82220
T13006,Spanish History and Politics,1202,History,12,Arts and Humanities,2,Social Sciences,82217
T14342,"Military, Security, and Education Studies",3312,Sociology and Political Science,33,Social Sciences,2,Social Sciences,82176
T12060,Child Development and Digital Technology,3304,Education,33,Social Sciences,2,Social Sciences,82152
T10331,Video Surveillance and Tracking Methods,1707,Computer Vision and Pattern Recognition,17,Computer Science,3,Physical Sciences,82145
T10841,Economic and Environmental Valuation,2002,Economics and Econometrics,20,"Economics, Econometrics and Finance",2,Social Sciences,82128
T11088,Marine Bivalve and Aquaculture Studies,2306,Global and Planetary Change,23,Environmental Science,3,Physical Sciences,82124
T10607,Magnetic and transport properties of perovskites and related materials,2504,"Electronic, Optical and Magnetic Materials",25,Materials Science,3,Physical Sciences,82066
T11121,Public Relations and Crisis Communication,3315,Communication,33,Social Sciences,2,Social Sciences,82063
T12180,Polar Research and Ecology,2303,Ecology,23,Environmental Science,3,Physical Sciences,82044
T12496,Color perception and design,3207,Social Psychology,32,Psychology,2,Social Sciences,82009
T14272,Agricultural and Food Production Studies,1106,Food Science,11,Agricultural and Biological Sciences,1,Life Sciences,82001
T14028,Healthcare and Venom Research,2736,Pharmacology,27,Medicine,4,Health Sciences,81961
T11274,Botulinum Toxin and Related Neurological Disorders,2728,Neurology,27,Medicine,4,Health Sciences,81925
T10042,Neural and Behavioral Psychology Studies,2805,Cognitive Neuroscience,28,Neuroscience,1,Life Sciences,81849
T10617,Cellular transport and secretion,1307,Cell Biology,13,"Biochemistry, Genetics and Molecular Biology",1,Life Sciences,81810
T11762,"Law, Economics, and Judicial Systems",2002,Economics and Econometrics,20,"Economics, Econometrics and Finance",2,Social Sciences,81712
T13559,Edcuational Technology Systems,1702,Artificial Intelligence,17,Computer Science,3,Physical Sciences,81676
T10405,Advanced Polymer Synthesis and Characterization,1605,Organic Chemistry,16,Chemistry,3,Physical Sciences,81649
T13245,Samuel Beckett and Modernism,1208,Literature and Literary Theory,12,Arts and Humanities,2,Social Sciences,81558
T12899,Engineering and Technology Innovations,2208,Electrical and Electronic Engineering,22,Engineering,3,Physical Sciences,81515
T10213,Public Policy and Administration Research,3321,Public Administration,33,Social Sciences,2,Social Sciences,81481
T11029,Renal Diseases and Glomerulopathies,2727,Nephrology,27,Medicine,4,Health Sciences,81472
T11189,Transplantation: Methods and Outcomes,2746,Surgery,27,Medicine,4,Health Sciences,81439
T12511,Medieval and Classical Philosophy,1211,Philosophy,12,Arts and Humanities,2,Social Sciences,81394
T10237,Cryptography and Data Security,1702,Artificial Intelligence,17,Computer Science,3,Physical Sciences,81312
T11606,Infrastructure Maintenance and Monitoring,2205,Civil and Structural Engineering,22,Engineering,3,Physical Sciences,81236
T11809,Advanced NMR Techniques and Applications,1607,Spectroscopy,16,Chemistry,3,Physical Sciences,81201
T11495,Animal Virus Infections Studies,1103,Animal Science and Zoology,11,Agricultural and Biological Sciences,1,Life Sciences,81109
T14178,Environmental Science and Water Management,2312,Water Science and Technology,23,Environmental Science,3,Physical Sciences,81103
T10998,Heat Transfer and Optimization,2210,Mechanical Engineering,22,Engineering,3,Physical Sciences,81096
T14493,Criminal Law and Evidence,3308,Law,33,Social Sciences,2,Social Sciences,81096
T13634,Middle East and Rwanda Conflicts,3312,Sociology and Political Science,33,Social Sciences,2,Social Sciences,81090
T10750,Fermentation and Sensory Analysis,1106,Food Science,11,Agricultural and Biological Sciences,1,Life Sciences,81001
T10459,Sexual function and dysfunction studies,2738,Psychiatry and Mental health,27,Medicine,4,Health Sciences,80984
T10383,"Language, Discourse, Communication Strategies",1203,Language and Linguistics,12,Arts and Humanities,2,Social Sciences,80944
T10764,Privacy-Preserving Technologies in Data,1702,Artificial Intelligence,17,Computer Science,3,Physical Sciences,80849
T10862,AI in cancer detection,1702,Artificial Intelligence,17,Computer Science,3,Physical Sciences,80839
T12098,Rural development and sustainability,1100,General Agricultural and Biological Sciences,11,Agricultural and Biological Sciences,1,Life Sciences,80815
T11301,Advanced Surface Polishing Techniques,2204,Biomedical Engineering,22,Engineering,3,Physical Sciences,80744
T12449,Spacecraft Design and Technology,2202,Aerospace Engineering,22,Engineering,3,Physical Sciences,80714
T12545,Global Education and Multiculturalism,3304,Education,33,Social Sciences,2,Social Sciences,80676
T10387,Fatty Acid Research and Health,2916,Nutrition and Dietetics,29,Nursing,4,Health Sciences,80661
T10281,Advanced Battery Materials and Technologies,2208,Electrical and Electronic Engineering,22,Engineering,3,Physical Sciences,80602
T11361,Digital Radiography and Breast Imaging,2740,Pulmonary and Respiratory Medicine,27,Medicine,4,Health Sciences,80534
T11326,Stock Market Forecasting Methods,1803,Management Science and Operations Research,18,Decision Sciences,2,Social Sciences,80494
T11369,Genetic factors in colorectal cancer,2734,Pathology and Forensic Medicine,27,Medicine,4,Health Sciences,80403
T11586,Congenital Diaphragmatic Hernia Studies,2746,Surgery,27,Medicine,4,Health Sciences,80380
T10539,Sustainable Supply Chain Management,1408,Strategy and Management,14,"Business, Management and Accounting",2,Social Sciences,80330
T13136,Community-based Tourism Development and Sustainability,3312,Sociology and Political Science,33,Social Sciences,2,Social Sciences,80213
T11259,Agriculture Sustainability and Environmental Impact,2303,Ecology,23,Environmental Science,3,Physical Sciences,80164
T11343,Power Transformer Diagnostics and Insulation,2208,Electrical and Electronic Engineering,22,Engineering,3,Physical Sciences,80104
T10716,Soil and Unsaturated Flow,2205,Civil and Structural Engineering,22,Engineering,3,Physical Sciences,80057
T10838,Animal Behavior and Welfare Studies,3404,Small Animals,34,Veterinary,4,Health Sciences,79995
T11792,Pharmaceutical Economics and Policy,2002,Economics and Econometrics,20,"Economics, Econometrics and Finance",2,Social Sciences,79982
T11432,Gender Politics and Representation,3318,Gender Studies,33,Social Sciences,2,Social Sciences,79924
T12388,Identification and Quantification in Food,1312,Molecular Biology,13,"Biochemistry, Genetics and Molecular Biology",1,Life Sciences,79870
T11684,Vibrio bacteria research studies,1310,Endocrinology,13,"Biochemistry, Genetics and Molecular Biology",1,Life Sciences,79864
T13882,Research studies in Vietnam,2303,Ecology,23,Environmental Science,3,Physical Sciences,79848
T11446,Mobile Health and mHealth Applications,3600,General Health Professions,36,Health Professions,4,Health Sciences,79746
T10374,Advanced Graph Theory Research,1703,Computational Theory and Mathematics,17,Computer Science,3,Physical Sciences,79735
T10373,Renal Transplantation Outcomes and Treatments,2747,Transplantation,27,Medicine,4,Health Sciences,79716
T11095,Emergency and Acute Care Studies,2711,Emergency Medicine,27,Medicine,4,Health Sciences,79683
T10606,Kidney Stones and Urolithiasis Treatments,2740,Pulmonary and Respiratory Medicine,27,Medicine,4,Health Sciences,79650
T11547,Sesquiterpenes and Asteraceae Studies,1306,Cancer Research,13,"Biochemistry, Genetics and Molecular Biology",1,Life Sciences,79647
T10014,Plant Stress Responses and Tolerance,1110,Plant Science,11,Agricultural and Biological Sciences,1,Life Sciences,79646
T10334,"Hearing, Cochlea, Tinnitus, Genetics",2809,Sensory Systems,28,Neuroscience,1,Life Sciences,79640
T10326,Indoor and Outdoor Localization Technologies,2208,Electrical and Electronic Engineering,22,Engineering,3,Physical Sciences,79630
T10366,Discourse Analysis in Language Studies,1208,Literature and Literary Theory,12,Arts and Humanities,2,Social Sciences,79590
T10481,Computer Graphics and Visualization Techniques,1704,Computer Graphics and Computer-Aided Design,17,Computer Science,3,Physical Sciences,79507
T10350,Electronic Health Records Systems,3605,Health Information Management,36,Health Professions,4,Health Sciences,79498
T10288,Fractional Differential Equations Solutions,2611,Modeling and Simulation,26,Mathematics,3,Physical Sciences,79479
T10339,Advanced Numerical Methods in Computational Mathematics,2206,Computational Mechanics,22,Engineering,3,Physical Sciences,79437
T10846,Photonic Crystal and Fiber Optics,2208,Electrical and Electronic Engineering,22,Engineering,3,Physical Sciences,79364
T10319,"Conservation, Biodiversity, and Resource Management",2306,Global and Planetary Change,23,Environmental Science,3,Physical Sciences,79291
T10412,Microfluidic and Capillary Electrophoresis Applications,2204,Biomedical Engineering,22,Engineering,3,Physical Sciences,79269
T10424,Electric Power System Optimization,2208,Electrical and Electronic Engineering,22,Engineering,3,Physical Sciences,79144
T12073,Isotope Analysis in Ecology,2303,Ecology,23,Environmental Science,3,Physical Sciences,79113
T14197,Historical Studies of Medieval Iberia,1204,Archeology,12,Arts and Humanities,2,Social Sciences,79103
T13392,History of Education in Spain,1202,History,12,Arts and Humanities,2,Social Sciences,79097
T11232,Urinary Tract Infections Management,2713,Epidemiology,27,Medicine,4,Health Sciences,78931
T11176,Radiation Therapy and Dosimetry,2740,Pulmonary and Respiratory Medicine,27,Medicine,4,Health Sciences,78872
T13051,Qualitative Comparative Analysis Research,3312,Sociology and Political Science,33,Social Sciences,2,Social Sciences,78867
T11385,Natural product bioactivities and synthesis,1312,Molecular Biology,13,"Biochemistry, Genetics and Molecular Biology",1,Life Sciences,78846
T10773,Extracellular vesicles in disease,1312,Molecular Biology,13,"Biochemistry, Genetics and Molecular Biology",1,Life Sciences,78800
T12590,STEM Education,3304,Education,33,Social Sciences,2,Social Sciences,78788
T10013,Asymmetric Synthesis and Catalysis,1605,Organic Chemistry,16,Chemistry,3,Physical Sciences,78787
T12817,Pharmacological Effects of Natural Compounds,3004,Pharmacology,30,"Pharmacology, Toxicology and Pharmaceutics",1,Life Sciences,78641
T10533,Teaching and Learning Programming,1706,Computer Science Applications,17,Computer Science,3,Physical Sciences,78639
T10525,Human-Automation Interaction and Safety,3207,Social Psychology,32,Psychology,2,Social Sciences,78562
T10011,"Literature: history, themes, analysis",1208,Literature and Literary Theory,12,Arts and Humanities,2,Social Sciences,78559
T11734,Decision Support System Applications,1404,Management Information Systems,14,"Business, Management and Accounting",2,Social Sciences,78403
T10187,Radio Frequency Integrated Circuit Design,2208,Electrical and Electronic Engineering,22,Engineering,3,Physical Sciences,78361
T10356,Orthodontics and Dentofacial Orthopedics,3505,Orthodontics,35,Dentistry,4,Health Sciences,78307
T10131,Gold and Silver Nanoparticles Synthesis and Applications,2504,"Electronic, Optical and Magnetic Materials",25,Materials Science,3,Physical Sciences,78241
T11041,Ubiquitin and proteasome pathways,1312,Molecular Biology,13,"Biochemistry, Genetics and Molecular Biology",1,Life Sciences,78199
T12257,Bioactive natural compounds,1312,Molecular Biology,13,"Biochemistry, Genetics and Molecular Biology",1,Life Sciences,78195
T13256,Archaeology and Rock Art Studies,3302,Archeology,33,Social Sciences,2,Social Sciences,78064
T10178,Cancer survivorship and care,2730,Oncology,27,Medicine,4,Health Sciences,78058
T13614,Social and Economic Solidarity,3312,Sociology and Political Science,33,Social Sciences,2,Social Sciences,78042
T13002,Southeast Asian Sociopolitical Studies,3320,Political Science and International Relations,33,Social Sciences,2,Social Sciences,77898
T12803,Cinema History and Criticism,1213,Visual Arts and Performing Arts,12,Arts and Humanities,2,Social Sciences,77866
T13844,Higher Education Learning Practices,3304,Education,33,Social Sciences,2,Social Sciences,77866
T12786,Innovation and Socioeconomic Development,1403,Business and International Management,14,"Business, Management and Accounting",2,Social Sciences,77850
T12003,Bioenergy crop production and management,1102,Agronomy and Crop Science,11,Agricultural and Biological Sciences,1,Life Sciences,77813
T11037,Fungal Infections and Studies,2713,Epidemiology,27,Medicine,4,Health Sciences,77803
T10674,School Choice and Performance,3304,Education,33,Social Sciences,2,Social Sciences,77725
T12834,Flowering Plant Growth and Cultivation,1110,Plant Science,11,Agricultural and Biological Sciences,1,Life Sciences,77712
T10905,Solar Thermal and Photovoltaic Systems,2105,"Renewable Energy, Sustainability and the Environment",21,Energy,3,Physical Sciences,77648
T13747,Sociopolitical Dynamics in Russia,3312,Sociology and Political Science,33,Social Sciences,2,Social Sciences,77642
T11838,"Crime, Illicit Activities, and Governance",3312,Sociology and Political Science,33,Social Sciences,2,Social Sciences,77612
T11334,Psychosomatic Disorders and Their Treatments,2738,Psychiatry and Mental health,27,Medicine,4,Health Sciences,77609
T10053,International Relations and Foreign Policy,3320,Political Science and International Relations,33,Social Sciences,2,Social Sciences,77605
T11083,Cardiac Health and Mental Health,2705,Cardiology and Cardiovascular Medicine,27,Medicine,4,Health Sciences,77583
T10455,Foot and Ankle Surgery,2732,Orthopedics and Sports Medicine,27,Medicine,4,Health Sciences,77567
T12956,Asian Geopolitics and Ethnography,3320,Political Science and International Relations,33,Social Sciences,2,Social Sciences,77523
T11222,Magnetic Properties and Applications,2504,"Electronic, Optical and Magnetic Materials",25,Materials Science,3,Physical Sciences,77507
T10746,Platelet Disorders and Treatments,2720,Hematology,27,Medicine,4,Health Sciences,77460
T13374,Hematological disorders and diagnostics,2711,Emergency Medicine,27,Medicine,4,Health Sciences,77457
T12005,Spaceflight effects on biology,2737,Physiology,27,Medicine,4,Health Sciences,77421
T11381,Infectious Diseases and Tuberculosis,2746,Surgery,27,Medicine,4,Health Sciences,77381
T10422,Angiogenesis and VEGF in Cancer,1312,Molecular Biology,13,"Biochemistry, Genetics and Molecular Biology",1,Life Sciences,77377
T10114,"Balance, Gait, and Falls Prevention",3612,"Physical Therapy, Sports Therapy and Rehabilitation",36,Health Professions,4,Health Sciences,77212
T10824,Image Retrieval and Classification Techniques,1707,Computer Vision and Pattern Recognition,17,Computer Science,3,Physical Sciences,77150
T12501,Digital Economy and Work Transformation,3312,Sociology and Political Science,33,Social Sciences,2,Social Sciences,77147
T11163,Organ Donation and Transplantation,2739,"Public Health, Environmental and Occupational Health",27,Medicine,4,Health Sciences,77122
T10623,Thin-Film Transistor Technologies,2208,Electrical and Electronic Engineering,22,Engineering,3,Physical Sciences,77076
T10975,Bone Tumor Diagnosis and Treatments,2745,Rheumatology,27,Medicine,4,Health Sciences,77043
T13106,"Neuroscience, Education and Cognitive Function",2805,Cognitive Neuroscience,28,Neuroscience,1,Life Sciences,77022
T14437,Ethics and Legal Issues in Pediatric Healthcare,2735,"Pediatrics, Perinatology and Child Health",27,Medicine,4,Health Sciences,76963
T14357,"Architecture, Design, and Social History",1206,Conservation,12,Arts and Humanities,2,Social Sciences,76961
T12847,Healthcare Systems and Challenges,3600,General Health Professions,36,Health Professions,4,Health Sciences,76954
T10648,Virtual Reality Applications and Impacts,1709,Human-Computer Interaction,17,Computer Science,3,Physical Sciences,76917
T10046,Stability and Control of Uncertain Systems,2207,Control and Systems Engineering,22,Engineering,3,Physical Sciences,76902
T11396,Artificial Intelligence in Healthcare,3605,Health Information Management,36,Health Professions,4,Health Sciences,76720
T11854,Laser-induced spectroscopy and plasma,2211,Mechanics of Materials,22,Engineering,3,Physical Sciences,76718
T14334,HIV/AIDS Impact and Responses,2002,Economics and Econometrics,20,"Economics, Econometrics and Finance",2,Social Sciences,76703
T11764,Evolution and Genetic Dynamics,1311,Genetics,13,"Biochemistry, Genetics and Molecular Biology",1,Life Sciences,76652
T13946,Musculoskeletal Disorders and Rehabilitation,2742,Rehabilitation,27,Medicine,4,Health Sciences,76528
T14052,Galician and Iberian cultural studies,3305,"Geography, Planning and Development",33,Social Sciences,2,Social Sciences,76527
T13564,Education and Public Policy,3320,Political Science and International Relations,33,Social Sciences,2,Social Sciences,76503
T10802,Judicial and Constitutional Studies,3308,Law,33,Social Sciences,2,Social Sciences,76481
T13120,Nuclear Issues and Defense,3320,Political Science and International Relations,33,Social Sciences,2,Social Sciences,76434
T10345,Hematopoietic Stem Cell Transplantation,2720,Hematology,27,Medicine,4,Health Sciences,76412
T14444,Power Systems and Renewable Energy,2102,Energy Engineering and Power Technology,21,Energy,3,Physical Sciences,76399
T11174,Pediatric Urology and Nephrology Studies,2735,"Pediatrics, Perinatology and Child Health",27,Medicine,4,Health Sciences,76368
T11727,Advanced Algebra and Logic,1703,Computational Theory and Mathematics,17,Computer Science,3,Physical Sciences,76305
T11288,Clostridium difficile and Clostridium perfringens research,2725,Infectious Diseases,27,Medicine,4,Health Sciences,76293
T12701,Biological Control of Invasive Species,1109,Insect Science,11,Agricultural and Biological Sciences,1,Life Sciences,76288
T10897,Antibiotic Use and Resistance,2402,Applied Microbiology and Biotechnology,24,Immunology and Microbiology,1,Life Sciences,76280
T12124,Engineering Education and Curriculum Development,2214,Media Technology,22,Engineering,3,Physical Sciences,76277
T10297,Philosophical Ethics and Theory,1211,Philosophy,12,Arts and Humanities,2,Social Sciences,76185
T11324,Spectroscopy Techniques in Biomedical and Chemical Research,1304,Biophysics,13,"Biochemistry, Genetics and Molecular Biology",1,Life Sciences,76099
T11281,Asymmetric Hydrogenation and Catalysis,1604,Inorganic Chemistry,16,Chemistry,3,Physical Sciences,76051
T10984,Sinusitis and nasal conditions,2733,Otorhinolaryngology,27,Medicine,4,Health Sciences,75943
T11226,Milk Quality and Mastitis in Dairy Cows,1102,Agronomy and Crop Science,11,Agricultural and Biological Sciences,1,Life Sciences,75888
T13388,Rangeland and Wildlife Management,2303,Ecology,23,Environmental Science,3,Physical Sciences,75882
T10467,Psychometric Methodologies and Testing,1803,Management Science and Operations Research,18,Decision Sciences,2,Social Sciences,75867
T10138,Network Traffic and Congestion Control,1705,Computer Networks and Communications,17,Computer Science,3,Physical Sciences,75842
T10313,Surface Modification and Superhydrophobicity,2508,"Surfaces, Coatings and Films",25,Materials Science,3,Physical Sciences,75693
T10779,Coastal wetland ecosystem dynamics,2303,Ecology,23,Environmental Science,3,Physical Sciences,75656
T10057,Face and Expression Recognition,1707,Computer Vision and Pattern Recognition,17,Computer Science,3,Physical Sciences,75557
T12445,Twentieth Century Scientific Developments,1207,History and Philosophy of Science,12,Arts and Humanities,2,Social Sciences,75539
T10246,Mobile Ad Hoc Networks,1705,Computer Networks and Communications,17,Computer Science,3,Physical Sciences,75521
T11783,Turkey's Politics and Society,3320,Political Science and International Relations,33,Social Sciences,2,Social Sciences,75519
T12465,"Cancer, Lipids, and Metabolism",1306,Cancer Research,13,"Biochemistry, Genetics and Molecular Biology",1,Life Sciences,75494
T11356,Pleural and Pulmonary Diseases,2740,Pulmonary and Respiratory Medicine,27,Medicine,4,Health Sciences,75477
T12897,Structural Analysis of Composite Materials,2210,Mechanical Engineering,22,Engineering,3,Physical Sciences,75469
T14372,Environmental and Biological Research in Conflict Zones,2308,"Management, Monitoring, Policy and Law",23,Environmental Science,3,Physical Sciences,75469
T12993,Psychology of Development and Education,3204,Developmental and Educational Psychology,32,Psychology,2,Social Sciences,75462
T10513,Natural Fiber Reinforced Composites,2507,Polymers and Plastics,25,Materials Science,3,Physical Sciences,75461
T11026,Occupational and environmental lung diseases,2740,Pulmonary and Respiratory Medicine,27,Medicine,4,Health Sciences,75435
T12843,Human Resource and Talent Management,1407,Organizational Behavior and Human Resource Management,14,"Business, Management and Accounting",2,Social Sciences,75431
T10367,Agricultural Innovations and Practices,1100,General Agricultural and Biological Sciences,11,Agricultural and Biological Sciences,1,Life Sciences,75428
T10361,Silicon Carbide Semiconductor Technologies,2208,Electrical and Electronic Engineering,22,Engineering,3,Physical Sciences,75372
T13595,Archaeology and Cultural Heritage,3316,Cultural Studies,33,Social Sciences,2,Social Sciences,75369
T10389,Polymer crystallization and properties,2507,Polymers and Plastics,25,Materials Science,3,Physical Sciences,75354
T12585,North African History and Literature,1202,History,12,Arts and Humanities,2,Social Sciences,75349
T11370,Mobile Learning in Education,1710,Information Systems,17,Computer Science,3,Physical Sciences,75256
T11512,Anomaly Detection Techniques and Applications,1702,Artificial Intelligence,17,Computer Science,3,Physical Sciences,75154
T11374,Cleft Lip and Palate Research,1311,Genetics,13,"Biochemistry, Genetics and Molecular Biology",1,Life Sciences,75139
T11700,Hemodynamic Monitoring and Therapy,2746,Surgery,27,Medicine,4,Health Sciences,75114
T11043,Merger and Competition Analysis,2002,Economics and Econometrics,20,"Economics, Econometrics and Finance",2,Social Sciences,75042
T11010,"Logic, Reasoning, and Knowledge",1702,Artificial Intelligence,17,Computer Science,3,Physical Sciences,75023
T10928,Probabilistic and Robust Engineering Design,1804,"Statistics, Probability and Uncertainty",18,Decision Sciences,2,Social Sciences,74993
T11420,Geographies of human-animal interactions,3305,"Geography, Planning and Development",33,Social Sciences,2,Social Sciences,74734
T11540,"Gender, Feminism, and Media",3318,Gender Studies,33,Social Sciences,2,Social Sciences,74731
T11587,Second Language Acquisition and Learning,3204,Developmental and Educational Psychology,32,Psychology,2,Social Sciences,74724
T10888,Augmented Reality Applications,1707,Computer Vision and Pattern Recognition,17,Computer Science,3,Physical Sciences,74721
T12427,Metal Alloys Wear and Properties,2505,Materials Chemistry,25,Materials Science,3,Physical Sciences,74717
T10489,Regulation of Appetite and Obesity,2807,Endocrine and Autonomic Systems,28,Neuroscience,1,Life Sciences,74603
T11035,Salivary Gland Tumors Diagnosis and Treatment,2746,Surgery,27,Medicine,4,Health Sciences,74564
T12572,"Intelligence, Security, War Strategy",3320,Political Science and International Relations,33,Social Sciences,2,Social Sciences,74552
T10532,Molecular Sensors and Ion Detection,1607,Spectroscopy,16,Chemistry,3,Physical Sciences,74546
T13491,Social and Political Issues,3312,Sociology and Political Science,33,Social Sciences,2,Social Sciences,74519
T13421,"Contemporary art, education, critique",3316,Cultural Studies,33,Social Sciences,2,Social Sciences,74473
T11903,Private Equity and Venture Capital,1402,Accounting,14,"Business, Management and Accounting",2,Social Sciences,74472
T12202,nanoparticles nucleation surface interactions,1902,Atmospheric Science,19,Earth and Planetary Sciences,3,Physical Sciences,74457
T12166,Ion-surface interactions and analysis,2206,Computational Mechanics,22,Engineering,3,Physical Sciences,74449
T12617,"Energy, Environment, and Transportation Policies",2105,"Renewable Energy, Sustainability and the Environment",21,Energy,3,Physical Sciences,74426
T13519,Historical Architecture and Urbanism,1202,History,12,Arts and Humanities,2,Social Sciences,74355
T11333,Climate change and permafrost,1902,Atmospheric Science,19,Earth and Planetary Sciences,3,Physical Sciences,74346
T14169,Public Health and Environmental Issues,2307,"Health, Toxicology and Mutagenesis",23,Environmental Science,3,Physical Sciences,74279
T12013,Sustainable Development and Environmental Policy,2308,"Management, Monitoring, Policy and Law",23,Environmental Science,3,Physical Sciences,74245
T12156,World Trade Organization Law,3320,Political Science and International Relations,33,Social Sciences,2,Social Sciences,74148
T10620,Protease and Inhibitor Mechanisms,1306,Cancer Research,13,"Biochemistry, Genetics and Molecular Biology",1,Life Sciences,74135
T14401,"Technology, Environment, Urban Planning",1211,Philosophy,12,Arts and Humanities,2,Social Sciences,74131
T10730,Language Development and Disorders,3204,Developmental and Educational Psychology,32,Psychology,2,Social Sciences,74107
T10448,Memory and Neural Mechanisms,2805,Cognitive Neuroscience,28,Neuroscience,1,Life Sciences,74048
T12657,Phytochemistry Medicinal Plant Applications,1110,Plant Science,11,Agricultural and Biological Sciences,1,Life Sciences,73998
T10161,Rock Mechanics and Modeling,2211,Mechanics of Materials,22,Engineering,3,Physical Sciences,73938
T10501,Polymer Nanocomposites and Properties,2507,Polymers and Plastics,25,Materials Science,3,Physical Sciences,73915
T11160,Acoustic Wave Resonator Technologies,2204,Biomedical Engineering,22,Engineering,3,Physical Sciences,73883
T13435,Animal and Plant Science Education,3207,Social Psychology,32,Psychology,2,Social Sciences,73825
T10843,Diversity and Career in Medicine,3318,Gender Studies,33,Social Sciences,2,Social Sciences,73822
T10528,"Adipokines, Inflammation, and Metabolic Diseases",2713,Epidemiology,27,Medicine,4,Health Sciences,73815
T14157,Environmental and Agricultural Sciences,2312,Water Science and Technology,23,Environmental Science,3,Physical Sciences,73787
T10381,Ophthalmology and Visual Impairment Studies,2713,Epidemiology,27,Medicine,4,Health Sciences,73774
T10435,Environmental Impact and Sustainability,2305,Environmental Engineering,23,Environmental Science,3,Physical Sciences,73719
T11279,Lanthanide and Transition Metal Complexes,2505,Materials Chemistry,25,Materials Science,3,Physical Sciences,73711
T10354,Catalytic C–H Functionalization Methods,1605,Organic Chemistry,16,Chemistry,3,Physical Sciences,73710
T11235,Statistical Methods in Clinical Trials,2613,Statistics and Probability,26,Mathematics,3,Physical Sciences,73709
T10348,"Indigenous Health, Education, and Rights",3306,Health,33,Social Sciences,2,Social Sciences,73683
T11344,Traffic Prediction and Management Techniques,2215,Building and Construction,22,Engineering,3,Physical Sciences,73669
T11975,Evolutionary Algorithms and Applications,1702,Artificial Intelligence,17,Computer Science,3,Physical Sciences,73661
T10997,Ocular Surface and Contact Lens,2739,"Public Health, Environmental and Occupational Health",27,Medicine,4,Health Sciences,73445
T11401,Minerals Flotation and Separation Techniques,2312,Water Science and Technology,23,Environmental Science,3,Physical Sciences,73435
T13691,"Energy, Environment, Agriculture Analysis",2105,"Renewable Energy, Sustainability and the Environment",21,Energy,3,Physical Sciences,73405
T12500,Reflective Practices in Education,3304,Education,33,Social Sciences,2,Social Sciences,73397
T13118,Psychological Treatments and Disorders,3203,Clinical Psychology,32,Psychology,2,Social Sciences,73386
T12358,Thermal and Kinetic Analysis,2505,Materials Chemistry,25,Materials Science,3,Physical Sciences,73348
T12241,Children's Physical and Motor Development,3204,Developmental and Educational Psychology,32,Psychology,2,Social Sciences,73343
T13516,Publishing and Scholarly Communication,1207,History and Philosophy of Science,12,Arts and Humanities,2,Social Sciences,73340
T12236,Photoreceptor and optogenetics research,2804,Cellular and Molecular Neuroscience,28,Neuroscience,1,Life Sciences,73319
T12381,Electron Spin Resonance Studies,1304,Biophysics,13,"Biochemistry, Genetics and Molecular Biology",1,Life Sciences,73281
T11888,Gender Roles and Identity Studies,3318,Gender Studies,33,Social Sciences,2,Social Sciences,73165
T14020,Medical research and treatments,2746,Surgery,27,Medicine,4,Health Sciences,73153
T10379,Cellular Mechanics and Interactions,1307,Cell Biology,13,"Biochemistry, Genetics and Molecular Biology",1,Life Sciences,73104
T11213,Genomic variations and chromosomal abnormalities,1311,Genetics,13,"Biochemistry, Genetics and Molecular Biology",1,Life Sciences,73084
T11601,Neuroscience and Neural Engineering,2804,Cellular and Molecular Neuroscience,28,Neuroscience,1,Life Sciences,73066
T12169,Non-Destructive Testing Techniques,2210,Mechanical Engineering,22,Engineering,3,Physical Sciences,73052
T12361,Study of Mite Species,1105,"Ecology, Evolution, Behavior and Systematics",11,Agricultural and Biological Sciences,1,Life Sciences,73029
T11311,Soil and Water Nutrient Dynamics,2304,Environmental Chemistry,23,Environmental Science,3,Physical Sciences,73006
T10697,Vasculitis and related conditions,2740,Pulmonary and Respiratory Medicine,27,Medicine,4,Health Sciences,72951
T12492,Zoonotic diseases and public health,2739,"Public Health, Environmental and Occupational Health",27,Medicine,4,Health Sciences,72932
T10204,Microstructure and mechanical properties,2505,Materials Chemistry,25,Materials Science,3,Physical Sciences,72917
T10692,Urban Green Space and Health,2307,"Health, Toxicology and Mutagenesis",23,Environmental Science,3,Physical Sciences,72792
T10708,Mindfulness and Compassion Interventions,3203,Clinical Psychology,32,Psychology,2,Social Sciences,72791
T12640,Environmental DNA in Biodiversity Studies,2303,Ecology,23,Environmental Science,3,Physical Sciences,72779
T10961,Hernia repair and management,2746,Surgery,27,Medicine,4,Health Sciences,72669
T11371,Wind and Air Flow Studies,2305,Environmental Engineering,23,Environmental Science,3,Physical Sciences,72651
T14208,"Death, Funerary Practices, and Mourning",3314,Anthropology,33,Social Sciences,2,Social Sciences,72621
T12840,Renal function and acid-base balance,2727,Nephrology,27,Medicine,4,Health Sciences,72596
T13913,Blockchain Technology in Education and Learning,1710,Information Systems,17,Computer Science,3,Physical Sciences,72593
T11787,Oral and Maxillofacial Pathology,3504,Oral Surgery,35,Dentistry,4,Health Sciences,72572
T10469,Psoriasis: Treatment and Pathogenesis,2403,Immunology,24,Immunology and Microbiology,1,Life Sciences,72511
T13539,thermodynamics and calorimetric analyses,1606,Physical and Theoretical Chemistry,16,Chemistry,3,Physical Sciences,72496
T11269,Algorithms and Data Compression,1702,Artificial Intelligence,17,Computer Science,3,Physical Sciences,72467
T11184,Neonatal and fetal brain pathology,2735,"Pediatrics, Perinatology and Child Health",27,Medicine,4,Health Sciences,72440
T10721,Surfactants and Colloidal Systems,1605,Organic Chemistry,16,Chemistry,3,Physical Sciences,72416
T14446,Civil and Geotechnical Engineering Research,2200,General Engineering,22,Engineering,3,Physical Sciences,72340
T11979,Garlic and Onion Studies,1110,Plant Science,11,Agricultural and Biological Sciences,1,Life Sciences,72320
T10468,Photovoltaic System Optimization Techniques,2105,"Renewable Energy, Sustainability and the Environment",21,Energy,3,Physical Sciences,72252
T10738,Posthumanist Ethics and Activism,3316,Cultural Studies,33,Social Sciences,2,Social Sciences,72235
T10445,Antioxidant Activity and Oxidative Stress,2704,Biochemistry,27,Medicine,4,Health Sciences,72231
T11875,Statistics Education and Methodologies,2613,Statistics and Probability,26,Mathematics,3,Physical Sciences,72211
T10388,Advanced Steganography and Watermarking Techniques,1707,Computer Vision and Pattern Recognition,17,Computer Science,3,Physical Sciences,72195
T11465,Drug-Induced Hepatotoxicity and Protection,3004,Pharmacology,30,"Pharmacology, Toxicology and Pharmaceutics",1,Life Sciences,72137
T14176,Interdisciplinary Cultural and Social Studies,3312,Sociology and Political Science,33,Social Sciences,2,Social Sciences,72110
T10722,Work-Family Balance Challenges,3312,Sociology and Political Science,33,Social Sciences,2,Social Sciences,72090
T11853,Semiconductor materials and interfaces,3107,"Atomic and Molecular Physics, and Optics",31,Physics and Astronomy,3,Physical Sciences,72083
T10680,Wind Energy Research and Development,2202,Aerospace Engineering,22,Engineering,3,Physical Sciences,72023
T10655,GNSS positioning and interference,2202,Aerospace Engineering,22,Engineering,3,Physical Sciences,72008
T11108,Municipal Solid Waste Management,2311,Industrial and Manufacturing Engineering,23,Environmental Science,3,Physical Sciences,71991
T10705,Additive Manufacturing Materials and Processes,2210,Mechanical Engineering,22,Engineering,3,Physical Sciences,71984
T10100,Metaheuristic Optimization Algorithms Research,1702,Artificial Intelligence,17,Computer Science,3,Physical Sciences,71972
T12179,Art Education and Development,1213,Visual Arts and Performing Arts,12,Arts and Humanities,2,Social Sciences,71964
T12499,"Diphtheria, Corynebacterium, and Tetanus",1310,Endocrinology,13,"Biochemistry, Genetics and Molecular Biology",1,Life Sciences,71930
T10203,Recommender Systems and Techniques,1710,Information Systems,17,Computer Science,3,Physical Sciences,71913
T14295,Families in Therapy and Culture,3207,Social Psychology,32,Psychology,2,Social Sciences,71869
T10732,Laser Material Processing Techniques,2206,Computational Mechanics,22,Engineering,3,Physical Sciences,71846
T14051,Regional Economic and Spatial Analysis,2002,Economics and Econometrics,20,"Economics, Econometrics and Finance",2,Social Sciences,71841
T11074,Helminth infection and control,3404,Small Animals,34,Veterinary,4,Health Sciences,71627
T12868,Photography and Visual Culture,1202,History,12,Arts and Humanities,2,Social Sciences,71622
T10829,Interconnection Networks and Systems,1705,Computer Networks and Communications,17,Computer Science,3,Physical Sciences,71617
T10160,Seismic Performance and Analysis,2205,Civil and Structural Engineering,22,Engineering,3,Physical Sciences,71586
T13233,Occupational Health and Safety Management,3609,Occupational Therapy,36,Health Professions,4,Health Sciences,71575
T13488,Sports and Physical Education Studies,3319,Life-span and Life-course Studies,33,Social Sciences,2,Social Sciences,71522
T11058,Ethics in Business and Education,1802,Information Systems and Management,18,Decision Sciences,2,Social Sciences,71512
T11060,Infant Development and Preterm Care,2735,"Pediatrics, Perinatology and Child Health",27,Medicine,4,Health Sciences,71464
T11183,Advanced X-ray Imaging Techniques,3108,Radiation,31,Physics and Astronomy,3,Physical Sciences,71447
T13546,Census and Population Estimation,2613,Statistics and Probability,26,Mathematics,3,Physical Sciences,71439
T12399,Wine Industry and Tourism,1409,"Tourism, Leisure and Hospitality Management",14,"Business, Management and Accounting",2,Social Sciences,71389
T10898,Environmental Education and Sustainability,2308,"Management, Monitoring, Policy and Law",23,Environmental Science,3,Physical Sciences,71386
T10601,Handwritten Text Recognition Techniques,1707,Computer Vision and Pattern Recognition,17,Computer Science,3,Physical Sciences,71333
T11709,Traditional Chinese Medicine Analysis,2707,Complementary and alternative medicine,27,Medicine,4,Health Sciences,71323
T11241,Advanced Malware Detection Techniques,1711,Signal Processing,17,Computer Science,3,Physical Sciences,71318
T12028,Knowledge Management and Sharing,3315,Communication,33,Social Sciences,2,Social Sciences,71299
T14487,Science and Science Education,3320,Political Science and International Relations,33,Social Sciences,2,Social Sciences,71253
T13036,Veterinary Practice and Education Studies,3616,Speech and Hearing,36,Health Professions,4,Health Sciences,71170
T10867,Intensive Care Unit Cognitive Disorders,2706,Critical Care and Intensive Care Medicine,27,Medicine,4,Health Sciences,71120
T10638,Optical measurement and interference techniques,1707,Computer Vision and Pattern Recognition,17,Computer Science,3,Physical Sciences,71103
T13143,Child Therapy and Development,3203,Clinical Psychology,32,Psychology,2,Social Sciences,71101
T11013,Skin Protection and Aging,2708,Dermatology,27,Medicine,4,Health Sciences,71060
T10618,Aortic Disease and Treatment Approaches,2740,Pulmonary and Respiratory Medicine,27,Medicine,4,Health Sciences,71049
T11718,Physical Education and Pedagogy,3612,"Physical Therapy, Sports Therapy and Rehabilitation",36,Health Professions,4,Health Sciences,70997
T11073,Metal Extraction and Bioleaching,2204,Biomedical Engineering,22,Engineering,3,Physical Sciences,70970
T13199,Digestive system and related health,1311,Genetics,13,"Biochemistry, Genetics and Molecular Biology",1,Life Sciences,70967
T11415,Noncommutative and Quantum Gravity Theories,3109,Statistical and Nonlinear Physics,31,Physics and Astronomy,3,Physical Sciences,70956
T14086,Military and Defense Studies,3320,Political Science and International Relations,33,Social Sciences,2,Social Sciences,70942
T14182,Technology-Enhanced Education Studies,3304,Education,33,Social Sciences,2,Social Sciences,70922
T12305,Cassava research and cyanide,1110,Plant Science,11,Agricultural and Biological Sciences,1,Life Sciences,70917
T11438,Retinal Imaging and Analysis,2741,"Radiology, Nuclear Medicine and Imaging",27,Medicine,4,Health Sciences,70851
T11912,Outsourcing and Supply Chain Management,1404,Management Information Systems,14,"Business, Management and Accounting",2,Social Sciences,70802
T12907,Mechanical Engineering and Vibrations Research,2210,Mechanical Engineering,22,Engineering,3,Physical Sciences,70772
T12922,Business and Economic Development,2308,"Management, Monitoring, Policy and Law",23,Environmental Science,3,Physical Sciences,70695
T13089,Medieval and Early Modern Iberia,1202,History,12,Arts and Humanities,2,Social Sciences,70644
T11086,Parasitic Infections and Diagnostics,2405,Parasitology,24,Immunology and Microbiology,1,Life Sciences,70595
T12386,Advanced X-ray and CT Imaging,2204,Biomedical Engineering,22,Engineering,3,Physical Sciences,70553
T12931,Educational Methods and Outcomes,3304,Education,33,Social Sciences,2,Social Sciences,70415
T12011,"Insurance, Mortality, Demography, Risk Management",3317,Demography,33,Social Sciences,2,Social Sciences,70413
T11609,Geophysical Methods and Applications,2212,Ocean Engineering,22,Engineering,3,Physical Sciences,70412
T10924,Cardiovascular Health and Disease Prevention,2705,Cardiology and Cardiovascular Medicine,27,Medicine,4,Health Sciences,70407
T11416,Numerical methods for differential equations,2612,Numerical Analysis,26,Mathematics,3,Physical Sciences,70319
T10819,Mercury impact and mitigation studies,2307,"Health, Toxicology and Mutagenesis",23,Environmental Science,3,Physical Sciences,70267
T12557,Inorganic Chemistry and Materials,1604,Inorganic Chemistry,16,Chemistry,3,Physical Sciences,70263
T10526,HIV/AIDS drug development and treatment,2725,Infectious Diseases,27,Medicine,4,Health Sciences,70209
T11488,Climate Change Communication and Perception,3312,Sociology and Political Science,33,Social Sciences,2,Social Sciences,70207
T13095,Plant-based Medicinal Research,3004,Pharmacology,30,"Pharmacology, Toxicology and Pharmaceutics",1,Life Sciences,70204
T11445,Origins and Evolution of Life,3103,Astronomy and Astrophysics,31,Physics and Astronomy,3,Physical Sciences,70197
T12232,"Yersinia bacterium, plague, ectoparasites research",1311,Genetics,13,"Biochemistry, Genetics and Molecular Biology",1,Life Sciences,70164
T10245,Metamaterials and Metasurfaces Applications,2504,"Electronic, Optical and Magnetic Materials",25,Materials Science,3,Physical Sciences,70100
T11045,"Privacy, Security, and Data Protection",3312,Sociology and Political Science,33,Social Sciences,2,Social Sciences,70081
T14348,Marriage and Family Dynamics,3312,Sociology and Political Science,33,Social Sciences,2,Social Sciences,70059
T11363,Dental Radiography and Imaging,3504,Oral Surgery,35,Dentistry,4,Health Sciences,70056
T10444,Context-Aware Activity Recognition Systems,1707,Computer Vision and Pattern Recognition,17,Computer Science,3,Physical Sciences,70015
T13359,Sports Science and Education,1207,History and Philosophy of Science,12,Arts and Humanities,2,Social Sciences,69989
T12047,Viral Infections and Vectors,2725,Infectious Diseases,27,Medicine,4,Health Sciences,69987
T10634,Food Allergy and Anaphylaxis Research,2723,Immunology and Allergy,27,Medicine,4,Health Sciences,69985
T11271,Myasthenia Gravis and Thymoma,2728,Neurology,27,Medicine,4,Health Sciences,69911
T12029,DNA and Biological Computing,1312,Molecular Biology,13,"Biochemistry, Genetics and Molecular Biology",1,Life Sciences,69909
T14105,Cultural and Artistic Studies,3316,Cultural Studies,33,Social Sciences,2,Social Sciences,69897
T12704,Stress and Burnout Research,3207,Social Psychology,32,Psychology,2,Social Sciences,69864
T12121,Cooperative Studies and Economics,1408,Strategy and Management,14,"Business, Management and Accounting",2,Social Sciences,69827
T11452,Oral Health Pathology and Treatment,3506,Periodontics,35,Dentistry,4,Health Sciences,69783
T13189,Physical Education and Training Studies,3612,"Physical Therapy, Sports Therapy and Rehabilitation",36,Health Professions,4,Health Sciences,69771
T11769,Copyright and Intellectual Property,1406,Marketing,14,"Business, Management and Accounting",2,Social Sciences,69708
T10989,Uterine Myomas and Treatments,2729,Obstetrics and Gynecology,27,Medicine,4,Health Sciences,69706
T11934,Syphilis Diagnosis and Treatment,2737,Physiology,27,Medicine,4,Health Sciences,69695
T12851,Firm Innovation and Growth,2002,Economics and Econometrics,20,"Economics, Econometrics and Finance",2,Social Sciences,69645
T13161,Ideological and Political Education,3304,Education,33,Social Sciences,2,Social Sciences,69632
T10514,Numerical methods in engineering,2211,Mechanics of Materials,22,Engineering,3,Physical Sciences,69601
T14392,Geoscience and Mining Technology,2213,"Safety, Risk, Reliability and Quality",22,Engineering,3,Physical Sciences,69593
T10311,Advancements in Solid Oxide Fuel Cells,2505,Materials Chemistry,25,Materials Science,3,Physical Sciences,69570
T11180,Pesticide and Herbicide Environmental Studies,2310,Pollution,23,Environmental Science,3,Physical Sciences,69482
T12050,Optical Polarization and Ellipsometry,2204,Biomedical Engineering,22,Engineering,3,Physical Sciences,69482
T12509,Corporate Insolvency and Governance,1402,Accounting,14,"Business, Management and Accounting",2,Social Sciences,69427
T11069,Testicular diseases and treatments,2746,Surgery,27,Medicine,4,Health Sciences,69398
T13438,Environmental Conservation and Management,2308,"Management, Monitoring, Policy and Law",23,Environmental Science,3,Physical Sciences,69393
T11406,Cerebrospinal fluid and hydrocephalus,2804,Cellular and Molecular Neuroscience,28,Neuroscience,1,Life Sciences,69342
T11509,Hip and Femur Fractures,2746,Surgery,27,Medicine,4,Health Sciences,69334
T10482,Mathematical and Theoretical Epidemiology and Ecology Models,2739,"Public Health, Environmental and Occupational Health",27,Medicine,4,Health Sciences,69272
T10907,International Student and Expatriate Challenges,3315,Communication,33,Social Sciences,2,Social Sciences,69218
T11214,Human-Animal Interaction Studies,1311,Genetics,13,"Biochemistry, Genetics and Molecular Biology",1,Life Sciences,69202
T10294,Cell death mechanisms and regulation,1312,Molecular Biology,13,"Biochemistry, Genetics and Molecular Biology",1,Life Sciences,69188
T11053,Process Optimization and Integration,2207,Control and Systems Engineering,22,Engineering,3,Physical Sciences,69186
T11483,Tropical and Extratropical Cyclones Research,1902,Atmospheric Science,19,Earth and Planetary Sciences,3,Physical Sciences,69184
T11599,Aviation Industry Analysis and Trends,2000,"General Economics, Econometrics and Finance",20,"Economics, Econometrics and Finance",2,Social Sciences,69167
T10743,Software Testing and Debugging Techniques,1712,Software,17,Computer Science,3,Physical Sciences,69143
T10666,Photonic Crystals and Applications,3107,"Atomic and Molecular Physics, and Optics",31,Physics and Astronomy,3,Physical Sciences,69052
T10875,Pesticide Exposure and Toxicity,1110,Plant Science,11,Agricultural and Biological Sciences,1,Life Sciences,69051
T10615,Granular flow and fluidized beds,2206,Computational Mechanics,22,Engineering,3,Physical Sciences,69025
T10419,Pharmaceutical and Antibiotic Environmental Impacts,2310,Pollution,23,Environmental Science,3,Physical Sciences,69000
T11850,Concrete Corrosion and Durability,2205,Civil and Structural Engineering,22,Engineering,3,Physical Sciences,68990
T10610,Advanced Cellulose Research Studies,2502,Biomaterials,25,Materials Science,3,Physical Sciences,68979
T14104,Developmental and Educational Neuropsychology,3206,Neuropsychology and Physiological Psychology,32,Psychology,2,Social Sciences,68964
T12482,Tunneling and Rock Mechanics,2205,Civil and Structural Engineering,22,Engineering,3,Physical Sciences,68962
T14507,"History, Culture, and Society",3616,Speech and Hearing,36,Health Professions,4,Health Sciences,68946
T14358,Healthcare Quality and Satisfaction,3600,General Health Professions,36,Health Professions,4,Health Sciences,68930
T11052,Energy Load and Power Forecasting,2208,Electrical and Electronic Engineering,22,Engineering,3,Physical Sciences,68925
T10950,Acute Lymphoblastic Leukemia research,2739,"Public Health, Environmental and Occupational Health",27,Medicine,4,Health Sciences,68896
T14025,Educational Technology and Assessment,1710,Information Systems,17,Computer Science,3,Physical Sciences,68889
T10805,Vehicle Dynamics and Control Systems,2203,Automotive Engineering,22,Engineering,3,Physical Sciences,68841
T10914,Tactile and Sensory Interactions,2805,Cognitive Neuroscience,28,Neuroscience,1,Life Sciences,68791
T13594,Healthcare innovation and challenges,3304,Education,33,Social Sciences,2,Social Sciences,68788
T10369,Advanced MEMS and NEMS Technologies,2208,Electrical and Electronic Engineering,22,Engineering,3,Physical Sciences,68777
T14049,Plant and Fungal Species Descriptions,1312,Molecular Biology,13,"Biochemistry, Genetics and Molecular Biology",1,Life Sciences,68742
T11759,Occupational Therapy Practice and Research,3609,Occupational Therapy,36,Health Professions,4,Health Sciences,68734
T10464,Crystal structures of chemical compounds,1604,Inorganic Chemistry,16,Chemistry,3,Physical Sciences,68726
T11072,Peroxisome Proliferator-Activated Receptors,1312,Molecular Biology,13,"Biochemistry, Genetics and Molecular Biology",1,Life Sciences,68701
T12637,Scarabaeidae Beetle Taxonomy and Biogeography,1911,Paleontology,19,Earth and Planetary Sciences,3,Physical Sciences,68669
T13229,Gothic Literature and Media Analysis,3316,Cultural Studies,33,Social Sciences,2,Social Sciences,68657
T10790,Heavy Metal Exposure and Toxicity,2307,"Health, Toxicology and Mutagenesis",23,Environmental Science,3,Physical Sciences,68650
T12579,Muon and positron interactions and applications,2211,Mechanics of Materials,22,Engineering,3,Physical Sciences,68645
T12513,Rocket and propulsion systems research,2202,Aerospace Engineering,22,Engineering,3,Physical Sciences,68552
T10228,Multilevel Inverters and Converters,2208,Electrical and Electronic Engineering,22,Engineering,3,Physical Sciences,68532
T10861,Ear Surgery and Otitis Media,2733,Otorhinolaryngology,27,Medicine,4,Health Sciences,68525
T12245,"Counseling, Therapy, and Family Dynamics",3203,Clinical Psychology,32,Psychology,2,Social Sciences,68524
T11531,Healthcare Systems and Reforms,2003,Finance,20,"Economics, Econometrics and Finance",2,Social Sciences,68518
T11118,Evolutionary Psychology and Human Behavior,3205,Experimental and Cognitive Psychology,32,Psychology,2,Social Sciences,68496
T11713,Genital Health and Disease,2746,Surgery,27,Medicine,4,Health Sciences,68425
T10460,Electronic Packaging and Soldering Technologies,2208,Electrical and Electronic Engineering,22,Engineering,3,Physical Sciences,68323
T13560,Socioeconomic Development in MENA,3312,Sociology and Political Science,33,Social Sciences,2,Social Sciences,68320
T13551,Biochemical effects in animals,2737,Physiology,27,Medicine,4,Health Sciences,68276
T14404,European Socioeconomic and Political Studies,2002,Economics and Econometrics,20,"Economics, Econometrics and Finance",2,Social Sciences,68271
T10314,Social and Intergroup Psychology,3312,Sociology and Political Science,33,Social Sciences,2,Social Sciences,68252
T10398,Groundwater and Isotope Geochemistry,1906,Geochemistry and Petrology,19,Earth and Planetary Sciences,3,Physical Sciences,68230
T13404,Geological and Tectonic Studies in Latin America,1908,Geophysics,19,Earth and Planetary Sciences,3,Physical Sciences,68226
T11643,Building materials and conservation,1904,Earth-Surface Processes,19,Earth and Planetary Sciences,3,Physical Sciences,68201
T12938,Material Selection and Properties,2505,Materials Chemistry,25,Materials Science,3,Physical Sciences,68166
T10540,Advanced Fluorescence Microscopy Techniques,1304,Biophysics,13,"Biochemistry, Genetics and Molecular Biology",1,Life Sciences,68160
T14137,"Agriculture, Soil, Plant Science",1105,"Ecology, Evolution, Behavior and Systematics",11,Agricultural and Biological Sciences,1,Life Sciences,68129
T11676,Parental Involvement in Education,3304,Education,33,Social Sciences,2,Social Sciences,68056
T13653,"Commonwealth, Australian Politics and Federalism",3320,Political Science and International Relations,33,Social Sciences,2,Social Sciences,68029
T12248,Water Governance and Infrastructure,3320,Political Science and International Relations,33,Social Sciences,2,Social Sciences,67984
T11218,Hip disorders and treatments,2746,Surgery,27,Medicine,4,Health Sciences,67911
T14167,Consumer behavior in food and health,3312,Sociology and Political Science,33,Social Sciences,2,Social Sciences,67884
T11750,Phytoplasmas and Hemiptera pathogens,1110,Plant Science,11,Agricultural and Biological Sciences,1,Life Sciences,67791
T11117,Drug-Induced Adverse Reactions,2736,Pharmacology,27,Medicine,4,Health Sciences,67783
T12986,Administrative Law and Governance,3320,Political Science and International Relations,33,Social Sciences,2,Social Sciences,67778
T11066,Organic Food and Agriculture,1110,Plant Science,11,Agricultural and Biological Sciences,1,Life Sciences,67772
T12714,Youth Education and Societal Dynamics,3312,Sociology and Political Science,33,Social Sciences,2,Social Sciences,67768
T14509,demographic modeling and climate adaptation,1803,Management Science and Operations Research,18,Decision Sciences,2,Social Sciences,67726
T14489,Basque language and culture studies,3316,Cultural Studies,33,Social Sciences,2,Social Sciences,67689
T11619,Combustion and Detonation Processes,2202,Aerospace Engineering,22,Engineering,3,Physical Sciences,67665
T10782,Nanoplatforms for cancer theranostics,2204,Biomedical Engineering,22,Engineering,3,Physical Sciences,67632
T10474,Material Dynamics and Properties,2505,Materials Chemistry,25,Materials Science,3,Physical Sciences,67579
T12167,Bacterial Identification and Susceptibility Testing,1308,Clinical Biochemistry,13,"Biochemistry, Genetics and Molecular Biology",1,Life Sciences,67561
T11665,Animal Vocal Communication and Behavior,1309,Developmental Biology,13,"Biochemistry, Genetics and Molecular Biology",1,Life Sciences,67498
T10485,"Bullying, Victimization, and Aggression",3207,Social Psychology,32,Psychology,2,Social Sciences,67496
T10770,Soil Geostatistics and Mapping,2305,Environmental Engineering,23,Environmental Science,3,Physical Sciences,67447
T14389,"Innovation, Technology, and Society",3312,Sociology and Political Science,33,Social Sciences,2,Social Sciences,67440
T11622,Maritime Navigation and Safety,2212,Ocean Engineering,22,Engineering,3,Physical Sciences,67437
T13780,Diverse Education Studies and Reforms,3304,Education,33,Social Sciences,2,Social Sciences,67348
T13176,Winter Sports Injuries and Performance,2740,Pulmonary and Respiratory Medicine,27,Medicine,4,Health Sciences,67334
T11022,Spectral Theory in Mathematical Physics,2610,Mathematical Physics,26,Mathematics,3,Physical Sciences,67322
T11730,Autoimmune Bullous Skin Diseases,2734,Pathology and Forensic Medicine,27,Medicine,4,Health Sciences,67320
T12113,Growth and nutrition in plants,1110,Plant Science,11,Agricultural and Biological Sciences,1,Life Sciences,67319
T10440,Advanced Thermoelectric Materials and Devices,2505,Materials Chemistry,25,Materials Science,3,Physical Sciences,67296
T12821,Geological Formations and Processes Exploration,1908,Geophysics,19,Earth and Planetary Sciences,3,Physical Sciences,67236
T11497,Interprofessional Education and Collaboration,3600,General Health Professions,36,Health Professions,4,Health Sciences,67185
T11215,Chronic Myeloid Leukemia Treatments,2720,Hematology,27,Medicine,4,Health Sciences,67128
T10484,Wood Treatment and Properties,2215,Building and Construction,22,Engineering,3,Physical Sciences,67123
T12864,Psychoanalysis and Social Critique,3316,Cultural Studies,33,Social Sciences,2,Social Sciences,67092
T12605,Berry genetics and cultivation research,1110,Plant Science,11,Agricultural and Biological Sciences,1,Life Sciences,67091
T13496,Advertising and Communication Studies,3315,Communication,33,Social Sciences,2,Social Sciences,67090
T10571,Robotic Mechanisms and Dynamics,2207,Control and Systems Engineering,22,Engineering,3,Physical Sciences,67089
T10686,Effects and risks of endocrine disrupting chemicals,2307,"Health, Toxicology and Mutagenesis",23,Environmental Science,3,Physical Sciences,67077
T12784,Modular Robots and Swarm Intelligence,2210,Mechanical Engineering,22,Engineering,3,Physical Sciences,67034
T11033,Contact Dermatitis and Allergies,2708,Dermatology,27,Medicine,4,Health Sciences,67033
T11234,Precipitation Measurement and Analysis,1902,Atmospheric Science,19,Earth and Planetary Sciences,3,Physical Sciences,66969
T12360,Plant-derived Lignans Synthesis and Bioactivity,1312,Molecular Biology,13,"Biochemistry, Genetics and Molecular Biology",1,Life Sciences,66969
T12964,"Diet, Metabolism, and Disease",2712,"Endocrinology, Diabetes and Metabolism",27,Medicine,4,Health Sciences,66963
T11154,Parasitic infections in humans and animals,2734,Pathology and Forensic Medicine,27,Medicine,4,Health Sciences,66953
T11100,Intermetallics and Advanced Alloy Properties,2210,Mechanical Engineering,22,Engineering,3,Physical Sciences,66923
T14306,Technology Assessment and Management,2213,"Safety, Risk, Reliability and Quality",22,Engineering,3,Physical Sciences,66887
T14199,Historical and Scientific Studies,2734,Pathology and Forensic Medicine,27,Medicine,4,Health Sciences,66820
T10685,Viral-associated cancers and disorders,2730,Oncology,27,Medicine,4,Health Sciences,66818
T12668,Yeasts and Rust Fungi Studies,1312,Molecular Biology,13,"Biochemistry, Genetics and Molecular Biology",1,Life Sciences,66805
T10491,Enhanced Oil Recovery Techniques,2212,Ocean Engineering,22,Engineering,3,Physical Sciences,66792
T10788,Neuroscience and Music Perception,2805,Cognitive Neuroscience,28,Neuroscience,1,Life Sciences,66783
T10901,Advanced Data Compression Techniques,1707,Computer Vision and Pattern Recognition,17,Computer Science,3,Physical Sciences,66782
T11669,Head and Neck Surgical Oncology,2746,Surgery,27,Medicine,4,Health Sciences,66781
T13102,Soil and Environmental Studies,1111,Soil Science,11,Agricultural and Biological Sciences,1,Life Sciences,66760
T11651,Inhalation and Respiratory Drug Delivery,2740,Pulmonary and Respiratory Medicine,27,Medicine,4,Health Sciences,66739
T10687,Innovative concrete reinforcement materials,2205,Civil and Structural Engineering,22,Engineering,3,Physical Sciences,66727
T10795,Healthcare professionals’ stress and burnout,3600,General Health Professions,36,Health Professions,4,Health Sciences,66715
T11140,Natural Antidiabetic Agents Studies,2712,"Endocrinology, Diabetes and Metabolism",27,Medicine,4,Health Sciences,66713
T10593,Bacterial biofilms and quorum sensing,1312,Molecular Biology,13,"Biochemistry, Genetics and Molecular Biology",1,Life Sciences,66659
T13330,"Theater, Performance, and Music History",1210,Music,12,Arts and Humanities,2,Social Sciences,66632
T14164,Marine and Offshore Engineering Studies,2212,Ocean Engineering,22,Engineering,3,Physical Sciences,66602
T10480,Ionic liquids properties and applications,1503,Catalysis,15,Chemical Engineering,3,Physical Sciences,66576
T12067,Renal and Vascular Pathologies,2740,Pulmonary and Respiratory Medicine,27,Medicine,4,Health Sciences,66511
T10621,Gene Regulatory Network Analysis,1312,Molecular Biology,13,"Biochemistry, Genetics and Molecular Biology",1,Life Sciences,66485
T13575,Travel Writing and Literature,1202,History,12,Arts and Humanities,2,Social Sciences,66466
T10766,Urban Heat Island Mitigation,2305,Environmental Engineering,23,Environmental Science,3,Physical Sciences,66438
T11366,Elasticity and Material Modeling,2204,Biomedical Engineering,22,Engineering,3,Physical Sciences,66438
T10735,Mesoporous Materials and Catalysis,2505,Materials Chemistry,25,Materials Science,3,Physical Sciences,66423
T13534,"Migration, Identity, and Health",3312,Sociology and Political Science,33,Social Sciences,2,Social Sciences,66418
T10651,"IPv6, Mobility, Handover, Networks, Security",2208,Electrical and Electronic Engineering,22,Engineering,3,Physical Sciences,66415
T10793,Diabetes Management and Education,2712,"Endocrinology, Diabetes and Metabolism",27,Medicine,4,Health Sciences,66379
T11084,Workplace Health and Well-being,3600,General Health Professions,36,Health Professions,4,Health Sciences,66372
T11824,Injury Epidemiology and Prevention,2739,"Public Health, Environmental and Occupational Health",27,Medicine,4,Health Sciences,66342
T13894,Indian Economic and Social Development,2002,Economics and Econometrics,20,"Economics, Econometrics and Finance",2,Social Sciences,66339
T12403,Seed and Plant Biochemistry,1106,Food Science,11,Agricultural and Biological Sciences,1,Life Sciences,66335
T11325,Inertial Sensor and Navigation,2202,Aerospace Engineering,22,Engineering,3,Physical Sciences,66315
T12450,Radio Astronomy Observations and Technology,3103,Astronomy and Astrophysics,31,Physics and Astronomy,3,Physical Sciences,66245
T14480,Historical Education and Society,3304,Education,33,Social Sciences,2,Social Sciences,66231
T10576,Opioid Use Disorder Treatment,2739,"Public Health, Environmental and Occupational Health",27,Medicine,4,Health Sciences,66190
T12824,Infections and bacterial resistance,1310,Endocrinology,13,"Biochemistry, Genetics and Molecular Biology",1,Life Sciences,66187
T10755,HER2/EGFR in Cancer Research,2730,Oncology,27,Medicine,4,Health Sciences,66149
T10806,Energetic Materials and Combustion,2211,Mechanics of Materials,22,Engineering,3,Physical Sciences,66086
T12457,Ecocriticism and Environmental Literature,1208,Literature and Literary Theory,12,Arts and Humanities,2,Social Sciences,66069
T11304,Advanced Neuroimaging Techniques and Applications,2741,"Radiology, Nuclear Medicine and Imaging",27,Medicine,4,Health Sciences,66015
T13681,Engineering and Information Technology,1712,Software,17,Computer Science,3,Physical Sciences,66002
T13073,China's Ethnic Minorities and Relations,3312,Sociology and Political Science,33,Social Sciences,2,Social Sciences,65968
T13185,Phytochemistry and Bioactive Compounds,2502,Biomaterials,25,Materials Science,3,Physical Sciences,65962
T10751,Forensic and Genetic Research,1311,Genetics,13,"Biochemistry, Genetics and Molecular Biology",1,Life Sciences,65913
T10736,Hydrogen embrittlement and corrosion behaviors in metals,2506,Metals and Alloys,25,Materials Science,3,Physical Sciences,65850
T12191,Chemical Reaction Mechanisms,1605,Organic Chemistry,16,Chemistry,3,Physical Sciences,65826
T10983,Aortic aneurysm repair treatments,2740,Pulmonary and Respiratory Medicine,27,Medicine,4,Health Sciences,65811
T12281,Animal testing and alternatives,3404,Small Animals,34,Veterinary,4,Health Sciences,65745
T11130,Coding theory and cryptography,1702,Artificial Intelligence,17,Computer Science,3,Physical Sciences,65702
T11220,Water Systems and Optimization,2205,Civil and Structural Engineering,22,Engineering,3,Physical Sciences,65698
T10305,Power System Optimization and Stability,2208,Electrical and Electronic Engineering,22,Engineering,3,Physical Sciences,65692
T10561,Educational Research and Methods,3304,Education,33,Social Sciences,2,Social Sciences,65688
T11882,Plant biochemistry and biosynthesis,1312,Molecular Biology,13,"Biochemistry, Genetics and Molecular Biology",1,Life Sciences,65684
T13891,Engineering Diagnostics and Reliability,2211,Mechanics of Materials,22,Engineering,3,Physical Sciences,65641
T14459,Synthesis and Reactions of Organic Compounds,1605,Organic Chemistry,16,Chemistry,3,Physical Sciences,65585
T12438,Urticaria and Related Conditions,2745,Rheumatology,27,Medicine,4,Health Sciences,65563
T11719,Data Quality and Management,1803,Management Science and Operations Research,18,Decision Sciences,2,Social Sciences,65552
T13902,Indian History and Philosophy,1211,Philosophy,12,Arts and Humanities,2,Social Sciences,65486
T12792,Soil Management and Crop Yield,1111,Soil Science,11,Agricultural and Biological Sciences,1,Life Sciences,65474
T11386,Bee Products Chemical Analysis,1109,Insect Science,11,Agricultural and Biological Sciences,1,Life Sciences,65450
T12963,Anesthesia and Neurotoxicity Research,2806,Developmental Neuroscience,28,Neuroscience,1,Life Sciences,65444
T11894,Radiology practices and education,2741,"Radiology, Nuclear Medicine and Imaging",27,Medicine,4,Health Sciences,65429
T11561,Protein Hydrolysis and Bioactive Peptides,1312,Molecular Biology,13,"Biochemistry, Genetics and Molecular Biology",1,Life Sciences,65419
T14110,Islamic Studies and Radicalism,3312,Sociology and Political Science,33,Social Sciences,2,Social Sciences,65382
T11950,Cardiovascular Syncope and Autonomic Disorders,2746,Surgery,27,Medicine,4,Health Sciences,65374
T10256,Drug Solubulity and Delivery Systems,3003,Pharmaceutical Science,30,"Pharmacology, Toxicology and Pharmaceutics",1,Life Sciences,65353
T11407,Innovative Microfluidic and Catalytic Techniques Innovation,2204,Biomedical Engineering,22,Engineering,3,Physical Sciences,65346
T12928,Education and Cultural Studies,3304,Education,33,Social Sciences,2,Social Sciences,65312
T10854,Bipolar Disorder and Treatment,2738,Psychiatry and Mental health,27,Medicine,4,Health Sciences,65252
T10664,Sentiment Analysis and Opinion Mining,1702,Artificial Intelligence,17,Computer Science,3,Physical Sciences,65221
T11310,Connective tissue disorders research,1311,Genetics,13,"Biochemistry, Genetics and Molecular Biology",1,Life Sciences,65200
T11552,"Global trade, sustainability, and social impact",1408,Strategy and Management,14,"Business, Management and Accounting",2,Social Sciences,65191
T11473,Appendicitis Diagnosis and Management,2711,Emergency Medicine,27,Medicine,4,Health Sciences,65187
T11359,Effects of Radiation Exposure,2741,"Radiology, Nuclear Medicine and Imaging",27,Medicine,4,Health Sciences,65091
T10934,Heat shock proteins research,1312,Molecular Biology,13,"Biochemistry, Genetics and Molecular Biology",1,Life Sciences,65069
T11042,Corruption and Economic Development,3312,Sociology and Political Science,33,Social Sciences,2,Social Sciences,65045
T11957,Food Safety and Hygiene,1106,Food Science,11,Agricultural and Biological Sciences,1,Life Sciences,65030
T12825,"Defense, Military, and Policy Studies",2002,Economics and Econometrics,20,"Economics, Econometrics and Finance",2,Social Sciences,65019
T11207,Alcohol Consumption and Health Effects,2734,Pathology and Forensic Medicine,27,Medicine,4,Health Sciences,65017
T14080,"Philosophy, Sociology, Political Theory",3312,Sociology and Political Science,33,Social Sciences,2,Social Sciences,65015
T11293,Orthopedic Infections and Treatments,2746,Surgery,27,Medicine,4,Health Sciences,64990
T11538,Ophthalmology and Eye Disorders,2734,Pathology and Forensic Medicine,27,Medicine,4,Health Sciences,64973
T10689,Remote-Sensing Image Classification,2214,Media Technology,22,Engineering,3,Physical Sciences,64972
T13520,Architectural and Urban Studies,1206,Conservation,12,Arts and Humanities,2,Social Sciences,64966
T10585,Family Dynamics and Relationships,3317,Demography,33,Social Sciences,2,Social Sciences,64957
T11206,Model Reduction and Neural Networks,3109,Statistical and Nonlinear Physics,31,Physics and Astronomy,3,Physical Sciences,64943
T10608,Neurogenesis and neuroplasticity mechanisms,2806,Developmental Neuroscience,28,Neuroscience,1,Life Sciences,64932
T13781,Coleoptera: Cerambycidae studies,1105,"Ecology, Evolution, Behavior and Systematics",11,Agricultural and Biological Sciences,1,Life Sciences,64932
T12068,Neonatal Health and Biochemistry,2735,"Pediatrics, Perinatology and Child Health",27,Medicine,4,Health Sciences,64920
T10220,Machine Fault Diagnosis Techniques,2207,Control and Systems Engineering,22,Engineering,3,Physical Sciences,64905
T12979,Cardiovascular Disease and Adiposity,2705,Cardiology and Cardiovascular Medicine,27,Medicine,4,Health Sciences,64899
T10849,Finite Group Theory Research,2607,Discrete Mathematics and Combinatorics,26,Mathematics,3,Physical Sciences,64898
T11967,Electrolyte and hormonal disorders,2740,Pulmonary and Respiratory Medicine,27,Medicine,4,Health Sciences,64894
T10569,Bariatric Surgery and Outcomes,2746,Surgery,27,Medicine,4,Health Sciences,64879
T11870,Structural Analysis and Optimization,2205,Civil and Structural Engineering,22,Engineering,3,Physical Sciences,64832
T11592,Phenomenology and Existential Philosophy,3205,Experimental and Cognitive Psychology,32,Psychology,2,Social Sciences,64816
T12561,bioluminescence and chemiluminescence research,1312,Molecular Biology,13,"Biochemistry, Genetics and Molecular Biology",1,Life Sciences,64704
T11449,Mechanical and Optical Resonators,3107,"Atomic and Molecular Physics, and Optics",31,Physics and Astronomy,3,Physical Sciences,64599
T14514,Medical Research and Practices,3608,Medical Terminology,36,Health Professions,4,Health Sciences,64563
T11668,interferon and immune responses,2403,Immunology,24,Immunology and Microbiology,1,Life Sciences,64556
T11680,Advanced Algebra and Geometry,2610,Mathematical Physics,26,Mathematics,3,Physical Sciences,64545
T11748,Organophosphorus compounds synthesis,1605,Organic Chemistry,16,Chemistry,3,Physical Sciences,64540
T11994,Human Resource Development and Performance Evaluation,3202,Applied Psychology,32,Psychology,2,Social Sciences,64501
T10852,Temporomandibular Joint Disorders,3603,Complementary and Manual Therapy,36,Health Professions,4,Health Sciences,64493
T11192,Underwater Vehicles and Communication Systems,2212,Ocean Engineering,22,Engineering,3,Physical Sciences,64474
T10587,Autophagy in Disease and Therapy,2713,Epidemiology,27,Medicine,4,Health Sciences,64422
T11789,Land Rights and Reforms,1111,Soil Science,11,Agricultural and Biological Sciences,1,Life Sciences,64413
T11511,Dyeing and Modifying Textile Fibers,2215,Building and Construction,22,Engineering,3,Physical Sciences,64404
T12987,Religion and Society in Latin America,3312,Sociology and Political Science,33,Social Sciences,2,Social Sciences,64374
T10739,Electromagnetic Scattering and Analysis,3107,"Atomic and Molecular Physics, and Optics",31,Physics and Astronomy,3,Physical Sciences,64353
T13268,Photographic and Visual Arts,1209,Museology,12,Arts and Humanities,2,Social Sciences,64346
T10946,Radioactivity and Radon Measurements,3614,Radiological and Ultrasound Technology,36,Health Professions,4,Health Sciences,64323
T11337,Tryptophan and brain disorders,2803,Biological Psychiatry,28,Neuroscience,1,Life Sciences,64269
T13978,Foreign Language Teaching Methods,3304,Education,33,Social Sciences,2,Social Sciences,64240
T12918,Healthcare Systems and Technology,1407,Organizational Behavior and Human Resource Management,14,"Business, Management and Accounting",2,Social Sciences,64215
T11437,Digital Platforms and Economics,1408,Strategy and Management,14,"Business, Management and Accounting",2,Social Sciences,64078
T10284,Anaerobic Digestion and Biogas Production,2215,Building and Construction,22,Engineering,3,Physical Sciences,64059
T11364,Cholangiocarcinoma and Gallbladder Cancer Studies,2746,Surgery,27,Medicine,4,Health Sciences,64031
T11886,Agricultural risk and resilience,1111,Soil Science,11,Agricultural and Biological Sciences,1,Life Sciences,63997
T12094,Hemoglobin structure and function,1307,Cell Biology,13,"Biochemistry, Genetics and Molecular Biology",1,Life Sciences,63984
T12436,Agronomic Practices and Intercropping Systems,1102,Agronomy and Crop Science,11,Agricultural and Biological Sciences,1,Life Sciences,63983
T11021,ECG Monitoring and Analysis,2705,Cardiology and Cardiovascular Medicine,27,Medicine,4,Health Sciences,63943
T10842,Railway Engineering and Dynamics,2210,Mechanical Engineering,22,Engineering,3,Physical Sciences,63929
T11294,Infant Nutrition and Health,2916,Nutrition and Dietetics,29,Nursing,4,Health Sciences,63928
T13194,ICT in Developing Communities,1710,Information Systems,17,Computer Science,3,Physical Sciences,63907
T11984,Anatomy and Medical Technology,2204,Biomedical Engineering,22,Engineering,3,Physical Sciences,63880
T13914,European Cultural and National Identity,3312,Sociology and Political Science,33,Social Sciences,2,Social Sciences,63871
T13160,Synthesis and Biological Evaluation,1605,Organic Chemistry,16,Chemistry,3,Physical Sciences,63806
T13473,Economic Zones and Regional Development,2000,"General Economics, Econometrics and Finance",20,"Economics, Econometrics and Finance",2,Social Sciences,63802
T11302,CO2 Sequestration and Geologic Interactions,2305,Environmental Engineering,23,Environmental Science,3,Physical Sciences,63757
T12006,Ergonomics and Musculoskeletal Disorders,3207,Social Psychology,32,Psychology,2,Social Sciences,63729
T11630,Petroleum Processing and Analysis,1602,Analytical Chemistry,16,Chemistry,3,Physical Sciences,63712
T10295,Plasmonic and Surface Plasmon Research,2204,Biomedical Engineering,22,Engineering,3,Physical Sciences,63672
T11194,Ocular Diseases and Behçet’s Syndrome,2731,Ophthalmology,27,Medicine,4,Health Sciences,63648
T11423,Pesticide Residue Analysis and Safety,1106,Food Science,11,Agricultural and Biological Sciences,1,Life Sciences,63647
T10872,Veterinary Equine Medical Research,3402,Equine,34,Veterinary,4,Health Sciences,63644
T13652,Education and Social Development in Ukraine,3304,Education,33,Social Sciences,2,Social Sciences,63540
T11061,Ocean Waves and Remote Sensing,1910,Oceanography,19,Earth and Planetary Sciences,3,Physical Sciences,63530
T11584,Biochemical Analysis and Sensing Techniques,2916,Nutrition and Dietetics,29,Nursing,4,Health Sciences,63474
T10483,Nerve injury and regeneration,2804,Cellular and Molecular Neuroscience,28,Neuroscience,1,Life Sciences,63446
T14258,Legal and Policy Issues,3308,Law,33,Social Sciences,2,Social Sciences,63398
T13142,GABA and Rice Research,1110,Plant Science,11,Agricultural and Biological Sciences,1,Life Sciences,63294
T11477,"Epistemology, Ethics, and Metaphysics",1211,Philosophy,12,Arts and Humanities,2,Social Sciences,63248
T11642,Genomics and Rare Diseases,1311,Genetics,13,"Biochemistry, Genetics and Molecular Biology",1,Life Sciences,63243
T11098,Seed Germination and Physiology,1110,Plant Science,11,Agricultural and Biological Sciences,1,Life Sciences,63214
T11559,Retinoids in leukemia and cellular processes,1312,Molecular Biology,13,"Biochemistry, Genetics and Molecular Biology",1,Life Sciences,63213
T13108,Therapeutic Uses of Natural Elements,3603,Complementary and Manual Therapy,36,Health Professions,4,Health Sciences,63199
T13554,Brazilian cultural history and politics,3312,Sociology and Political Science,33,Social Sciences,2,Social Sciences,63129
T10363,Low-power high-performance VLSI design,2208,Electrical and Electronic Engineering,22,Engineering,3,Physical Sciences,63120
T11956,Sexual Differentiation and Disorders,1312,Molecular Biology,13,"Biochemistry, Genetics and Molecular Biology",1,Life Sciences,63079
T11577,Cognitive Abilities and Testing,3205,Experimental and Cognitive Psychology,32,Psychology,2,Social Sciences,63067
T10216,"Migration, Refugees, and Integration",3312,Sociology and Political Science,33,Social Sciences,2,Social Sciences,63052
T11064,Antiplatelet Therapy and Cardiovascular Diseases,2705,Cardiology and Cardiovascular Medicine,27,Medicine,4,Health Sciences,63049
T12099,Advanced materials and composites,2210,Mechanical Engineering,22,Engineering,3,Physical Sciences,63041
T11404,Irrigation Practices and Water Management,1111,Soil Science,11,Agricultural and Biological Sciences,1,Life Sciences,62993
T11286,Polyoxometalates: Synthesis and Applications,2505,Materials Chemistry,25,Materials Science,3,Physical Sciences,62984
T14400,Medical Coding and Health Information,3605,Health Information Management,36,Health Professions,4,Health Sciences,62978
T11252,Evolutionary Game Theory and Cooperation,3312,Sociology and Political Science,33,Social Sciences,2,Social Sciences,62879
T14442,Historical Studies in Science,1207,History and Philosophy of Science,12,Arts and Humanities,2,Social Sciences,62847
T12164,Education Practices and Challenges,1211,Philosophy,12,Arts and Humanities,2,Social Sciences,62803
T10958,Ultrasound and Hyperthermia Applications,2204,Biomedical Engineering,22,Engineering,3,Physical Sciences,62783
T11519,Digital Mental Health Interventions,3202,Applied Psychology,32,Psychology,2,Social Sciences,62734
T11699,High-Velocity Impact and Material Behavior,2505,Materials Chemistry,25,Materials Science,3,Physical Sciences,62732
T10945,Lysosomal Storage Disorders Research,2737,Physiology,27,Medicine,4,Health Sciences,62682
T12044,Advanced Physical and Chemical Molecular Interactions,1606,Physical and Theoretical Chemistry,16,Chemistry,3,Physical Sciences,62665
T13915,Public Health in Brazil,3312,Sociology and Political Science,33,Social Sciences,2,Social Sciences,62637
T12153,Advanced Optical Sensing Technologies,3105,Instrumentation,31,Physics and Astronomy,3,Physical Sciences,62636
T11721,Blood properties and coagulation,2740,Pulmonary and Respiratory Medicine,27,Medicine,4,Health Sciences,62627
T11694,Fluid Dynamics Simulations and Interactions,2206,Computational Mechanics,22,Engineering,3,Physical Sciences,62622
T13692,Italian Social Issues and Migration,3312,Sociology and Political Science,33,Social Sciences,2,Social Sciences,62604
T11666,Color Science and Applications,3107,"Atomic and Molecular Physics, and Optics",31,Physics and Astronomy,3,Physical Sciences,62596
T12698,3D Modeling in Geospatial Applications,2215,Building and Construction,22,Engineering,3,Physical Sciences,62508
T11131,Proteoglycans and glycosaminoglycans research,1307,Cell Biology,13,"Biochemistry, Genetics and Molecular Biology",1,Life Sciences,62500
T11503,Cytokine Signaling Pathways and Interactions,2730,Oncology,27,Medicine,4,Health Sciences,62490
T11717,Postcolonial and Cultural Literary Studies,1208,Literature and Literary Theory,12,Arts and Humanities,2,Social Sciences,62436
T11380,Child Welfare and Adoption,3311,Safety Research,33,Social Sciences,2,Social Sciences,62415
T10714,Software-Defined Networks and 5G,1705,Computer Networks and Communications,17,Computer Science,3,Physical Sciences,62389
T10524,Traffic control and management,2207,Control and Systems Engineering,22,Engineering,3,Physical Sciences,62386
T12827,Biochemical and Molecular Research,1312,Molecular Biology,13,"Biochemistry, Genetics and Molecular Biology",1,Life Sciences,62297
T14332,European Linguistics and Anthropology,3314,Anthropology,33,Social Sciences,2,Social Sciences,62240
T12264,Tissue Engineering and Regenerative Medicine,2746,Surgery,27,Medicine,4,Health Sciences,62238
T13393,Child Nutrition and Feeding Issues,2738,Psychiatry and Mental health,27,Medicine,4,Health Sciences,62117
T10437,Educational theories and practices,3304,Education,33,Social Sciences,2,Social Sciences,62027
T10315,Decision-Making and Behavioral Economics,1800,General Decision Sciences,18,Decision Sciences,2,Social Sciences,62004
T10328,Supply Chain and Inventory Management,1404,Management Information Systems,14,"Business, Management and Accounting",2,Social Sciences,61992
T12858,Plant Disease Resistance and Genetics,1110,Plant Science,11,Agricultural and Biological Sciences,1,Life Sciences,61988
T11843,Family Business Performance and Succession,1407,Organizational Behavior and Human Resource Management,14,"Business, Management and Accounting",2,Social Sciences,61986
T11161,Consumer Market Behavior and Pricing,1406,Marketing,14,"Business, Management and Accounting",2,Social Sciences,61979
T12563,History and Politics in Latin America,3317,Demography,33,Social Sciences,2,Social Sciences,61974
T10881,Blood Coagulation and Thrombosis Mechanisms,2720,Hematology,27,Medicine,4,Health Sciences,61961
T12908,"Media, Gender, and Advertising",3318,Gender Studies,33,Social Sciences,2,Social Sciences,61944
T12306,Urban and Freight Transport Logistics,2215,Building and Construction,22,Engineering,3,Physical Sciences,61893
T12893,Organic Chemistry Cycloaddition Reactions,1605,Organic Chemistry,16,Chemistry,3,Physical Sciences,61889
T11621,Fiscal Policies and Political Economy,2002,Economics and Econometrics,20,"Economics, Econometrics and Finance",2,Social Sciences,61885
T10968,Statistical Distribution Estimation and Applications,2613,Statistics and Probability,26,Mathematics,3,Physical Sciences,61839
T14393,"Health, Environment, Cognitive Aging",2307,"Health, Toxicology and Mutagenesis",23,Environmental Science,3,Physical Sciences,61813
T11542,Behavioral Health and Interventions,3202,Applied Psychology,32,Psychology,2,Social Sciences,61784
T11806,Service-Learning and Community Engagement,3304,Education,33,Social Sciences,2,Social Sciences,61751
T12397,Critical Theory and Philosophy,3312,Sociology and Political Science,33,Social Sciences,2,Social Sciences,61727
T12855,Peanut Plant Research Studies,1110,Plant Science,11,Agricultural and Biological Sciences,1,Life Sciences,61724
T12159,T-cell and Retrovirus Studies,2403,Immunology,24,Immunology and Microbiology,1,Life Sciences,61679
T13103,Middle East Politics and Society,3312,Sociology and Political Science,33,Social Sciences,2,Social Sciences,61679
T14472,Environmental and Cultural Studies in Latin America and Beyond,2303,Ecology,23,Environmental Science,3,Physical Sciences,61635
T12130,Contemporary Literature and Criticism,1208,Literature and Literary Theory,12,Arts and Humanities,2,Social Sciences,61604
T12594,Collaboration in agile enterprises,1405,Management of Technology and Innovation,14,"Business, Management and Accounting",2,Social Sciences,61596
T13613,"Health, Education, and Cultural Studies",3312,Sociology and Political Science,33,Social Sciences,2,Social Sciences,61592
T11964,Pregnancy and Medication Impact,2739,"Public Health, Environmental and Occupational Health",27,Medicine,4,Health Sciences,61568
T11816,Nursing Roles and Practices,3600,General Health Professions,36,Health Professions,4,Health Sciences,61555
T13901,State Capitalism and Financial Governance,1408,Strategy and Management,14,"Business, Management and Accounting",2,Social Sciences,61544
T14368,Evaluation and Optimization Models,2213,"Safety, Risk, Reliability and Quality",22,Engineering,3,Physical Sciences,61523
T12222,IoT-based Smart Home Systems,2208,Electrical and Electronic Engineering,22,Engineering,3,Physical Sciences,61460
T11071,Treatment of Major Depression,2736,Pharmacology,27,Medicine,4,Health Sciences,61442
T10582,Ethics in Clinical Research,2739,"Public Health, Environmental and Occupational Health",27,Medicine,4,Health Sciences,61422
T12271,Renewable energy and sustainable power systems,2105,"Renewable Energy, Sustainability and the Environment",21,Energy,3,Physical Sciences,61422
T11989,Oxidative Organic Chemistry Reactions,1605,Organic Chemistry,16,Chemistry,3,Physical Sciences,61376
T11054,Adrenal and Paraganglionic Tumors,2746,Surgery,27,Medicine,4,Health Sciences,61360
T11906,"Gender, Sexuality, and Education",3318,Gender Studies,33,Social Sciences,2,Social Sciences,61359
T10646,Experimental Behavioral Economics Studies,3311,Safety Research,33,Social Sciences,2,Social Sciences,61308
T13101,Legal and Social Justice Studies,3308,Law,33,Social Sciences,2,Social Sciences,61279
T12853,Historical Geography and Geographical Thought,3305,"Geography, Planning and Development",33,Social Sciences,2,Social Sciences,61210
T11454,Cultural Differences and Values,3207,Social Psychology,32,Psychology,2,Social Sciences,61163
T11057,Cardiac Ischemia and Reperfusion,2734,Pathology and Forensic Medicine,27,Medicine,4,Health Sciences,61152
T13596,"Grouting, Rheology, and Soil Mechanics",2205,Civil and Structural Engineering,22,Engineering,3,Physical Sciences,61142
T11529,Refrigeration and Air Conditioning Technologies,2210,Mechanical Engineering,22,Engineering,3,Physical Sciences,61138
T10769,BRCA gene mutations in cancer,1311,Genetics,13,"Biochemistry, Genetics and Molecular Biology",1,Life Sciences,61133
T11521,Salivary Gland Disorders and Functions,2737,Physiology,27,Medicine,4,Health Sciences,61094
T10639,Advanced Software Engineering Methodologies,1702,Artificial Intelligence,17,Computer Science,3,Physical Sciences,60989
T11067,Colorectal Cancer Treatments and Studies,2730,Oncology,27,Medicine,4,Health Sciences,60977
T12906,Surgical Sutures and Adhesives,2746,Surgery,27,Medicine,4,Health Sciences,60977
T11935,"Literacy, Media, and Education",1208,Literature and Literary Theory,12,Arts and Humanities,2,Social Sciences,60906
T11282,Fibromyalgia and Chronic Fatigue Syndrome Research,2738,Psychiatry and Mental health,27,Medicine,4,Health Sciences,60835
T11489,Air Traffic Management and Optimization,2202,Aerospace Engineering,22,Engineering,3,Physical Sciences,60809
T13450,Turkish Literature and Culture,1208,Literature and Literary Theory,12,Arts and Humanities,2,Social Sciences,60795
T11151,Advanced Topology and Set Theory,2608,Geometry and Topology,26,Mathematics,3,Physical Sciences,60741
T13533,Medical Case Reports and Studies,2746,Surgery,27,Medicine,4,Health Sciences,60719
T11981,Qualitative Research Methods and Ethics,3312,Sociology and Political Science,33,Social Sciences,2,Social Sciences,60715
T12724,Water-Energy-Food Nexus Studies,2312,Water Science and Technology,23,Environmental Science,3,Physical Sciences,60710
T11862,"Agriculture, Land Use, Rural Development",1100,General Agricultural and Biological Sciences,11,Agricultural and Biological Sciences,1,Life Sciences,60704
T12881,linguistics and terminology studies,1203,Language and Linguistics,12,Arts and Humanities,2,Social Sciences,60690
T13574,Family Support in Illness,3312,Sociology and Political Science,33,Social Sciences,2,Social Sciences,60684
T12489,Microbial Metabolites in Food Biotechnology,2916,Nutrition and Dietetics,29,Nursing,4,Health Sciences,60649
T12431,Sugarcane Cultivation and Processing,1110,Plant Science,11,Agricultural and Biological Sciences,1,Life Sciences,60625
T10324,Microbial bioremediation and biosurfactants,2310,Pollution,23,Environmental Science,3,Physical Sciences,60619
T10996,Computational Geometry and Mesh Generation,1704,Computer Graphics and Computer-Aided Design,17,Computer Science,3,Physical Sciences,60607
T12815,Management and Organizational Practices,1408,Strategy and Management,14,"Business, Management and Accounting",2,Social Sciences,60603
T13316,"Crafts, Textile, and Design",1209,Museology,12,Arts and Humanities,2,Social Sciences,60598
T12524,Chemical Synthesis and Characterization,2311,Industrial and Manufacturing Engineering,23,Environmental Science,3,Physical Sciences,60591
T10194,Nonlinear Partial Differential Equations,2604,Applied Mathematics,26,Mathematics,3,Physical Sciences,60546
T10495,Catalysts for Methane Reforming,1503,Catalysis,15,Chemical Engineering,3,Physical Sciences,60532
T11152,Stochastic processes and statistical mechanics,2610,Mathematical Physics,26,Mathematics,3,Physical Sciences,60351
T11267,Abdominal Trauma and Injuries,2746,Surgery,27,Medicine,4,Health Sciences,60306
T14232,Water Resource Management and Quality,2312,Water Science and Technology,23,Environmental Science,3,Physical Sciences,60279
T11551,Infective Endocarditis Diagnosis and Management,2713,Epidemiology,27,Medicine,4,Health Sciences,60271
T10884,Holomorphic and Operator Theory,2604,Applied Mathematics,26,Mathematics,3,Physical Sciences,60257
T11351,Catalysis and Hydrodesulfurization Studies,2210,Mechanical Engineering,22,Engineering,3,Physical Sciences,60249
T12971,Material Properties and Processing,2211,Mechanics of Materials,22,Engineering,3,Physical Sciences,60244
T13296,Physical Education and Sports Studies,3312,Sociology and Political Science,33,Social Sciences,2,Social Sciences,60219
T10767,Advanced Photonic Communication Systems,2208,Electrical and Electronic Engineering,22,Engineering,3,Physical Sciences,60148
T12275,Gender and Feminist Studies,3318,Gender Studies,33,Social Sciences,2,Social Sciences,60085
T11208,Lignin and Wood Chemistry,2204,Biomedical Engineering,22,Engineering,3,Physical Sciences,59970
T11650,Skin and Cellular Biology Research,1307,Cell Biology,13,"Biochemistry, Genetics and Molecular Biology",1,Life Sciences,59931
T13509,Accounting and Financial Management,1402,Accounting,14,"Business, Management and Accounting",2,Social Sciences,59929
T12801,Bluetooth and Wireless Communication Technologies,1705,Computer Networks and Communications,17,Computer Science,3,Physical Sciences,59899
T14172,Cultural and Social Studies in Latin America,1208,Literature and Literary Theory,12,Arts and Humanities,2,Social Sciences,59886
T11314,Clinical Laboratory Practices and Quality Control,2737,Physiology,27,Medicine,4,Health Sciences,59825
T14470,Advanced Data Processing Techniques,2207,Control and Systems Engineering,22,Engineering,3,Physical Sciences,59825
T11077,Genetic and Clinical Aspects of Sex Determination and Chromosomal Abnormalities,1311,Genetics,13,"Biochemistry, Genetics and Molecular Biology",1,Life Sciences,59823
T12244,Healthcare Education and Workforce Issues,2911,Leadership and Management,29,Nursing,4,Health Sciences,59793
T13086,Post-Soviet Geopolitical Dynamics,3320,Political Science and International Relations,33,Social Sciences,2,Social Sciences,59788
T11968,High Altitude and Hypoxia,1311,Genetics,13,"Biochemistry, Genetics and Molecular Biology",1,Life Sciences,59714
T11339,"Metabolism, Diabetes, and Cancer",1312,Molecular Biology,13,"Biochemistry, Genetics and Molecular Biology",1,Life Sciences,59691
T13655,Canadian Policy and Governance,3320,Political Science and International Relations,33,Social Sciences,2,Social Sciences,59691
T11400,Motivation and Self-Concept in Sports,3207,Social Psychology,32,Psychology,2,Social Sciences,59642
T10869,Polysaccharides and Plant Cell Walls,1110,Plant Science,11,Agricultural and Biological Sciences,1,Life Sciences,59629
T10855,Amyotrophic Lateral Sclerosis Research,2728,Neurology,27,Medicine,4,Health Sciences,59609
T10490,Orbital Angular Momentum in Optics,3107,"Atomic and Molecular Physics, and Optics",31,Physics and Astronomy,3,Physical Sciences,59572
T13705,Australian Indigenous Culture and History,3314,Anthropology,33,Social Sciences,2,Social Sciences,59560
T10545,Optimization and Variational Analysis,1703,Computational Theory and Mathematics,17,Computer Science,3,Physical Sciences,59547
T13729,Korean Urban and Social Studies,2308,"Management, Monitoring, Policy and Law",23,Environmental Science,3,Physical Sciences,59538
T10853,"Anxiety, Depression, Psychometrics, Treatment, Cognitive Processes",3205,Experimental and Cognitive Psychology,32,Psychology,2,Social Sciences,59517
T10653,Robot Manipulation and Learning,2207,Control and Systems Engineering,22,Engineering,3,Physical Sciences,59513
T13562,Cruise Tourism Development and Management,3313,Transportation,33,Social Sciences,2,Social Sciences,59492
T12813,Plant and Biological Electrophysiology Studies,1110,Plant Science,11,Agricultural and Biological Sciences,1,Life Sciences,59444
T13787,"Globalization, Historical Perspectives, and International Relations",3312,Sociology and Political Science,33,Social Sciences,2,Social Sciences,59441
T12910,Eicosanoids and Hypertension Pharmacology,1303,Biochemistry,13,"Biochemistry, Genetics and Molecular Biology",1,Life Sciences,59354
T10807,Synthesis and characterization of novel inorganic/organometallic compounds,1604,Inorganic Chemistry,16,Chemistry,3,Physical Sciences,59316
T11978,Soil Mechanics and Vehicle Dynamics,2205,Civil and Structural Engineering,22,Engineering,3,Physical Sciences,59304
T11714,Multimodal Machine Learning Applications,1707,Computer Vision and Pattern Recognition,17,Computer Science,3,Physical Sciences,59299
T10966,Liver physiology and pathology,2721,Hepatology,27,Medicine,4,Health Sciences,59287
T11649,Pharmaceutical industry and healthcare,3004,Pharmacology,30,"Pharmacology, Toxicology and Pharmaceutics",1,Life Sciences,59264
T12727,Differential Equations and Numerical Methods,2612,Numerical Analysis,26,Mathematics,3,Physical Sciences,59245
T10530,Magnesium Alloys: Properties and Applications,2502,Biomaterials,25,Materials Science,3,Physical Sciences,59213
T11902,Intelligent Tutoring Systems and Adaptive Learning,1702,Artificial Intelligence,17,Computer Science,3,Physical Sciences,59174
T12722,Innovation Policy and R&D,2002,Economics and Econometrics,20,"Economics, Econometrics and Finance",2,Social Sciences,59164
T10411,Proteins in Food Systems,1106,Food Science,11,Agricultural and Biological Sciences,1,Life Sciences,59122
T11297,Ferroptosis and cancer prognosis,2740,Pulmonary and Respiratory Medicine,27,Medicine,4,Health Sciences,59095
T11262,Quantum Mechanics and Non-Hermitian Physics,3107,"Atomic and Molecular Physics, and Optics",31,Physics and Astronomy,3,Physical Sciences,59061
T10850,Heat Transfer and Boiling Studies,2210,Mechanical Engineering,22,Engineering,3,Physical Sciences,59058
T13294,Livestock and Poultry Management,1103,Animal Science and Zoology,11,Agricultural and Biological Sciences,1,Life Sciences,59021
T12037,Algebraic and Geometric Analysis,2604,Applied Mathematics,26,Mathematics,3,Physical Sciences,58963
T11296,COVID-19 and healthcare impacts,2730,Oncology,27,Medicine,4,Health Sciences,58946
T12680,Cultural and Mythological Studies,1200,General Arts and Humanities,12,Arts and Humanities,2,Social Sciences,58946
T11589,Gynecological conditions and treatments,2729,Obstetrics and Gynecology,27,Medicine,4,Health Sciences,58884
T11805,Agricultural economics and policies,3311,Safety Research,33,Social Sciences,2,Social Sciences,58858
T11936,Chemical and Physical Properties in Aqueous Solutions,1506,Filtration and Separation,15,Chemical Engineering,3,Physical Sciences,58772
T12421,Adrenal Hormones and Disorders,2712,"Endocrinology, Diabetes and Metabolism",27,Medicine,4,Health Sciences,58760
T10169,Protein Kinase Regulation and GTPase Signaling,1312,Molecular Biology,13,"Biochemistry, Genetics and Molecular Biology",1,Life Sciences,58750
T13538,Linguistics and Language Analysis,1203,Language and Linguistics,12,Arts and Humanities,2,Social Sciences,58742
T10243,Statistical Methods and Bayesian Inference,2613,Statistics and Probability,26,Mathematics,3,Physical Sciences,58718
T11368,Long-Term Effects of COVID-19,2728,Neurology,27,Medicine,4,Health Sciences,58661
T14521,Medicinal Plant Research,1110,Plant Science,11,Agricultural and Biological Sciences,1,Life Sciences,58626
T12317,Actinomycetales infections and treatment,2726,Microbiology,27,Medicine,4,Health Sciences,58620
T11780,Rabies epidemiology and control,2406,Virology,24,Immunology and Microbiology,1,Life Sciences,58590
T10847,Advanced Optical Network Technologies,2208,Electrical and Electronic Engineering,22,Engineering,3,Physical Sciences,58556
T11062,Gear and Bearing Dynamics Analysis,2210,Mechanical Engineering,22,Engineering,3,Physical Sciences,58554
T11166,Analytic Number Theory Research,2602,Algebra and Number Theory,26,Mathematics,3,Physical Sciences,58532
T11954,Energy Efficiency and Management,2105,"Renewable Energy, Sustainability and the Environment",21,Energy,3,Physical Sciences,58509
T12390,Comics and Graphic Narratives,1213,Visual Arts and Performing Arts,12,Arts and Humanities,2,Social Sciences,58472
T12370,Advances in Cucurbitaceae Research,1311,Genetics,13,"Biochemistry, Genetics and Molecular Biology",1,Life Sciences,58471
T11182,Auction Theory and Applications,1803,Management Science and Operations Research,18,Decision Sciences,2,Social Sciences,58470
T13019,African Studies and Geopolitics,3314,Anthropology,33,Social Sciences,2,Social Sciences,58446
T11988,Sustainable Building Design and Assessment,2215,Building and Construction,22,Engineering,3,Physical Sciences,58439
T12559,French Literature and Critical Theory,1208,Literature and Literary Theory,12,Arts and Humanities,2,Social Sciences,58432
T11236,Control Systems and Identification,2207,Control and Systems Engineering,22,Engineering,3,Physical Sciences,58391
T10967,Carbon Dioxide Capture Technologies,2210,Mechanical Engineering,22,Engineering,3,Physical Sciences,58381
T10980,Vascular Malformations and Hemangiomas,2746,Surgery,27,Medicine,4,Health Sciences,58302
T11265,Aging and Gerontology Research,3206,Neuropsychology and Physiological Psychology,32,Psychology,2,Social Sciences,58299
T10796,Cooperative Communication and Network Coding,1705,Computer Networks and Communications,17,Computer Science,3,Physical Sciences,58274
T10711,Target Tracking and Data Fusion in Sensor Networks,1702,Artificial Intelligence,17,Computer Science,3,Physical Sciences,58199
T12810,Real-time simulation and control systems,2207,Control and Systems Engineering,22,Engineering,3,Physical Sciences,58192
T11358,Dysphagia Assessment and Management,3616,Speech and Hearing,36,Health Professions,4,Health Sciences,58189
T12913,Multidisciplinary Research Papers Compilation,3300,General Social Sciences,33,Social Sciences,2,Social Sciences,58172
T14143,Economic and Technological Innovation,2002,Economics and Econometrics,20,"Economics, Econometrics and Finance",2,Social Sciences,58171
T11706,Forensic Entomology and Diptera Studies,1109,Insect Science,11,Agricultural and Biological Sciences,1,Life Sciences,58170
T13713,Diverse Perspectives in Modern Studies,2002,Economics and Econometrics,20,"Economics, Econometrics and Finance",2,Social Sciences,58168
T10917,Smart Grid Security and Resilience,2207,Control and Systems Engineering,22,Engineering,3,Physical Sciences,58164
T12192,Polysaccharides Composition and Applications,1106,Food Science,11,Agricultural and Biological Sciences,1,Life Sciences,58113
T11919,dental development and anomalies,1312,Molecular Biology,13,"Biochemistry, Genetics and Molecular Biology",1,Life Sciences,58102
T10633,Metallic Glasses and Amorphous Alloys,2210,Mechanical Engineering,22,Engineering,3,Physical Sciences,58088
T12999,Medieval History and Crusades,1202,History,12,Arts and Humanities,2,Social Sciences,58071
T10210,Advanced oxidation water treatment,2312,Water Science and Technology,23,Environmental Science,3,Physical Sciences,58040
T13010,Agriculture and Agroindustry Studies,1100,General Agricultural and Biological Sciences,11,Agricultural and Biological Sciences,1,Life Sciences,58033
T13162,African Studies and Ethnography,3312,Sociology and Political Science,33,Social Sciences,2,Social Sciences,58030
T12126,Maritime Transport Emissions and Efficiency,2305,Environmental Engineering,23,Environmental Science,3,Physical Sciences,58006
T12967,Molecular Spectroscopy and Structure,1607,Spectroscopy,16,Chemistry,3,Physical Sciences,57964
T12243,Research in Cotton Cultivation,1110,Plant Science,11,Agricultural and Biological Sciences,1,Life Sciences,57892
T14003,Labor Law and Work Dynamics,3320,Political Science and International Relations,33,Social Sciences,2,Social Sciences,57875
T14406,Multidisciplinary Science and Engineering Research,1804,"Statistics, Probability and Uncertainty",18,Decision Sciences,2,Social Sciences,57863
T14129,Economic and Business Studies,2002,Economics and Econometrics,20,"Economics, Econometrics and Finance",2,Social Sciences,57793
T11205,Numerical methods in inverse problems,2610,Mathematical Physics,26,Mathematics,3,Physical Sciences,57702
T12439,Dental Research and COVID-19,3500,General Dentistry,35,Dentistry,4,Health Sciences,57696
T11327,Acupuncture Treatment Research Studies,2707,Complementary and alternative medicine,27,Medicine,4,Health Sciences,57631
T10282,Financial Risk and Volatility Modeling,2003,Finance,20,"Economics, Econometrics and Finance",2,Social Sciences,57622
T10752,Terahertz technology and applications,2208,Electrical and Electronic Engineering,22,Engineering,3,Physical Sciences,57599
T13920,Urban Planning and Valuation,2308,"Management, Monitoring, Policy and Law",23,Environmental Science,3,Physical Sciences,57458
T11435,Polynomial and algebraic computation,1703,Computational Theory and Mathematics,17,Computer Science,3,Physical Sciences,57449
T10811,Hydrogen Storage and Materials,2505,Materials Chemistry,25,Materials Science,3,Physical Sciences,57419
T13511,Geodetic Measurements and Engineering Structures,2205,Civil and Structural Engineering,22,Engineering,3,Physical Sciences,57416
T14147,Innovative Approaches in Technology and Social Development,1405,Management of Technology and Innovation,14,"Business, Management and Accounting",2,Social Sciences,57415
T11305,"Amyloidosis: Diagnosis, Treatment, Outcomes",1312,Molecular Biology,13,"Biochemistry, Genetics and Molecular Biology",1,Life Sciences,57388
T11772,Genetics and Neurodevelopmental Disorders,1311,Genetics,13,"Biochemistry, Genetics and Molecular Biology",1,Life Sciences,57388
T11103,Antimicrobial Peptides and Activities,2404,Microbiology,24,Immunology and Microbiology,1,Life Sciences,57384
T11032,VLSI and Analog Circuit Testing,1708,Hardware and Architecture,17,Computer Science,3,Physical Sciences,57372
T11689,Adversarial Robustness in Machine Learning,1702,Artificial Intelligence,17,Computer Science,3,Physical Sciences,57372
T10963,Advanced Optimization Algorithms Research,2612,Numerical Analysis,26,Mathematics,3,Physical Sciences,57357
T10820,Fuzzy Logic and Control Systems,1702,Artificial Intelligence,17,Computer Science,3,Physical Sciences,57355
T13389,German Economic Analysis & Policies,2002,Economics and Econometrics,20,"Economics, Econometrics and Finance",2,Social Sciences,57345
T10233,Geotechnical Engineering and Soil Mechanics,2205,Civil and Structural Engineering,22,Engineering,3,Physical Sciences,57331
T13344,Industrial Automation and Control Systems,2207,Control and Systems Engineering,22,Engineering,3,Physical Sciences,57309
T12035,Pain Management and Placebo Effect,2805,Cognitive Neuroscience,28,Neuroscience,1,Life Sciences,57258
T11436,Entomopathogenic Microorganisms in Pest Control,1109,Insect Science,11,Agricultural and Biological Sciences,1,Life Sciences,57236
T11982,Rhetoric and Communication Studies,1211,Philosophy,12,Arts and Humanities,2,Social Sciences,57236
T10249,Distributed Control Multi-Agent Systems,1705,Computer Networks and Communications,17,Computer Science,3,Physical Sciences,57205
T12799,Mobile and Web Applications,1710,Information Systems,17,Computer Science,3,Physical Sciences,57197
T12146,Power Line Communications and Noise,2208,Electrical and Electronic Engineering,22,Engineering,3,Physical Sciences,57169
T13674,Computer Science and Engineering,1702,Artificial Intelligence,17,Computer Science,3,Physical Sciences,57130
T10456,Multi-Agent Systems and Negotiation,1702,Artificial Intelligence,17,Computer Science,3,Physical Sciences,57103
T11389,Maternal and fetal healthcare,2735,"Pediatrics, Perinatology and Child Health",27,Medicine,4,Health Sciences,57088
T14242,"Nutrition, Health, and Society Studies",1106,Food Science,11,Agricultural and Biological Sciences,1,Life Sciences,57074
T12031,Speech and dialogue systems,1702,Artificial Intelligence,17,Computer Science,3,Physical Sciences,57029
T12325,Urban Design and Spatial Analysis,2215,Building and Construction,22,Engineering,3,Physical Sciences,57012
T13112,Nutrition and Health Studies,2739,"Public Health, Environmental and Occupational Health",27,Medicine,4,Health Sciences,56984
T10408,Chronic Kidney Disease and Diabetes,2727,Nephrology,27,Medicine,4,Health Sciences,56967
T10500,Sparse and Compressive Sensing Techniques,2206,Computational Mechanics,22,Engineering,3,Physical Sciences,56960
T11345,Cognitive and developmental aspects of mathematical skills,2613,Statistics and Probability,26,Mathematics,3,Physical Sciences,56945
T11461,Local Government Finance and Decentralization,3320,Political Science and International Relations,33,Social Sciences,2,Social Sciences,56945
T14347,Big Data and Digital Economy,1710,Information Systems,17,Computer Science,3,Physical Sciences,56892
T11017,Chaos-based Image/Signal Encryption,1707,Computer Vision and Pattern Recognition,17,Computer Science,3,Physical Sciences,56878
T14139,E-commerce and Technology Innovations,1403,Business and International Management,14,"Business, Management and Accounting",2,Social Sciences,56865
T11901,Bayesian Methods and Mixture Models,1702,Artificial Intelligence,17,Computer Science,3,Physical Sciences,56847
T11196,Non-Invasive Vital Sign Monitoring,2204,Biomedical Engineering,22,Engineering,3,Physical Sciences,56844
T10701,Radical Photochemical Reactions,1605,Organic Chemistry,16,Chemistry,3,Physical Sciences,56829
T10656,Child and Animal Learning Development,3204,Developmental and Educational Psychology,32,Psychology,2,Social Sciences,56824
T12674,"Rabbits: Nutrition, Reproduction, Health",1103,Animal Science and Zoology,11,Agricultural and Biological Sciences,1,Life Sciences,56787
T13126,Scientific Research and Discoveries,3109,Statistical and Nonlinear Physics,31,Physics and Astronomy,3,Physical Sciences,56771
T13018,Seismology and Earthquake Studies,1702,Artificial Intelligence,17,Computer Science,3,Physical Sciences,56752
T14365,Leaf Properties and Growth Measurement,1110,Plant Science,11,Agricultural and Biological Sciences,1,Life Sciences,56751
T10473,Postharvest Quality and Shelf Life Management,1110,Plant Science,11,Agricultural and Biological Sciences,1,Life Sciences,56735
T13267,Advanced Theoretical and Applied Studies in Material Sciences and Geometry,2204,Biomedical Engineering,22,Engineering,3,Physical Sciences,56722
T10774,Weed Control and Herbicide Applications,1110,Plant Science,11,Agricultural and Biological Sciences,1,Life Sciences,56648
T10777,Politics and Society in Latin America,3320,Political Science and International Relations,33,Social Sciences,2,Social Sciences,56627
T11120,Nonprofit Sector and Volunteering,3312,Sociology and Political Science,33,Social Sciences,2,Social Sciences,56624
T13050,Oil and Gas Production Techniques,2212,Ocean Engineering,22,Engineering,3,Physical Sciences,56605
T12882,Jungian Analytical Psychology,3207,Social Psychology,32,Psychology,2,Social Sciences,56587
T11695,South African History and Culture,3312,Sociology and Political Science,33,Social Sciences,2,Social Sciences,56573
T12539,Pharmacology and Obesity Treatment,2736,Pharmacology,27,Medicine,4,Health Sciences,56567
T12841,Echinoderm biology and ecology,1104,Aquatic Science,11,Agricultural and Biological Sciences,1,Life Sciences,56551
T13260,Linguistics and Language Studies,1203,Language and Linguistics,12,Arts and Humanities,2,Social Sciences,56541
T10684,Acute Kidney Injury Research,2727,Nephrology,27,Medicine,4,Health Sciences,56539
T12554,Vitamin C and Antioxidants Research,2916,Nutrition and Dietetics,29,Nursing,4,Health Sciences,56503
T14484,Technology and Data Analysis,1710,Information Systems,17,Computer Science,3,Physical Sciences,56463
T13191,Dispute Resolution and Class Actions,1408,Strategy and Management,14,"Business, Management and Accounting",2,Social Sciences,56423
T10939,Crystal Structures and Properties,2504,"Electronic, Optical and Magnetic Materials",25,Materials Science,3,Physical Sciences,56391
T14427,Environmental Monitoring and Data Management,1907,Geology,19,Earth and Planetary Sciences,3,Physical Sciences,56327
T11313,Immune cells in cancer,2403,Immunology,24,Immunology and Microbiology,1,Life Sciences,56315
T11656,Turtle Biology and Conservation,2309,Nature and Landscape Conservation,23,Environmental Science,3,Physical Sciences,56255
T11448,Face recognition and analysis,1707,Computer Vision and Pattern Recognition,17,Computer Science,3,Physical Sciences,56242
T10626,High-Temperature Coating Behaviors,2202,Aerospace Engineering,22,Engineering,3,Physical Sciences,56194
T12871,Healthcare Quality and Management,3605,Health Information Management,36,Health Professions,4,Health Sciences,56176
T11278,Calcium Carbonate Crystallization and Inhibition,2502,Biomaterials,25,Materials Science,3,Physical Sciences,56148
T11867,Traumatic Ocular and Foreign Body Injuries,2731,Ophthalmology,27,Medicine,4,Health Sciences,56055
T14285,Biopolymer Synthesis and Applications,1312,Molecular Biology,13,"Biochemistry, Genetics and Molecular Biology",1,Life Sciences,56015
T10724,Ion Transport and Channel Regulation,1312,Molecular Biology,13,"Biochemistry, Genetics and Molecular Biology",1,Life Sciences,56014
T10912,Telemedicine and Telehealth Implementation,2739,"Public Health, Environmental and Occupational Health",27,Medicine,4,Health Sciences,55988
T10357,Efficiency Analysis Using DEA,1803,Management Science and Operations Research,18,Decision Sciences,2,Social Sciences,55971
T11107,Selenium in Biological Systems,2916,Nutrition and Dietetics,29,Nursing,4,Health Sciences,55963
T12671,Management and Marketing Education,1405,Management of Technology and Innovation,14,"Business, Management and Accounting",2,Social Sciences,55961
T11683,Quantum and Classical Electrodynamics,3107,"Atomic and Molecular Physics, and Optics",31,Physics and Astronomy,3,Physical Sciences,55954
T10242,Posttraumatic Stress Disorder Research,3203,Clinical Psychology,32,Psychology,2,Social Sciences,55934
T12556,Educational Methods and Analysis,3304,Education,33,Social Sciences,2,Social Sciences,55933
T11127,Solid State Laser Technologies,2208,Electrical and Electronic Engineering,22,Engineering,3,Physical Sciences,55930
T11924,Polyamine Metabolism and Applications,1312,Molecular Biology,13,"Biochemistry, Genetics and Molecular Biology",1,Life Sciences,55929
T14448,EU Law and Policy Analysis,3308,Law,33,Social Sciences,2,Social Sciences,55903
T12862,Catholicism and Religious Studies,1202,History,12,Arts and Humanities,2,Social Sciences,55886
T14288,"Law, Rights, and Freedoms",3312,Sociology and Political Science,33,Social Sciences,2,Social Sciences,55880
T11397,"Populism, Right-Wing Movements",3320,Political Science and International Relations,33,Social Sciences,2,Social Sciences,55837
T11109,Thermoregulation and physiological responses,2737,Physiology,27,Medicine,4,Health Sciences,55786
T11779,Higher Education and Employability,3304,Education,33,Social Sciences,2,Social Sciences,55764
T10614,Transcranial Magnetic Stimulation Studies,2808,Neurology,28,Neuroscience,1,Life Sciences,55714
T11485,Gastrointestinal Tumor Research and Treatment,2715,Gastroenterology,27,Medicine,4,Health Sciences,55680
T12022,Hydraulic flow and structures,2205,Civil and Structural Engineering,22,Engineering,3,Physical Sciences,55661
T12107,Leprosy Research and Treatment,2725,Infectious Diseases,27,Medicine,4,Health Sciences,55650
T10954,Peripheral Nerve Disorders,2741,"Radiology, Nuclear Medicine and Imaging",27,Medicine,4,Health Sciences,55611
T11585,Exercise and Physiological Responses,2742,Rehabilitation,27,Medicine,4,Health Sciences,55603
T11864,Supply Chain Resilience and Risk Management,1408,Strategy and Management,14,"Business, Management and Accounting",2,Social Sciences,55603
T11303,Bayesian Modeling and Causal Inference,1702,Artificial Intelligence,17,Computer Science,3,Physical Sciences,55597
T12994,Infrared Thermography in Medicine,2741,"Radiology, Nuclear Medicine and Imaging",27,Medicine,4,Health Sciences,55571
T12279,Body Composition Measurement Techniques,2737,Physiology,27,Medicine,4,Health Sciences,55551
T10462,Reinforcement Learning in Robotics,1702,Artificial Intelligence,17,Computer Science,3,Physical Sciences,55545
T13166,Information Science and Libraries,1710,Information Systems,17,Computer Science,3,Physical Sciences,55517
T11110,Stability and Controllability of Differential Equations,2207,Control and Systems Engineering,22,Engineering,3,Physical Sciences,55513
T12477,Toxin Mechanisms and Immunotoxins,2403,Immunology,24,Immunology and Microbiology,1,Life Sciences,55459
T12128,AI in Service Interactions,1702,Artificial Intelligence,17,Computer Science,3,Physical Sciences,55438
T13127,Biotin and Related Studies,1307,Cell Biology,13,"Biochemistry, Genetics and Molecular Biology",1,Life Sciences,55374
T14216,Multimedia Learning Systems,1710,Information Systems,17,Computer Science,3,Physical Sciences,55369
T11868,Cancer and Skin Lesions,2708,Dermatology,27,Medicine,4,Health Sciences,55350
T11447,Blind Source Separation Techniques,1711,Signal Processing,17,Computer Science,3,Physical Sciences,55320
T12246,Chronic Disease Management Strategies,2713,Epidemiology,27,Medicine,4,Health Sciences,55304
T12587,Gestational Trophoblastic Disease Studies,2739,"Public Health, Environmental and Occupational Health",27,Medicine,4,Health Sciences,55230
T13950,Collembola Taxonomy and Ecology Studies,1105,"Ecology, Evolution, Behavior and Systematics",11,Agricultural and Biological Sciences,1,Life Sciences,55230
T12578,Diagnosis and treatment of tuberculosis,2746,Surgery,27,Medicine,4,Health Sciences,55204
T11414,Quantum optics and atomic interactions,3107,"Atomic and Molecular Physics, and Optics",31,Physics and Astronomy,3,Physical Sciences,55190
T11566,Laser Applications in Dentistry and Medicine,2741,"Radiology, Nuclear Medicine and Imaging",27,Medicine,4,Health Sciences,55132
T10813,Sport Psychology and Performance,3204,Developmental and Educational Psychology,32,Psychology,2,Social Sciences,55123
T13196,Political Theory and Influence,3320,Political Science and International Relations,33,Social Sciences,2,Social Sciences,55108
T11450,Model-Driven Software Engineering Techniques,1712,Software,17,Computer Science,3,Physical Sciences,55090
T12383,Aeolian processes and effects,1904,Earth-Surface Processes,19,Earth and Planetary Sciences,3,Physical Sciences,55083
T10874,Electromagnetic Fields and Biological Effects,1304,Biophysics,13,"Biochemistry, Genetics and Molecular Biology",1,Life Sciences,55023
T11877,Iron oxide chemistry and applications,2105,"Renewable Energy, Sustainability and the Environment",21,Energy,3,Physical Sciences,55021
T11768,Music Therapy and Health,3207,Social Psychology,32,Psychology,2,Social Sciences,55020
T10991,Game Theory and Voting Systems,2002,Economics and Econometrics,20,"Economics, Econometrics and Finance",2,Social Sciences,55010
T12592,Opinion Dynamics and Social Influence,3109,Statistical and Nonlinear Physics,31,Physics and Astronomy,3,Physical Sciences,55009
T12140,Renal and related cancers,1312,Molecular Biology,13,"Biochemistry, Genetics and Molecular Biology",1,Life Sciences,54986
T13840,Chemical Safety and Risk Management,1504,Chemical Health and Safety,15,Chemical Engineering,3,Physical Sciences,54978
T12756,Plant Toxicity and Pharmacological Properties,1312,Molecular Biology,13,"Biochemistry, Genetics and Molecular Biology",1,Life Sciences,54957
T11186,Hydrology and Drought Analysis,2306,Global and Planetary Change,23,Environmental Science,3,Physical Sciences,54893
T10710,Arsenic contamination and mitigation,2304,Environmental Chemistry,23,Environmental Science,3,Physical Sciences,54884
T11951,Trauma Management and Diagnosis,2746,Surgery,27,Medicine,4,Health Sciences,54856
T11011,Frailty in Older Adults,2717,Geriatrics and Gerontology,27,Medicine,4,Health Sciences,54832
T11755,Transboundary Water Resource Management,3312,Sociology and Political Science,33,Social Sciences,2,Social Sciences,54802
T11099,Autonomous Vehicle Technology and Safety,2203,Automotive Engineering,22,Engineering,3,Physical Sciences,54775
T10343,"Hydrogels: synthesis, properties, applications",1313,Molecular Medicine,13,"Biochemistry, Genetics and Molecular Biology",1,Life Sciences,54759
T11251,Meningioma and schwannoma management,2713,Epidemiology,27,Medicine,4,Health Sciences,54735
T11703,"Rings, Modules, and Algebras",2602,Algebra and Number Theory,26,Mathematics,3,Physical Sciences,54717
T12448,Paranormal Experiences and Beliefs,3207,Social Psychology,32,Psychology,2,Social Sciences,54695
T12365,Effects of Environmental Stressors on Livestock,1103,Animal Science and Zoology,11,Agricultural and Biological Sciences,1,Life Sciences,54678
T12118,Forest Biomass Utilization and Management,2211,Mechanics of Materials,22,Engineering,3,Physical Sciences,54668
T11804,Quantum many-body systems,3107,"Atomic and Molecular Physics, and Optics",31,Physics and Astronomy,3,Physical Sciences,54619
T14324,Insects and Parasite Interactions,2307,"Health, Toxicology and Mutagenesis",23,Environmental Science,3,Physical Sciences,54603
T12042,Satellite Communication Systems,2202,Aerospace Engineering,22,Engineering,3,Physical Sciences,54586
T11276,Solar Radiation and Photovoltaics,1702,Artificial Intelligence,17,Computer Science,3,Physical Sciences,54560
T11677,Congenital heart defects research,1312,Molecular Biology,13,"Biochemistry, Genetics and Molecular Biology",1,Life Sciences,54545
T11567,semigroups and automata theory,1703,Computational Theory and Mathematics,17,Computer Science,3,Physical Sciences,54492
T10974,Advanced Queuing Theory Analysis,1404,Management Information Systems,14,"Business, Management and Accounting",2,Social Sciences,54462
T11328,Ocular Oncology and Treatments,2731,Ophthalmology,27,Medicine,4,Health Sciences,54461
T11453,Diagnosis and Treatment of Venous Diseases,2746,Surgery,27,Medicine,4,Health Sciences,54457
T11845,Cancer therapeutics and mechanisms,1312,Molecular Biology,13,"Biochemistry, Genetics and Molecular Biology",1,Life Sciences,54433
T12016,Web Data Mining and Analysis,1710,Information Systems,17,Computer Science,3,Physical Sciences,54383
T12602,Medical Education and Admissions,2739,"Public Health, Environmental and Occupational Health",27,Medicine,4,Health Sciences,54383
T13414,Radioactive Decay and Measurement Techniques,3108,Radiation,31,Physics and Astronomy,3,Physical Sciences,54354
T12066,Obesity and Health Practices,3611,Pharmacy,36,Health Professions,4,Health Sciences,54344
T11923,Mine drainage and remediation techniques,2304,Environmental Chemistry,23,Environmental Science,3,Physical Sciences,54343
T13373,Data Mining and Machine Learning Applications,1710,Information Systems,17,Computer Science,3,Physical Sciences,54318
T11139,"Gout, Hyperuricemia, Uric Acid",2727,Nephrology,27,Medicine,4,Health Sciences,54315
T12151,Interpreting and Communication in Healthcare,3600,General Health Professions,36,Health Professions,4,Health Sciences,54284
T13049,Surface Roughness and Optical Measurements,2206,Computational Mechanics,22,Engineering,3,Physical Sciences,54268
T10704,Advancements in Transdermal Drug Delivery,3003,Pharmaceutical Science,30,"Pharmacology, Toxicology and Pharmaceutics",1,Life Sciences,54251
T10962,Thermodynamic properties of mixtures,1507,Fluid Flow and Transfer Processes,15,Chemical Engineering,3,Physical Sciences,54203
T10565,"Psychopathy, Forensic Psychiatry, Sexual Offending",3203,Clinical Psychology,32,Psychology,2,Social Sciences,54200
T11018,Lower Extremity Biomechanics and Pathologies,2204,Biomedical Engineering,22,Engineering,3,Physical Sciences,54191
T10953,E-Government and Public Services,3320,Political Science and International Relations,33,Social Sciences,2,Social Sciences,54025
T11702,Parasitic Diseases Research and Treatment,2725,Infectious Diseases,27,Medicine,4,Health Sciences,54020
T11492,Academic integrity and plagiarism,3311,Safety Research,33,Social Sciences,2,Social Sciences,54017
T13892,Aquatic life and conservation,1104,Aquatic Science,11,Agricultural and Biological Sciences,1,Life Sciences,53899
T11306,Nonmelanoma Skin Cancer Studies,2713,Epidemiology,27,Medicine,4,Health Sciences,53825
T13909,Environmental Quality and Pollution,2303,Ecology,23,Environmental Science,3,Physical Sciences,53790
T11775,COVID-19 diagnosis using AI,2741,"Radiology, Nuclear Medicine and Imaging",27,Medicine,4,Health Sciences,53786
T12934,Plant and fungal interactions,1105,"Ecology, Evolution, Behavior and Systematics",11,Agricultural and Biological Sciences,1,Life Sciences,53761
T14184,Metallurgy and Material Science,2505,Materials Chemistry,25,Materials Science,3,Physical Sciences,53761
T11570,Periodontal Regeneration and Treatments,2748,Urology,27,Medicine,4,Health Sciences,53722
T12103,Cancer Risks and Factors,2730,Oncology,27,Medicine,4,Health Sciences,53683
T10780,Reliability and Maintenance Optimization,2213,"Safety, Risk, Reliability and Quality",22,Engineering,3,Physical Sciences,53642
T11568,Railway Systems and Energy Efficiency,2209,Industrial and Manufacturing Engineering,22,Engineering,3,Physical Sciences,53623
T12023,Cholinesterase and Neurodegenerative Diseases,2736,Pharmacology,27,Medicine,4,Health Sciences,53599
T12186,Phosphorus and nutrient management,2311,Industrial and Manufacturing Engineering,23,Environmental Science,3,Physical Sciences,53569
T12537,Flow Measurement and Analysis,2211,Mechanics of Materials,22,Engineering,3,Physical Sciences,53549
T13171,Polymer Science and PVC,2507,Polymers and Plastics,25,Materials Science,3,Physical Sciences,53513
T12673,Microbial Metabolism and Applications,1305,Biotechnology,13,"Biochemistry, Genetics and Molecular Biology",1,Life Sciences,53465
T13625,Journalism and Media Studies,3315,Communication,33,Social Sciences,2,Social Sciences,53433
T10900,Listeria monocytogenes in Food Safety,1305,Biotechnology,13,"Biochemistry, Genetics and Molecular Biology",1,Life Sciences,53418
T14198,Philosophical Thought and Analysis,3300,General Social Sciences,33,Social Sciences,2,Social Sciences,53399
T11639,Mental Health and Patient Involvement,3600,General Health Professions,36,Health Professions,4,Health Sciences,53378
T11723,Optical Coatings and Gratings,2508,"Surfaces, Coatings and Films",25,Materials Science,3,Physical Sciences,53351
T12666,Historical Psychiatry and Medical Practices,3203,Clinical Psychology,32,Psychology,2,Social Sciences,53345
T11173,Neurofibromatosis and Schwannoma Cases,2728,Neurology,27,Medicine,4,Health Sciences,53339
T11664,Fiber-reinforced polymer composites,2210,Mechanical Engineering,22,Engineering,3,Physical Sciences,53294
T12396,Advanced Differential Equations and Dynamical Systems,2608,Geometry and Topology,26,Mathematics,3,Physical Sciences,53264
T10956,Fullerene Chemistry and Applications,1605,Organic Chemistry,16,Chemistry,3,Physical Sciences,53241
T10642,Plasma Applications and Diagnostics,2741,"Radiology, Nuclear Medicine and Imaging",27,Medicine,4,Health Sciences,53215
T12093,Greenhouse Technology and Climate Control,1110,Plant Science,11,Agricultural and Biological Sciences,1,Life Sciences,53165
T10541,Nonlinear Differential Equations Analysis,2604,Applied Mathematics,26,Mathematics,3,Physical Sciences,53143
T10723,Advanced Welding Techniques Analysis,2210,Mechanical Engineering,22,Engineering,3,Physical Sciences,53129
T12681,Global Healthcare and Medical Tourism,3600,General Health Professions,36,Health Professions,4,Health Sciences,53127
T10906,AI-based Problem Solving and Planning,1702,Artificial Intelligence,17,Computer Science,3,Physical Sciences,53124
T11611,Cyclopropane Reaction Mechanisms,1605,Organic Chemistry,16,Chemistry,3,Physical Sciences,53123
T11273,Advanced Graph Neural Networks,1702,Artificial Intelligence,17,Computer Science,3,Physical Sciences,53114
T11063,Rough Sets and Fuzzy Logic,1703,Computational Theory and Mathematics,17,Computer Science,3,Physical Sciences,53104
T10149,Anthropological Studies and Insights,3314,Anthropology,33,Social Sciences,2,Social Sciences,53075
T13836,Educational Research and Pedagogy,1705,Computer Networks and Communications,17,Computer Science,3,Physical Sciences,53069
T10959,Student Assessment and Feedback,3304,Education,33,Social Sciences,2,Social Sciences,53067
T10592,Fusion materials and technologies,2505,Materials Chemistry,25,Materials Science,3,Physical Sciences,53054
T11068,Tendon Structure and Treatment,2732,Orthopedics and Sports Medicine,27,Medicine,4,Health Sciences,53054
T13013,Free Radicals and Antioxidants,1605,Organic Chemistry,16,Chemistry,3,Physical Sciences,53043
T12952,School Leadership and Teacher Performance,3304,Education,33,Social Sciences,2,Social Sciences,53032
T11193,Adenosine and Purinergic Signaling,1314,Physiology,13,"Biochemistry, Genetics and Molecular Biology",1,Life Sciences,53029
T11987,COVID-19 Impact on Reproduction,2729,Obstetrics and Gynecology,27,Medicine,4,Health Sciences,53021
T12125,Aerospace and Aviation Technology,2202,Aerospace Engineering,22,Engineering,3,Physical Sciences,52993
T13736,Steroid Chemistry and Biochemistry,1312,Molecular Biology,13,"Biochemistry, Genetics and Molecular Biology",1,Life Sciences,52936
T12518,Diverticular Disease and Complications,2746,Surgery,27,Medicine,4,Health Sciences,52923
T11346,Mast cells and histamine,2403,Immunology,24,Immunology and Microbiology,1,Life Sciences,52870
T11394,Dynamics and Control of Mechanical Systems,2207,Control and Systems Engineering,22,Engineering,3,Physical Sciences,52866
T11418,Plant Micronutrient Interactions and Effects,1110,Plant Science,11,Agricultural and Biological Sciences,1,Life Sciences,52856
T13842,Intellectual Property Law,3308,Law,33,Social Sciences,2,Social Sciences,52850
T13386,Educational Methods and Teacher Development,1710,Information Systems,17,Computer Science,3,Physical Sciences,52795
T11737,Advanced Materials and Mechanics,2210,Mechanical Engineering,22,Engineering,3,Physical Sciences,52714
T11500,Evacuation and Crowd Dynamics,2212,Ocean Engineering,22,Engineering,3,Physical Sciences,52707
T11008,Aerodynamics and Acoustics in Jet Flows,2202,Aerospace Engineering,22,Engineering,3,Physical Sciences,52698
T12460,Pediatric Hepatobiliary Diseases and Treatments,2746,Surgery,27,Medicine,4,Health Sciences,52696
T12314,Nuts composition and effects,2916,Nutrition and Dietetics,29,Nursing,4,Health Sciences,52686
T12226,Neuroblastoma Research and Treatments,2728,Neurology,27,Medicine,4,Health Sciences,52685
T11533,Melanoma and MAPK Pathways,1312,Molecular Biology,13,"Biochemistry, Genetics and Molecular Biology",1,Life Sciences,52682
T14464,Community Development and Social Impact,2003,Finance,20,"Economics, Econometrics and Finance",2,Social Sciences,52643
T12336,Insect Utilization and Effects,1109,Insect Science,11,Agricultural and Biological Sciences,1,Life Sciences,52615
T13318,Diverse Scientific Research in Ukraine,2306,Global and Planetary Change,23,Environmental Science,3,Physical Sciences,52561
T12860,Family and Patient Care in Intensive Care Units,3614,Radiological and Ultrasound Technology,36,Health Professions,4,Health Sciences,52555
T14124,"Food, Nutrition, and Cultural Practices",1106,Food Science,11,Agricultural and Biological Sciences,1,Life Sciences,52534
T10775,Generative Adversarial Networks and Image Synthesis,1707,Computer Vision and Pattern Recognition,17,Computer Science,3,Physical Sciences,52517
T13726,International Science and Diplomacy,3320,Political Science and International Relations,33,Social Sciences,2,Social Sciences,52504
T11946,Antenna Design and Optimization,2202,Aerospace Engineering,22,Engineering,3,Physical Sciences,52480
T14212,Health Promotion and Cardiovascular Prevention,2739,"Public Health, Environmental and Occupational Health",27,Medicine,4,Health Sciences,52446
T13425,Rural and Ethnic Education,3304,Education,33,Social Sciences,2,Social Sciences,52445
T12785,Hong Kong and Taiwan Politics,3312,Sociology and Political Science,33,Social Sciences,2,Social Sciences,52436
T12418,Respiratory and Cough-Related Research,2740,Pulmonary and Respiratory Medicine,27,Medicine,4,Health Sciences,52416
T13885,Geophysics and Sensor Technology,2212,Ocean Engineering,22,Engineering,3,Physical Sciences,52398
T10508,Patient Safety and Medication Errors,3604,Emergency Medical Services,36,Health Professions,4,Health Sciences,52376
T13953,Digital Imaging in Medicine,2739,"Public Health, Environmental and Occupational Health",27,Medicine,4,Health Sciences,52368
T11799,"Adhesion, Friction, and Surface Interactions",2211,Mechanics of Materials,22,Engineering,3,Physical Sciences,52304
T11317,Fire dynamics and safety research,2213,"Safety, Risk, Reliability and Quality",22,Engineering,3,Physical Sciences,52300
T10909,Edible Oils Quality and Analysis,1605,Organic Chemistry,16,Chemistry,3,Physical Sciences,52288
T11134,Breast Lesions and Carcinomas,2734,Pathology and Forensic Medicine,27,Medicine,4,Health Sciences,52265
T13395,"Education, Leadership, and Health Research",3304,Education,33,Social Sciences,2,Social Sciences,52238
T10611,Organic Light-Emitting Diodes Research,2208,Electrical and Electronic Engineering,22,Engineering,3,Physical Sciences,52218
T11526,Innovative Teaching Methods,3304,Education,33,Social Sciences,2,Social Sciences,52218
T11898,Economics of Agriculture and Food Markets,2002,Economics and Econometrics,20,"Economics, Econometrics and Finance",2,Social Sciences,52197
T10993,Complement system in diseases,2403,Immunology,24,Immunology and Microbiology,1,Life Sciences,52175
T11377,Retinal and Macular Surgery,2741,"Radiology, Nuclear Medicine and Imaging",27,Medicine,4,Health Sciences,52126
T13382,Robotics and Automated Systems,2207,Control and Systems Engineering,22,Engineering,3,Physical Sciences,52104
T11422,Burn Injury Management and Outcomes,2713,Epidemiology,27,Medicine,4,Health Sciences,52079
T11264,Coffee research and impacts,2736,Pharmacology,27,Medicine,4,Health Sciences,52036
T11093,Personality Disorders and Psychopathology,3203,Clinical Psychology,32,Psychology,2,Social Sciences,51979
T11078,Inflammasome and immune disorders,1312,Molecular Biology,13,"Biochemistry, Genetics and Molecular Biology",1,Life Sciences,51949
T11123,Obsessive-Compulsive Spectrum Disorders,3203,Clinical Psychology,32,Psychology,2,Social Sciences,51935
T12632,Visual Culture and Art Theory,1213,Visual Arts and Performing Arts,12,Arts and Humanities,2,Social Sciences,51916
T10439,Climate change impacts on agriculture,1105,"Ecology, Evolution, Behavior and Systematics",11,Agricultural and Biological Sciences,1,Life Sciences,51910
T14144,Neurological Disease Mechanisms and Treatments,2808,Neurology,28,Neuroscience,1,Life Sciences,51855
T11128,Transition Metal Oxide Nanomaterials,2507,Polymers and Plastics,25,Materials Science,3,Physical Sciences,51827
T10488,Nanocomposite Films for Food Packaging,2502,Biomaterials,25,Materials Science,3,Physical Sciences,51796
T10840,High Temperature Alloys and Creep,2210,Mechanical Engineering,22,Engineering,3,Physical Sciences,51794
T11392,Energy Harvesting in Wireless Networks,2208,Electrical and Electronic Engineering,22,Engineering,3,Physical Sciences,51782
T12027,Social Media in Health Education,3306,Health,33,Social Sciences,2,Social Sciences,51734
T11797,graph theory and CDMA systems,2208,Electrical and Electronic Engineering,22,Engineering,3,Physical Sciences,51713
T14181,Academic Freedom and Politics,3320,Political Science and International Relations,33,Social Sciences,2,Social Sciences,51703
T11751,Lattice Boltzmann Simulation Studies,2206,Computational Mechanics,22,Engineering,3,Physical Sciences,51683
T12227,Environmental and Social Impact Assessments,2308,"Management, Monitoring, Policy and Law",23,Environmental Science,3,Physical Sciences,51679
T11225,Geothermal Energy Systems and Applications,2105,"Renewable Energy, Sustainability and the Environment",21,Energy,3,Physical Sciences,51678
T14226,"Migration, Racism, and Human Rights",3306,Health,33,Social Sciences,2,Social Sciences,51678
T10761,Vehicular Ad Hoc Networks (VANETs),2208,Electrical and Electronic Engineering,22,Engineering,3,Physical Sciences,51667
T13987,Child Development and Education,3304,Education,33,Social Sciences,2,Social Sciences,51635
T13413,Cultural and Historical Studies,1213,Visual Arts and Performing Arts,12,Arts and Humanities,2,Social Sciences,51627
T11300,Global Educational Policies and Reforms,3320,Political Science and International Relations,33,Social Sciences,2,Social Sciences,51617
T11348,Celiac Disease Research and Management,2715,Gastroenterology,27,Medicine,4,Health Sciences,51585
T10070,Political Conflict and Governance,3312,Sociology and Political Science,33,Social Sciences,2,Social Sciences,51474
T13832,Advanced Decision-Making Techniques,1710,Information Systems,17,Computer Science,3,Physical Sciences,51458
T10808,Electric and Hybrid Vehicle Technologies,2203,Automotive Engineering,22,Engineering,3,Physical Sciences,51457
T10982,Motor Control and Adaptation,2805,Cognitive Neuroscience,28,Neuroscience,1,Life Sciences,51442
T12981,Conservation Techniques and Studies,1206,Conservation,12,Arts and Humanities,2,Social Sciences,51438
T10977,Optical Imaging and Spectroscopy Techniques,2741,"Radiology, Nuclear Medicine and Imaging",27,Medicine,4,Health Sciences,51415
T11479,Smart Cities and Technologies,2214,Media Technology,22,Engineering,3,Physical Sciences,51414
T10548,Catalytic Cross-Coupling Reactions,1605,Organic Chemistry,16,Chemistry,3,Physical Sciences,51390
T11985,Marine Toxins and Detection Methods,2304,Environmental Chemistry,23,Environmental Science,3,Physical Sciences,51388
T11562,Facial Trauma and Fracture Management,2746,Surgery,27,Medicine,4,Health Sciences,51352
T11440,Click Chemistry and Applications,1605,Organic Chemistry,16,Chemistry,3,Physical Sciences,51249
T11637,Advanced Semiconductor Detectors and Materials,2208,Electrical and Electronic Engineering,22,Engineering,3,Physical Sciences,51228
T11904,Spatial Cognition and Navigation,2203,Automotive Engineering,22,Engineering,3,Physical Sciences,51150
T11412,Genetic and Kidney Cyst Diseases,1311,Genetics,13,"Biochemistry, Genetics and Molecular Biology",1,Life Sciences,51129
T12512,History of Colonial Brazil,3314,Anthropology,33,Social Sciences,2,Social Sciences,51117
T10828,Biometric Identification and Security,1711,Signal Processing,17,Computer Science,3,Physical Sciences,51112
T13042,Economic and Fiscal Studies,2002,Economics and Econometrics,20,"Economics, Econometrics and Finance",2,Social Sciences,51107
T11579,Cardiovascular and Diving-Related Complications,2740,Pulmonary and Respiratory Medicine,27,Medicine,4,Health Sciences,51097
T13513,Urban and sociocultural dynamics,3322,Urban Studies,33,Social Sciences,2,Social Sciences,51090
T10948,Advanced Combinatorial Mathematics,2607,Discrete Mathematics and Combinatorics,26,Mathematics,3,Physical Sciences,51088
T14275,Historical Medical Research and Treatments,2741,"Radiology, Nuclear Medicine and Imaging",27,Medicine,4,Health Sciences,51080
T12335,"Sexuality, Behavior, and Technology",3203,Clinical Psychology,32,Psychology,2,Social Sciences,51040
T11672,Recycling and utilization of industrial and municipal waste in materials production,2215,Building and Construction,22,Engineering,3,Physical Sciences,51037
T12389,Infrared Target Detection Methodologies,2202,Aerospace Engineering,22,Engineering,3,Physical Sciences,51034
T11865,Anorectal Disease Treatments and Outcomes,2746,Surgery,27,Medicine,4,Health Sciences,51031
T11514,Disability Education and Employment,3311,Safety Research,33,Social Sciences,2,Social Sciences,51009
T10803,Innovative Human-Technology Interaction,1709,Human-Computer Interaction,17,Computer Science,3,Physical Sciences,50989
T11597,"Neutrophil, Myeloperoxidase and Oxidative Mechanisms",2403,Immunology,24,Immunology and Microbiology,1,Life Sciences,50983
T11574,Artificial Intelligence in Games,1702,Artificial Intelligence,17,Computer Science,3,Physical Sciences,50876
T11782,Magnetic Properties of Alloys,2504,"Electronic, Optical and Magnetic Materials",25,Materials Science,3,Physical Sciences,50876
T11237,Plant Gene Expression Analysis,1312,Molecular Biology,13,"Biochemistry, Genetics and Molecular Biology",1,Life Sciences,50866
T10916,Surgical Simulation and Training,2746,Surgery,27,Medicine,4,Health Sciences,50859
T11581,Viral Infections and Outbreaks Research,2725,Infectious Diseases,27,Medicine,4,Health Sciences,50853
T14463,Diverse Scientific Research Studies,3600,General Health Professions,36,Health Professions,4,Health Sciences,50851
T11682,Advanced Condensed Matter Physics,3104,Condensed Matter Physics,31,Physics and Astronomy,3,Physical Sciences,50753
T11922,Cardiovascular Effects of Exercise,2705,Cardiology and Cardiovascular Medicine,27,Medicine,4,Health Sciences,50748
T11679,Craniofacial Disorders and Treatments,1311,Genetics,13,"Biochemistry, Genetics and Molecular Biology",1,Life Sciences,50711
T11169,Silicon Nanostructures and Photoluminescence,2505,Materials Chemistry,25,Materials Science,3,Physical Sciences,50682
T13071,Digital Storytelling and Education,3616,Speech and Hearing,36,Health Professions,4,Health Sciences,50676
T12517,Seventeenth-Century Political and Philosophical Thought,1211,Philosophy,12,Arts and Humanities,2,Social Sciences,50669
T11254,Fluid Dynamics and Vibration Analysis,2206,Computational Mechanics,22,Engineering,3,Physical Sciences,50668
T13867,Economic Growth and Development,1710,Information Systems,17,Computer Science,3,Physical Sciences,50663
T13721,Political Science Research and Education,3320,Political Science and International Relations,33,Social Sciences,2,Social Sciences,50651
T11628,Myeloproliferative Neoplasms: Diagnosis and Treatment,2716,Genetics,27,Medicine,4,Health Sciences,50617
T12593,Communication in Education and Healthcare,3207,Social Psychology,32,Psychology,2,Social Sciences,50540
T12161,Plant Surface Properties and Treatments,1110,Plant Science,11,Agricultural and Biological Sciences,1,Life Sciences,50530
T10810,Polymer composites and self-healing,2507,Polymers and Plastics,25,Materials Science,3,Physical Sciences,50432
T10244,Chaos control and synchronization,3109,Statistical and Nonlinear Physics,31,Physics and Astronomy,3,Physical Sciences,50412
T12729,Tree Root and Stability Studies,2210,Mechanical Engineering,22,Engineering,3,Physical Sciences,50410
T12461,Narrative Theory and Analysis,1208,Literature and Literary Theory,12,Arts and Humanities,2,Social Sciences,50404
T12030,S100 Proteins and Annexins,1312,Molecular Biology,13,"Biochemistry, Genetics and Molecular Biology",1,Life Sciences,50403
T11398,Hand Gesture Recognition Systems,1709,Human-Computer Interaction,17,Computer Science,3,Physical Sciences,50397
T13589,Literary and Cultural Studies,3312,Sociology and Political Science,33,Social Sciences,2,Social Sciences,50392
T10629,Health Policy Implementation Science,3600,General Health Professions,36,Health Professions,4,Health Sciences,50384
T11199,Pain Management and Opioid Use,2703,Anesthesiology and Pain Medicine,27,Medicine,4,Health Sciences,50377
T13234,advanced mathematical theories,2610,Mathematical Physics,26,Mathematics,3,Physical Sciences,50363
T13552,Advanced Materials Characterization Techniques,2204,Biomedical Engineering,22,Engineering,3,Physical Sciences,50322
T12182,Evolution and Science Education,1207,History and Philosophy of Science,12,Arts and Humanities,2,Social Sciences,50307
T10845,Advanced Causal Inference Techniques,2613,Statistics and Probability,26,Mathematics,3,Physical Sciences,50285
T13362,Slime Mold and Myxomycetes Research,2204,Biomedical Engineering,22,Engineering,3,Physical Sciences,50247
T13023,Synthesis of Organic Compounds,2736,Pharmacology,27,Medicine,4,Health Sciences,50240
T13784,Jewish Identity and Society,3317,Demography,33,Social Sciences,2,Social Sciences,50223
T13163,Organizational Learning and Leadership,1407,Organizational Behavior and Human Resource Management,14,"Business, Management and Accounting",2,Social Sciences,50188
T13008,Agricultural Practices and Plant Genetics,1110,Plant Science,11,Agricultural and Biological Sciences,1,Life Sciences,50184
T12895,Environmental law and policy,3308,Law,33,Social Sciences,2,Social Sciences,50161
T10925,Spinal Cord Injury Research,2734,Pathology and Forensic Medicine,27,Medicine,4,Health Sciences,50144
T13369,European and Russian Geopolitical Military Strategies,3320,Political Science and International Relations,33,Social Sciences,2,Social Sciences,50142
T10933,Real-Time Systems Scheduling,1708,Hardware and Architecture,17,Computer Science,3,Physical Sciences,50139
T13727,Linguistic and Sociocultural Studies,3310,Linguistics and Language,33,Social Sciences,2,Social Sciences,50115
T12947,"Health, psychology, and well-being",3600,General Health Professions,36,Health Professions,4,Health Sciences,50087
T14041,Central European Literary Studies,3314,Anthropology,33,Social Sciences,2,Social Sciences,50063
T12682,Smart Materials for Construction,2310,Pollution,23,Environmental Science,3,Physical Sciences,50047
T11722,Patient Satisfaction in Healthcare,3600,General Health Professions,36,Health Professions,4,Health Sciences,50046
T12589,Differential Equations and Boundary Problems,2604,Applied Mathematics,26,Mathematics,3,Physical Sciences,50035
T11119,Urban Stormwater Management Solutions,2305,Environmental Engineering,23,Environmental Science,3,Physical Sciences,50012
T10726,Career Development and Diversity,3311,Safety Research,33,Social Sciences,2,Social Sciences,49956
T10922,Magnetic Properties and Synthesis of Ferrites,2505,Materials Chemistry,25,Materials Science,3,Physical Sciences,49941
T12955,Atherosclerosis and Cardiovascular Diseases,2403,Immunology,24,Immunology and Microbiology,1,Life Sciences,49937
T12984,Transport and Logistics Innovations,2209,Industrial and Manufacturing Engineering,22,Engineering,3,Physical Sciences,49906
T14192,"Literature, Film, and Journalism Analysis",1208,Literature and Literary Theory,12,Arts and Humanities,2,Social Sciences,49905
T10742,Peer-to-Peer Network Technologies,1705,Computer Networks and Communications,17,Computer Science,3,Physical Sciences,49902
T14291,Indonesian Legal and Regulatory Studies,3320,Political Science and International Relations,33,Social Sciences,2,Social Sciences,49870
T12420,Silicone and Siloxane Chemistry,2505,Materials Chemistry,25,Materials Science,3,Physical Sciences,49869
T14233,Diverse Topics in Contemporary Research,3316,Cultural Studies,33,Social Sciences,2,Social Sciences,49868
T10944,Turbomachinery Performance and Optimization,2202,Aerospace Engineering,22,Engineering,3,Physical Sciences,49864
T14325,Diverse Specialized Academic Research,2002,Economics and Econometrics,20,"Economics, Econometrics and Finance",2,Social Sciences,49863
T12520,Psychology of Moral and Emotional Judgment,2805,Cognitive Neuroscience,28,Neuroscience,1,Life Sciences,49819
T10667,Emotion and Mood Recognition,3205,Experimental and Cognitive Psychology,32,Psychology,2,Social Sciences,49780
T11496,Credit Risk and Financial Regulations,2003,Finance,20,"Economics, Econometrics and Finance",2,Social Sciences,49753
T11292,Pediatric Pain Management Techniques,2735,"Pediatrics, Perinatology and Child Health",27,Medicine,4,Health Sciences,49723
T11172,Dermatologic Treatments and Research,2708,Dermatology,27,Medicine,4,Health Sciences,49719
T11167,Hair Growth and Disorders,2748,Urology,27,Medicine,4,Health Sciences,49636
T11280,Hemophilia Treatment and Research,2720,Hematology,27,Medicine,4,Health Sciences,49578
T11092,Spondyloarthritis Studies and Treatments,2745,Rheumatology,27,Medicine,4,Health Sciences,49570
T13145,Crime and Detective Fiction Studies,1208,Literature and Literary Theory,12,Arts and Humanities,2,Social Sciences,49521
T12221,Cybersecurity and Cyber Warfare Studies,3320,Political Science and International Relations,33,Social Sciences,2,Social Sciences,49475
T14428,Coal and Coke Industries Research,2103,Fuel Technology,21,Energy,3,Physical Sciences,49469
T13531,Surface and Thin Film Phenomena,3107,"Atomic and Molecular Physics, and Optics",31,Physics and Astronomy,3,Physical Sciences,49451
T14037,Arabic Language Education Studies,3304,Education,33,Social Sciences,2,Social Sciences,49442
T10567,Vehicle Routing Optimization Methods,2209,Industrial and Manufacturing Engineering,22,Engineering,3,Physical Sciences,49430
T11219,Bone Metabolism and Diseases,1312,Molecular Biology,13,"Biochemistry, Genetics and Molecular Biology",1,Life Sciences,49399
T12230,Cardiovascular Issues in Pregnancy,2705,Cardiology and Cardiovascular Medicine,27,Medicine,4,Health Sciences,49333
T11255,Microfluidic and Bio-sensing Technologies,2204,Biomedical Engineering,22,Engineering,3,Physical Sciences,49291
T11486,Micro and Nano Robotics,3104,Condensed Matter Physics,31,Physics and Astronomy,3,Physical Sciences,49284
T10957,Photodynamic Therapy Research Studies,2740,Pulmonary and Respiratory Medicine,27,Medicine,4,Health Sciences,49276
T11338,Advancements in Photolithography Techniques,2208,Electrical and Electronic Engineering,22,Engineering,3,Physical Sciences,49273
T13785,Aquatic and Environmental Studies,1904,Earth-Surface Processes,19,Earth and Planetary Sciences,3,Physical Sciences,49250
T10812,Human Pose and Action Recognition,1707,Computer Vision and Pattern Recognition,17,Computer Science,3,Physical Sciences,49236
T12350,Particle Dynamics in Fluid Flows,2212,Ocean Engineering,22,Engineering,3,Physical Sciences,49223
T12766,Interdisciplinary Research and Collaboration,1802,Information Systems and Management,18,Decision Sciences,2,Social Sciences,49221
T12081,Aerodynamics and Fluid Dynamics Research,2202,Aerospace Engineering,22,Engineering,3,Physical Sciences,49218
T13289,Infant Health and Development,3611,Pharmacy,36,Health Professions,4,Health Sciences,49198
T10827,Patient-Provider Communication in Healthcare,3600,General Health Professions,36,Health Professions,4,Health Sciences,49190
T12976,Magnetic and Electromagnetic Effects,1314,Physiology,13,"Biochemistry, Genetics and Molecular Biology",1,Life Sciences,49177
T11030,Scoliosis diagnosis and treatment,2746,Surgery,27,Medicine,4,Health Sciences,49116
T12441,Porphyrin Metabolism and Disorders,1312,Molecular Biology,13,"Biochemistry, Genetics and Molecular Biology",1,Life Sciences,49109
T13059,"Religion, Ecology, and Ethics",3312,Sociology and Political Science,33,Social Sciences,2,Social Sciences,49055
T11229,Genetics and Plant Breeding,1110,Plant Science,11,Agricultural and Biological Sciences,1,Life Sciences,49041
T12475,Plant Parasitism and Resistance,1110,Plant Science,11,Agricultural and Biological Sciences,1,Life Sciences,49025
T11992,CCD and CMOS Imaging Sensors,2208,Electrical and Electronic Engineering,22,Engineering,3,Physical Sciences,49003
T14302,European Politics and Security,3320,Political Science and International Relations,33,Social Sciences,2,Social Sciences,48988
T13924,Internet of Things and Social Network Interactions,1705,Computer Networks and Communications,17,Computer Science,3,Physical Sciences,48983
T10937,"Telomeres, Telomerase, and Senescence",2737,Physiology,27,Medicine,4,Health Sciences,48979
T10690,Vibration Control and Rheological Fluids,2205,Civil and Structural Engineering,22,Engineering,3,Physical Sciences,48966
T13605,"Homicide, Infanticide, and Child Abuse",3312,Sociology and Political Science,33,Social Sciences,2,Social Sciences,48963
T11094,Face Recognition and Perception,2805,Cognitive Neuroscience,28,Neuroscience,1,Life Sciences,48926
T11116,"Trauma, Hemostasis, Coagulopathy, Resuscitation",2706,Critical Care and Intensive Care Medicine,27,Medicine,4,Health Sciences,48922
T12443,Delphi Technique in Research,3312,Sociology and Political Science,33,Social Sciences,2,Social Sciences,48921
T11863,"Gender, Security, and Conflict",3318,Gender Studies,33,Social Sciences,2,Social Sciences,48878
T11818,Nicotinic Acetylcholine Receptors Study,1312,Molecular Biology,13,"Biochemistry, Genetics and Molecular Biology",1,Life Sciences,48860
T10879,Robotic Locomotion and Control,2204,Biomedical Engineering,22,Engineering,3,Physical Sciences,48846
T11480,Connexins and lens biology,1312,Molecular Biology,13,"Biochemistry, Genetics and Molecular Biology",1,Life Sciences,48842
T12304,Radiative Heat Transfer Studies,2206,Computational Mechanics,22,Engineering,3,Physical Sciences,48836
T11002,Indoor Air Quality and Microbial Exposure,2307,"Health, Toxicology and Mutagenesis",23,Environmental Science,3,Physical Sciences,48799
T13285,Local Governance and Development,3305,"Geography, Planning and Development",33,Social Sciences,2,Social Sciences,48730
T11443,Advanced Statistical Process Monitoring,1804,"Statistics, Probability and Uncertainty",18,Decision Sciences,2,Social Sciences,48664
T10952,PI3K/AKT/mTOR signaling in cancer,1312,Molecular Biology,13,"Biochemistry, Genetics and Molecular Biology",1,Life Sciences,48595
T13667,French Literature and Criticism,1208,Literature and Literary Theory,12,Arts and Humanities,2,Social Sciences,48589
T11915,Pickering emulsions and particle stabilization,2505,Materials Chemistry,25,Materials Science,3,Physical Sciences,48577
T11701,Space Satellite Systems and Control,2202,Aerospace Engineering,22,Engineering,3,Physical Sciences,48537
T11355,Inflammatory Biomarkers in Disease Prognosis,2730,Oncology,27,Medicine,4,Health Sciences,48530
T12298,Phytochemicals and Medicinal Plants,2707,Complementary and alternative medicine,27,Medicine,4,Health Sciences,48525
T13815,Islamic Thought and Society Studies,1212,Religious studies,12,Arts and Humanities,2,Social Sciences,48502
T12090,Language and cultural evolution,3316,Cultural Studies,33,Social Sciences,2,Social Sciences,48497
T11439,Video Analysis and Summarization,1707,Computer Vision and Pattern Recognition,17,Computer Science,3,Physical Sciences,48467
T11623,Hyperglycemia and glycemic control in critically ill and hospitalized patients,2712,"Endocrinology, Diabetes and Metabolism",27,Medicine,4,Health Sciences,48442
T13325,Dye analysis and toxicity,1602,Analytical Chemistry,16,Chemistry,3,Physical Sciences,48433
T11202,Cavitation Phenomena in Pumps,2211,Mechanics of Materials,22,Engineering,3,Physical Sciences,48425
T11408,Advanced Optical Imaging Technologies,2214,Media Technology,22,Engineering,3,Physical Sciences,48399
T12711,Immigration and Intercultural Education,3316,Cultural Studies,33,Social Sciences,2,Social Sciences,48288
T14215,Chemical and Environmental Engineering Research,1710,Information Systems,17,Computer Science,3,Physical Sciences,48282
T10801,Synthetic Aperture Radar (SAR) Applications and Techniques,2202,Aerospace Engineering,22,Engineering,3,Physical Sciences,48267
T11402,Vascular Malformations Diagnosis and Treatment,2728,Neurology,27,Medicine,4,Health Sciences,48223
T14070,Knowledge Societies in the 21st Century,3317,Demography,33,Social Sciences,2,Social Sciences,48193
T13155,Digital Communication and Language,1709,Human-Computer Interaction,17,Computer Science,3,Physical Sciences,48176
T12702,Brain Tumor Detection and Classification,2808,Neurology,28,Neuroscience,1,Life Sciences,48149
T10789,Interactive and Immersive Displays,1709,Human-Computer Interaction,17,Computer Science,3,Physical Sciences,48117
T12776,Electrohydrodynamics and Fluid Dynamics,2208,Electrical and Electronic Engineering,22,Engineering,3,Physical Sciences,48071
T11572,Information Technology Governance and Strategy,1404,Management Information Systems,14,"Business, Management and Accounting",2,Social Sciences,47981
T11005,Radiation Effects in Electronics,2208,Electrical and Electronic Engineering,22,Engineering,3,Physical Sciences,47971
T12603,NMR spectroscopy and applications,3106,Nuclear and High Energy Physics,31,Physics and Astronomy,3,Physical Sciences,47963
T12274,Electrostatics and Colloid Interactions,1606,Physical and Theoretical Chemistry,16,Chemistry,3,Physical Sciences,47934
T12261,Statistical Mechanics and Entropy,3109,Statistical and Nonlinear Physics,31,Physics and Astronomy,3,Physical Sciences,47932
T12411,Shoulder and Clavicle Injuries,2713,Epidemiology,27,Medicine,4,Health Sciences,47916
T11335,Prion Diseases and Protein Misfolding,1312,Molecular Biology,13,"Biochemistry, Genetics and Molecular Biology",1,Life Sciences,47898
T13808,Construction Engineering and Safety,2205,Civil and Structural Engineering,22,Engineering,3,Physical Sciences,47885
T12733,Vector-Borne Animal Diseases,1105,"Ecology, Evolution, Behavior and Systematics",11,Agricultural and Biological Sciences,1,Life Sciences,47870
T11763,Intracerebral and Subarachnoid Hemorrhage Research,2728,Neurology,27,Medicine,4,Health Sciences,47868
T11393,Biosensors and Analytical Detection,2204,Biomedical Engineering,22,Engineering,3,Physical Sciences,47859
T12366,"Philosophy, Ethics, and Existentialism",1211,Philosophy,12,Arts and Humanities,2,Social Sciences,47853
T14396,Healthcare Regulation,3605,Health Information Management,36,Health Professions,4,Health Sciences,47844
T13277,"Media, Religion, Digital Communication",1211,Philosophy,12,Arts and Humanities,2,Social Sciences,47843
T11731,Global Health and Surgery,2739,"Public Health, Environmental and Occupational Health",27,Medicine,4,Health Sciences,47812
T12228,Coordination Chemistry and Organometallics,1605,Organic Chemistry,16,Chemistry,3,Physical Sciences,47803
T11104,"Memory, Trauma, and Commemoration",3207,Social Psychology,32,Psychology,2,Social Sciences,47792
T13375,Integrated Water Resources Management,2312,Water Science and Technology,23,Environmental Science,3,Physical Sciences,47768
T11383,Advanced Antenna and Metasurface Technologies,2202,Aerospace Engineering,22,Engineering,3,Physical Sciences,47762
T10573,Power Quality and Harmonics,2208,Electrical and Electronic Engineering,22,Engineering,3,Physical Sciences,47759
T10454,Optimal Power Flow Distribution,2208,Electrical and Electronic Engineering,22,Engineering,3,Physical Sciences,47739
T11596,Constraint Satisfaction and Optimization,1705,Computer Networks and Communications,17,Computer Science,3,Physical Sciences,47717
T12848,Psychological Testing and Assessment,3202,Applied Psychology,32,Psychology,2,Social Sciences,47712
T10470,Usability and User Interface Design,1709,Human-Computer Interaction,17,Computer Science,3,Physical Sciences,47695
T12516,Advanced Mathematical Theories and Applications,3109,Statistical and Nonlinear Physics,31,Physics and Astronomy,3,Physical Sciences,47647
T11819,Data-Driven Disease Surveillance,2713,Epidemiology,27,Medicine,4,Health Sciences,47626
T12544,Working Capital and Financial Performance,1402,Accounting,14,"Business, Management and Accounting",2,Social Sciences,47625
T13951,Fluid dynamics and aerodynamics studies,2206,Computational Mechanics,22,Engineering,3,Physical Sciences,47618
T14079,Mathematics Education and Programs,2611,Modeling and Simulation,26,Mathematics,3,Physical Sciences,47607
T11539,Survey Methodology and Nonresponse,3312,Sociology and Political Science,33,Social Sciences,2,Social Sciences,47554
T10886,Multiferroics and related materials,2504,"Electronic, Optical and Magnetic Materials",25,Materials Science,3,Physical Sciences,47536
T12873,"Nutrition, Health and Food Behavior",2916,Nutrition and Dietetics,29,Nursing,4,Health Sciences,47524
T11318,Phytoestrogen effects and research,2734,Pathology and Forensic Medicine,27,Medicine,4,Health Sciences,47517
T11268,Light effects on plants,1110,Plant Science,11,Agricultural and Biological Sciences,1,Life Sciences,47490
T11426,Genetically Modified Organisms Research,1110,Plant Science,11,Agricultural and Biological Sciences,1,Life Sciences,47475
T11557,Lubricants and Their Additives,2210,Mechanical Engineering,22,Engineering,3,Physical Sciences,47460
T12919,Blood disorders and treatments,1311,Genetics,13,"Biochemistry, Genetics and Molecular Biology",1,Life Sciences,47455
T12690,Cross-Border Cooperation and Integration,3320,Political Science and International Relations,33,Social Sciences,2,Social Sciences,47416
T13599,Architecture and Cultural Influences,1204,Archeology,12,Arts and Humanities,2,Social Sciences,47398
T11142,Advanced Glycation End Products research,1308,Clinical Biochemistry,13,"Biochemistry, Genetics and Molecular Biology",1,Life Sciences,47386
T11352,Masonry and Concrete Structural Analysis,2205,Civil and Structural Engineering,22,Engineering,3,Physical Sciences,47371
T13074,Global Financial Regulation and Crises,2003,Finance,20,"Economics, Econometrics and Finance",2,Social Sciences,47328
T10864,Fluid Dynamics and Mixing,2204,Biomedical Engineering,22,Engineering,3,Physical Sciences,47312
T11638,Cardiac tumors and thrombi,2705,Cardiology and Cardiovascular Medicine,27,Medicine,4,Health Sciences,47293
T13900,Contemporary and Historical Greek Studies,3312,Sociology and Political Science,33,Social Sciences,2,Social Sciences,47261
T12215,Phytochemical Studies and Bioactivities,1312,Molecular Biology,13,"Biochemistry, Genetics and Molecular Biology",1,Life Sciences,47239
T13278,Economic and Business Development Strategies,2002,Economics and Econometrics,20,"Economics, Econometrics and Finance",2,Social Sciences,47215
T12599,Retinal and Optic Conditions,2731,Ophthalmology,27,Medicine,4,Health Sciences,47212
T11545,Advanced Banach Space Theory,2610,Mathematical Physics,26,Mathematics,3,Physical Sciences,47211
T13065,Mining Techniques and Economics,2207,Control and Systems Engineering,22,Engineering,3,Physical Sciences,47180
T11917,"Coagulation, Bradykinin, Polyphosphates, and Angioedema",2716,Genetics,27,Medicine,4,Health Sciences,47165
T12494,Alcoholism and Thiamine Deficiency,2728,Neurology,27,Medicine,4,Health Sciences,47115
T11758,Organic and Molecular Conductors Research,2504,"Electronic, Optical and Magnetic Materials",25,Materials Science,3,Physical Sciences,47112
T13228,Socioeconomic Development in Asia,3312,Sociology and Political Science,33,Social Sciences,2,Social Sciences,47112
T14160,Water management and technologies,1105,"Ecology, Evolution, Behavior and Systematics",11,Agricultural and Biological Sciences,1,Life Sciences,47103
T13752,Mechanics and Biomechanics Studies,2204,Biomedical Engineering,22,Engineering,3,Physical Sciences,47101
T13217,Pigment Synthesis and Properties,1604,Inorganic Chemistry,16,Chemistry,3,Physical Sciences,47081
T11837,Iron and Steelmaking Processes,2210,Mechanical Engineering,22,Engineering,3,Physical Sciences,47051
T14432,Freedom of Expression and Defamation,3308,Law,33,Social Sciences,2,Social Sciences,47017
T12026,Explainable Artificial Intelligence (XAI),1702,Artificial Intelligence,17,Computer Science,3,Physical Sciences,46969
T11939,Public-Private Partnership Projects,1408,Strategy and Management,14,"Business, Management and Accounting",2,Social Sciences,46950
T11150,Endoplasmic Reticulum Stress and Disease,1307,Cell Biology,13,"Biochemistry, Genetics and Molecular Biology",1,Life Sciences,46935
T14408,Coastal Management and Development,2308,"Management, Monitoring, Policy and Law",23,Environmental Science,3,Physical Sciences,46931
T12369,Pneumocystis jirovecii pneumonia detection and treatment,2713,Epidemiology,27,Medicine,4,Health Sciences,46920
T10719,3D Shape Modeling and Analysis,2206,Computational Mechanics,22,Engineering,3,Physical Sciences,46900
T12950,Educational Environments and Student Outcomes,3304,Education,33,Social Sciences,2,Social Sciences,46827
T12749,"Race, Genetics, and Society",1311,Genetics,13,"Biochemistry, Genetics and Molecular Biology",1,Life Sciences,46801
T11933,Mining and Resource Management,2215,Building and Construction,22,Engineering,3,Physical Sciences,46798
T13206,Neonatal skin health care,3616,Speech and Hearing,36,Health Professions,4,Health Sciences,46759
T13016,Innovative Educational Technologies,1710,Information Systems,17,Computer Science,3,Physical Sciences,46754
T11828,Corneal Surgery and Treatments,2741,"Radiology, Nuclear Medicine and Imaging",27,Medicine,4,Health Sciences,46683
T13955,Evaluation Methods in Various Fields,2302,Ecological Modeling,23,Environmental Science,3,Physical Sciences,46676
T12362,Tribology and Wear Analysis,2211,Mechanics of Materials,22,Engineering,3,Physical Sciences,46630
T10865,Shape Memory Alloy Transformations,2505,Materials Chemistry,25,Materials Science,3,Physical Sciences,46619
T12969,Economic and Social Development,3312,Sociology and Political Science,33,Social Sciences,2,Social Sciences,46615
T10737,Health Literacy and Information Accessibility,3600,General Health Professions,36,Health Professions,4,Health Sciences,46602
T14391,"Forest, Soil, and Plant Ecology in China",3304,Education,33,Social Sciences,2,Social Sciences,46600
T11553,Acne and Rosacea Treatments and Effects,2708,Dermatology,27,Medicine,4,Health Sciences,46573
T11705,Gambling Behavior and Treatments,3203,Clinical Psychology,32,Psychology,2,Social Sciences,46543
T11991,Soft tissue tumor case studies,2745,Rheumatology,27,Medicine,4,Health Sciences,46468
T12205,Time Series Analysis and Forecasting,1711,Signal Processing,17,Computer Science,3,Physical Sciences,46449
T12196,Community Health and Development,3600,General Health Professions,36,Health Professions,4,Health Sciences,46447
T10970,Team Dynamics and Performance,3207,Social Psychology,32,Psychology,2,Social Sciences,46419
T11411,Tea Polyphenols and Effects,2734,Pathology and Forensic Medicine,27,Medicine,4,Health Sciences,46418
T12823,Adolescent and Pediatric Healthcare,3616,Speech and Hearing,36,Health Professions,4,Health Sciences,46379
T12677,Sports Dynamics and Biomechanics,2204,Biomedical Engineering,22,Engineering,3,Physical Sciences,46348
T11690,Advanced battery technologies research,2208,Electrical and Electronic Engineering,22,Engineering,3,Physical Sciences,46344
T12015,Photoacoustic and Ultrasonic Imaging,2204,Biomedical Engineering,22,Engineering,3,Physical Sciences,46309
T10891,Radar Systems and Signal Processing,2202,Aerospace Engineering,22,Engineering,3,Physical Sciences,46282
T11298,Synthesis and Properties of Aromatic Compounds,1605,Organic Chemistry,16,Chemistry,3,Physical Sciences,46223
T10798,Crystallography and molecular interactions,1606,Physical and Theoretical Chemistry,16,Chemistry,3,Physical Sciences,46151
T11918,Forecasting Techniques and Applications,1803,Management Science and Operations Research,18,Decision Sciences,2,Social Sciences,46139
T12530,Bioactive Natural Diterpenoids Research,1312,Molecular Biology,13,"Biochemistry, Genetics and Molecular Biology",1,Life Sciences,46138
T13931,Philosophy and Historical Thought,1211,Philosophy,12,Arts and Humanities,2,Social Sciences,46128
T12777,"Philosophy, History, and Historiography",1202,History,12,Arts and Humanities,2,Social Sciences,46120
T11031,Game Theory and Applications,1803,Management Science and Operations Research,18,Decision Sciences,2,Social Sciences,46115
T13078,Political and Social Dynamics in Chile and Latin America,3312,Sociology and Political Science,33,Social Sciences,2,Social Sciences,46099
T14300,Legal and Social Philosophy,3312,Sociology and Political Science,33,Social Sciences,2,Social Sciences,46035
T11040,Personality Traits and Psychology,3203,Clinical Psychology,32,Psychology,2,Social Sciences,46011
T13213,Mechanical Failure Analysis and Simulation,2210,Mechanical Engineering,22,Engineering,3,Physical Sciences,45986
T12276,Risk Management in Financial Firms,1402,Accounting,14,"Business, Management and Accounting",2,Social Sciences,45968
T14064,Organizational and Employee Performance,1702,Artificial Intelligence,17,Computer Science,3,Physical Sciences,45908
T14497,Social Issues and Policies in Latin America,3308,Law,33,Social Sciences,2,Social Sciences,45889
T11046,Geotechnical Engineering and Analysis,2213,"Safety, Risk, Reliability and Quality",22,Engineering,3,Physical Sciences,45880
T12558,Wittgensteinian philosophy and applications,1211,Philosophy,12,Arts and Humanities,2,Social Sciences,45837
T11616,Autoimmune and Inflammatory Disorders Research,2720,Hematology,27,Medicine,4,Health Sciences,45823
T11204,Ion Channels and Receptors,2809,Sensory Systems,28,Neuroscience,1,Life Sciences,45815
T11885,MRI in cancer diagnosis,2741,"Radiology, Nuclear Medicine and Imaging",27,Medicine,4,Health Sciences,45761
T12538,Eosinophilic Esophagitis,2746,Surgery,27,Medicine,4,Health Sciences,45744
T10918,Memory Processes and Influences,2805,Cognitive Neuroscience,28,Neuroscience,1,Life Sciences,45743
T12974,Modernist Literature and Criticism,1208,Literature and Literary Theory,12,Arts and Humanities,2,Social Sciences,45741
T14117,Integrated Circuits and Semiconductor Failure Analysis,2208,Electrical and Electronic Engineering,22,Engineering,3,Physical Sciences,45724
T11476,Graph theory and applications,2608,Geometry and Topology,26,Mathematics,3,Physical Sciences,45694
T11847,Recycled Aggregate Concrete Performance,2215,Building and Construction,22,Engineering,3,Physical Sciences,45692
T14510,Medical Imaging and Analysis,2204,Biomedical Engineering,22,Engineering,3,Physical Sciences,45689
T11023,Prosthetics and Rehabilitation Robotics,2204,Biomedical Engineering,22,Engineering,3,Physical Sciences,45679
T13869,Ocular and Laser Science Research,2731,Ophthalmology,27,Medicine,4,Health Sciences,45660
T11191,Mathematical functions and polynomials,2604,Applied Mathematics,26,Mathematics,3,Physical Sciences,45638
T11571,Sarcoidosis and Beryllium Toxicity Research,2737,Physiology,27,Medicine,4,Health Sciences,45636
T11055,Cardiac and Coronary Surgery Techniques,2746,Surgery,27,Medicine,4,Health Sciences,45616
T11014,Regional Economics and Spatial Analysis,2002,Economics and Econometrics,20,"Economics, Econometrics and Finance",2,Social Sciences,45610
T13084,Education during COVID-19 pandemic,3304,Education,33,Social Sciences,2,Social Sciences,45603
T10693,Blood transfusion and management,2704,Biochemistry,27,Medicine,4,Health Sciences,45555
T13498,Economic Development and Digital Transformation,2000,"General Economics, Econometrics and Finance",20,"Economics, Econometrics and Finance",2,Social Sciences,45507
T12953,Critical Realism in Sociology,3312,Sociology and Political Science,33,Social Sciences,2,Social Sciences,45454
T11573,Risk Perception and Management,3312,Sociology and Political Science,33,Social Sciences,2,Social Sciences,45447
T11812,Nasal Surgery and Airway Studies,2746,Surgery,27,Medicine,4,Health Sciences,45441
T11238,Simulation-Based Education in Healthcare,2737,Physiology,27,Medicine,4,Health Sciences,45435
T12656,"Climate Change, Adaptation, Migration",3312,Sociology and Political Science,33,Social Sciences,2,Social Sciences,45433
T12949,South Asian Studies and Diaspora,1211,Philosophy,12,Arts and Humanities,2,Social Sciences,45419
T11724,Inflammatory Myopathies and Dermatomyositis,2713,Epidemiology,27,Medicine,4,Health Sciences,45409
T13321,"Radio, Podcasts, and Digital Media",3315,Communication,33,Social Sciences,2,Social Sciences,45409
T11087,Solidification and crystal growth phenomena,2505,Materials Chemistry,25,Materials Science,3,Physical Sciences,45406
T13601,Urban Transport Systems Analysis,2205,Civil and Structural Engineering,22,Engineering,3,Physical Sciences,45360
T11861,Thermal Regulation in Medicine,2706,Critical Care and Intensive Care Medicine,27,Medicine,4,Health Sciences,45359
T13173,Gender Studies in Language,3318,Gender Studies,33,Social Sciences,2,Social Sciences,45357
T13972,Business Law and Ethics,1402,Accounting,14,"Business, Management and Accounting",2,Social Sciences,45301
T11760,Plant responses to elevated CO2,1110,Plant Science,11,Agricultural and Biological Sciences,1,Life Sciences,45289
T12790,Nursing Diagnosis and Documentation,2910,"Issues, ethics and legal aspects",29,Nursing,4,Health Sciences,45272
T11307,Domain Adaptation and Few-Shot Learning,1702,Artificial Intelligence,17,Computer Science,3,Physical Sciences,45254
T10741,Video Coding and Compression Technologies,1711,Signal Processing,17,Computer Science,3,Physical Sciences,45241
T10920,Advanced Drug Delivery Systems,3003,Pharmaceutical Science,30,"Pharmacology, Toxicology and Pharmaceutics",1,Life Sciences,45228
T12240,Nanomaterials for catalytic reactions,1605,Organic Chemistry,16,Chemistry,3,Physical Sciences,45219
T14034,Musicians’ Health and Performance,2742,Rehabilitation,27,Medicine,4,Health Sciences,45217
T11604,Ship Hydrodynamics and Maneuverability,2212,Ocean Engineering,22,Engineering,3,Physical Sciences,45215
T12936,"Conflict, Peace, and Violence in Colombia",3312,Sociology and Political Science,33,Social Sciences,2,Social Sciences,45175
T11844,Lipid metabolism and biosynthesis,1303,Biochemistry,13,"Biochemistry, Genetics and Molecular Biology",1,Life Sciences,45163
T13897,Historical Economic and Legal Thought,3320,Political Science and International Relations,33,Social Sciences,2,Social Sciences,45153
T12296,Autopsy Techniques and Outcomes,2741,"Radiology, Nuclear Medicine and Imaging",27,Medicine,4,Health Sciences,45150
T12154,Pelvic and Acetabular Injuries,2746,Surgery,27,Medicine,4,Health Sciences,45145
T12260,Educational Technology and Pedagogy,1702,Artificial Intelligence,17,Computer Science,3,Physical Sciences,45145
T11860,"HIV, Drug Use, Sexual Risk",2713,Epidemiology,27,Medicine,4,Health Sciences,45119
T10951,Cryptographic Implementations and Security,1702,Artificial Intelligence,17,Computer Science,3,Physical Sciences,45114
T12096,Ectopic Pregnancy Diagnosis and Management,2739,"Public Health, Environmental and Occupational Health",27,Medicine,4,Health Sciences,45113
T12402,Travel-related health issues,2739,"Public Health, Environmental and Occupational Health",27,Medicine,4,Health Sciences,45107
T11102,HVDC Systems and Fault Protection,2208,Electrical and Electronic Engineering,22,Engineering,3,Physical Sciences,45102
T11900,Fungal Plant Pathogen Control,1105,"Ecology, Evolution, Behavior and Systematics",11,Agricultural and Biological Sciences,1,Life Sciences,45036
T10899,Advanced Operator Algebra Research,2610,Mathematical Physics,26,Mathematics,3,Physical Sciences,45013
T10859,Polymer Surface Interaction Studies,2508,"Surfaces, Coatings and Films",25,Materials Science,3,Physical Sciences,45010
T12472,Plant responses to water stress,1110,Plant Science,11,Agricultural and Biological Sciences,1,Life Sciences,45007
T11231,Microbial Fuel Cells and Bioremediation,2305,Environmental Engineering,23,Environmental Science,3,Physical Sciences,44976
T11373,Sleep and Work-Related Fatigue,3205,Experimental and Cognitive Psychology,32,Psychology,2,Social Sciences,44975
T14458,Education and Work Dynamics,3317,Demography,33,Social Sciences,2,Social Sciences,44954
T12052,Polish socio-economic development,2002,Economics and Econometrics,20,"Economics, Econometrics and Finance",2,Social Sciences,44930
T12163,Aerosol Filtration and Electrostatic Precipitation,2208,Electrical and Electronic Engineering,22,Engineering,3,Physical Sciences,44930
T12463,Amoebic Infections and Treatments,2725,Infectious Diseases,27,Medicine,4,Health Sciences,44925
T11524,Advanced Aircraft Design and Technologies,2306,Global and Planetary Change,23,Environmental Science,3,Physical Sciences,44922
T13730,"Martial Arts: Techniques, Psychology, and Education",3311,Safety Research,33,Social Sciences,2,Social Sciences,44868
T11240,Luminescence and Fluorescent Materials,2505,Materials Chemistry,25,Materials Science,3,Physical Sciences,44858
T11735,Peripheral Neuropathies and Disorders,2728,Neurology,27,Medicine,4,Health Sciences,44840
T10186,Nursing education and management,2922,Research and Theory,29,Nursing,4,Health Sciences,44832
T13555,"Healthcare cost, quality, practices",3600,General Health Professions,36,Health Professions,4,Health Sciences,44802
T14237,Historical and Political Studies,3320,Political Science and International Relations,33,Social Sciences,2,Social Sciences,44764
T14452,Mexican Socioeconomic and Environmental Dynamics,2308,"Management, Monitoring, Policy and Law",23,Environmental Science,3,Physical Sciences,44764
T11602,Magnetic Bearings and Levitation Dynamics,2207,Control and Systems Engineering,22,Engineering,3,Physical Sciences,44742
T11969,Fluoride Effects and Removal,2312,Water Science and Technology,23,Environmental Science,3,Physical Sciences,44734
T12083,Karst Systems and Hydrogeology,1904,Earth-Surface Processes,19,Earth and Planetary Sciences,3,Physical Sciences,44684
T13151,Business Strategies and Innovation,1408,Strategy and Management,14,"Business, Management and Accounting",2,Social Sciences,44654
T14071,Healthcare during COVID-19 Pandemic,1710,Information Systems,17,Computer Science,3,Physical Sciences,44652
T12109,"Race, Identity, and Education in Brazil",3312,Sociology and Political Science,33,Social Sciences,2,Social Sciences,44617
T13083,Advanced Text Analysis Techniques,1702,Artificial Intelligence,17,Computer Science,3,Physical Sciences,44607
T13069,Cocoa and Sweet Potato Agronomy,1108,Horticulture,11,Agricultural and Biological Sciences,1,Life Sciences,44605
T11582,Nanopore and Nanochannel Transport Studies,2204,Biomedical Engineering,22,Engineering,3,Physical Sciences,44598
T12735,Blood donation and transfusion practices,1405,Management of Technology and Innovation,14,"Business, Management and Accounting",2,Social Sciences,44593
T11200,Electrodeposition and Electroless Coatings,2208,Electrical and Electronic Engineering,22,Engineering,3,Physical Sciences,44591
T11332,"Genomics, phytochemicals, and oxidative stress",1312,Molecular Biology,13,"Biochemistry, Genetics and Molecular Biology",1,Life Sciences,44590
T13689,Underground infrastructure and sustainability,2215,Building and Construction,22,Engineering,3,Physical Sciences,44578
T12902,Public Policy and Governance,3320,Political Science and International Relations,33,Social Sciences,2,Social Sciences,44576
T11887,Quasicrystal Structures and Properties,2505,Materials Chemistry,25,Materials Science,3,Physical Sciences,44561
T11647,Workplace Violence and Bullying,3312,Sociology and Political Science,33,Social Sciences,2,Social Sciences,44499
T12400,Neurogenetic and Muscular Disorders Research,2716,Genetics,27,Medicine,4,Health Sciences,44495
T11980,Human Mobility and Location-Based Analysis,3313,Transportation,33,Social Sciences,2,Social Sciences,44489
T10239,Urban Planning and Governance,3322,Urban Studies,33,Social Sciences,2,Social Sciences,44488
T11827,Polyomavirus and related diseases,2730,Oncology,27,Medicine,4,Health Sciences,44458
T11025,Nonlinear Optical Materials Research,2504,"Electronic, Optical and Magnetic Materials",25,Materials Science,3,Physical Sciences,44430
T12057,Consumer Attitudes and Food Labeling,2739,"Public Health, Environmental and Occupational Health",27,Medicine,4,Health Sciences,44392
T11419,Supramolecular Self-Assembly in Materials,2502,Biomaterials,25,Materials Science,3,Physical Sciences,44381
T11953,"Neuroethics, Human Enhancement, Biomedical Innovations",2805,Cognitive Neuroscience,28,Neuroscience,1,Life Sciences,44362
T11019,Image Enhancement Techniques,1707,Computer Vision and Pattern Recognition,17,Computer Science,3,Physical Sciences,44330
T13490,Aquatic Ecosystems and Biodiversity,2303,Ecology,23,Environmental Science,3,Physical Sciences,44319
T12145,Dental Anxiety and Anesthesia Techniques,3504,Oral Surgery,35,Dentistry,4,Health Sciences,44300
T13795,"Language, Communication, and Linguistic Studies",3315,Communication,33,Social Sciences,2,Social Sciences,44280
T10800,Forensic Toxicology and Drug Analysis,3005,Toxicology,30,"Pharmacology, Toxicology and Pharmaceutics",1,Life Sciences,44254
T10504,Sensorless Control of Electric Motors,2208,Electrical and Electronic Engineering,22,Engineering,3,Physical Sciences,44252
T12870,Seedling growth and survival studies,2309,Nature and Landscape Conservation,23,Environmental Science,3,Physical Sciences,44229
T13355,Marketing and Advertising Strategies,1406,Marketing,14,"Business, Management and Accounting",2,Social Sciences,44138
T13131,Collaborative Teaching and Inclusion,3304,Education,33,Social Sciences,2,Social Sciences,44133
T12204,African Education and Politics,3304,Education,33,Social Sciences,2,Social Sciences,44121
T11856,Thermography and Photoacoustic Techniques,2211,Mechanics of Materials,22,Engineering,3,Physical Sciences,44091
T11781,Wastewater Treatment and Reuse,2311,Industrial and Manufacturing Engineering,23,Environmental Science,3,Physical Sciences,44060
T12583,Food Waste Reduction and Sustainability,1106,Food Science,11,Agricultural and Biological Sciences,1,Life Sciences,44060
T11082,Spacecraft Dynamics and Control,2202,Aerospace Engineering,22,Engineering,3,Physical Sciences,44055
T13925,Offshore Engineering and Technologies,2212,Ocean Engineering,22,Engineering,3,Physical Sciences,44026
T14310,Botany and Geology in Latin America and Caribbean,1105,"Ecology, Evolution, Behavior and Systematics",11,Agricultural and Biological Sciences,1,Life Sciences,44009
T12294,Agricultural Science and Fertilization,1111,Soil Science,11,Agricultural and Biological Sciences,1,Life Sciences,43991
T13034,Information Systems Education and Curriculum Development,1710,Information Systems,17,Computer Science,3,Physical Sciences,43913
T14185,"Research, Science, and Academia",1802,Information Systems and Management,18,Decision Sciences,2,Social Sciences,43910
T10851,Optical Wireless Communication Technologies,2208,Electrical and Electronic Engineering,22,Engineering,3,Physical Sciences,43904
T14343,Hispanic-African Historical Relations,1212,Religious studies,12,Arts and Humanities,2,Social Sciences,43893
T14498,Educational Technology in Learning,1710,Information Systems,17,Computer Science,3,Physical Sciences,43890
T13910,Computational and Text Analysis Methods,3300,General Social Sciences,33,Social Sciences,2,Social Sciences,43871
T11455,Microbial Inactivation Methods,1305,Biotechnology,13,"Biochemistry, Genetics and Molecular Biology",1,Life Sciences,43811
T10848,Advanced Multi-Objective Optimization Algorithms,1703,Computational Theory and Mathematics,17,Computer Science,3,Physical Sciences,43776
T13253,Chemical Reactions and Mechanisms,1606,Physical and Theoretical Chemistry,16,Chemistry,3,Physical Sciences,43748
T12391,Artificial Immune Systems Applications,2204,Biomedical Engineering,22,Engineering,3,Physical Sciences,43683
T13076,"Torture, Ethics, and Law",3312,Sociology and Political Science,33,Social Sciences,2,Social Sciences,43683
T10694,Menopause: Health Impacts and Treatments,2712,"Endocrinology, Diabetes and Metabolism",27,Medicine,4,Health Sciences,43675
T11390,Seaweed-derived Bioactive Compounds,1104,Aquatic Science,11,Agricultural and Biological Sciences,1,Life Sciences,43662
T11444,Electromagnetic Compatibility and Noise Suppression,2208,Electrical and Electronic Engineering,22,Engineering,3,Physical Sciences,43646
T11977,Technology Use by Older Adults,3317,Demography,33,Social Sciences,2,Social Sciences,43626
T11707,Gaze Tracking and Assistive Technology,1709,Human-Computer Interaction,17,Computer Science,3,Physical Sciences,43618
T11478,Caching and Content Delivery,1705,Computer Networks and Communications,17,Computer Science,3,Physical Sciences,43602
T14345,Scientific Research and Philosophical Inquiry,1710,Information Systems,17,Computer Science,3,Physical Sciences,43595
T12703,Oil Palm Production and Sustainability,2303,Ecology,23,Environmental Science,3,Physical Sciences,43510
T12262,Hate Speech and Cyberbullying Detection,1702,Artificial Intelligence,17,Computer Science,3,Physical Sciences,43502
T12089,Intestinal and Peritoneal Adhesions,2746,Surgery,27,Medicine,4,Health Sciences,43500
T11493,Water Treatment and Disinfection,2307,"Health, Toxicology and Mutagenesis",23,Environmental Science,3,Physical Sciences,43483
T12644,Wildlife-Road Interactions and Conservation,2303,Ecology,23,Environmental Science,3,Physical Sciences,43450
T11678,Healthcare Decision-Making and Restraints,3203,Clinical Psychology,32,Psychology,2,Social Sciences,43428
T12732,Agriculture and Farm Safety,1110,Plant Science,11,Agricultural and Biological Sciences,1,Life Sciences,43293
T12114,Sensory Analysis and Statistical Methods,1106,Food Science,11,Agricultural and Biological Sciences,1,Life Sciences,43220
T11124,Protein purification and stability,1312,Molecular Biology,13,"Biochemistry, Genetics and Molecular Biology",1,Life Sciences,43214
T13966,Neurological and metabolic disorders,2712,"Endocrinology, Diabetes and Metabolism",27,Medicine,4,Health Sciences,43214
T12995,Urban Development and Cultural Heritage,3322,Urban Studies,33,Social Sciences,2,Social Sciences,43201
T12224,Nanofabrication and Lithography Techniques,2204,Biomedical Engineering,22,Engineering,3,Physical Sciences,43161
T12610,RNA regulation and disease,1312,Molecular Biology,13,"Biochemistry, Genetics and Molecular Biology",1,Life Sciences,43136
T14135,Cancer and biochemical research,1312,Molecular Biology,13,"Biochemistry, Genetics and Molecular Biology",1,Life Sciences,43126
T13773,International Labor and Employment Law,3320,Political Science and International Relations,33,Social Sciences,2,Social Sciences,43117
T13240,Bioeconomy and Sustainability Development,1100,General Agricultural and Biological Sciences,11,Agricultural and Biological Sciences,1,Life Sciences,43060
T12751,Leadership and Management in Organizations,1408,Strategy and Management,14,"Business, Management and Accounting",2,Social Sciences,43051
T13860,Arts and Performance Studies,1213,Visual Arts and Performing Arts,12,Arts and Humanities,2,Social Sciences,43026
T11481,Sulfur Compounds in Biology,1303,Biochemistry,13,"Biochemistry, Genetics and Molecular Biology",1,Life Sciences,43008
T11136,Enzyme-mediated dye degradation,1110,Plant Science,11,Agricultural and Biological Sciences,1,Life Sciences,42998
T12112,Ammonia Synthesis and Nitrogen Reduction,1503,Catalysis,15,Chemical Engineering,3,Physical Sciences,42982
T12316,Oil Spill Detection and Mitigation,2310,Pollution,23,Environmental Science,3,Physical Sciences,42975
T14297,Plant-Derived Bioactive Compounds,1605,Organic Chemistry,16,Chemistry,3,Physical Sciences,42963
T14473,Social and Economic Development in India,3312,Sociology and Political Science,33,Social Sciences,2,Social Sciences,42948
T12162,Cellular Automata and Applications,1703,Computational Theory and Mathematics,17,Computer Science,3,Physical Sciences,42933
T13960,"Dietetics, Nutrition, and Education",3605,Health Information Management,36,Health Professions,4,Health Sciences,42932
T13464,Higher Education and Sustainability,3304,Education,33,Social Sciences,2,Social Sciences,42925
T11738,Ultrasound in Clinical Applications,2706,Critical Care and Intensive Care Medicine,27,Medicine,4,Health Sciences,42884
T11114,Service and Product Innovation,1406,Marketing,14,"Business, Management and Accounting",2,Social Sciences,42861
T10547,"Education, Achievement, and Giftedness",3205,Experimental and Cognitive Psychology,32,Psychology,2,Social Sciences,42854
T13098,Conferences and Exhibitions Management,3312,Sociology and Political Science,33,Social Sciences,2,Social Sciences,42843
T11849,Intellectual Capital and Performance Analysis,1408,Strategy and Management,14,"Business, Management and Accounting",2,Social Sciences,42789
T12252,Mechanical stress and fatigue analysis,2211,Mechanics of Materials,22,Engineering,3,Physical Sciences,42785
T11874,Structural Response to Dynamic Loads,2205,Civil and Structural Engineering,22,Engineering,3,Physical Sciences,42781
T12458,Organometallic Compounds Synthesis and Characterization,1605,Organic Chemistry,16,Chemistry,3,Physical Sciences,42779
T14158,Optical Systems and Laser Technology,2208,Electrical and Electronic Engineering,22,Engineering,3,Physical Sciences,42774
T11009,Catalysis for Biomass Conversion,2204,Biomedical Engineering,22,Engineering,3,Physical Sciences,42765
T11811,Cutaneous lymphoproliferative disorders research,2708,Dermatology,27,Medicine,4,Health Sciences,42764
T12238,Green IT and Sustainability,2208,Electrical and Electronic Engineering,22,Engineering,3,Physical Sciences,42761
T13699,Public Spaces through Art,3322,Urban Studies,33,Social Sciences,2,Social Sciences,42715
T13896,Health Services Management and Policy,3600,General Health Professions,36,Health Professions,4,Health Sciences,42713
T12046,MXene and MAX Phase Materials,2505,Materials Chemistry,25,Materials Science,3,Physical Sciences,42665
T11976,Capital Investment and Risk Analysis,2003,Finance,20,"Economics, Econometrics and Finance",2,Social Sciences,42631
T11431,Action Observation and Synchronization,3207,Social Psychology,32,Psychology,2,Social Sciences,42629
T12635,African studies and sociopolitical issues,3312,Sociology and Political Science,33,Social Sciences,2,Social Sciences,42606
T11928,Genetic Syndromes and Imprinting,1311,Genetics,13,"Biochemistry, Genetics and Molecular Biology",1,Life Sciences,42603
T11998,Youth Development and Social Support,3311,Safety Research,33,Social Sciences,2,Social Sciences,42554
T11973,Plant chemical constituents analysis,1110,Plant Science,11,Agricultural and Biological Sciences,1,Life Sciences,42550
T14312,Historical Studies in Central America,1202,History,12,Arts and Humanities,2,Social Sciences,42507
T12566,Nitrogen and Sulfur Effects on Brassica,1312,Molecular Biology,13,"Biochemistry, Genetics and Molecular Biology",1,Life Sciences,42494
T11618,Cholesterol and Lipid Metabolism,2746,Surgery,27,Medicine,4,Health Sciences,42460
T14094,Italy: Economic History and Contemporary Issues,2002,Economics and Econometrics,20,"Economics, Econometrics and Finance",2,Social Sciences,42445
T10938,Phase Change Materials Research,2210,Mechanical Engineering,22,Engineering,3,Physical Sciences,42444
T11263,Electromagnetic Simulation and Numerical Methods,2208,Electrical and Electronic Engineering,22,Engineering,3,Physical Sciences,42432
T13216,Artistic and Creative Research,1213,Visual Arts and Performing Arts,12,Arts and Humanities,2,Social Sciences,42427
T11133,UAV Applications and Optimization,2202,Aerospace Engineering,22,Engineering,3,Physical Sciences,42418
T11654,Advanced Mathematical Physics Problems,2610,Mathematical Physics,26,Mathematics,3,Physical Sciences,42418
T13929,Educational Outcomes and Influences,3304,Education,33,Social Sciences,2,Social Sciences,42413
T14151,Literary Analysis and Cultural Studies,1207,History and Philosophy of Science,12,Arts and Humanities,2,Social Sciences,42386
T13100,Comparative Animal Anatomy Studies,2748,Urology,27,Medicine,4,Health Sciences,42368
T12856,Transgenic Plants and Applications,1305,Biotechnology,13,"Biochemistry, Genetics and Molecular Biology",1,Life Sciences,42338
T11548,Sexual Assault and Victimization Studies,3318,Gender Studies,33,Social Sciences,2,Social Sciences,42250
T11899,"Brucella: diagnosis, epidemiology, treatment",3404,Small Animals,34,Veterinary,4,Health Sciences,42234
T11378,Gastrointestinal Bleeding Diagnosis and Treatment,2715,Gastroenterology,27,Medicine,4,Health Sciences,42228
T12287,Fibroblast Growth Factor Research,1312,Molecular Biology,13,"Biochemistry, Genetics and Molecular Biology",1,Life Sciences,42166
T13096,Family and Matrimonial Law,3308,Law,33,Social Sciences,2,Social Sciences,42136
T11593,Carbon dioxide utilization in catalysis,1508,Process Chemistry and Technology,15,Chemical Engineering,3,Physical Sciences,42114
T13308,Cybernetics and Technology in Society,1207,History and Philosophy of Science,12,Arts and Humanities,2,Social Sciences,42110
T11250,Wave and Wind Energy Systems,2212,Ocean Engineering,22,Engineering,3,Physical Sciences,42084
T14112,"Economic, financial, and policy analysis",2000,"General Economics, Econometrics and Finance",20,"Economics, Econometrics and Finance",2,Social Sciences,42055
T13540,Animal Diversity and Health Studies,1106,Food Science,11,Agricultural and Biological Sciences,1,Life Sciences,42054
T13547,Economic and Industrial Development,2002,Economics and Econometrics,20,"Economics, Econometrics and Finance",2,Social Sciences,42004
T11655,HIV-related health complications and treatments,2711,Emergency Medicine,27,Medicine,4,Health Sciences,41995
T11600,Brain Metastases and Treatment,2740,Pulmonary and Respiratory Medicine,27,Medicine,4,Health Sciences,41973
T11972,Chromium effects and bioremediation,2307,"Health, Toxicology and Mutagenesis",23,Environmental Science,3,Physical Sciences,41895
T13756,International Environmental Law and Policies,2308,"Management, Monitoring, Policy and Law",23,Environmental Science,3,Physical Sciences,41868
T13358,Livestock Management and Performance Improvement,1102,Agronomy and Crop Science,11,Agricultural and Biological Sciences,1,Life Sciences,41786
T12957,"War, Ethics, and Justification",1211,Philosophy,12,Arts and Humanities,2,Social Sciences,41767
T14089,Nanotechnology research and applications,2204,Biomedical Engineering,22,Engineering,3,Physical Sciences,41741
T12965,Wildlife Conservation and Criminology Analyses,2309,Nature and Landscape Conservation,23,Environmental Science,3,Physical Sciences,41721
T10119,Sustainability and Climate Change Governance,2306,Global and Planetary Change,23,Environmental Science,3,Physical Sciences,41697
T13045,Industrial Engineering and Technologies,2210,Mechanical Engineering,22,Engineering,3,Physical Sciences,41655
T13570,Historical Education Studies Worldwide,3304,Education,33,Social Sciences,2,Social Sciences,41523
T11823,Natural Resources and Economic Development,2000,"General Economics, Econometrics and Finance",20,"Economics, Econometrics and Finance",2,Social Sciences,41501
T12920,Healthcare and Environmental Waste Management,2739,"Public Health, Environmental and Occupational Health",27,Medicine,4,Health Sciences,41468
T13603,Corporate Social Responsibility and Sustainability,1407,Organizational Behavior and Human Resource Management,14,"Business, Management and Accounting",2,Social Sciences,41452
T12328,Autoimmune and Inflammatory Disorders,2713,Epidemiology,27,Medicine,4,Health Sciences,41433
T11569,Optical Coherence Tomography Applications,2204,Biomedical Engineering,22,Engineering,3,Physical Sciences,41429
T11671,Fuzzy and Soft Set Theory,1803,Management Science and Operations Research,18,Decision Sciences,2,Social Sciences,41427
T13340,Palliative and Oncologic Care,2739,"Public Health, Environmental and Occupational Health",27,Medicine,4,Health Sciences,41420
T14255,European Law and Migration,3308,Law,33,Social Sciences,2,Social Sciences,41411
T10817,Multicomponent Synthesis of Heterocycles,1605,Organic Chemistry,16,Chemistry,3,Physical Sciences,41394
T10868,Soft Robotics and Applications,2204,Biomedical Engineering,22,Engineering,3,Physical Sciences,41358
T11958,Dental Erosion and Treatment,3505,Orthodontics,35,Dentistry,4,Health Sciences,41344
T11929,Cerebral Venous Sinus Thrombosis,2728,Neurology,27,Medicine,4,Health Sciences,41326
T13190,Engineering and Environmental Studies,2212,Ocean Engineering,22,Engineering,3,Physical Sciences,41301
T11696,Conflict Management and Negotiation,3312,Sociology and Political Science,33,Social Sciences,2,Social Sciences,41300
T13572,German Security and Defense Policies,3320,Political Science and International Relations,33,Social Sciences,2,Social Sciences,41285
T13979,Communication and COVID-19 Impact,3315,Communication,33,Social Sciences,2,Social Sciences,41261
T11487,Automotive and Human Injury Biomechanics,2740,Pulmonary and Respiratory Medicine,27,Medicine,4,Health Sciences,41237
T12806,Ocean Acidification Effects and Responses,1910,Oceanography,19,Earth and Planetary Sciences,3,Physical Sciences,41232
T11697,Numerical Methods and Algorithms,1703,Computational Theory and Mathematics,17,Computer Science,3,Physical Sciences,41221
T13768,Oral and gingival health research,3611,Pharmacy,36,Health Professions,4,Health Sciences,41213
T11115,Topology Optimization in Engineering,2205,Civil and Structural Engineering,22,Engineering,3,Physical Sciences,41209
T12220,Quantum Electrodynamics and Casimir Effect,3107,"Atomic and Molecular Physics, and Optics",31,Physics and Astronomy,3,Physical Sciences,41199
T13408,Corporate Law and Human Rights,1407,Organizational Behavior and Human Resource Management,14,"Business, Management and Accounting",2,Social Sciences,41198
T14329,Science and Climate Studies,2306,Global and Planetary Change,23,Environmental Science,3,Physical Sciences,41181
T12256,Facilities and Workplace Management,3207,Social Psychology,32,Psychology,2,Social Sciences,41180
T11624,Constructed Wetlands for Wastewater Treatment,2311,Industrial and Manufacturing Engineering,23,Environmental Science,3,Physical Sciences,41176
T11681,Nosocomial Infections in ICU,2706,Critical Care and Intensive Care Medicine,27,Medicine,4,Health Sciences,41163
T13684,Political Dynamics in Latin America,3320,Political Science and International Relations,33,Social Sciences,2,Social Sciences,41162
T12985,Maritime Security and History,3313,Transportation,33,Social Sciences,2,Social Sciences,41149
T13164,Quality and Management Systems,1408,Strategy and Management,14,"Business, Management and Accounting",2,Social Sciences,41149
T12716,Congenital Anomalies and Fetal Surgery,2746,Surgery,27,Medicine,4,Health Sciences,41139
T13522,Cardiovascular Health and Risk Factors,2705,Cardiology and Cardiovascular Medicine,27,Medicine,4,Health Sciences,41094
T13210,Historical Turkish Studies,3320,Political Science and International Relations,33,Social Sciences,2,Social Sciences,41068
T11501,TGF-β signaling in diseases,1312,Molecular Biology,13,"Biochemistry, Genetics and Molecular Biology",1,Life Sciences,41030
T11633,Prenatal Substance Exposure Effects,2735,"Pediatrics, Perinatology and Child Health",27,Medicine,4,Health Sciences,41001
T11554,Vascular Procedures and Complications,2740,Pulmonary and Respiratory Medicine,27,Medicine,4,Health Sciences,40959
T14481,Renewable Energy and Sustainability,2105,"Renewable Energy, Sustainability and the Environment",21,Energy,3,Physical Sciences,40922
T11914,PARP inhibition in cancer therapy,2730,Oncology,27,Medicine,4,Health Sciences,40886
T13326,Biochemical and Structural Characterization,1312,Molecular Biology,13,"Biochemistry, Genetics and Molecular Biology",1,Life Sciences,40882
T11966,Silk-based biomaterials and applications,2502,Biomaterials,25,Materials Science,3,Physical Sciences,40878
T13548,Environmental and biological studies,2303,Ecology,23,Environmental Science,3,Physical Sciences,40826
T12178,Bird parasitology and diseases,2405,Parasitology,24,Immunology and Microbiology,1,Life Sciences,40817
T12634,Ureteral procedures and complications,2729,Obstetrics and Gynecology,27,Medicine,4,Health Sciences,40804
T12924,Dermatological and Skeletal Disorders,1311,Genetics,13,"Biochemistry, Genetics and Molecular Biology",1,Life Sciences,40784
T12941,Embedded Systems and FPGA Design,2207,Control and Systems Engineering,22,Engineering,3,Physical Sciences,40726
T12116,Dermatological diseases and infestations,2725,Infectious Diseases,27,Medicine,4,Health Sciences,40722
T11424,Security and Verification in Computing,1702,Artificial Intelligence,17,Computer Science,3,Physical Sciences,40711
T11795,Humor Studies and Applications,3207,Social Psychology,32,Psychology,2,Social Sciences,40665
T13226,Appreciative Inquiry and Organizational Change,1407,Organizational Behavior and Human Resource Management,14,"Business, Management and Accounting",2,Social Sciences,40661
T11315,Phase-change materials and chalcogenides,2505,Materials Chemistry,25,Materials Science,3,Physical Sciences,40659
T13702,Machine Learning in Healthcare,1702,Artificial Intelligence,17,Computer Science,3,Physical Sciences,40657
T11921,Electroconvulsive Therapy Studies,2738,Psychiatry and Mental health,27,Medicine,4,Health Sciences,40656
T13094,Mining and Gasification Technologies,2210,Mechanical Engineering,22,Engineering,3,Physical Sciences,40617
T14214,Space Exploration and Technology,2202,Aerospace Engineering,22,Engineering,3,Physical Sciences,40609
T12478,Wikis in Education and Collaboration,3315,Communication,33,Social Sciences,2,Social Sciences,40577
T13284,Psychology Research and Bibliometrics,3205,Experimental and Cognitive Psychology,32,Psychology,2,Social Sciences,40570
T12519,Cybercrime and Law Enforcement Studies,1710,Information Systems,17,Computer Science,3,Physical Sciences,40555
T10707,Cellular and Composite Structures,2210,Mechanical Engineering,22,Engineering,3,Physical Sciences,40545
T10927,Access Control and Trust,3312,Sociology and Political Science,33,Social Sciences,2,Social Sciences,40531
T11258,Breast Implant and Reconstruction,2746,Surgery,27,Medicine,4,Health Sciences,40523
T12150,Intestinal Malrotation and Obstruction Disorders,2746,Surgery,27,Medicine,4,Health Sciences,40511
T12343,Geography Education and Pedagogy,3305,"Geography, Planning and Development",33,Social Sciences,2,Social Sciences,40506
T12255,Biosimilars and Bioanalytical Methods,2403,Immunology,24,Immunology and Microbiology,1,Life Sciences,40487
T11961,Neonatal and Maternal Infections,2739,"Public Health, Environmental and Occupational Health",27,Medicine,4,Health Sciences,40476
T14203,"Education, Safety, and Science Studies",3311,Safety Research,33,Social Sciences,2,Social Sciences,40456
T11149,Veterinary Oncology Research,2740,Pulmonary and Respiratory Medicine,27,Medicine,4,Health Sciences,40454
T13093,Electric Power Systems and Control,2208,Electrical and Electronic Engineering,22,Engineering,3,Physical Sciences,40439
T11826,Ocular Infections and Treatments,2731,Ophthalmology,27,Medicine,4,Health Sciences,40384
T11648,"Diaspora, migration, transnational identity",3317,Demography,33,Social Sciences,2,Social Sciences,40350
T13493,Optical and Acousto-Optic Technologies,3107,"Atomic and Molecular Physics, and Optics",31,Physics and Astronomy,3,Physical Sciences,40330
T12425,Industrial Gas Emission Control,2210,Mechanical Engineering,22,Engineering,3,Physical Sciences,40325
T11932,Wireless Body Area Networks,2204,Biomedical Engineering,22,Engineering,3,Physical Sciences,40272
T12459,Nerve Injury and Rehabilitation,2746,Surgery,27,Medicine,4,Health Sciences,40268
T11145,Epoxy Resin Curing Processes,2210,Mechanical Engineering,22,Engineering,3,Physical Sciences,40263
T14045,"Health, Education, and Physical Culture",3207,Social Psychology,32,Psychology,2,Social Sciences,40253
T11749,Iterative Learning Control Systems,2207,Control and Systems Engineering,22,Engineering,3,Physical Sciences,40227
T11945,Heat Transfer Mechanisms,2210,Mechanical Engineering,22,Engineering,3,Physical Sciences,40222
T13462,Spanish Philosophy and Literature,1211,Philosophy,12,Arts and Humanities,2,Social Sciences,40215
T11403,Invertebrate Immune Response Mechanisms,2403,Immunology,24,Immunology and Microbiology,1,Life Sciences,40126
T11708,Photochromic and Fluorescence Chemistry,2505,Materials Chemistry,25,Materials Science,3,Physical Sciences,40117
T12779,Public Procurement and Policy,1408,Strategy and Management,14,"Business, Management and Accounting",2,Social Sciences,40087
T13157,Cancer-related gene regulation,1312,Molecular Biology,13,"Biochemistry, Genetics and Molecular Biology",1,Life Sciences,40055
T11427,Elbow and Forearm Trauma Treatment,2742,Rehabilitation,27,Medicine,4,Health Sciences,40022
T12032,Multisensory perception and integration,3205,Experimental and Cognitive Psychology,32,Psychology,2,Social Sciences,40014
T10940,Navier-Stokes equation solutions,2604,Applied Mathematics,26,Mathematics,3,Physical Sciences,39994
T12087,Natural Compound Pharmacology Studies,1110,Plant Science,11,Agricultural and Biological Sciences,1,Life Sciences,39991
T12903,Globalization and Cultural Identity,3312,Sociology and Political Science,33,Social Sciences,2,Social Sciences,39956
T12209,Bone and Joint Diseases,2732,Orthopedics and Sports Medicine,27,Medicine,4,Health Sciences,39948
T14384,Ophthalmology and Visual Health Research,2731,Ophthalmology,27,Medicine,4,Health Sciences,39946
T13632,Marriage and Sexual Relationships,3312,Sociology and Political Science,33,Social Sciences,2,Social Sciences,39930
T13957,Corporate Governance and Financial Management,1408,Strategy and Management,14,"Business, Management and Accounting",2,Social Sciences,39872
T11866,Reconstructive Facial Surgery Techniques,2746,Surgery,27,Medicine,4,Health Sciences,39860
T12535,Machine Learning and Data Classification,1702,Artificial Intelligence,17,Computer Science,3,Physical Sciences,39839
T11105,Advanced Image Processing Techniques,1707,Computer Vision and Pattern Recognition,17,Computer Science,3,Physical Sciences,39835
T14301,Educational methodologies and cognitive development,3204,Developmental and Educational Psychology,32,Psychology,2,Social Sciences,39823
T10929,Wnt/β-catenin signaling in development and cancer,1312,Molecular Biology,13,"Biochemistry, Genetics and Molecular Biology",1,Life Sciences,39821
T10960,Hypothalamic control of reproductive hormones,2743,Reproductive Medicine,27,Medicine,4,Health Sciences,39795
T11239,Social Capital and Networks,3312,Sociology and Political Science,33,Social Sciences,2,Social Sciences,39785
T13956,Sociopolitical Dynamics in Nepal,3317,Demography,33,Social Sciences,2,Social Sciences,39740
T11834,Liver Diseases and Immunity,2721,Hepatology,27,Medicine,4,Health Sciences,39731
T12598,Cardiac Structural Anomalies and Repair,2746,Surgery,27,Medicine,4,Health Sciences,39721
T11233,Advanced Adaptive Filtering Techniques,2206,Computational Mechanics,22,Engineering,3,Physical Sciences,39669
T12309,solar cell performance optimization,2208,Electrical and Electronic Engineering,22,Engineering,3,Physical Sciences,39665
T14282,"Security, Politics, and Digital Transformation",3320,Political Science and International Relations,33,Social Sciences,2,Social Sciences,39658
T11382,Fluid Dynamics and Heat Transfer,2206,Computational Mechanics,22,Engineering,3,Physical Sciences,39603
T13769,Fusion and Plasma Physics Studies,3109,Statistical and Nonlinear Physics,31,Physics and Astronomy,3,Physical Sciences,39575
T13312,Mechanical and Thermal Properties Analysis,2210,Mechanical Engineering,22,Engineering,3,Physical Sciences,39571
T13472,Brazilian History and Foreign Policy,2002,Economics and Econometrics,20,"Economics, Econometrics and Finance",2,Social Sciences,39528
T11527,3D IC and TSV technologies,2208,Electrical and Electronic Engineering,22,Engineering,3,Physical Sciences,39441
T12253,Urban Agriculture and Sustainability,1110,Plant Science,11,Agricultural and Biological Sciences,1,Life Sciences,39441
T13628,Agricultural Productivity and Crop Improvement,1102,Agronomy and Crop Science,11,Agricultural and Biological Sciences,1,Life Sciences,39434
T11644,Spam and Phishing Detection,1710,Information Systems,17,Computer Science,3,Physical Sciences,39424
T12301,Facial Nerve Paralysis Treatment and Research,2728,Neurology,27,Medicine,4,Health Sciences,39407
T11848,Heme Oxygenase-1 and Carbon Monoxide,1312,Molecular Biology,13,"Biochemistry, Genetics and Molecular Biology",1,Life Sciences,39365
T14349,Global Political and Economic Relations,3320,Political Science and International Relations,33,Social Sciences,2,Social Sciences,39343
T12372,Art Therapy and Mental Health,1206,Conservation,12,Arts and Humanities,2,Social Sciences,39289
T12207,Assistive Technology in Communication and Mobility,3609,Occupational Therapy,36,Health Professions,4,Health Sciences,39255
T13683,"Architecture, Art, Education",1213,Visual Arts and Performing Arts,12,Arts and Humanities,2,Social Sciences,39245
T11575,Nonlinear Photonic Systems,3109,Statistical and Nonlinear Physics,31,Physics and Astronomy,3,Physical Sciences,39194
T12687,Public Administration in Developing Nations,3320,Political Science and International Relations,33,Social Sciences,2,Social Sciences,39186
T11513,stochastic dynamics and bifurcation,3109,Statistical and Nonlinear Physics,31,Physics and Astronomy,3,Physical Sciences,39179
T11916,Legionella and Acanthamoeba research,1310,Endocrinology,13,"Biochemistry, Genetics and Molecular Biology",1,Life Sciences,39130
T13682,Engineering Education and Pedagogy,2216,Architecture,22,Engineering,3,Physical Sciences,39126
T12574,Clinical Reasoning and Diagnostic Skills,2714,Family Practice,27,Medicine,4,Health Sciences,39098
T12937,Chemotherapy-related skin toxicity,2708,Dermatology,27,Medicine,4,Health Sciences,39096
T12588,Electronic and Structural Properties of Oxides,2505,Materials Chemistry,25,Materials Science,3,Physical Sciences,39093
T11821,Odor and Emission Control Technologies,1508,Process Chemistry and Technology,15,Chemical Engineering,3,Physical Sciences,39089
T11360,Flame retardant materials and properties,2507,Polymers and Plastics,25,Materials Science,3,Physical Sciences,39072
T11598,Internet Traffic Analysis and Secure E-voting,1702,Artificial Intelligence,17,Computer Science,3,Physical Sciences,39059
T11024,Information Systems Theories and Implementation,3312,Sociology and Political Science,33,Social Sciences,2,Social Sciences,39035
T13114,Image Processing Techniques and Applications,2214,Media Technology,22,Engineering,3,Physical Sciences,39028
T11625,Abdominal vascular conditions and treatments,2746,Surgery,27,Medicine,4,Health Sciences,39003
T12715,Pregnancy-related medical research,2739,"Public Health, Environmental and Occupational Health",27,Medicine,4,Health Sciences,38993
T12663,Body Image and Dysmorphia Studies,3203,Clinical Psychology,32,Psychology,2,Social Sciences,38957
T11822,Analytic and geometric function theory,2608,Geometry and Topology,26,Mathematics,3,Physical Sciences,38953
T11620,Medication Adherence and Compliance,2714,Family Practice,27,Medicine,4,Health Sciences,38937
T10650,Food Drying and Modeling,1106,Food Science,11,Agricultural and Biological Sciences,1,Life Sciences,38933
T12849,Parvovirus B19 Infection Studies,2725,Infectious Diseases,27,Medicine,4,Health Sciences,38933
T11322,Facial Rejuvenation and Surgery Techniques,2708,Dermatology,27,Medicine,4,Health Sciences,38924
T11883,Embodied and Extended Cognition,2805,Cognitive Neuroscience,28,Neuroscience,1,Life Sciences,38919
T13305,Teacher Professional Development and Motivation,3304,Education,33,Social Sciences,2,Social Sciences,38918
T13111,Nursing care and research,3611,Pharmacy,36,Health Professions,4,Health Sciences,38913
T11938,ERP Systems Implementation and Impact,1404,Management Information Systems,14,"Business, Management and Accounting",2,Social Sciences,38906
T12712,Myofascial pain diagnosis and treatment,1307,Cell Biology,13,"Biochemistry, Genetics and Molecular Biology",1,Life Sciences,38900
T13057,Asian Industrial and Economic Development,3320,Political Science and International Relations,33,Social Sciences,2,Social Sciences,38885
T11362,Membrane Separation and Gas Transport,2210,Mechanical Engineering,22,Engineering,3,Physical Sciences,38874
T10972,Power Systems Fault Detection,2207,Control and Systems Engineering,22,Engineering,3,Physical Sciences,38847
T11661,Copper Interconnects and Reliability,2504,"Electronic, Optical and Magnetic Materials",25,Materials Science,3,Physical Sciences,38839
T12609,Latin American socio-political dynamics,3312,Sociology and Political Science,33,Social Sciences,2,Social Sciences,38832
T12293,Dam Engineering and Safety,2205,Civil and Structural Engineering,22,Engineering,3,Physical Sciences,38830
T11766,Iron-based superconductors research,2504,"Electronic, Optical and Magnetic Materials",25,Materials Science,3,Physical Sciences,38808
T14004,History and Cultural Heritage,3316,Cultural Studies,33,Social Sciences,2,Social Sciences,38807
T12185,Regulation and Compliance Studies,1408,Strategy and Management,14,"Business, Management and Accounting",2,Social Sciences,38792
T12581,Engineering Structural Analysis Methods,2210,Mechanical Engineering,22,Engineering,3,Physical Sciences,38791
T12251,Synthesis and Catalytic Reactions,1605,Organic Chemistry,16,Chemistry,3,Physical Sciences,38779
T12070,Writing and Handwriting Education,3304,Education,33,Social Sciences,2,Social Sciences,38767
T11767,Poxvirus research and outbreaks,2406,Virology,24,Immunology and Microbiology,1,Life Sciences,38760
T11428,Advanced Mathematical Identities,2602,Algebra and Number Theory,26,Mathematics,3,Physical Sciences,38747
T12540,Cyclone Separators and Fluid Dynamics,2206,Computational Mechanics,22,Engineering,3,Physical Sciences,38723
T13811,Earth Systems and Cosmic Evolution,1902,Atmospheric Science,19,Earth and Planetary Sciences,3,Physical Sciences,38721
T12351,Geometry and complex manifolds,2608,Geometry and Topology,26,Mathematics,3,Physical Sciences,38701
T12708,Economic and Financial Impacts of Cancer,2002,Economics and Econometrics,20,"Economics, Econometrics and Finance",2,Social Sciences,38669
T12468,Radiation Effects and Dosimetry,1106,Food Science,11,Agricultural and Biological Sciences,1,Life Sciences,38653
T10986,RFID technology advancements,2214,Media Technology,22,Engineering,3,Physical Sciences,38652
T11034,Digital Filter Design and Implementation,1711,Signal Processing,17,Computer Science,3,Physical Sciences,38630
T11441,Organoboron and organosilicon chemistry,1605,Organic Chemistry,16,Chemistry,3,Physical Sciences,38628
T12805,Cognitive Science and Mapping,1702,Artificial Intelligence,17,Computer Science,3,Physical Sciences,38628
T10990,Infection Control and Ventilation,2740,Pulmonary and Respiratory Medicine,27,Medicine,4,Health Sciences,38612
T10568,Thermodynamic and Exergetic Analyses of Power and Cooling Systems,2210,Mechanical Engineering,22,Engineering,3,Physical Sciences,38596
T13170,Discrimination and Equality Law,3308,Law,33,Social Sciences,2,Social Sciences,38583
T13544,Women's cancer prevention and management,2739,"Public Health, Environmental and Occupational Health",27,Medicine,4,Health Sciences,38583
T12405,Characterization and Applications of Magnetic Nanoparticles,2204,Biomedical Engineering,22,Engineering,3,Physical Sciences,38546
T11905,Veterinary Pharmacology and Anesthesia,3404,Small Animals,34,Veterinary,4,Health Sciences,38521
T12292,Graph Theory and Algorithms,1707,Computer Vision and Pattern Recognition,17,Computer Science,3,Physical Sciences,38498
T12869,Occupational Health and Burnout,3609,Occupational Therapy,36,Health Professions,4,Health Sciences,38498
T12133,Pragmatism in Philosophy and Education,1211,Philosophy,12,Arts and Humanities,2,Social Sciences,38480
T13072,Contemporary Christian Leadership and Education,1212,Religious studies,12,Arts and Humanities,2,Social Sciences,38436
T11784,CO2 Reduction Techniques and Catalysts,2105,"Renewable Energy, Sustainability and the Environment",21,Energy,3,Physical Sciences,38394
T13936,Physical Education and Gymnastics,3304,Education,33,Social Sciences,2,Social Sciences,38393
T14128,Metallurgical and Alloy Processes,2500,General Materials Science,25,Materials Science,3,Physical Sciences,38367
T12412,Enzyme function and inhibition,1312,Molecular Biology,13,"Biochemistry, Genetics and Molecular Biology",1,Life Sciences,38359
T12536,Topological and Geometric Data Analysis,1703,Computational Theory and Mathematics,17,Computer Science,3,Physical Sciences,38314
T12451,Smart Grid and Power Systems,2208,Electrical and Electronic Engineering,22,Engineering,3,Physical Sciences,38300
T11158,Wireless Networks and Protocols,1705,Computer Networks and Communications,17,Computer Science,3,Physical Sciences,38288
T12600,Eosinophilic Disorders and Syndromes,2745,Rheumatology,27,Medicine,4,Health Sciences,38268
T12576,vaccines and immunoinformatics approaches,1312,Molecular Biology,13,"Biochemistry, Genetics and Molecular Biology",1,Life Sciences,38232
T12392,Sharing Economy and Platforms,1406,Marketing,14,"Business, Management and Accounting",2,Social Sciences,38162
T13365,Medical and Biological Ozone Research,2736,Pharmacology,27,Medicine,4,Health Sciences,38136
T11469,Lymphatic System and Diseases,2730,Oncology,27,Medicine,4,Health Sciences,38122
T11558,Composite Material Mechanics,2211,Mechanics of Materials,22,Engineering,3,Physical Sciences,38114
T11143,High Entropy Alloys Studies,2210,Mechanical Engineering,22,Engineering,3,Physical Sciences,38095
T14381,"Psychiatry, Mental Health, Neuroscience",1702,Artificial Intelligence,17,Computer Science,3,Physical Sciences,38090
T13291,Political Theory and Democracy,3320,Political Science and International Relations,33,Social Sciences,2,Social Sciences,38011
T12104,Protein Tyrosine Phosphatases,1312,Molecular Biology,13,"Biochemistry, Genetics and Molecular Biology",1,Life Sciences,38007
T12688,Microbial metabolism and enzyme function,1312,Molecular Biology,13,"Biochemistry, Genetics and Molecular Biology",1,Life Sciences,37981
T13204,Competitive and Knowledge Intelligence,1408,Strategy and Management,14,"Business, Management and Accounting",2,Social Sciences,37952
T12110,Bone and Dental Protein Studies,2745,Rheumatology,27,Medicine,4,Health Sciences,37944
T11341,Boron and Carbon Nanomaterials Research,2505,Materials Chemistry,25,Materials Science,3,Physical Sciences,37908
T12008,Solar-Powered Water Purification Methods,2105,"Renewable Energy, Sustainability and the Environment",21,Energy,3,Physical Sciences,37896
T12322,Animal health and immunology,3404,Small Animals,34,Veterinary,4,Health Sciences,37884
T10637,Advanced Clustering Algorithms Research,1702,Artificial Intelligence,17,Computer Science,3,Physical Sciences,37859
T12223,Leptospirosis research and findings,2405,Parasitology,24,Immunology and Microbiology,1,Life Sciences,37841
T11736,Histone Deacetylase Inhibitors Research,1312,Molecular Biology,13,"Biochemistry, Genetics and Molecular Biology",1,Life Sciences,37831
T11835,Sustainability in Higher Education,3304,Education,33,Social Sciences,2,Social Sciences,37821
T11451,Advanced Machining and Optimization Techniques,2208,Electrical and Electronic Engineering,22,Engineering,3,Physical Sciences,37819
T13916,Environmental Policies and Emissions,2310,Pollution,23,Environmental Science,3,Physical Sciences,37810
T11793,"Recreation, Leisure, Wilderness Management",3207,Social Psychology,32,Psychology,2,Social Sciences,37795
T11830,Point processes and geometric inequalities,2604,Applied Mathematics,26,Mathematics,3,Physical Sciences,37747
T14323,"Agriculture, Water, and Health",2312,Water Science and Technology,23,Environmental Science,3,Physical Sciences,37736
T12867,Advanced Biosensing Techniques and Applications,1312,Molecular Biology,13,"Biochemistry, Genetics and Molecular Biology",1,Life Sciences,37721
T11000,Infection Control in Healthcare,2725,Infectious Diseases,27,Medicine,4,Health Sciences,37711
T11670,Pressure Ulcer Prevention and Management,3609,Occupational Therapy,36,Health Professions,4,Health Sciences,37707
T12214,Media Influence and Health,1208,Literature and Literary Theory,12,Arts and Humanities,2,Social Sciences,37621
T12117,Muscle and Compartmental Disorders,2746,Surgery,27,Medicine,4,Health Sciences,37607
T12291,Pericarditis and Cardiac Tamponade,2705,Cardiology and Cardiovascular Medicine,27,Medicine,4,Health Sciences,37573
T11458,Advanced Wireless Communication Technologies,2208,Electrical and Electronic Engineering,22,Engineering,3,Physical Sciences,37548
T13252,Sex and Gender in Healthcare,2739,"Public Health, Environmental and Occupational Health",27,Medicine,4,Health Sciences,37545
T12263,Peacebuilding and International Security,3312,Sociology and Political Science,33,Social Sciences,2,Social Sciences,37532
T11003,Disability Rights and Representation,3311,Safety Research,33,Social Sciences,2,Social Sciences,37523
T10720,Complexity and Algorithms in Graphs,1703,Computational Theory and Mathematics,17,Computer Science,3,Physical Sciences,37522
T11829,Mathematical Biology Tumor Growth,2611,Modeling and Simulation,26,Mathematics,3,Physical Sciences,37507
T14078,Multiple and Secondary Primary Cancers,2713,Epidemiology,27,Medicine,4,Health Sciences,37441
T12134,Insect symbiosis and bacterial influences,1109,Insect Science,11,Agricultural and Biological Sciences,1,Life Sciences,37435
T13668,Agricultural and Rural Development Research,1107,Forestry,11,Agricultural and Biological Sciences,1,Life Sciences,37428
T11039,Evaluation of Teaching Practices,3304,Education,33,Social Sciences,2,Social Sciences,37414
T11555,Methodologies in Health Research and Practice,3605,Health Information Management,36,Health Professions,4,Health Sciences,37410
T12355,Genetic and rare skin diseases.,1311,Genetics,13,"Biochemistry, Genetics and Molecular Biology",1,Life Sciences,37377
T12354,Innovations in Educational Methods,3304,Education,33,Social Sciences,2,Social Sciences,37318
T12085,Collagen: Extraction and Characterization,2502,Biomaterials,25,Materials Science,3,Physical Sciences,37298
T11840,Pain Management and Treatment,2703,Anesthesiology and Pain Medicine,27,Medicine,4,Health Sciences,37268
T12507,"Utopian, Dystopian, and Speculative Fiction",1211,Philosophy,12,Arts and Humanities,2,Social Sciences,37234
T12620,Signaling Pathways in Disease,1312,Molecular Biology,13,"Biochemistry, Genetics and Molecular Biology",1,Life Sciences,37202
T12025,Hepatitis Viruses Studies and Epidemiology,2721,Hepatology,27,Medicine,4,Health Sciences,37183
T11910,Foreign Body Medical Cases,2741,"Radiology, Nuclear Medicine and Imaging",27,Medicine,4,Health Sciences,37167
T10286,Information Retrieval and Search Behavior,1710,Information Systems,17,Computer Science,3,Physical Sciences,37153
T12074,Membrane-based Ion Separation Techniques,2204,Biomedical Engineering,22,Engineering,3,Physical Sciences,37149
T13383,Tumors and Oncological Cases,2734,Pathology and Forensic Medicine,27,Medicine,4,Health Sciences,37048
T10578,Supramolecular Chemistry and Complexes,1605,Organic Chemistry,16,Chemistry,3,Physical Sciences,37043
T11518,Cervical and Thoracic Myelopathy,2746,Surgery,27,Medicine,4,Health Sciences,37037
T12560,Nuclear Engineering Thermal-Hydraulics,2202,Aerospace Engineering,22,Engineering,3,Physical Sciences,37023
T11765,Circular RNAs in diseases,1312,Molecular Biology,13,"Biochemistry, Genetics and Molecular Biology",1,Life Sciences,36941
T11275,Composting and Vermicomposting Techniques,1111,Soil Science,11,Agricultural and Biological Sciences,1,Life Sciences,36937
T12493,"Memory, violence, and history",3207,Social Psychology,32,Psychology,2,Social Sciences,36911
T12939,Polish Law and Legal System,3320,Political Science and International Relations,33,Social Sciences,2,Social Sciences,36874
T13009,Agroforestry and silvopastoral systems,1107,Forestry,11,Agricultural and Biological Sciences,1,Life Sciences,36868
T12189,Sulfur-Based Synthesis Techniques,1605,Organic Chemistry,16,Chemistry,3,Physical Sciences,36862
T12338,Digital literacy in education,1710,Information Systems,17,Computer Science,3,Physical Sciences,36862
T11626,Metalloenzymes and iron-sulfur proteins,2105,"Renewable Energy, Sustainability and the Environment",21,Energy,3,Physical Sciences,36852
T13301,Cultural Studies and Interdisciplinary Research,1211,Philosophy,12,Arts and Humanities,2,Social Sciences,36841
T11038,Advanced SAR Imaging Techniques,2202,Aerospace Engineering,22,Engineering,3,Physical Sciences,36838
T14412,Marine and Coastal Research,2212,Ocean Engineering,22,Engineering,3,Physical Sciences,36832
T14231,New Zealand Economic and Social Studies,2002,Economics and Econometrics,20,"Economics, Econometrics and Finance",2,Social Sciences,36813
T12710,Engineering and Agricultural Innovations,1104,Aquatic Science,11,Agricultural and Biological Sciences,1,Life Sciences,36728
T12650,Aesthetic Perception and Analysis,2805,Cognitive Neuroscience,28,Neuroscience,1,Life Sciences,36657
T12034,Digital and Cyber Forensics,1710,Information Systems,17,Computer Science,3,Physical Sciences,36646
T12546,Smart Parking Systems Research,2215,Building and Construction,22,Engineering,3,Physical Sciences,36644
T12258,"Perfectionism, Procrastination, Anxiety Studies",3203,Clinical Psychology,32,Psychology,2,Social Sciences,36636
T11777,Fixed Point Theorems Analysis,2608,Geometry and Topology,26,Mathematics,3,Physical Sciences,36617
T13433,Short Stories in Global Literature,1208,Literature and Literary Theory,12,Arts and Humanities,2,Social Sciences,36610
T14499,Livestock Farming and Management,1102,Agronomy and Crop Science,11,Agricultural and Biological Sciences,1,Life Sciences,36606
T12627,Graphene and Nanomaterials Applications,2204,Biomedical Engineering,22,Engineering,3,Physical Sciences,36601
T13356,Early Modern Women Writers,1212,Religious studies,12,Arts and Humanities,2,Social Sciences,36600
T12940,Structural Engineering and Materials Analysis,2205,Civil and Structural Engineering,22,Engineering,3,Physical Sciences,36572
T13044,Biofield Effects and Biophysics,2737,Physiology,27,Medicine,4,Health Sciences,36567
T14410,Safety and Risk Management,1407,Organizational Behavior and Human Resource Management,14,"Business, Management and Accounting",2,Social Sciences,36564
T13814,Cultural and political discourse analysis,3310,Linguistics and Language,33,Social Sciences,2,Social Sciences,36538
T12916,COVID-19 impact on air quality,2306,Global and Planetary Change,23,Environmental Science,3,Physical Sciences,36536
T12621,Hemispheric Asymmetry in Neuroscience,2805,Cognitive Neuroscience,28,Neuroscience,1,Life Sciences,36535
T11652,Imbalanced Data Classification Techniques,1702,Artificial Intelligence,17,Computer Science,3,Physical Sciences,36518
T13899,Agricultural Systems and Practices,1105,"Ecology, Evolution, Behavior and Systematics",11,Agricultural and Biological Sciences,1,Life Sciences,36512
T12543,Groundwater and Watershed Analysis,2305,Environmental Engineering,23,Environmental Science,3,Physical Sciences,36507
T13310,Subtitles and Audiovisual Media,1203,Language and Linguistics,12,Arts and Humanities,2,Social Sciences,36496
T13405,Educational Assessment and Improvement,1802,Information Systems and Management,18,Decision Sciences,2,Social Sciences,36483
T13820,SAS software applications and methods,2204,Biomedical Engineering,22,Engineering,3,Physical Sciences,36474
T14505,Natural Products and Applications,1100,General Agricultural and Biological Sciences,11,Agricultural and Biological Sciences,1,Life Sciences,36448
T12746,Sustainable Industrial Ecology,2209,Industrial and Manufacturing Engineering,22,Engineering,3,Physical Sciences,36383
T13400,Mathematical and Theoretical Analysis,2610,Mathematical Physics,26,Mathematics,3,Physical Sciences,36375
T13001,Restraint-Related Deaths,2711,Emergency Medicine,27,Medicine,4,Health Sciences,36316
T13117,Health Education and Validation,3304,Education,33,Social Sciences,2,Social Sciences,36306
T10709,Social Robot Interaction and HRI,3207,Social Psychology,32,Psychology,2,Social Sciences,36300
T11675,Open Source Software Innovations,1706,Computer Science Applications,17,Computer Science,3,Physical Sciences,36280
T14179,Waste Management and Recycling,2311,Industrial and Manufacturing Engineering,23,Environmental Science,3,Physical Sciences,36275
T14289,"Anthropology: Ethics, History, Culture",3314,Anthropology,33,Social Sciences,2,Social Sciences,36273
T11409,Advanced Wireless Network Optimization,2208,Electrical and Electronic Engineering,22,Engineering,3,Physical Sciences,36268
T14356,Organizational Leadership and Management Strategies,1408,Strategy and Management,14,"Business, Management and Accounting",2,Social Sciences,36267
T13024,Literary Theory and Cultural Hermeneutics,1208,Literature and Literary Theory,12,Arts and Humanities,2,Social Sciences,36260
T12515,Gender and Technology in Education,3318,Gender Studies,33,Social Sciences,2,Social Sciences,36252
T12744,Medical Device Sterilization and Disinfection,2404,Microbiology,24,Immunology and Microbiology,1,Life Sciences,36235
T13839,"Tourism, Volunteerism, and Development",3317,Demography,33,Social Sciences,2,Social Sciences,36233
T14353,Wireless Sensor Networks for Data Analysis,1705,Computer Networks and Communications,17,Computer Science,3,Physical Sciences,36222
T12423,Software Reliability and Analysis Research,1712,Software,17,Computer Science,3,Physical Sciences,36160
T12498,Latin American Cultural Politics,3314,Anthropology,33,Social Sciences,2,Social Sciences,36156
T11001,Renin-Angiotensin System Studies,2705,Cardiology and Cardiovascular Medicine,27,Medicine,4,Health Sciences,36153
T11272,Nanowire Synthesis and Applications,2204,Biomedical Engineering,22,Engineering,3,Physical Sciences,36144
T12058,Allelopathy and phytotoxic interactions,1110,Plant Science,11,Agricultural and Biological Sciences,1,Life Sciences,36058
T12102,Fire effects on concrete materials,2205,Civil and Structural Engineering,22,Engineering,3,Physical Sciences,36058
T10579,Cognitive Radio Networks and Spectrum Sensing,1705,Computer Networks and Communications,17,Computer Science,3,Physical Sciences,36014
T12828,Plant Genetic and Mutation Studies,1110,Plant Science,11,Agricultural and Biological Sciences,1,Life Sciences,35990
T13032,COVID-19 Prevention and Impact,3312,Sociology and Political Science,33,Social Sciences,2,Social Sciences,35988
T11331,Fecal contamination and water quality,2312,Water Science and Technology,23,Environmental Science,3,Physical Sciences,35971
T14076,Material Properties and Failure Mechanisms,2505,Materials Chemistry,25,Materials Science,3,Physical Sciences,35963
T11653,Financial Distress and Bankruptcy Prediction,1402,Accounting,14,"Business, Management and Accounting",2,Social Sciences,35960
T12172,Neutropenia and Cancer Infections,2730,Oncology,27,Medicine,4,Health Sciences,35952
T12349,Food Chemistry and Fat Analysis,1106,Food Science,11,Agricultural and Biological Sciences,1,Life Sciences,35940
T14479,Freezing and Crystallization Processes,2211,Mechanics of Materials,22,Engineering,3,Physical Sciences,35936
T12009,Hedgehog Signaling Pathway Studies,1312,Molecular Biology,13,"Biochemistry, Genetics and Molecular Biology",1,Life Sciences,35925
T11101,Online Learning Methods and Innovations,3304,Education,33,Social Sciences,2,Social Sciences,35920
T12884,Educational Assessment and Pedagogy,3304,Education,33,Social Sciences,2,Social Sciences,35912
T13600,Science Education and Perceptions,3204,Developmental and Educational Psychology,32,Psychology,2,Social Sciences,35893
T12968,Research on scale insects,1109,Insect Science,11,Agricultural and Biological Sciences,1,Life Sciences,35835
T11798,Optimal Experimental Design Methods,1803,Management Science and Operations Research,18,Decision Sciences,2,Social Sciences,35818
T12054,Menstrual Health and Disorders,2739,"Public Health, Environmental and Occupational Health",27,Medicine,4,Health Sciences,35804
T13116,Heat Transfer and Numerical Methods,2206,Computational Mechanics,22,Engineering,3,Physical Sciences,35770
T13140,Materials Engineering and Processing,2210,Mechanical Engineering,22,Engineering,3,Physical Sciences,35710
T11756,Mentoring and Academic Development,3207,Social Psychology,32,Psychology,2,Social Sciences,35705
T11747,Metal-Catalyzed Oxygenation Mechanisms,1604,Inorganic Chemistry,16,Chemistry,3,Physical Sciences,35687
T12059,Berberine and alkaloids research,2736,Pharmacology,27,Medicine,4,Health Sciences,35627
T12208,Occupational exposure and asthma,2739,"Public Health, Environmental and Occupational Health",27,Medicine,4,Health Sciences,35619
T13990,Engine and Fuel Emissions,2203,Automotive Engineering,22,Engineering,3,Physical Sciences,35614
T13855,Aerospace Engineering and Control Systems,2202,Aerospace Engineering,22,Engineering,3,Physical Sciences,35593
T12055,Boron Compounds in Chemistry,2741,"Radiology, Nuclear Medicine and Imaging",27,Medicine,4,Health Sciences,35591
T13293,Engineering and Test Systems,2207,Control and Systems Engineering,22,Engineering,3,Physical Sciences,35586
T12334,Lung Cancer Research Studies,2730,Oncology,27,Medicine,4,Health Sciences,35567
T13545,Philosophical and Theoretical Analysis,1211,Philosophy,12,Arts and Humanities,2,Social Sciences,35560
T13141,Statistical Methods and Applications,2613,Statistics and Probability,26,Mathematics,3,Physical Sciences,35559
T12651,Halal products and consumer behavior,3312,Sociology and Political Science,33,Social Sciences,2,Social Sciences,35531
T12138,Occupational Health and Performance,3609,Occupational Therapy,36,Health Professions,4,Health Sciences,35525
T13243,Innovation in Digital Healthcare Systems,3605,Health Information Management,36,Health Professions,4,Health Sciences,35521
T14017,Legal Issues in Education,3308,Law,33,Social Sciences,2,Social Sciences,35515
T12072,Machine Learning and Algorithms,1702,Artificial Intelligence,17,Computer Science,3,Physical Sciences,35502
T11550,Text and Document Classification Technologies,1702,Artificial Intelligence,17,Computer Science,3,Physical Sciences,35435
T12407,Plant Growth Enhancement Techniques,1110,Plant Science,11,Agricultural and Biological Sciences,1,Life Sciences,35424
T10727,Ultrasound Imaging and Elastography,2741,"Radiology, Nuclear Medicine and Imaging",27,Medicine,4,Health Sciences,35421
T12763,ATP Synthase and ATPases Research,1312,Molecular Biology,13,"Biochemistry, Genetics and Molecular Biology",1,Life Sciences,35414
T12898,Induction Heating and Inverter Technology,2210,Mechanical Engineering,22,Engineering,3,Physical Sciences,35406
T11800,User Authentication and Security Systems,1710,Information Systems,17,Computer Science,3,Physical Sciences,35391
T11417,Advancements in PLL and VCO Technologies,2208,Electrical and Electronic Engineering,22,Engineering,3,Physical Sciences,35341
T10936,Millimeter-Wave Propagation and Modeling,2208,Electrical and Electronic Engineering,22,Engineering,3,Physical Sciences,35335
T12988,Sociology and Education in Brazil,3312,Sociology and Political Science,33,Social Sciences,2,Social Sciences,35327
T14250,Energy and Environmental Systems,3313,Transportation,33,Social Sciences,2,Social Sciences,35291
T14095,"Literature, Musicology, and Cultural Analysis",3304,Education,33,Social Sciences,2,Social Sciences,35282
T12302,Advanced Nanomaterials in Catalysis,2505,Materials Chemistry,25,Materials Science,3,Physical Sciences,35256
T13478,Agricultural Development and Management,1100,General Agricultural and Biological Sciences,11,Agricultural and Biological Sciences,1,Life Sciences,35248
T11284,Coal Properties and Utilization,2212,Ocean Engineering,22,Engineering,3,Physical Sciences,35233
T11299,Problem and Project Based Learning,3304,Education,33,Social Sciences,2,Social Sciences,35206
T11049,Advanced Harmonic Analysis Research,2604,Applied Mathematics,26,Mathematics,3,Physical Sciences,35194
T13146,Sustainable Finance and Green Bonds,2003,Finance,20,"Economics, Econometrics and Finance",2,Social Sciences,35107
T12970,"Names, Identity, and Discrimination Research",3312,Sociology and Political Science,33,Social Sciences,2,Social Sciences,35043
T12141,Fluid Dynamics and Thin Films,2206,Computational Mechanics,22,Engineering,3,Physical Sciences,35009
T13822,Indigenous Health and Education,3600,General Health Professions,36,Health Professions,4,Health Sciences,34984
T12160,African cultural and philosophical studies,3304,Education,33,Social Sciences,2,Social Sciences,34979
T13181,Economic and Technological Systems Analysis,1405,Management of Technology and Innovation,14,"Business, Management and Accounting",2,Social Sciences,34979
T11170,Biomimetic flight and propulsion mechanisms,2202,Aerospace Engineering,22,Engineering,3,Physical Sciences,34975
T12086,Structural Integrity and Reliability Analysis,2210,Mechanical Engineering,22,Engineering,3,Physical Sciences,34910
T11490,Hydrological Forecasting Using AI,2305,Environmental Engineering,23,Environmental Science,3,Physical Sciences,34905
T11125,Petri Nets in System Modeling,1703,Computational Theory and Mathematics,17,Computer Science,3,Physical Sciences,34899
T13566,Global Educational Reforms and Inequalities,3317,Demography,33,Social Sciences,2,Social Sciences,34895
T12829,Advanced Breast Cancer Therapies,2740,Pulmonary and Respiratory Medicine,27,Medicine,4,Health Sciences,34891
T11249,Wireless Power Transfer Systems,2208,Electrical and Electronic Engineering,22,Engineering,3,Physical Sciences,34833
T13468,Educational Research and Science Teaching,1100,General Agricultural and Biological Sciences,11,Agricultural and Biological Sciences,1,Life Sciences,34817
T13338,Pharmacological Effects and Assays,1103,Animal Science and Zoology,11,Agricultural and Biological Sciences,1,Life Sciences,34813
T12187,Glutathione Transferases and Polymorphisms,1312,Molecular Biology,13,"Biochemistry, Genetics and Molecular Biology",1,Life Sciences,34807
T12367,Dental Trauma and Treatments,3604,Emergency Medical Services,36,Health Professions,4,Health Sciences,34767
T13007,Economic Sanctions and International Relations,2002,Economics and Econometrics,20,"Economics, Econometrics and Finance",2,Social Sciences,34748
T12268,Deception detection and forensic psychology,3207,Social Psychology,32,Psychology,2,Social Sciences,34741
T13276,University-Industry-Government Innovation Models,1405,Management of Technology and Innovation,14,"Business, Management and Accounting",2,Social Sciences,34741
T12626,"Cancer, Stress, Anesthesia, and Immune Response",2738,Psychiatry and Mental health,27,Medicine,4,Health Sciences,34704
T12265,Gun Ownership and Violence Research,3306,Health,33,Social Sciences,2,Social Sciences,34687
T11833,Spinal Dysraphism and Malformations,2739,"Public Health, Environmental and Occupational Health",27,Medicine,4,Health Sciences,34683
T14142,Multicultural Socio-Legal Studies,3312,Sociology and Political Science,33,Social Sciences,2,Social Sciences,34654
T13261,Elasticity and Wave Propagation,2211,Mechanics of Materials,22,Engineering,3,Physical Sciences,34653
T13824,National Identity and Symbolism,3312,Sociology and Political Science,33,Social Sciences,2,Social Sciences,34601
T13357,Property Rights and Legal Doctrine,3308,Law,33,Social Sciences,2,Social Sciences,34600
T13697,Biliary and Gastrointestinal Fistulas,2740,Pulmonary and Respiratory Medicine,27,Medicine,4,Health Sciences,34580
T11522,VLSI and FPGA Design Techniques,2208,Electrical and Electronic Engineering,22,Engineering,3,Physical Sciences,34575
T11895,Social and Cultural Dynamics,3312,Sociology and Political Science,33,Social Sciences,2,Social Sciences,34574
T12694,"Categorization, perception, and language",3205,Experimental and Cognitive Psychology,32,Psychology,2,Social Sciences,34571
T11952,Landfill Environmental Impact Studies,2311,Industrial and Manufacturing Engineering,23,Environmental Science,3,Physical Sciences,34554
T12356,Bioactive Compounds and Antitumor Agents,3005,Toxicology,30,"Pharmacology, Toxicology and Pharmaceutics",1,Life Sciences,34502
T11224,Electromagnetic wave absorption materials,2504,"Electronic, Optical and Magnetic Materials",25,Materials Science,3,Physical Sciences,34500
T12699,Electromagnetic Launch and Propulsion Technology,2202,Aerospace Engineering,22,Engineering,3,Physical Sciences,34472
T11319,Curcumin's Biomedical Applications,1313,Molecular Medicine,13,"Biochemistry, Genetics and Molecular Biology",1,Life Sciences,34448
T12591,Inclusive Education and Diversity,3304,Education,33,Social Sciences,2,Social Sciences,34439
T13128,Chromatography in Natural Products,1602,Analytical Chemistry,16,Chemistry,3,Physical Sciences,34426
T12456,Geotourism and Geoheritage Conservation,1907,Geology,19,Earth and Planetary Sciences,3,Physical Sciences,34375
T12497,Traditional and Medicinal Uses of Annonaceae,1303,Biochemistry,13,"Biochemistry, Genetics and Molecular Biology",1,Life Sciences,34370
T12866,Urologic and reproductive health conditions,2745,Rheumatology,27,Medicine,4,Health Sciences,34367
T11603,Dust and Plasma Wave Phenomena,3107,"Atomic and Molecular Physics, and Optics",31,Physics and Astronomy,3,Physical Sciences,34342
T12597,Fire Detection and Safety Systems,2213,"Safety, Risk, Reliability and Quality",22,Engineering,3,Physical Sciences,34326
T11532,Chemokine receptors and signaling,2730,Oncology,27,Medicine,4,Health Sciences,34292
T14195,Linguistic and Cultural Studies,1110,Plant Science,11,Agricultural and Biological Sciences,1,Life Sciences,34267
T13948,Gender and Women's Rights,3320,Political Science and International Relations,33,Social Sciences,2,Social Sciences,34260
T12570,Photopolymerization techniques and applications,1605,Organic Chemistry,16,Chemistry,3,Physical Sciences,34256
T12553,Psychedelics and Drug Studies,3203,Clinical Psychology,32,Psychology,2,Social Sciences,34252
T14085,Student Stress and Coping,3204,Developmental and Educational Psychology,32,Psychology,2,Social Sciences,34220
T14201,Data Analysis and Archiving,3312,Sociology and Political Science,33,Social Sciences,2,Social Sciences,34193
T14426,"Religion, Gender, and Enlightenment",1212,Religious studies,12,Arts and Humanities,2,Social Sciences,34190
T13454,Phenothiazines and Benzothiazines Synthesis and Activities,1312,Molecular Biology,13,"Biochemistry, Genetics and Molecular Biology",1,Life Sciences,34165
T11051,Sirtuins and Resveratrol in Medicine,2717,Geriatrics and Gerontology,27,Medicine,4,Health Sciences,34127
T11614,Cloud Data Security Solutions,1710,Information Systems,17,Computer Science,3,Physical Sciences,34109
T14508,Vocational Education and Training,3304,Education,33,Social Sciences,2,Social Sciences,34068
T12378,Accounting Education and Careers,1402,Accounting,14,"Business, Management and Accounting",2,Social Sciences,34059
T14397,Legal and Policy Analysis in Indonesia,3308,Law,33,Social Sciences,2,Social Sciences,34058
T12105,Hygrothermal properties of building materials,2215,Building and Construction,22,Engineering,3,Physical Sciences,34012
T12991,Phytase and its Applications,1110,Plant Science,11,Agricultural and Biological Sciences,1,Life Sciences,33971
T11716,Random Matrices and Applications,2613,Statistics and Probability,26,Mathematics,3,Physical Sciences,33944
T13863,Cultural History and Identity Formation,1202,History,12,Arts and Humanities,2,Social Sciences,33932
T11442,Titanium Alloys Microstructure and Properties,2505,Materials Chemistry,25,Materials Science,3,Physical Sciences,33931
T11685,Zebrafish Biomedical Research Applications,1307,Cell Biology,13,"Biochemistry, Genetics and Molecular Biology",1,Life Sciences,33924
T11080,Surgical site infection prevention,2746,Surgery,27,Medicine,4,Health Sciences,33900
T12649,Alkaloids: synthesis and pharmacology,3004,Pharmacology,30,"Pharmacology, Toxicology and Pharmaceutics",1,Life Sciences,33865
T13485,Marine and Coastal Ecosystems,2303,Ecology,23,Environmental Science,3,Physical Sciences,33853
T14022,Cultural and Religious Practices in Indonesia,3316,Cultural Studies,33,Social Sciences,2,Social Sciences,33839
T12611,Neural Networks and Reservoir Computing,1702,Artificial Intelligence,17,Computer Science,3,Physical Sciences,33826
T14445,Transportation Safety and Impact Analysis,2205,Civil and Structural Engineering,22,Engineering,3,Physical Sciences,33803
T13427,Latin American Literature Analysis,1208,Literature and Literary Theory,12,Arts and Humanities,2,Social Sciences,33771
T12297,Otolaryngology and Infectious Diseases,2725,Infectious Diseases,27,Medicine,4,Health Sciences,33768
T11754,SARS-CoV-2 detection and testing,2725,Infectious Diseases,27,Medicine,4,Health Sciences,33751
T14062,Migration and Exile Studies,3312,Sociology and Political Science,33,Social Sciences,2,Social Sciences,33747
T13139,Polish Legal and Social Issues,3308,Law,33,Social Sciences,2,Social Sciences,33735
T11591,NF-κB Signaling Pathways,1306,Cancer Research,13,"Biochemistry, Genetics and Molecular Biology",1,Life Sciences,33726
T13744,Financial Literacy and Behavior,1402,Accounting,14,"Business, Management and Accounting",2,Social Sciences,33718
T11580,Veterinary Medicine and Surgery,3404,Small Animals,34,Veterinary,4,Health Sciences,33713
T13339,Landscape and Cultural Studies,1204,Archeology,12,Arts and Humanities,2,Social Sciences,33687
T13919,Medicinal plant effects and applications,2707,Complementary and alternative medicine,27,Medicine,4,Health Sciences,33658
T12108,Management of metastatic bone disease,2746,Surgery,27,Medicine,4,Health Sciences,33645
T12780,Heavy Metal Pollution Remediation,2312,Water Science and Technology,23,Environmental Science,3,Physical Sciences,33630
T12290,Human Motion and Animation,2207,Control and Systems Engineering,22,Engineering,3,Physical Sciences,33623
T14387,Environmental Engineering and Cultural Studies,1710,Information Systems,17,Computer Science,3,Physical Sciences,33621
T11728,Thyroid and Parathyroid Surgery,2746,Surgery,27,Medicine,4,Health Sciences,33618
T12333,Abdominal Surgery and Complications,2740,Pulmonary and Respiratory Medicine,27,Medicine,4,Health Sciences,33597
T14516,English Language Learning and Teaching,1710,Information Systems,17,Computer Science,3,Physical Sciences,33564
T12036,Argentine historical studies,3316,Cultural Studies,33,Social Sciences,2,Social Sciences,33525
T11413,Risk and Portfolio Optimization,1803,Management Science and Operations Research,18,Decision Sciences,2,Social Sciences,33520
T13343,Turkish Urban and Social Issues,3322,Urban Studies,33,Social Sciences,2,Social Sciences,33512
T12382,History of Education Research in Brazil,1202,History,12,Arts and Humanities,2,Social Sciences,33453
T12225,Political Influence and Corporate Strategies,1408,Strategy and Management,14,"Business, Management and Accounting",2,Social Sciences,33444
T13385,Infectious Diseases and Mycology,3404,Small Animals,34,Veterinary,4,Health Sciences,33439
T12321,Insect Pheromone Research and Control,1109,Insect Science,11,Agricultural and Biological Sciences,1,Life Sciences,33428
T13306,Geography and Education Methods,3312,Sociology and Political Science,33,Social Sciences,2,Social Sciences,33424
T12534,Protein Degradation and Inhibitors,1312,Molecular Biology,13,"Biochemistry, Genetics and Molecular Biology",1,Life Sciences,33409
T13110,Colorectal and Anal Carcinomas,2746,Surgery,27,Medicine,4,Health Sciences,33407
T11729,Product Development and Customization,1405,Management of Technology and Innovation,14,"Business, Management and Accounting",2,Social Sciences,33396
T12080,Injection Molding Process and Properties,2210,Mechanical Engineering,22,Engineering,3,Physical Sciences,33346
T11308,Sphingolipid Metabolism and Signaling,1312,Molecular Biology,13,"Biochemistry, Genetics and Molecular Biology",1,Life Sciences,33345
T11329,Limits and Structures in Graph Theory,2607,Discrete Mathematics and Combinatorics,26,Mathematics,3,Physical Sciences,33315
T12313,Emotions and Moral Behavior,3207,Social Psychology,32,Psychology,2,Social Sciences,33287
T13058,Soil and Land Suitability Analysis,2308,"Management, Monitoring, Policy and Law",23,Environmental Science,3,Physical Sciences,33272
T12347,Ginger and Zingiberaceae research,3004,Pharmacology,30,"Pharmacology, Toxicology and Pharmaceutics",1,Life Sciences,33245
T12595,Romani and Gypsy Studies,3600,General Health Professions,36,Health Professions,4,Health Sciences,33194
T13733,Moravian Church and William Blake,1208,Literature and Literary Theory,12,Arts and Humanities,2,Social Sciences,33186
T11944,Participatory Visual Research Methods,3312,Sociology and Political Science,33,Social Sciences,2,Social Sciences,33134
T13851,"Law, AI, and Intellectual Property",1702,Artificial Intelligence,17,Computer Science,3,Physical Sciences,33104
T14390,Real estate and construction management,2216,Architecture,22,Engineering,3,Physical Sciences,33098
T13530,Climate Change and Environmental Impact,2306,Global and Planetary Change,23,Environmental Science,3,Physical Sciences,33048
T13669,China's Global Influence and Migration,3314,Anthropology,33,Social Sciences,2,Social Sciences,33024
T13848,Ottoman and Turkish Studies,1202,History,12,Arts and Humanities,2,Social Sciences,33006
T12481,Digital Accessibility for Disabilities,3307,Human Factors and Ergonomics,33,Social Sciences,2,Social Sciences,32913
T13430,Lipid metabolism and disorders,2705,Cardiology and Cardiovascular Medicine,27,Medicine,4,Health Sciences,32903
T12745,Dietary Effects on Health,2737,Physiology,27,Medicine,4,Health Sciences,32890
T12604,Glycogen Storage Diseases and Myoclonus,2745,Rheumatology,27,Medicine,4,Health Sciences,32863
T12056,Markov Chains and Monte Carlo Methods,2613,Statistics and Probability,26,Mathematics,3,Physical Sciences,32839
T11342,Carbon and Quantum Dots Applications,2505,Materials Chemistry,25,Materials Science,3,Physical Sciences,32810
T13886,Operations Management Techniques,1803,Management Science and Operations Research,18,Decision Sciences,2,Social Sciences,32793
T11908,Protein Interaction Studies and Fluorescence Analysis,1312,Molecular Biology,13,"Biochemistry, Genetics and Molecular Biology",1,Life Sciences,32781
T12062,Approximation Theory and Sequence Spaces,2613,Statistics and Probability,26,Mathematics,3,Physical Sciences,32688
T12725,transportation and logistics systems,3313,Transportation,33,Social Sciences,2,Social Sciences,32661
T12340,Anodic Oxide Films and Nanostructures,2505,Materials Chemistry,25,Materials Science,3,Physical Sciences,32629
T12485,"Optimism, Hope, and Well-being",3202,Applied Psychology,32,Psychology,2,Social Sciences,32608
T13474,Autobiographical and Biographical Writing,1208,Literature and Literary Theory,12,Arts and Humanities,2,Social Sciences,32602
T12822,Turfgrass Adaptation and Management,2304,Environmental Chemistry,23,Environmental Science,3,Physical Sciences,32589
T14394,Cognitive Science and Education Research,2805,Cognitive Neuroscience,28,Neuroscience,1,Life Sciences,32583
T11230,Innovative Energy Harvesting Technologies,2210,Mechanical Engineering,22,Engineering,3,Physical Sciences,32558
T11983,"Identity, Memory, and Therapy",3204,Developmental and Educational Psychology,32,Psychology,2,Social Sciences,32520
T14517,Diverse Historical and Scientific Studies,1207,History and Philosophy of Science,12,Arts and Humanities,2,Social Sciences,32488
T12175,Social Representations and Identity,3207,Social Psychology,32,Psychology,2,Social Sciences,32464
T11534,Erythropoietin and Anemia Treatment,2720,Hematology,27,Medicine,4,Health Sciences,32440
T14265,Social and Behavioral Studies,3306,Health,33,Social Sciences,2,Social Sciences,32429
T12018,Coronary Artery Anomalies,2740,Pulmonary and Respiratory Medicine,27,Medicine,4,Health Sciences,32351
T13423,Social Policies and Healthcare Reform,3600,General Health Professions,36,Health Professions,4,Health Sciences,32351
T11165,Image and Video Quality Assessment,1707,Computer Vision and Pattern Recognition,17,Computer Science,3,Physical Sciences,32309
T11659,Advanced Image Fusion Techniques,2214,Media Technology,22,Engineering,3,Physical Sciences,32288
T12891,Medicinal Plants and Neuroprotection,2707,Complementary and alternative medicine,27,Medicine,4,Health Sciences,32286
T13319,Film in Education and Therapy,3605,Health Information Management,36,Health Professions,4,Health Sciences,32277
T11720,Probability and Risk Models,1803,Management Science and Operations Research,18,Decision Sciences,2,Social Sciences,32224
T14046,Bach Studies and Logistics Development,1208,Literature and Literary Theory,12,Arts and Humanities,2,Social Sciences,32204
T12462,Elder Abuse and Neglect,3317,Demography,33,Social Sciences,2,Social Sciences,32179
T12218,Coal and Its By-products,1906,Geochemistry and Petrology,19,Earth and Planetary Sciences,3,Physical Sciences,32175
T11686,Dendrimers and Hyperbranched Polymers,2507,Polymers and Plastics,25,Materials Science,3,Physical Sciences,32161
T12342,Vascular anomalies and interventions,2746,Surgery,27,Medicine,4,Health Sciences,32156
T12691,Coccidia and coccidiosis research,1103,Animal Science and Zoology,11,Agricultural and Biological Sciences,1,Life Sciences,32127
T12660,Plant Disease Management Techniques,1110,Plant Science,11,Agricultural and Biological Sciences,1,Life Sciences,32077
T13092,Environmental Chemistry and Analysis,2304,Environmental Chemistry,23,Environmental Science,3,Physical Sciences,32071
T11535,Chemotherapy-induced cardiotoxicity and mitigation,2705,Cardiology and Cardiovascular Medicine,27,Medicine,4,Health Sciences,32048
T11615,Control and Dynamics of Mobile Robots,2207,Control and Systems Engineering,22,Engineering,3,Physical Sciences,32041
T14485,Language Acquisition and Education,3204,Developmental and Educational Psychology,32,Psychology,2,Social Sciences,32040
T13501,Legal Issues in Turkey,3320,Political Science and International Relations,33,Social Sciences,2,Social Sciences,32039
T12064,Intraperitoneal and Appendiceal Malignancies,2746,Surgery,27,Medicine,4,Health Sciences,32031
T12672,Phagocytosis and Immune Regulation,2403,Immunology,24,Immunology and Microbiology,1,Life Sciences,32019
T12700,Doping in Sports,3312,Sociology and Political Science,33,Social Sciences,2,Social Sciences,31990
T14277,Social Skills and Education,3304,Education,33,Social Sciences,2,Social Sciences,31986
T10740,Wind Turbine Control Systems,2208,Electrical and Electronic Engineering,22,Engineering,3,Physical Sciences,31958
T12158,Guidance and Control Systems,2202,Aerospace Engineering,22,Engineering,3,Physical Sciences,31924
T11869,Per- and polyfluoroalkyl substances research,2304,Environmental Chemistry,23,Environmental Science,3,Physical Sciences,31904
T12195,Aerogels and thermal insulation,1607,Spectroscopy,16,Chemistry,3,Physical Sciences,31865
T11907,Copper-based nanomaterials and applications,2505,Materials Chemistry,25,Materials Science,3,Physical Sciences,31840
T13999,Digital Rights Management and Security,1710,Information Systems,17,Computer Science,3,Physical Sciences,31836
T12789,Planarian Biology and Electrostimulation,1312,Molecular Biology,13,"Biochemistry, Genetics and Molecular Biology",1,Life Sciences,31811
T14072,Immunotoxicology and immune responses,2403,Immunology,24,Immunology and Microbiology,1,Life Sciences,31799
T13304,Synthesis and Reactivity of Sulfur-Containing Compounds,1605,Organic Chemistry,16,Chemistry,3,Physical Sciences,31798
T12894,Date Palm Research Studies,1110,Plant Science,11,Agricultural and Biological Sciences,1,Life Sciences,31787
T14287,Music Education and Analysis,3304,Education,33,Social Sciences,2,Social Sciences,31786
T11773,Healthcare Operations and Scheduling Optimization,3604,Emergency Medical Services,36,Health Professions,4,Health Sciences,31766
T10652,Racial and Ethnic Identity Research,3312,Sociology and Political Science,33,Social Sciences,2,Social Sciences,31761
T12194,Cultural Competency in Health Care,3312,Sociology and Political Science,33,Social Sciences,2,Social Sciences,31720
T12874,Digital Imaging for Blood Diseases,1707,Computer Vision and Pattern Recognition,17,Computer Science,3,Physical Sciences,31697
T12249,Veterinary Orthopedics and Neurology,3404,Small Animals,34,Veterinary,4,Health Sciences,31607
T14236,Educational Tools and Methods,3311,Safety Research,33,Social Sciences,2,Social Sciences,31582
T11872,Barrier Structure and Function Studies,2808,Neurology,28,Neuroscience,1,Life Sciences,31548
T11516,Visual and Cognitive Learning Processes,3205,Experimental and Cognitive Psychology,32,Psychology,2,Social Sciences,31527
T13104,Chemical and Physical Properties of Materials,2505,Materials Chemistry,25,Materials Science,3,Physical Sciences,31518
T11943,Pharmacovigilance and Adverse Drug Reactions,3005,Toxicology,30,"Pharmacology, Toxicology and Pharmaceutics",1,Life Sciences,31497
T12211,Aluminum toxicity and tolerance in plants and animals,1110,Plant Science,11,Agricultural and Biological Sciences,1,Life Sciences,31452
T13604,"Adsorption, diffusion, and thermodynamic properties of materials",1607,Spectroscopy,16,Chemistry,3,Physical Sciences,31443
T13138,Legal and Constitutional Studies,2002,Economics and Econometrics,20,"Economics, Econometrics and Finance",2,Social Sciences,31433
T13569,Microscopic Colitis,2713,Epidemiology,27,Medicine,4,Health Sciences,31427
T13872,Vocational and Entrepreneurial Education,3304,Education,33,Social Sciences,2,Social Sciences,31422
T13947,Media Discourse and Social  Analysis,3312,Sociology and Political Science,33,Social Sciences,2,Social Sciences,31395
T12992,Metastasis and carcinoma case studies,2740,Pulmonary and Respiratory Medicine,27,Medicine,4,Health Sciences,31369
T13079,Heavy Metals in Plants,1602,Analytical Chemistry,16,Chemistry,3,Physical Sciences,31356
T12486,Food Supply Chain Traceability,1106,Food Science,11,Agricultural and Biological Sciences,1,Life Sciences,31355
T12173,Body Contouring and Surgery,2746,Surgery,27,Medicine,4,Health Sciences,31333
T13525,Cambodian History and Society,3312,Sociology and Political Science,33,Social Sciences,2,Social Sciences,31328
T13584,Coal Combustion and Slurry Processing,2210,Mechanical Engineering,22,Engineering,3,Physical Sciences,31304
T12235,Child Abuse and Related Trauma,2735,"Pediatrics, Perinatology and Child Health",27,Medicine,4,Health Sciences,31268
T11506,Children's Rights and Participation,3312,Sociology and Political Science,33,Social Sciences,2,Social Sciences,31252
T11576,IgG4-Related and Inflammatory Diseases,2745,Rheumatology,27,Medicine,4,Health Sciences,31251
T14033,Education in Rural Contexts,3304,Education,33,Social Sciences,2,Social Sciences,31250
T13905,Telecommunications and Broadcasting Technologies,2214,Media Technology,22,Engineering,3,Physical Sciences,31247
T12685,Phytochemical compounds biological activities,1312,Molecular Biology,13,"Biochemistry, Genetics and Molecular Biology",1,Life Sciences,31234
T13952,Information Technology and Learning,3304,Education,33,Social Sciences,2,Social Sciences,31225
T11687,Teleoperation and Haptic Systems,2210,Mechanical Engineering,22,Engineering,3,Physical Sciences,31207
T13583,Jury Decision Making Processes,3308,Law,33,Social Sciences,2,Social Sciences,31179
T14371,Hume's philosophy and hair distribution,3300,General Social Sciences,33,Social Sciences,2,Social Sciences,31176
T13633,Public Health and Social Inequalities,3306,Health,33,Social Sciences,2,Social Sciences,31175
T13449,Organizational Management and Change,1407,Organizational Behavior and Human Resource Management,14,"Business, Management and Accounting",2,Social Sciences,31170
T12352,Heparin-Induced Thrombocytopenia and Thrombosis,2746,Surgery,27,Medicine,4,Health Sciences,31131
T14241,Evasion and Academic Success Factors,3317,Demography,33,Social Sciences,2,Social Sciences,31102
T14048,Silkworms and Sericulture Research,1109,Insect Science,11,Agricultural and Biological Sciences,1,Life Sciences,31049
T11997,Free Will and Agency,2805,Cognitive Neuroscience,28,Neuroscience,1,Life Sciences,31042
T14113,Global Socioeconomic and Political Dynamics,2002,Economics and Econometrics,20,"Economics, Econometrics and Finance",2,Social Sciences,31039
T12932,Powder Metallurgy Techniques and Materials,2210,Mechanical Engineering,22,Engineering,3,Physical Sciences,31014
T14420,Advanced Research in Systems and Signal Processing,2207,Control and Systems Engineering,22,Engineering,3,Physical Sciences,31002
T11896,Opportunistic and Delay-Tolerant Networks,1705,Computer Networks and Communications,17,Computer Science,3,Physical Sciences,30978
T13107,Congenital limb and hand anomalies,1309,Developmental Biology,13,"Biochemistry, Genetics and Molecular Biology",1,Life Sciences,30938
T14320,Optics and Image Analysis,1404,Management Information Systems,14,"Business, Management and Accounting",2,Social Sciences,30888
T12061,Axon Guidance and Neuronal Signaling,2804,Cellular and Molecular Neuroscience,28,Neuroscience,1,Life Sciences,30787
T12800,Musculoskeletal synovial abnormalities and treatments,2745,Rheumatology,27,Medicine,4,Health Sciences,30748
T12075,Sodium Intake and Health,2916,Nutrition and Dietetics,29,Nursing,4,Health Sciences,30737
T11210,Mathematical Analysis and Transform Methods,2604,Applied Mathematics,26,Mathematics,3,Physical Sciences,30696
T13302,Amazonian Archaeology and Ethnohistory,1202,History,12,Arts and Humanities,2,Social Sciences,30682
T12288,Optimization and Search Problems,1705,Computer Networks and Communications,17,Computer Science,3,Physical Sciences,30679
T12742,Sunflower and Safflower Cultivation,1110,Plant Science,11,Agricultural and Biological Sciences,1,Life Sciences,30634
T11962,Cardiac Fibrosis and Remodeling,2705,Cardiology and Cardiovascular Medicine,27,Medicine,4,Health Sciences,30630
T11785,Nausea and vomiting management,2746,Surgery,27,Medicine,4,Health Sciences,30593
T12259,Environmental Justice and Health Disparities,3312,Sociology and Political Science,33,Social Sciences,2,Social Sciences,30546
T12615,Climate Change and Geoengineering,2306,Global and Planetary Change,23,Environmental Science,3,Physical Sciences,30490
T12661,Iterative Methods for Nonlinear Equations,2612,Numerical Analysis,26,Mathematics,3,Physical Sciences,30407
T11774,Adsorption and Cooling Systems,2210,Mechanical Engineering,22,Engineering,3,Physical Sciences,30396
T11941,Power System Reliability and Maintenance,2213,"Safety, Risk, Reliability and Quality",22,Engineering,3,Physical Sciences,30385
T12506,Nuclear materials and radiation effects,2505,Materials Chemistry,25,Materials Science,3,Physical Sciences,30351
T11889,Ginseng Biological Effects and Applications,1312,Molecular Biology,13,"Biochemistry, Genetics and Molecular Biology",1,Life Sciences,30312
T13221,Biological Activity of Diterpenoids and Biflavonoids,1312,Molecular Biology,13,"Biochemistry, Genetics and Molecular Biology",1,Life Sciences,30294
T12659,Innovation Diffusion and Forecasting,1803,Management Science and Operations Research,18,Decision Sciences,2,Social Sciences,30282
T12346,Phytochemistry and biological activity of medicinal plants,1110,Plant Science,11,Agricultural and Biological Sciences,1,Life Sciences,30272
T14403,Educational Challenges and Innovations,1710,Information Systems,17,Computer Science,3,Physical Sciences,30266
T13055,Global Security and Public Health,3312,Sociology and Political Science,33,Social Sciences,2,Social Sciences,30192
T11911,Spatial and Panel Data Analysis,2002,Economics and Econometrics,20,"Economics, Econometrics and Finance",2,Social Sciences,30158
T13864,Indigenous Cultures and History,3314,Anthropology,33,Social Sciences,2,Social Sciences,30156
T12278,Vascular Tumors and Angiosarcomas,2730,Oncology,27,Medicine,4,Health Sciences,30106
T11081,Advanced Control Systems Design,2207,Control and Systems Engineering,22,Engineering,3,Physical Sciences,30070
T12625,Sympathectomy and Hyperhidrosis Treatments,2737,Physiology,27,Medicine,4,Health Sciences,30061
T13685,Material Science and Thermodynamics,2210,Mechanical Engineering,22,Engineering,3,Physical Sciences,30038
T12622,Neurosurgical Procedures and Complications,2728,Neurology,27,Medicine,4,Health Sciences,29987
T12946,Fractal and DNA sequence analysis,1312,Molecular Biology,13,"Biochemistry, Genetics and Molecular Biology",1,Life Sciences,29945
T12201,Agricultural Engineering and Mechanization,2210,Mechanical Engineering,22,Engineering,3,Physical Sciences,29933
T13654,Urban Planning and Landscape Design,2308,"Management, Monitoring, Policy and Law",23,Environmental Science,3,Physical Sciences,29876
T12719,Aerospace Engineering and Energy Systems,2202,Aerospace Engineering,22,Engineering,3,Physical Sciences,29800
T12038,Covalent Organic Framework Applications,2505,Materials Chemistry,25,Materials Science,3,Physical Sciences,29748
T12607,Personal Information Management and User Behavior,1802,Information Systems and Management,18,Decision Sciences,2,Social Sciences,29733
T12433,Skin Diseases and Diabetes,2708,Dermatology,27,Medicine,4,Health Sciences,29715
T13187,Diffusion and Search Dynamics,1312,Molecular Biology,13,"Biochemistry, Genetics and Molecular Biology",1,Life Sciences,29678
T11384,Critical Race Theory in Education,3312,Sociology and Political Science,33,Social Sciences,2,Social Sciences,29675
T13645,Thermodynamic and Structural Properties of Metals and Alloys,2210,Mechanical Engineering,22,Engineering,3,Physical Sciences,29670
T13333,American Political and Social Dynamics,1202,History,12,Arts and Humanities,2,Social Sciences,29581
T12490,Software Engineering and Design Patterns,3303,Development,33,Social Sciences,2,Social Sciences,29548
T12896,Sustainable Agricultural Systems Analysis,2304,Environmental Chemistry,23,Environmental Science,3,Physical Sciences,29514
T11564,Mathematical Inequalities and Applications,2604,Applied Mathematics,26,Mathematics,3,Physical Sciences,29502
T12584,Hospitality and Tourism Education,1409,"Tourism, Leisure and Hospitality Management",14,"Business, Management and Accounting",2,Social Sciences,29488
T14267,Technology in Education and Healthcare,3304,Education,33,Social Sciences,2,Social Sciences,29467
T12419,Phonocardiography and Auscultation Techniques,2740,Pulmonary and Respiratory Medicine,27,Medicine,4,Health Sciences,29439
T12900,Organ and Tissue Transplantation Research,2747,Transplantation,27,Medicine,4,Health Sciences,29431
T13659,Ombudsman and Human Rights,3312,Sociology and Political Science,33,Social Sciences,2,Social Sciences,29418
T14436,Employee Performance and Leadership,1407,Organizational Behavior and Human Resource Management,14,"Business, Management and Accounting",2,Social Sciences,29409
T13209,Cold Fusion and Nuclear Reactions,1906,Geochemistry and Petrology,19,Earth and Planetary Sciences,3,Physical Sciences,29338
T12065,Hippo pathway signaling and YAP/TAZ,1307,Cell Biology,13,"Biochemistry, Genetics and Molecular Biology",1,Life Sciences,29328
T11321,Error Correcting Code Techniques,1705,Computer Networks and Communications,17,Computer Science,3,Physical Sciences,29291
T14502,High-Voltage Power Transmission Systems,2208,Electrical and Electronic Engineering,22,Engineering,3,Physical Sciences,29287
T13060,Adventure Sports and Sensation Seeking,3207,Social Psychology,32,Psychology,2,Social Sciences,29282
T14433,Post-Communist Economic and Political Transition,3320,Political Science and International Relations,33,Social Sciences,2,Social Sciences,29256
T12384,Customer churn and segmentation,1406,Marketing,14,"Business, Management and Accounting",2,Social Sciences,29231
T13153,Rousseau and Enlightenment Thought,1211,Philosophy,12,Arts and Humanities,2,Social Sciences,29193
T12888,Military Strategy and Technology,2207,Control and Systems Engineering,22,Engineering,3,Physical Sciences,29170
T13220,Plant and Fungal Interactions Research,1310,Endocrinology,13,"Biochemistry, Genetics and Molecular Biology",1,Life Sciences,29166
T11892,Kawasaki Disease and Coronary Complications,2746,Surgery,27,Medicine,4,Health Sciences,29042
T14513,"Leadership, Courage, and Heroism Studies",3207,Social Psychology,32,Psychology,2,Social Sciences,29019
T14106,Environmental and Sediment Control,2308,"Management, Monitoring, Policy and Law",23,Environmental Science,3,Physical Sciences,28983
T12726,Philosophical and Cultural Analysis,1211,Philosophy,12,Arts and Humanities,2,Social Sciences,28967
T12198,Oral health in cancer treatment,2740,Pulmonary and Respiratory Medicine,27,Medicine,4,Health Sciences,28953
T12312,"Culture, Economy, and Development Studies",3317,Demography,33,Social Sciences,2,Social Sciences,28915
T12549,Image and Object Detection Techniques,1707,Computer Vision and Pattern Recognition,17,Computer Science,3,Physical Sciences,28906
T13557,Environmental and sustainability education,2308,"Management, Monitoring, Policy and Law",23,Environmental Science,3,Physical Sciences,28897
T14292,"Migration, Policy, and Dickens Studies",3317,Demography,33,Social Sciences,2,Social Sciences,28884
T12280,Magnesium in Health and Disease,2916,Nutrition and Dietetics,29,Nursing,4,Health Sciences,28864
T12077,Vacuum and Plasma Arcs,3107,"Atomic and Molecular Physics, and Optics",31,Physics and Astronomy,3,Physical Sciences,28852
T12774,Bauxite Residue and Utilization,2210,Mechanical Engineering,22,Engineering,3,Physical Sciences,28847
T12199,Vascular Anomalies and Treatments,2716,Genetics,27,Medicine,4,Health Sciences,28801
T14494,American Literature and Culture,1202,History,12,Arts and Humanities,2,Social Sciences,28710
T14042,Technology and Security Systems,1710,Information Systems,17,Computer Science,3,Physical Sciences,28697
T13203,Environmental Changes in China,2306,Global and Planetary Change,23,Environmental Science,3,Physical Sciences,28677
T14234,Data Privacy and Cybersecurity,3308,Law,33,Social Sciences,2,Social Sciences,28656
T12802,Competency Development and Evaluation,3207,Social Psychology,32,Psychology,2,Social Sciences,28627
T13928,Advanced Sensor Technologies Research,2204,Biomedical Engineering,22,Engineering,3,Physical Sciences,28594
T12531,Values and Moral Education,3304,Education,33,Social Sciences,2,Social Sciences,28532
T12020,Enhanced Recovery After Surgery,2746,Surgery,27,Medicine,4,Health Sciences,28524
T12655,Female Genital Mutilation/Cutting Issues,2739,"Public Health, Environmental and Occupational Health",27,Medicine,4,Health Sciences,28471
T14148,Kierkegaardian Philosophy and Influence,1211,Philosophy,12,Arts and Humanities,2,Social Sciences,28453
T12689,Silymarin and Mushroom Poisoning,2740,Pulmonary and Respiratory Medicine,27,Medicine,4,Health Sciences,28443
T12737,Electrical Fault Detection and Protection,2208,Electrical and Electronic Engineering,22,Engineering,3,Physical Sciences,28409
T12876,Potassium and Related Disorders,2740,Pulmonary and Respiratory Medicine,27,Medicine,4,Health Sciences,28404
T11347,Neural Networks Stability and Synchronization,1705,Computer Networks and Communications,17,Computer Science,3,Physical Sciences,28373
T11807,Infrastructure Resilience and Vulnerability Analysis,2205,Civil and Structural Engineering,22,Engineering,3,Physical Sciences,28372
T14290,Education Methods and Practices,3304,Education,33,Social Sciences,2,Social Sciences,28366
T13477,Sustainable Design and Development,2215,Building and Construction,22,Engineering,3,Physical Sciences,28359
T12049,Tuberous Sclerosis Complex Research,2737,Physiology,27,Medicine,4,Health Sciences,28346
T11517,Advanced optical system design,2204,Biomedical Engineering,22,Engineering,3,Physical Sciences,28340
T12759,Vehicle Noise and Vibration Control,2203,Automotive Engineering,22,Engineering,3,Physical Sciences,28295
T12270,Microwave-Assisted Synthesis and Applications,1605,Organic Chemistry,16,Chemistry,3,Physical Sciences,28259
T13898,Diverse Interdisciplinary Research Studies,1702,Artificial Intelligence,17,Computer Science,3,Physical Sciences,28217
T12488,Mental Health via Writing,3207,Social Psychology,32,Psychology,2,Social Sciences,28185
T11909,Histiocytic Disorders and Treatments,2737,Physiology,27,Medicine,4,Health Sciences,28146
T13235,Management Theory and Practice,1407,Organizational Behavior and Human Resource Management,14,"Business, Management and Accounting",2,Social Sciences,28127
T13341,Belt Conveyor Systems Engineering,2210,Mechanical Engineering,22,Engineering,3,Physical Sciences,28127
T11842,Ultrasound and Cavitation Phenomena,2505,Materials Chemistry,25,Materials Science,3,Physical Sciences,28123
T11627,Autoimmune Neurological Disorders and Treatments,2728,Neurology,27,Medicine,4,Health Sciences,27999
T12782,Assembly Line Balancing Optimization,2209,Industrial and Manufacturing Engineering,22,Engineering,3,Physical Sciences,27979
T14040,Problem Solving Skills Development,3616,Speech and Hearing,36,Health Professions,4,Health Sciences,27973
T13903,Innovative Educational Techniques,3304,Education,33,Social Sciences,2,Social Sciences,27965
T14260,Impact of AI and Big Data on Business and Society,1803,Management Science and Operations Research,18,Decision Sciences,2,Social Sciences,27932
T12832,Biocrusts and Microbial Ecology,1105,"Ecology, Evolution, Behavior and Systematics",11,Agricultural and Biological Sciences,1,Life Sciences,27927
T14011,Elevator Systems and Control,2207,Control and Systems Engineering,22,Engineering,3,Physical Sciences,27920
T13849,Enterobacteriaceae and Cronobacter Research,1310,Endocrinology,13,"Biochemistry, Genetics and Molecular Biology",1,Life Sciences,27916
T13448,Indigenous Cultures and Socio-Education,3316,Cultural Studies,33,Social Sciences,2,Social Sciences,27892
T11778,Electrical and Bioimpedance Tomography,2208,Electrical and Electronic Engineering,22,Engineering,3,Physical Sciences,27839
T14424,Economic Analysis and Policy,2002,Economics and Econometrics,20,"Economics, Econometrics and Finance",2,Social Sciences,27824
T13109,Theological Perspectives and Practices,3312,Sociology and Political Science,33,Social Sciences,2,Social Sciences,27779
T14331,Medicinal Plant Pharmacodynamics Research,3004,Pharmacology,30,"Pharmacology, Toxicology and Pharmaceutics",1,Life Sciences,27770
T12149,Nanocluster Synthesis and Applications,2505,Materials Chemistry,25,Materials Science,3,Physical Sciences,27750
T11466,Innovative Education and Learning Practices,3307,Human Factors and Ergonomics,33,Social Sciences,2,Social Sciences,27694
T12877,Social Issues in Poland,3300,General Social Sciences,33,Social Sciences,2,Social Sciences,27682
T13988,Public Administration and Governance,3320,Political Science and International Relations,33,Social Sciences,2,Social Sciences,27676
T14053,Dengue and Mosquito Control Research,3312,Sociology and Political Science,33,Social Sciences,2,Social Sciences,27663
T10964,Wireless Communication Security Techniques,2208,Electrical and Electronic Engineering,22,Engineering,3,Physical Sciences,27586
T14125,"Education, Sociology, Communication Studies",3316,Cultural Studies,33,Social Sciences,2,Social Sciences,27581
T12819,Environmental Philosophy and Ethics,2309,Nature and Landscape Conservation,23,Environmental Science,3,Physical Sciences,27573
T12875,Thermal Expansion and Ionic Conductivity,2505,Materials Chemistry,25,Materials Science,3,Physical Sciences,27573
T13442,Geochemistry and Geochronology of Asian Mineral Deposits,2002,Economics and Econometrics,20,"Economics, Econometrics and Finance",2,Social Sciences,27551
T12948,Inclusion and Disability in Education and Sport,3312,Sociology and Political Science,33,Social Sciences,2,Social Sciences,27531
T13643,Artificial Intelligence in Law,3320,Political Science and International Relations,33,Social Sciences,2,Social Sciences,27415
T14035,"Literature, Culture, and Aesthetics",1209,Museology,12,Arts and Humanities,2,Social Sciences,27385
T13980,Alexander von Humboldt Studies,2404,Microbiology,24,Immunology and Microbiology,1,Life Sciences,27382
T13535,Wireless Sensor Networks and IoT,2207,Control and Systems Engineering,22,Engineering,3,Physical Sciences,27371
T12812,Meromorphic and Entire Functions,2604,Applied Mathematics,26,Mathematics,3,Physical Sciences,27364
T12237,Congenital gastrointestinal and neural anomalies,2746,Surgery,27,Medicine,4,Health Sciences,27347
T12193,Trigeminal Neuralgia and Treatments,2734,Pathology and Forensic Medicine,27,Medicine,4,Health Sciences,27320
T14503,"Globalization, Economics, and Policies",2002,Economics and Econometrics,20,"Economics, Econometrics and Finance",2,Social Sciences,27301
T10871,Catalytic Alkyne Reactions,1605,Organic Chemistry,16,Chemistry,3,Physical Sciences,27268
T14280,Big Data Technologies and Applications,1802,Information Systems and Management,18,Decision Sciences,2,Social Sciences,27205
T12915,Biochemical Acid Research Studies,1303,Biochemistry,13,"Biochemistry, Genetics and Molecular Biology",1,Life Sciences,27196
T12642,Polymer-Based Agricultural Enhancements,2204,Biomedical Engineering,22,Engineering,3,Physical Sciences,27193
T12344,Silicon Effects in Agriculture,1110,Plant Science,11,Agricultural and Biological Sciences,1,Life Sciences,27184
T14500,Advanced Mathematical Theories,2610,Mathematical Physics,26,Mathematics,3,Physical Sciences,27183
T12721,Moringa oleifera research and applications,1110,Plant Science,11,Agricultural and Biological Sciences,1,Life Sciences,27166
T13453,Alkaline Phosphatase Research Studies,2712,"Endocrinology, Diabetes and Metabolism",27,Medicine,4,Health Sciences,27135
T13121,Radio Wave Propagation Studies,2202,Aerospace Engineering,22,Engineering,3,Physical Sciences,27110
T12331,Hereditary Neurological Disorders,2804,Cellular and Molecular Neuroscience,28,Neuroscience,1,Life Sciences,27094
T13377,Ecosystem dynamics and resilience,2306,Global and Planetary Change,23,Environmental Science,3,Physical Sciences,27077
T12582,Flavonoids in Medical Research,2736,Pharmacology,27,Medicine,4,Health Sciences,27058
T13119,Philosophy and Social Theory,3312,Sociology and Political Science,33,Social Sciences,2,Social Sciences,27053
T13778,Comparative and World Literature,1208,Literature and Literary Theory,12,Arts and Humanities,2,Social Sciences,27044
T13037,Piperaceae Chemical and Biological Studies,3004,Pharmacology,30,"Pharmacology, Toxicology and Pharmaceutics",1,Life Sciences,27033
T12318,Quinazolinone synthesis and applications,1605,Organic Chemistry,16,Chemistry,3,Physical Sciences,27022
T14119,Agricultural and Environmental Management,3317,Demography,33,Social Sciences,2,Social Sciences,26998
T12631,Head and Neck Anomalies,2746,Surgery,27,Medicine,4,Health Sciences,26991
T11608,Dielectric materials and actuators,2204,Biomedical Engineering,22,Engineering,3,Physical Sciences,26983
T14512,Technology and Human Factors in Education and Health,2739,"Public Health, Environmental and Occupational Health",27,Medicine,4,Health Sciences,26973
T12709,Optimization and Mathematical Programming,2207,Control and Systems Engineering,22,Engineering,3,Physical Sciences,26956
T11096,Aeroelasticity and Vibration Control,2202,Aerospace Engineering,22,Engineering,3,Physical Sciences,26952
T11940,Layered Double Hydroxides Synthesis and Applications,2505,Materials Chemistry,25,Materials Science,3,Physical Sciences,26920
T13875,Legal Studies and Reforms,3320,Political Science and International Relations,33,Social Sciences,2,Social Sciences,26883
T13828,Natural Products and Biological Research,2746,Surgery,27,Medicine,4,Health Sciences,26873
T14055,Consumer Packaging Perceptions and Trends,1406,Marketing,14,"Business, Management and Accounting",2,Social Sciences,26847
T14351,Statistical and Computational Modeling,1702,Artificial Intelligence,17,Computer Science,3,Physical Sciences,26802
T13422,Phytochemistry and biological activities of Ficus species,1110,Plant Science,11,Agricultural and Biological Sciences,1,Life Sciences,26759
T12380,Authorship Attribution and Profiling,1702,Artificial Intelligence,17,Computer Science,3,Physical Sciences,26740
T13847,Literature Analysis and Criticism,2735,"Pediatrics, Perinatology and Child Health",27,Medicine,4,Health Sciences,26735
T13038,Internet of Things and AI,1710,Information Systems,17,Computer Science,3,Physical Sciences,26728
T11607,Microwave and Dielectric Measurement Techniques,2208,Electrical and Electronic Engineering,22,Engineering,3,Physical Sciences,26725
T12410,Structural and Chemical Analysis of Organic and Inorganic Compounds,1605,Organic Chemistry,16,Chemistry,3,Physical Sciences,26715
T13329,Joseph Conrad and Literature,1208,Literature and Literary Theory,12,Arts and Humanities,2,Social Sciences,26707
T12078,Environmental remediation with nanomaterials,2204,Biomedical Engineering,22,Engineering,3,Physical Sciences,26683
T13384,Regional Economic Development and Innovation,1408,Strategy and Management,14,"Business, Management and Accounting",2,Social Sciences,26658
T11248,Advanced Power Amplifier Design,2208,Electrical and Electronic Engineering,22,Engineering,3,Physical Sciences,26654
T13000,World Systems and Global Transformations,3320,Political Science and International Relations,33,Social Sciences,2,Social Sciences,26641
T12311,Political Theology and Sovereignty,3312,Sociology and Political Science,33,Social Sciences,2,Social Sciences,26625
T14435,Information Retrieval and Data Mining,1710,Information Systems,17,Computer Science,3,Physical Sciences,26621
T13080,Advanced Differential Geometry Research,3103,Astronomy and Astrophysics,31,Physics and Astronomy,3,Physical Sciences,26612
T12541,Graph Labeling and Dimension Problems,1703,Computational Theory and Mathematics,17,Computer Science,3,Physical Sciences,26608
T13487,Statistical and numerical algorithms,2604,Applied Mathematics,26,Mathematics,3,Physical Sciences,26582
T13271,Ukrainian Legal and Forensic Studies,3320,Political Science and International Relations,33,Social Sciences,2,Social Sciences,26580
T12136,Vanadium and Halogenation Chemistry,1604,Inorganic Chemistry,16,Chemistry,3,Physical Sciences,26546
T13248,Healthcare Technology and Patient Monitoring,2746,Surgery,27,Medicine,4,Health Sciences,26543
T11471,Block Copolymer Self-Assembly,2505,Materials Chemistry,25,Materials Science,3,Physical Sciences,26522
T13208,Synthesis of heterocyclic compounds,1605,Organic Chemistry,16,Chemistry,3,Physical Sciences,26505
T13335,Pharmacological Effects of Medicinal Plants,2736,Pharmacology,27,Medicine,4,Health Sciences,26500
T13475,Digital Transformation in Law,2000,"General Economics, Econometrics and Finance",20,"Economics, Econometrics and Finance",2,Social Sciences,26491
T13965,Laser and Thermal Forming Techniques,2206,Computational Mechanics,22,Engineering,3,Physical Sciences,26444
T12923,Digital Image Processing Techniques,1707,Computer Vision and Pattern Recognition,17,Computer Science,3,Physical Sciences,26442
T12048,Microencapsulation and Drying Processes,1106,Food Science,11,Agricultural and Biological Sciences,1,Life Sciences,26436
T11605,Visual Attention and Saliency Detection,1707,Computer Vision and Pattern Recognition,17,Computer Science,3,Physical Sciences,26407
T11543,Employee Performance and Motivation,1407,Organizational Behavior and Human Resource Management,14,"Business, Management and Accounting",2,Social Sciences,26320
T13467,Drug-Induced Ocular Toxicity,2731,Ophthalmology,27,Medicine,4,Health Sciences,26274
T13481,Neurological diseases and metabolism,2808,Neurology,28,Neuroscience,1,Life Sciences,26228
T13048,Patient Dignity and Privacy,2739,"Public Health, Environmental and Occupational Health",27,Medicine,4,Health Sciences,26214
T13317,"Media, Communication, and Education",3315,Communication,33,Social Sciences,2,Social Sciences,26198
T11612,Stochastic Gradient Optimization Techniques,1702,Artificial Intelligence,17,Computer Science,3,Physical Sciences,26179
T12069,Commutative Algebra and Its Applications,2602,Algebra and Number Theory,26,Mathematics,3,Physical Sciences,26139
T12695,Urinary and Genital Oncology Studies,2746,Surgery,27,Medicine,4,Health Sciences,26127
T13231,"History, Culture, and Diplomacy",1202,History,12,Arts and Humanities,2,Social Sciences,26127
T14230,Occupational and Professional Licensing Regulation,2002,Economics and Econometrics,20,"Economics, Econometrics and Finance",2,Social Sciences,26117
T13295,Safety Systems Engineering in Autonomy,2213,"Safety, Risk, Reliability and Quality",22,Engineering,3,Physical Sciences,26081
T14093,Global Health and Epidemiology,3605,Health Information Management,36,Health Professions,4,Health Sciences,26069
T13542,"Grit, Self-Efficacy, and Motivation",3207,Social Psychology,32,Psychology,2,Social Sciences,25973
T13803,Organizational Strategy and Culture,1407,Organizational Behavior and Human Resource Management,14,"Business, Management and Accounting",2,Social Sciences,25953
T11996,Random lasers and scattering media,3102,Acoustics and Ultrasonics,31,Physics and Astronomy,3,Physical Sciences,25947
T14217,American Literature and Humor Studies,1208,Literature and Literary Theory,12,Arts and Humanities,2,Social Sciences,25904
T11897,Digital Holography and Microscopy,3107,"Atomic and Molecular Physics, and Optics",31,Physics and Astronomy,3,Physical Sciences,25895
T12295,"Foucault, Power, and Ethics",3312,Sociology and Political Science,33,Social Sciences,2,Social Sciences,25885
T11788,Nonlinear Optical Materials Studies,2204,Biomedical Engineering,22,Engineering,3,Physical Sciences,25882
T12850,Field-Flow Fractionation Techniques,2206,Computational Mechanics,22,Engineering,3,Physical Sciences,25871
T13865,Nationalism and Cultural Identity,3305,"Geography, Planning and Development",33,Social Sciences,2,Social Sciences,25852
T12796,Dermatological and COVID-19 studies,2708,Dermatology,27,Medicine,4,Health Sciences,25811
T12769,Stoma care and complications,2746,Surgery,27,Medicine,4,Health Sciences,25742
T13526,14-3-3 protein interactions,1312,Molecular Biology,13,"Biochemistry, Genetics and Molecular Biology",1,Life Sciences,25740
T11884,Redox biology and oxidative stress,1312,Molecular Biology,13,"Biochemistry, Genetics and Molecular Biology",1,Life Sciences,25739
T13242,Male Reproductive Health Studies,3600,General Health Professions,36,Health Professions,4,Health Sciences,25727
T11502,Facility Location and Emergency Management,1407,Organizational Behavior and Human Resource Management,14,"Business, Management and Accounting",2,Social Sciences,25719
T13258,Williams Syndrome Research,2806,Developmental Neuroscience,28,Neuroscience,1,Life Sciences,25636
T12387,Galectins and Cancer Biology,2403,Immunology,24,Immunology and Microbiology,1,Life Sciences,25634
T14415,Biomedical Research and Pathophysiology,2734,Pathology and Forensic Medicine,27,Medicine,4,Health Sciences,25623
T13673,Library Science and Information,1710,Information Systems,17,Computer Science,3,Physical Sciences,25615
T12415,Employer Branding and e-HRM,1407,Organizational Behavior and Human Resource Management,14,"Business, Management and Accounting",2,Social Sciences,25614
T13159,Structural mechanics and materials,2505,Materials Chemistry,25,Materials Science,3,Physical Sciences,25613
T14200,"Medical, Sociocultural, and Biopolitical Studies",3320,Political Science and International Relations,33,Social Sciences,2,Social Sciences,25601
T13225,Polish-Jewish Holocaust Memory Studies,1211,Philosophy,12,Arts and Humanities,2,Social Sciences,25587
T14036,Literary and Philosophical Studies,3320,Political Science and International Relations,33,Social Sciences,2,Social Sciences,25586
T12508,Functional Equations Stability Results,2604,Applied Mathematics,26,Mathematics,3,Physical Sciences,25583
T13411,Labor Market and Education,2002,Economics and Econometrics,20,"Economics, Econometrics and Finance",2,Social Sciences,25568
T12139,Advanced Thermodynamic Systems and Engines,2210,Mechanical Engineering,22,Engineering,3,Physical Sciences,25539
T11523,Nanomaterials and Printing Technologies,2208,Electrical and Electronic Engineering,22,Engineering,3,Physical Sciences,25527
T14096,Advancements in Materials Engineering,2210,Mechanical Engineering,22,Engineering,3,Physical Sciences,25523
T11832,Doctoral Education Challenges and Solutions,3600,General Health Professions,36,Health Professions,4,Health Sciences,25436
T13090,Medicinal Plant Extracts Effects,2707,Complementary and alternative medicine,27,Medicine,4,Health Sciences,25373
T14367,Logistics and Infrastructure Analysis,1107,Forestry,11,Agricultural and Biological Sciences,1,Life Sciences,25373
T13843,African Sexualities and LGBTQ+ Issues,3312,Sociology and Political Science,33,Social Sciences,2,Social Sciences,25359
T13646,Qur’anic Interpretation Studies,3304,Education,33,Social Sciences,2,Social Sciences,25335
T13541,IoT-based Control Systems,1706,Computer Science Applications,17,Computer Science,3,Physical Sciences,25333
T12469,"Chaos, Complexity, and Education",1703,Computational Theory and Mathematics,17,Computer Science,3,Physical Sciences,25260
T13354,Genetics and Physical Performance,1311,Genetics,13,"Biochemistry, Genetics and Molecular Biology",1,Life Sciences,25257
T13908,Scientific and Historical Analyses,1211,Philosophy,12,Arts and Humanities,2,Social Sciences,25224
T13765,Social Science and Policy Research,3300,General Social Sciences,33,Social Sciences,2,Social Sciences,25172
T12315,Older Adults Driving Studies,3612,"Physical Therapy, Sports Therapy and Rehabilitation",36,Health Professions,4,Health Sciences,25127
T11820,Learning Styles and Cognitive Differences,3204,Developmental and Educational Psychology,32,Psychology,2,Social Sciences,25125
T12665,Bamboo properties and applications,1110,Plant Science,11,Agricultural and Biological Sciences,1,Life Sciences,25111
T11873,PAPR reduction in OFDM,2208,Electrical and Electronic Engineering,22,Engineering,3,Physical Sciences,25103
T12442,Thermal Radiation and Cooling Technologies,2205,Civil and Structural Engineering,22,Engineering,3,Physical Sciences,25086
T14421,Educational Philosophies and Pedagogies,3304,Education,33,Social Sciences,2,Social Sciences,25000
T12707,Vehicle License Plate Recognition,2214,Media Technology,22,Engineering,3,Physical Sciences,24991
T11947,Molten salt chemistry and electrochemical processes,1507,Fluid Flow and Transfer Processes,15,Chemical Engineering,3,Physical Sciences,24965
T12730,"Weber, Simmel, Sociological Theory",3312,Sociology and Political Science,33,Social Sciences,2,Social Sciences,24953
T12212,CNS Lymphoma Diagnosis and Treatment,2728,Neurology,27,Medicine,4,Health Sciences,24949
T13299,Educational Leadership and Administration,3304,Education,33,Social Sciences,2,Social Sciences,24937
T12997,Outdoor and Experiential Education,3207,Social Psychology,32,Psychology,2,Social Sciences,24926
T14171,"Education, Law, and Society",3320,Political Science and International Relations,33,Social Sciences,2,Social Sciences,24917
T11188,Coagulation and Flocculation Studies,2312,Water Science and Technology,23,Environmental Science,3,Physical Sciences,24904
T12466,Near-Field Optical Microscopy,2204,Biomedical Engineering,22,Engineering,3,Physical Sciences,24904
T12612,Strong Light-Matter Interactions,3107,"Atomic and Molecular Physics, and Optics",31,Physics and Astronomy,3,Physical Sciences,24896
T12738,Corporate Identity and Reputation,1408,Strategy and Management,14,"Business, Management and Accounting",2,Social Sciences,24879
T13361,Coconut Research and Applications,1604,Inorganic Chemistry,16,Chemistry,3,Physical Sciences,24867
T14417,Central Asia Education and Culture,3320,Political Science and International Relations,33,Social Sciences,2,Social Sciences,24849
T14344,Pathogenesis and Treatment of Hiccups,2737,Physiology,27,Medicine,4,Health Sciences,24833
T12406,IoT and GPS-based Vehicle Safety Systems,2210,Mechanical Engineering,22,Engineering,3,Physical Sciences,24819
T14213,Global Politics and Economy,2002,Economics and Econometrics,20,"Economics, Econometrics and Finance",2,Social Sciences,24757
T12284,Emotional Labor in Professions,3312,Sociology and Political Science,33,Social Sciences,2,Social Sciences,24732
T14007,Indigenous and Place-Based Education,3304,Education,33,Social Sciences,2,Social Sciences,24711
T12272,Cardiovascular Conditions and Treatments,2741,"Radiology, Nuclear Medicine and Imaging",27,Medicine,4,Health Sciences,24709
T12216,Network Time Synchronization Technologies,1705,Computer Networks and Communications,17,Computer Science,3,Physical Sciences,24693
T13410,Immune responses and vaccinations,2403,Immunology,24,Immunology and Microbiology,1,Life Sciences,24672
T13492,"Science, Technology, and Education in Latin America",3317,Demography,33,Social Sciences,2,Social Sciences,24650
T12846,Ginkgo biloba and Cashew Applications,2707,Complementary and alternative medicine,27,Medicine,4,Health Sciences,24630
T13286,Modeling and Simulation Systems,1703,Computational Theory and Mathematics,17,Computer Science,3,Physical Sciences,24628
T12152,Concrete Properties and Behavior,2205,Civil and Structural Engineering,22,Engineering,3,Physical Sciences,24626
T13971,Synthesis and Biological Activity,1306,Cancer Research,13,"Biochemistry, Genetics and Molecular Biology",1,Life Sciences,24569
T13476,Indonesian Election Politics and Participation,3320,Political Science and International Relations,33,Social Sciences,2,Social Sciences,24560
T11693,Cryptography and Residue Arithmetic,1710,Information Systems,17,Computer Science,3,Physical Sciences,24559
T14136,Education and Military Integration,3304,Education,33,Social Sciences,2,Social Sciences,24538
T13626,Educational and Organizational Development,1407,Organizational Behavior and Human Resource Management,14,"Business, Management and Accounting",2,Social Sciences,24497
T13165,Agricultural safety and regulations,1106,Food Science,11,Agricultural and Biological Sciences,1,Life Sciences,24478
T12053,Minimally Invasive Surgical Techniques,2746,Surgery,27,Medicine,4,Health Sciences,24475
T13004,Vitamin K Research Studies,2916,Nutrition and Dietetics,29,Nursing,4,Health Sciences,24427
T12484,Retinopathy of Prematurity Studies,2741,"Radiology, Nuclear Medicine and Imaging",27,Medicine,4,Health Sciences,24355
T13720,Benford’s Law and Fraud Detection,2613,Statistics and Probability,26,Mathematics,3,Physical Sciences,24314
T12176,Optimization and Packing Problems,2209,Industrial and Manufacturing Engineering,22,Engineering,3,Physical Sciences,24306
T12007,Plasma and Flow Control in Aerodynamics,2202,Aerospace Engineering,22,Engineering,3,Physical Sciences,24257
T12989,Ocular Disorders and Treatments,1311,Genetics,13,"Biochemistry, Genetics and Molecular Biology",1,Life Sciences,24257
T12401,Scheduling and Timetabling Solutions,1803,Management Science and Operations Research,18,Decision Sciences,2,Social Sciences,24225
T13767,Leech Biology and Applications,2736,Pharmacology,27,Medicine,4,Health Sciences,24217
T11015,Down syndrome and intellectual disability research,2739,"Public Health, Environmental and Occupational Health",27,Medicine,4,Health Sciences,24209
T13776,Phytochemical and Pharmacological Studies,2707,Complementary and alternative medicine,27,Medicine,4,Health Sciences,24200
T13201,Infectious Encephalopathies and Encephalitis,2725,Infectious Diseases,27,Medicine,4,Health Sciences,24195
T12684,Stuttering Research and Treatment,3203,Clinical Psychology,32,Psychology,2,Social Sciences,24150
T12200,Heusler alloys: electronic and magnetic properties,2504,"Electronic, Optical and Magnetic Materials",25,Materials Science,3,Physical Sciences,24117
T13821,Coaching Methods and Impact,3202,Applied Psychology,32,Psychology,2,Social Sciences,24113
T13366,Accounting Theory and Financial Reporting,1402,Accounting,14,"Business, Management and Accounting",2,Social Sciences,24111
T13047,Pharmacological Receptor Mechanisms and Effects,1312,Molecular Biology,13,"Biochemistry, Genetics and Molecular Biology",1,Life Sciences,24106
T12404,Mathematical Approximation and Integration,2612,Numerical Analysis,26,Mathematics,3,Physical Sciences,24088
T13214,Powdery Mildew Fungal Diseases,1110,Plant Science,11,Agricultural and Biological Sciences,1,Life Sciences,24067
T12183,Teratomas and Epidermoid Cysts,2746,Surgery,27,Medicine,4,Health Sciences,24056
T14294,Impulse Buying and Technology Impacts,2002,Economics and Econometrics,20,"Economics, Econometrics and Finance",2,Social Sciences,24053
T12696,Icing and De-icing Technologies,2202,Aerospace Engineering,22,Engineering,3,Physical Sciences,24041
T13479,Food Science and Nutritional Studies,2916,Nutrition and Dietetics,29,Nursing,4,Health Sciences,24033
T13813,Oral and Craniofacial Lesions,3616,Speech and Hearing,36,Health Professions,4,Health Sciences,24022
T12174,Hospital Admissions and Outcomes,2711,Emergency Medicine,27,Medicine,4,Health Sciences,24018
T13779,Cancer Mechanisms and Therapy,2734,Pathology and Forensic Medicine,27,Medicine,4,Health Sciences,24016
T12357,Digital Media Forensic Detection,1707,Computer Vision and Pattern Recognition,17,Computer Science,3,Physical Sciences,24013
T10931,Direction-of-Arrival Estimation Techniques,1711,Signal Processing,17,Computer Science,3,Physical Sciences,23985
T14146,Earthquake and Tsunami Effects,2205,Civil and Structural Engineering,22,Engineering,3,Physical Sciences,23913
T13428,Anarchism and Radical Politics,3312,Sociology and Political Science,33,Social Sciences,2,Social Sciences,23850
T13517,Environmental and Industrial Safety,2305,Environmental Engineering,23,Environmental Science,3,Physical Sciences,23844
T12778,History of Medicine and Tropical Health,1202,History,12,Arts and Humanities,2,Social Sciences,23809
T11498,Security in Wireless Sensor Networks,1705,Computer Networks and Communications,17,Computer Science,3,Physical Sciences,23757
T12608,Spatial Neglect and Hemispheric Dysfunction,2805,Cognitive Neuroscience,28,Neuroscience,1,Life Sciences,23708
T13588,Regional resilience and development,2002,Economics and Econometrics,20,"Economics, Econometrics and Finance",2,Social Sciences,23690
T12088,Intergenerational and Educational Inequality Studies,3312,Sociology and Political Science,33,Social Sciences,2,Social Sciences,23683
T13371,Military Defense Systems Analysis,2202,Aerospace Engineering,22,Engineering,3,Physical Sciences,23647
T13380,Sound Studies and Aurality,3205,Experimental and Cognitive Psychology,32,Psychology,2,Social Sciences,23635
T12814,Gaussian Processes and Bayesian Inference,1702,Artificial Intelligence,17,Computer Science,3,Physical Sciences,23619
T13446,"Antioxidants, Aging, Portulaca oleracea",2804,Cellular and Molecular Neuroscience,28,Neuroscience,1,Life Sciences,23599
T12966,Russian Literature and Bakhtin Studies,3304,Education,33,Social Sciences,2,Social Sciences,23593
T12393,Workplace Spirituality and Leadership,3317,Demography,33,Social Sciences,2,Social Sciences,23551
T13841,Psychology of Social Influence,3312,Sociology and Political Science,33,Social Sciences,2,Social Sciences,23539
T11504,Advanced Authentication Protocols Security,1705,Computer Networks and Communications,17,Computer Science,3,Physical Sciences,23519
T13378,Agricultural Development and Policies,1102,Agronomy and Crop Science,11,Agricultural and Biological Sciences,1,Life Sciences,23511
T13576,"Cyprus History, Politics, Society",3312,Sociology and Political Science,33,Social Sciences,2,Social Sciences,23483
T13620,Education for Peace and Conflict Resolution,3312,Sociology and Political Science,33,Social Sciences,2,Social Sciences,23466
T13527,Transportation Systems and Logistics,2205,Civil and Structural Engineering,22,Engineering,3,Physical Sciences,23463
T13718,Media Influence and Politics,3312,Sociology and Political Science,33,Social Sciences,2,Social Sciences,23458
T14438,Advanced Scientific Research Methods,1106,Food Science,11,Agricultural and Biological Sciences,1,Life Sciences,23457
T14126,Intramuscular injections and effects,2711,Emergency Medicine,27,Medicine,4,Health Sciences,23433
T13313,Dupuytren's Contracture and Treatments,2745,Rheumatology,27,Medicine,4,Health Sciences,23406
T14097,Chemistry Education and Research,3304,Education,33,Social Sciences,2,Social Sciences,23370
T13263,Building energy efficiency and sustainability,2215,Building and Construction,22,Engineering,3,Physical Sciences,23366
T14170,Classical Studies and Philology,1203,Language and Linguistics,12,Arts and Humanities,2,Social Sciences,23347
T13725,Pineapple and bromelain studies,1312,Molecular Biology,13,"Biochemistry, Genetics and Molecular Biology",1,Life Sciences,23333
T12285,Surface Chemistry and Catalysis,2204,Biomedical Engineering,22,Engineering,3,Physical Sciences,23330
T12474,Education Discipline and Inequality,3304,Education,33,Social Sciences,2,Social Sciences,23290
T13799,Media and Communication Studies,3315,Communication,33,Social Sciences,2,Social Sciences,23258
T12000,Systems Engineering Methodologies and Applications,2207,Control and Systems Engineering,22,Engineering,3,Physical Sciences,23226
T13495,Biographical and Historical Analysis,1202,History,12,Arts and Humanities,2,Social Sciences,23209
T12962,Nephrotoxicity and Medicinal Plants,2741,"Radiology, Nuclear Medicine and Imaging",27,Medicine,4,Health Sciences,23179
T13063,Education and experiences of immigrants and refugees,3304,Education,33,Social Sciences,2,Social Sciences,23141
T12303,Tensor decomposition and applications,2605,Computational Mathematics,26,Mathematics,3,Physical Sciences,23075
T12980,Family Caregiving in Mental Illness,3203,Clinical Psychology,32,Psychology,2,Social Sciences,23005
T14360,Psidium guajava Extracts and Applications,3004,Pharmacology,30,"Pharmacology, Toxicology and Pharmaceutics",1,Life Sciences,23002
T13230,Synthesis and Reactivity of Heterocycles,1605,Organic Chemistry,16,Chemistry,3,Physical Sciences,22967
T12452,Electrowetting and Microfluidic Technologies,2208,Electrical and Electronic Engineering,22,Engineering,3,Physical Sciences,22965
T12683,Studies on Chitinases and Chitosanases,1312,Molecular Biology,13,"Biochemistry, Genetics and Molecular Biology",1,Life Sciences,22896
T13764,Political theory and Gramsci,3312,Sociology and Political Science,33,Social Sciences,2,Social Sciences,22858
T12210,Policy Transfer and Learning,3320,Political Science and International Relations,33,Social Sciences,2,Social Sciences,22852
T11739,Microwave Imaging and Scattering Analysis,2204,Biomedical Engineering,22,Engineering,3,Physical Sciences,22839
T12793,Caveolin-1 and cellular processes,1307,Cell Biology,13,"Biochemistry, Genetics and Molecular Biology",1,Life Sciences,22818
T13878,Case Reports on Hematomas,2746,Surgery,27,Medicine,4,Health Sciences,22797
T13419,Ego Development and Educational Practices,3203,Clinical Psychology,32,Psychology,2,Social Sciences,22788
T11646,Nonlocal and gradient elasticity in micro/nano structures,2505,Materials Chemistry,25,Materials Science,3,Physical Sciences,22752
T12143,Place Attachment and Urban Studies,3312,Sociology and Political Science,33,Social Sciences,2,Social Sciences,22745
T14207,Higher Education Practises and Engagement,3304,Education,33,Social Sciences,2,Social Sciences,22742
T12528,"IL-33, ST2, and ILC Pathways",2403,Immunology,24,Immunology and Microbiology,1,Life Sciences,22692
T14206,Animal Law and Welfare,3308,Law,33,Social Sciences,2,Social Sciences,22691
T12808,Ferroelectric and Negative Capacitance Devices,2208,Electrical and Electronic Engineering,22,Engineering,3,Physical Sciences,22666
T14429,Global Political and Social Dynamics,3320,Political Science and International Relations,33,Social Sciences,2,Social Sciences,22629
T13983,Cybersecurity and Information Systems,1705,Computer Networks and Communications,17,Computer Science,3,Physical Sciences,22620
T13132,"Hydropower, Displacement, Environmental Impact",3312,Sociology and Political Science,33,Social Sciences,2,Social Sciences,22607
T12533,Aldose Reductase and Taurine,1307,Cell Biology,13,"Biochemistry, Genetics and Molecular Biology",1,Life Sciences,22599
T13563,Chemical Analysis and Environmental Impact,2307,"Health, Toxicology and Mutagenesis",23,Environmental Science,3,Physical Sciences,22593
T12197,Brake Systems and Friction Analysis,2203,Automotive Engineering,22,Engineering,3,Physical Sciences,22590
T13578,Stonefly species taxonomy and ecology,2212,Ocean Engineering,22,Engineering,3,Physical Sciences,22557
T11704,Mobile Crowdsensing and Crowdsourcing,1706,Computer Science Applications,17,Computer Science,3,Physical Sciences,22509
T13852,Seismic and Structural Analysis of Tall Buildings,2205,Civil and Structural Engineering,22,Engineering,3,Physical Sciences,22492
T13700,Gender Studies and Social Issues,3318,Gender Studies,33,Social Sciences,2,Social Sciences,22400
T12839,Emile Durkheim and Sociology,3312,Sociology and Political Science,33,Social Sciences,2,Social Sciences,22398
T13039,Magnesium Oxide Properties and Applications,2505,Materials Chemistry,25,Materials Science,3,Physical Sciences,22388
T13651,Medicinal Plants and Bioactive Compounds,1312,Molecular Biology,13,"Biochemistry, Genetics and Molecular Biology",1,Life Sciences,22325
T13336,Religious Freedom and Discrimination,3308,Law,33,Social Sciences,2,Social Sciences,22319
T13904,Artificial Intelligence Applications,1702,Artificial Intelligence,17,Computer Science,3,Physical Sciences,22280
T14227,Educational Practices and Challenges,3304,Education,33,Social Sciences,2,Social Sciences,22273
T13081,Digital Education and Society,1710,Information Systems,17,Computer Science,3,Physical Sciences,22246
T12521,Death Anxiety and Social Exclusion,3207,Social Psychology,32,Psychology,2,Social Sciences,22171
T12654,Xenotransplantation and immune response,2746,Surgery,27,Medicine,4,Health Sciences,22159
T12878,Pharmaceutical Quality and Counterfeiting,2739,"Public Health, Environmental and Occupational Health",27,Medicine,4,Health Sciences,22157
T13991,Nuclear Receptors and Signaling,2804,Cellular and Molecular Neuroscience,28,Neuroscience,1,Life Sciences,22157
T12887,Educational Strategies and Epistemologies,3204,Developmental and Educational Psychology,32,Psychology,2,Social Sciences,22142
T14373,Securities Regulation and Market Practices,1406,Marketing,14,"Business, Management and Accounting",2,Social Sciences,22039
T13483,Herbal Medicine Research Studies,2707,Complementary and alternative medicine,27,Medicine,4,Health Sciences,22033
T13571,"Corporeality, Perception, and Education",1200,General Arts and Humanities,12,Arts and Humanities,2,Social Sciences,21961
T13959,"Swearing, Euphemism, Multilingualism",3315,Communication,33,Social Sciences,2,Social Sciences,21957
T11565,Thermoelastic and Magnetoelastic Phenomena,2211,Mechanics of Materials,22,Engineering,3,Physical Sciences,21911
T12772,Control and Stability of Dynamical Systems,2207,Control and Systems Engineering,22,Engineering,3,Physical Sciences,21878
T12135,Fuzzy Systems and Optimization,2613,Statistics and Probability,26,Mathematics,3,Physical Sciences,21833
T12526,Antimicrobial agents and applications,1605,Organic Chemistry,16,Chemistry,3,Physical Sciences,21827
T13661,Reformed Theology and Governance,1211,Philosophy,12,Arts and Humanities,2,Social Sciences,21814
T14056,Safety Warnings and Signage,3207,Social Psychology,32,Psychology,2,Social Sciences,21812
T12933,Franchising Strategies and Performance,1408,Strategy and Management,14,"Business, Management and Accounting",2,Social Sciences,21807
T12628,Polymer Foaming and Composites,2507,Polymers and Plastics,25,Materials Science,3,Physical Sciences,21800
T12063,Heat and Mass Transfer in Porous Media,2206,Computational Mechanics,22,Engineering,3,Physical Sciences,21743
T12723,Hannah Arendt's Political Philosophy,3320,Political Science and International Relations,33,Social Sciences,2,Social Sciences,21692
T13874,Information Architecture and Usability,1710,Information Systems,17,Computer Science,3,Physical Sciences,21685
T14304,Transport Systems and Technology,2210,Mechanical Engineering,22,Engineering,3,Physical Sciences,21640
T12122,Physical Unclonable Functions (PUFs) and Hardware Security,1708,Hardware and Architecture,17,Computer Science,3,Physical Sciences,21632
T12889,"Psychoanalysis, Philosophy, and Politics",3203,Clinical Psychology,32,Psychology,2,Social Sciences,21632
T14177,Water Resources and Management,2303,Ecology,23,Environmental Science,3,Physical Sciences,21617
T13709,Education in Diverse Contexts,3304,Education,33,Social Sciences,2,Social Sciences,21614
T13967,"Conservation, Ecology, Wildlife Education",2308,"Management, Monitoring, Policy and Law",23,Environmental Science,3,Physical Sciences,21565
T12529,Ga2O3 and related materials,2504,"Electronic, Optical and Magnetic Materials",25,Materials Science,3,Physical Sciences,21548
T14060,Education and Communication Studies,3304,Education,33,Social Sciences,2,Social Sciences,21519
T13630,Agriculture Market Analysis Ukraine,1100,General Agricultural and Biological Sciences,11,Agricultural and Biological Sciences,1,Life Sciences,21507
T13441,Ottoman Empire History and Society,3312,Sociology and Political Science,33,Social Sciences,2,Social Sciences,21474
T12434,Phosphodiesterase function and regulation,1312,Molecular Biology,13,"Biochemistry, Genetics and Molecular Biology",1,Life Sciences,21470
T13416,Educational Theory and Curriculum Studies,3312,Sociology and Political Science,33,Social Sciences,2,Social Sciences,21432
T11931,Organoselenium and organotellurium chemistry,3005,Toxicology,30,"Pharmacology, Toxicology and Pharmaceutics",1,Life Sciences,21365
T12865,Tailings Management and Properties,2205,Civil and Structural Engineering,22,Engineering,3,Physical Sciences,21361
T12269,Effects of Vibration on Health,2732,Orthopedics and Sports Medicine,27,Medicine,4,Health Sciences,21300
T12155,Microwave Dielectric Ceramics Synthesis,2208,Electrical and Electronic Engineering,22,Engineering,3,Physical Sciences,21264
T12809,Contact Mechanics and Variational Inequalities,1703,Computational Theory and Mathematics,17,Computer Science,3,Physical Sciences,21245
T14341,"Education, Technology, and Ethics",2308,"Management, Monitoring, Policy and Law",23,Environmental Science,3,Physical Sciences,21190
T12580,Vagus Nerve Stimulation Research,2808,Neurology,28,Neuroscience,1,Life Sciences,21176
T14488,Chemical and Physical Studies,1304,Biophysics,13,"Biochemistry, Genetics and Molecular Biology",1,Life Sciences,21174
T13805,Adolescent Health and Behaviors,3600,General Health Professions,36,Health Professions,4,Health Sciences,21152
T11802,Chemical Looping and Thermochemical Processes,2204,Biomedical Engineering,22,Engineering,3,Physical Sciences,21124
T13812,AI and HR Technologies,1407,Organizational Behavior and Human Resource Management,14,"Business, Management and Accounting",2,Social Sciences,21097
T13728,"Crime, Deviance, and Social Control",3312,Sociology and Political Science,33,Social Sciences,2,Social Sciences,21077
T12943,COVID-19 Digital Contact Tracing,1710,Information Systems,17,Computer Science,3,Physical Sciences,21043
T13895,Educational Leadership and Innovation,3304,Education,33,Social Sciences,2,Social Sciences,20934
T14150,Biochemical and biochemical processes,1305,Biotechnology,13,"Biochemistry, Genetics and Molecular Biology",1,Life Sciences,20901
T12371,Electrical Contact Performance and Analysis,2210,Mechanical Engineering,22,Engineering,3,Physical Sciences,20898
T12101,Advanced Bandit Algorithms Research,1803,Management Science and Operations Research,18,Decision Sciences,2,Social Sciences,20845
T14454,Polymer Science and Applications,2210,Mechanical Engineering,22,Engineering,3,Physical Sciences,20780
T12464,Neurological Complications and Syndromes,2738,Psychiatry and Mental health,27,Medicine,4,Health Sciences,20747
T12326,Network Packet Processing and Optimization,1708,Hardware and Architecture,17,Computer Science,3,Physical Sciences,20644
T13264,Walter Benjamin Studies Compilation,1211,Philosophy,12,Arts and Humanities,2,Social Sciences,20644
T14405,Fisheries and Aquaculture Studies,1100,General Agricultural and Biological Sciences,11,Agricultural and Biological Sciences,1,Life Sciences,20631
T13207,Youth Substance Use and School Attendance,3304,Education,33,Social Sciences,2,Social Sciences,20625
T14043,Historical and modern epidemiology studies,3312,Sociology and Political Science,33,Social Sciences,2,Social Sciences,20596
T11525,Piezoelectric Actuators and Control,2207,Control and Systems Engineering,22,Engineering,3,Physical Sciences,20544
T13014,Peace and Human Rights Education,3312,Sociology and Political Science,33,Social Sciences,2,Social Sciences,20521
T13348,Pancasila Values in Education,3304,Education,33,Social Sciences,2,Social Sciences,20459
T13309,Reliability and Agreement in Measurement,1804,"Statistics, Probability and Uncertainty",18,Decision Sciences,2,Social Sciences,20439
T13989,Labour Market and Migration,3318,Gender Studies,33,Social Sciences,2,Social Sciences,20437
T13608,Advanced Computational Techniques in Science and Engineering,1710,Information Systems,17,Computer Science,3,Physical Sciences,20414
T14416,"Health, Technology, Consumer Behavior",3605,Health Information Management,36,Health Professions,4,Health Sciences,20382
T13192,Forensic Fingerprint Detection Methods,3311,Safety Research,33,Social Sciences,2,Social Sciences,20365
T12092,Erosion and Abrasive Machining,2302,Ecological Modeling,23,Environmental Science,3,Physical Sciences,20328
T13671,Philosophy and Phenomenology Studies,3300,General Social Sciences,33,Social Sciences,2,Social Sciences,20327
T12181,Agricultural and Biological Research,1106,Food Science,11,Agricultural and Biological Sciences,1,Life Sciences,20324
T13615,Transportation Systems and Safety,1704,Computer Graphics and Computer-Aided Design,17,Computer Science,3,Physical Sciences,20310
T13761,HIV/AIDS oral health manifestations,2739,"Public Health, Environmental and Occupational Health",27,Medicine,4,Health Sciences,20300
T14038,"Youth, Politics, and Society",3312,Sociology and Political Science,33,Social Sciences,2,Social Sciences,20298
T12761,Data Stream Mining Techniques,1702,Artificial Intelligence,17,Computer Science,3,Physical Sciences,20220
T14138,Life Cycle Costing Analysis,1402,Accounting,14,"Business, Management and Accounting",2,Social Sciences,20196
T13707,"Literature, Language, and Rhetoric Studies",3312,Sociology and Political Science,33,Social Sciences,2,Social Sciences,20193
T12082,Takotsubo Cardiomyopathy and Associated Phenomena,2705,Cardiology and Cardiovascular Medicine,27,Medicine,4,Health Sciences,20191
T13629,Text Readability and Simplification,1702,Artificial Intelligence,17,Computer Science,3,Physical Sciences,20166
T13775,Hydrogen's biological and therapeutic effects,2746,Surgery,27,Medicine,4,Health Sciences,20161
T13930,Diverse Education and Engineering Focus,3304,Education,33,Social Sciences,2,Social Sciences,20091
T12978,Innovative Teaching Methodologies in Social Sciences,3304,Education,33,Social Sciences,2,Social Sciences,20069
T14466,"Migration, Health, Geopolitics, Historical Geography",3317,Demography,33,Social Sciences,2,Social Sciences,19987
T13748,Advanced Statistical Modeling Techniques,1705,Computer Networks and Communications,17,Computer Science,3,Physical Sciences,19938
T14247,"Borges, Kipling, and Jewish Identity",1208,Literature and Literary Theory,12,Arts and Humanities,2,Social Sciences,19925
T12491,Superconductivity in MgB2 and Alloys,3104,Condensed Matter Physics,31,Physics and Astronomy,3,Physical Sciences,19907
T13087,Simone de Beauvoir and Sartre,1211,Philosophy,12,Arts and Humanities,2,Social Sciences,19848
T14152,Healthcare Facilities Design and Sustainability,3322,Urban Studies,33,Social Sciences,2,Social Sciences,19848
T12548,Hemostasis and retained surgical items,2720,Hematology,27,Medicine,4,Health Sciences,19800
T13976,Web visibility and informetrics,1710,Information Systems,17,Computer Science,3,Physical Sciences,19798
T12567,Heat transfer and supercritical fluids,2206,Computational Mechanics,22,Engineering,3,Physical Sciences,19792
T14031,Global and Cross-Cultural Management,3314,Anthropology,33,Social Sciences,2,Social Sciences,19763
T13512,Spatial and Cultural Studies,3305,"Geography, Planning and Development",33,Social Sciences,2,Social Sciences,19704
T12551,Forgiveness and Related Behaviors,3207,Social Psychology,32,Psychology,2,Social Sciences,19699
T11790,N-Heterocyclic Carbenes in Organic and Inorganic Chemistry,1605,Organic Chemistry,16,Chemistry,3,Physical Sciences,19683
T14326,Ear and Head Tumors,2730,Oncology,27,Medicine,4,Health Sciences,19621
T13943,Beetle Biology and Toxicology Studies,1306,Cancer Research,13,"Biochemistry, Genetics and Molecular Biology",1,Life Sciences,19589
T13455,"Decadence, Literature, and Society",3312,Sociology and Political Science,33,Social Sciences,2,Social Sciences,19566
T12368,Grey System Theory Applications,1803,Management Science and Operations Research,18,Decision Sciences,2,Social Sciences,19548
T14375,"Cultural, Linguistic, Economic Studies",3300,General Social Sciences,33,Social Sciences,2,Social Sciences,19533
T14014,Transportation Systems and Infrastructure,1405,Management of Technology and Innovation,14,"Business, Management and Accounting",2,Social Sciences,19510
T14350,"Innovation, Sustainability, Human-Machine Systems",3312,Sociology and Political Science,33,Social Sciences,2,Social Sciences,19481
T13480,Innovations and Analysis in Business and Education,1803,Management Science and Operations Research,18,Decision Sciences,2,Social Sciences,19451
T13328,Osteomyelitis and Bone Disorders Research,2745,Rheumatology,27,Medicine,4,Health Sciences,19433
T12247,Microbial Applications in Construction Materials,2305,Environmental Engineering,23,Environmental Science,3,Physical Sciences,19415
T12820,Chromatin Remodeling and Cancer,1312,Molecular Biology,13,"Biochemistry, Genetics and Molecular Biology",1,Life Sciences,19359
T13254,Macrophage Migration Inhibitory Factor,2403,Immunology,24,Immunology and Microbiology,1,Life Sciences,19316
T12883,Sustainable Development and Environmental Management,2308,"Management, Monitoring, Policy and Law",23,Environmental Science,3,Physical Sciences,19213
T13219,Mind wandering and attention,2805,Cognitive Neuroscience,28,Neuroscience,1,Life Sciences,19160
T13906,Social Issues and Policies,3311,Safety Research,33,Social Sciences,2,Social Sciences,19157
T13232,Laser-Ablation Synthesis of Nanoparticles,2204,Biomedical Engineering,22,Engineering,3,Physical Sciences,19089
T13985,Enterprise Management and Information Systems,1405,Management of Technology and Innovation,14,"Business, Management and Accounting",2,Social Sciences,19073
T14398,Agriculture and Social Issues,1110,Plant Science,11,Agricultural and Biological Sciences,1,Life Sciences,19055
T13115,Axial and Atropisomeric Chirality Synthesis,1605,Organic Chemistry,16,Chemistry,3,Physical Sciences,18961
T14370,"Economic, Social, and Health Studies",2002,Economics and Econometrics,20,"Economics, Econometrics and Finance",2,Social Sciences,18954
T12079,IoT Networks and Protocols,2208,Electrical and Electronic Engineering,22,Engineering,3,Physical Sciences,18924
T14319,Currency Recognition and Detection,1707,Computer Vision and Pattern Recognition,17,Computer Science,3,Physical Sciences,18923
T13857,Mining and Industrial Processes,1106,Food Science,11,Agricultural and Biological Sciences,1,Life Sciences,18914
T12740,Gait Recognition and Analysis,2204,Biomedical Engineering,22,Engineering,3,Physical Sciences,18901
T12643,Sustainability and Ecological Systems Analysis,2305,Environmental Engineering,23,Environmental Science,3,Physical Sciences,18893
T12601,Web Applications and Data Management,1710,Information Systems,17,Computer Science,3,Physical Sciences,18830
T12131,Wireless Signal Modulation Classification,1702,Artificial Intelligence,17,Computer Science,3,Physical Sciences,18818
T13549,Minority Rights and Languages,3320,Political Science and International Relations,33,Social Sciences,2,Social Sciences,18807
T13397,Hallucinations in medical conditions,2805,Cognitive Neuroscience,28,Neuroscience,1,Life Sciences,18780
T13149,Organizational Change and Leadership,1407,Organizational Behavior and Human Resource Management,14,"Business, Management and Accounting",2,Social Sciences,18770
T14188,Latin American Legal and Economic Studies,3320,Political Science and International Relations,33,Social Sciences,2,Social Sciences,18679
T13833,Ferrocene Chemistry and Applications,1605,Organic Chemistry,16,Chemistry,3,Physical Sciences,18607
T14016,International Relations and Autism,3322,Urban Studies,33,Social Sciences,2,Social Sciences,18607
T12861,"Migration, Education, Indigenous Social Dynamics",3316,Cultural Studies,33,Social Sciences,2,Social Sciences,18606
T13250,Semiotics and Representation Studies,1208,Literature and Literary Theory,12,Arts and Humanities,2,Social Sciences,18555
T12758,Saffron Plant Research Studies,2730,Oncology,27,Medicine,4,Health Sciences,18535
T14228,Religion and Sociopolitical Dynamics in Nigeria,3300,General Social Sciences,33,Social Sciences,2,Social Sciences,18516
T12880,Qualitative Research Methods and Applications,3304,Education,33,Social Sciences,2,Social Sciences,18486
T13266,Indigenous Studies in Latin America,3316,Cultural Studies,33,Social Sciences,2,Social Sciences,18482
T12345,Adult and Continuing Education Topics,3304,Education,33,Social Sciences,2,Social Sciences,18476
T14082,"Modeling, Simulation, and Optimization",2607,Discrete Mathematics and Combinatorics,26,Mathematics,3,Physical Sciences,18471
T13052,Molecular Communication and Nanonetworks,2204,Biomedical Engineering,22,Engineering,3,Physical Sciences,18466
T13790,Waste Management and Environmental Impact,2210,Mechanical Engineering,22,Engineering,3,Physical Sciences,18435
T12901,Tattoo and Body Piercing Complications,3316,Cultural Studies,33,Social Sciences,2,Social Sciences,18386
T12416,Polymer Nanocomposite Synthesis and Irradiation,2507,Polymers and Plastics,25,Materials Science,3,Physical Sciences,18385
T13893,Sustainable Development and Policies,2308,"Management, Monitoring, Policy and Law",23,Environmental Science,3,Physical Sciences,18361
T14140,Elite Sociology and Global Capitalism,3312,Sociology and Political Science,33,Social Sciences,2,Social Sciences,18333
T12523,Nasolacrimal Duct Obstruction Treatments,2731,Ophthalmology,27,Medicine,4,Health Sciences,18309
T12662,Digitalization and Economic Development in Agriculture,1408,Strategy and Management,14,"Business, Management and Accounting",2,Social Sciences,18288
T14296,Climate Change and Sustainable Development,2306,Global and Planetary Change,23,Environmental Science,3,Physical Sciences,18257
T13062,Cognitive Computing and Networks,1702,Artificial Intelligence,17,Computer Science,3,Physical Sciences,18198
T12818,"Pneumothorax, Barotrauma, Emphysema",2740,Pulmonary and Respiratory Medicine,27,Medicine,4,Health Sciences,18174
T13862,"Soil, Finite Element Methods",2211,Mechanics of Materials,22,Engineering,3,Physical Sciences,18146
T13218,Sesame and Sesamin Research,1110,Plant Science,11,Agricultural and Biological Sciences,1,Life Sciences,18140
T14264,"Law, Ethics, and AI Impact",1407,Organizational Behavior and Human Resource Management,14,"Business, Management and Accounting",2,Social Sciences,18122
T14457,Intellectual Property Rights and Media,3320,Political Science and International Relations,33,Social Sciences,2,Social Sciences,18094
T12638,Pomegranate: compositions and health benefits,2916,Nutrition and Dietetics,29,Nursing,4,Health Sciences,18086
T14245,Biomarkers in Disease Mechanisms,2403,Immunology,24,Immunology and Microbiology,1,Life Sciences,18082
T13399,Unemployment and Economic Growth,2002,Economics and Econometrics,20,"Economics, Econometrics and Finance",2,Social Sciences,18060
T12024,Ultra-Wideband Communications Technology,2208,Electrical and Electronic Engineering,22,Engineering,3,Physical Sciences,18052
T13353,Flow Experience in Various Fields,3204,Developmental and Educational Psychology,32,Psychology,2,Social Sciences,18022
T13403,Higher Education in Latin America,3304,Education,33,Social Sciences,2,Social Sciences,18015
T13197,Spreadsheets and End-User Computing,1712,Software,17,Computer Science,3,Physical Sciences,17993
T14224,"Oil, Gas, and Environmental Issues",2105,"Renewable Energy, Sustainability and the Environment",21,Energy,3,Physical Sciences,17952
T13740,Soil Science and Environmental Management,1111,Soil Science,11,Agricultural and Biological Sciences,1,Life Sciences,17934
T14019,Socioeconomic and Demographic Analysis,2308,"Management, Monitoring, Policy and Law",23,Environmental Science,3,Physical Sciences,17916
T14520,Sustainable Urban and Rural Development,3322,Urban Studies,33,Social Sciences,2,Social Sciences,17892
T13826,"Bangladesh Politics, Society, and Development",3320,Political Science and International Relations,33,Social Sciences,2,Social Sciences,17851
T13798,Hops Chemistry and Applications,3004,Pharmacology,30,"Pharmacology, Toxicology and Pharmaceutics",1,Life Sciences,17823
T13150,Study and Philosophy of Religion,1211,Philosophy,12,Arts and Humanities,2,Social Sciences,17626
T13105,Synthesis and pharmacology of benzodiazepine derivatives,1605,Organic Chemistry,16,Chemistry,3,Physical Sciences,17621
T12483,Global Urban Networks and Dynamics,3322,Urban Studies,33,Social Sciences,2,Social Sciences,17596
T13431,Education Methods and Integration,1407,Organizational Behavior and Human Resource Management,14,"Business, Management and Accounting",2,Social Sciences,17522
T14141,Colonial History and Postcolonial Studies,3312,Sociology and Political Science,33,Social Sciences,2,Social Sciences,17504
T12944,Animal Nutrition and Health,1110,Plant Science,11,Agricultural and Biological Sciences,1,Life Sciences,17499
T13825,Economic Policies and Impacts,2002,Economics and Econometrics,20,"Economics, Econometrics and Finance",2,Social Sciences,17482
T14050,Forest Ecology and Conservation,1107,Forestry,11,Agricultural and Biological Sciences,1,Life Sciences,17481
T14461,Medicinal Plant Studies,2707,Complementary and alternative medicine,27,Medicine,4,Health Sciences,17471
T14314,"Violence, Religion, and Philosophy",1211,Philosophy,12,Arts and Humanities,2,Social Sciences,17470
T13974,"Health, Education, and Aging",3306,Health,33,Social Sciences,2,Social Sciences,17439
T13789,Global Education Systems and Policies,3304,Education,33,Social Sciences,2,Social Sciences,17403
T13137,Strategic Planning and Analysis,1408,Strategy and Management,14,"Business, Management and Accounting",2,Social Sciences,17398
T13489,Synthesis of β-Lactam Compounds,1605,Organic Chemistry,16,Chemistry,3,Physical Sciences,17370
T13272,Psychological Treatments and Assessments,3203,Clinical Psychology,32,Psychology,2,Social Sciences,17329
T13648,Cerebrovascular and genetic disorders,2728,Neurology,27,Medicine,4,Health Sciences,17327
T14114,Digital Media and Philosophy,1706,Computer Science Applications,17,Computer Science,3,Physical Sciences,17324
T12106,Surface Treatment and Residual Stress,2210,Mechanical Engineering,22,Engineering,3,Physical Sciences,17283
T13859,Organic Chemistry Synthesis Methods,1605,Organic Chemistry,16,Chemistry,3,Physical Sciences,17283
T13426,Kruppel-like factors research,1312,Molecular Biology,13,"Biochemistry, Genetics and Molecular Biology",1,Life Sciences,17260
T13678,Agricultural Research and Practices,1100,General Agricultural and Biological Sciences,11,Agricultural and Biological Sciences,1,Life Sciences,17238
T13942,International Human Rights and Reproductive Law,3320,Political Science and International Relations,33,Social Sciences,2,Social Sciences,17201
T14286,Parkinson's Disease and Spinal Disorders,2728,Neurology,27,Medicine,4,Health Sciences,17154
T14001,Evelyn Waugh and Hans Urs von Balthasar Studies,1208,Literature and Literary Theory,12,Arts and Humanities,2,Social Sciences,17148
T13791,Veterinary medicine and infectious diseases,3404,Small Animals,34,Veterinary,4,Health Sciences,17140
T12833,Bartonella species infections research,2405,Parasitology,24,Immunology and Microbiology,1,Life Sciences,17137
T12879,Distributed Sensor Networks and Detection Algorithms,1705,Computer Networks and Communications,17,Computer Science,3,Physical Sciences,17122
T12440,Karl Barth and Christian Theology,1211,Philosophy,12,Arts and Humanities,2,Social Sciences,17027
T14338,"Leadership, Human Resources, Global Affairs",3320,Political Science and International Relations,33,Social Sciences,2,Social Sciences,17025
T13461,Vladimir Nabokov Literary Studies,3316,Cultural Studies,33,Social Sciences,2,Social Sciences,17004
T12914,Infectious Disease Case Reports and Treatments,2725,Infectious Diseases,27,Medicine,4,Health Sciences,16995
T14385,Franz Kafka Literary Studies,1208,Literature and Literary Theory,12,Arts and Humanities,2,Social Sciences,16885
T13810,Legal Systems and Institutions,1408,Strategy and Management,14,"Business, Management and Accounting",2,Social Sciences,16884
T13792,Morinda citrifolia extract uses,2707,Complementary and alternative medicine,27,Medicine,4,Health Sciences,16881
T13298,Solar Energy Systems and Technologies,2210,Mechanical Engineering,22,Engineering,3,Physical Sciences,16850
T13921,Biological Stains and Phytochemicals,2736,Pharmacology,27,Medicine,4,Health Sciences,16778
T13434,Cancer Research and Treatment,2730,Oncology,27,Medicine,4,Health Sciences,16775
T12676,Machine Learning and ELM,1702,Artificial Intelligence,17,Computer Science,3,Physical Sciences,16771
T12426,Lymphatic Disorders and Treatments,2746,Surgery,27,Medicine,4,Health Sciences,16682
T13827,Mechatronics Education and Applications,2210,Mechanical Engineering,22,Engineering,3,Physical Sciences,16659
T13082,Water and Land Management,2308,"Management, Monitoring, Policy and Law",23,Environmental Science,3,Physical Sciences,16649
T14240,E-Learning and COVID-19,3304,Education,33,Social Sciences,2,Social Sciences,16641
T13536,Psychological and Temporal Perspectives Research,3205,Experimental and Cognitive Psychology,32,Psychology,2,Social Sciences,16640
T14092,"Ethics, Aesthetics, and Art",1211,Philosophy,12,Arts and Humanities,2,Social Sciences,16630
T13949,Belt and Road Initiative,2002,Economics and Econometrics,20,"Economics, Econometrics and Finance",2,Social Sciences,16593
T13505,Apelin-related biomedical research,2736,Pharmacology,27,Medicine,4,Health Sciences,16570
T13771,Advanced Research in Science and Engineering,2611,Modeling and Simulation,26,Mathematics,3,Physical Sciences,16570
T13183,Islanding Detection in Power Systems,2208,Electrical and Electronic Engineering,22,Engineering,3,Physical Sciences,16561
T14333,Dermatoglyphics and Human Traits,1311,Genetics,13,"Biochemistry, Genetics and Molecular Biology",1,Life Sciences,16537
T13581,New Caledonia Indigenous Studies,3312,Sociology and Political Science,33,Social Sciences,2,Social Sciences,16532
T14419,Banking Systems and Strategies,1402,Accounting,14,"Business, Management and Accounting",2,Social Sciences,16501
T14501,Global Economic and Social Development,2002,Economics and Econometrics,20,"Economics, Econometrics and Finance",2,Social Sciences,16469
T13660,Philosophical and Historical Studies,3312,Sociology and Political Science,33,Social Sciences,2,Social Sciences,16450
T12453,Infectious Aortic and Vascular Conditions,2746,Surgery,27,Medicine,4,Health Sciences,16389
T13777,Cognitive and psychological constructs research,3207,Social Psychology,32,Psychology,2,Social Sciences,16347
T13054,Agricultural and Financial Auditing,1100,General Agricultural and Biological Sciences,11,Agricultural and Biological Sciences,1,Life Sciences,16342
T14074,Persona Design and Applications,1709,Human-Computer Interaction,17,Computer Science,3,Physical Sciences,16301
T13021,Geology and Environmental Impact Studies,3308,Law,33,Social Sciences,2,Social Sciences,16293
T12951,Burkholderia infections and melioidosis,2713,Epidemiology,27,Medicine,4,Health Sciences,16285
T13881,Sociology and Norbert Elias,3312,Sociology and Political Science,33,Social Sciences,2,Social Sciences,16285
T13732,"Aerospace, Electronics, Mathematical Modeling",2309,Nature and Landscape Conservation,23,Environmental Science,3,Physical Sciences,16268
T13679,Tardigrade Biology and Ecology,1105,"Ecology, Evolution, Behavior and Systematics",11,Agricultural and Biological Sciences,1,Life Sciences,16224
T13030,Survey Sampling and Estimation Techniques,2613,Statistics and Probability,26,Mathematics,3,Physical Sciences,16140
T14065,Biological Research and Disease Studies,1312,Molecular Biology,13,"Biochemistry, Genetics and Molecular Biology",1,Life Sciences,16134
T12905,Management Systems and Quality Improvement,1408,Strategy and Management,14,"Business, Management and Accounting",2,Social Sciences,16117
T12479,Web Application Security Vulnerabilities,1710,Information Systems,17,Computer Science,3,Physical Sciences,16064
T12835,FOXO transcription factor regulation,1312,Molecular Biology,13,"Biochemistry, Genetics and Molecular Biology",1,Life Sciences,16036
T12569,Restless Legs Syndrome Research,2713,Epidemiology,27,Medicine,4,Health Sciences,16008
T12476,Intraoperative Neuromonitoring and Anesthetic Effects,2746,Surgery,27,Medicine,4,Health Sciences,15988
T13934,Indigenous Knowledge Systems and Agriculture,1110,Plant Science,11,Agricultural and Biological Sciences,1,Life Sciences,15948
T13670,Ziziphus Jujuba Studies and Applications,1106,Food Science,11,Agricultural and Biological Sciences,1,Life Sciences,15900
T12750,Nigella sativa pharmacological applications,2707,Complementary and alternative medicine,27,Medicine,4,Health Sciences,15896
T13012,Coenzyme Q10 studies and effects,1312,Molecular Biology,13,"Biochemistry, Genetics and Molecular Biology",1,Life Sciences,15892
T13935,Mathematical Control Systems and Analysis,1702,Artificial Intelligence,17,Computer Science,3,Physical Sciences,15866
T13715,Power Line Inspection Robots,2210,Mechanical Engineering,22,Engineering,3,Physical Sciences,15864
T14492,"War, Law, and Justice",3320,Political Science and International Relations,33,Social Sciences,2,Social Sciences,15841
T13391,Innovations in Aquaponics and Hydroponics Systems,1104,Aquatic Science,11,Agricultural and Biological Sciences,1,Life Sciences,15822
T14336,Land Use and Management,3320,Political Science and International Relations,33,Social Sciences,2,Social Sciences,15811
T13486,"Literature, Magical Realism, García Márquez",1208,Literature and Literary Theory,12,Arts and Humanities,2,Social Sciences,15792
T13708,History of Emotions Research,1202,History,12,Arts and Humanities,2,Social Sciences,15761
T12892,Social Power and Status Dynamics,3312,Sociology and Political Science,33,Social Sciences,2,Social Sciences,15754
T14187,Varied Academic Research Topics,1404,Management Information Systems,14,"Business, Management and Accounting",2,Social Sciences,15603
T13452,GDF15 and Related Biomarkers,2745,Rheumatology,27,Medicine,4,Health Sciences,15592
T13719,Phytochemistry and Bioactivity Studies,3004,Pharmacology,30,"Pharmacology, Toxicology and Pharmaceutics",1,Life Sciences,15584
T12734,Information Systems and Technology Applications,1404,Management Information Systems,14,"Business, Management and Accounting",2,Social Sciences,15490
T13963,Organizational Management and Leadership,1405,Management of Technology and Innovation,14,"Business, Management and Accounting",2,Social Sciences,15477
T13786,Diverse Academic Research Studies,3316,Cultural Studies,33,Social Sciences,2,Social Sciences,15475
T14068,Organic and Inorganic Chemical Reactions,1607,Spectroscopy,16,Chemistry,3,Physical Sciences,15471
T13731,Advanced Computing and Algorithms,3322,Urban Studies,33,Social Sciences,2,Social Sciences,15438
T13722,Ergonomics and Human Factors,2204,Biomedical Engineering,22,Engineering,3,Physical Sciences,15400
T12429,Chemotherapy-induced organ toxicity mitigation,2734,Pathology and Forensic Medicine,27,Medicine,4,Health Sciences,15398
T13265,Synthesis of Tetrazole Derivatives,1605,Organic Chemistry,16,Chemistry,3,Physical Sciences,15389
T14308,Psychological and Educational Research Studies,3205,Experimental and Cognitive Psychology,32,Psychology,2,Social Sciences,15388
T14189,Intravenous Infusion Technology and Safety,2204,Biomedical Engineering,22,Engineering,3,Physical Sciences,15376
T13279,Safe Handling of Antineoplastic Drugs,3609,Occupational Therapy,36,Health Professions,4,Health Sciences,15336
T12299,Radiation Shielding Materials Analysis,2505,Materials Chemistry,25,Materials Science,3,Physical Sciences,15242
T14120,Thallium and Germanium Studies,2310,Pollution,23,Environmental Science,3,Physical Sciences,15231
T13793,Environmental and Analytical Chemistry Studies,2312,Water Science and Technology,23,Environmental Science,3,Physical Sciences,15228
T13322,Hibiscus Plant Research Studies,3004,Pharmacology,30,"Pharmacology, Toxicology and Pharmaceutics",1,Life Sciences,15195
T13981,"Violence, Education, and Gender Studies",3304,Education,33,Social Sciences,2,Social Sciences,15179
T13858,Technical Engine Diagnostics and Monitoring,2203,Automotive Engineering,22,Engineering,3,Physical Sciences,15118
T13470,Surface Treatment and Coatings,2210,Mechanical Engineering,22,Engineering,3,Physical Sciences,15088
T14209,Public health and occupational medicine,3320,Political Science and International Relations,33,Social Sciences,2,Social Sciences,15088
T13046,Electrokinetic Soil Remediation Techniques,2208,Electrical and Electronic Engineering,22,Engineering,3,Physical Sciences,15052
T14413,Advanced Technologies in Various Fields,1702,Artificial Intelligence,17,Computer Science,3,Physical Sciences,15033
T14132,Medical Research and Islamic Perspectives,1212,Religious studies,12,Arts and Humanities,2,Social Sciences,14993
T13424,"Ukraine: War, Education, Health",2306,Global and Planetary Change,23,Environmental Science,3,Physical Sciences,14992
T12945,Quality Function Deployment in Product Design,1405,Management of Technology and Innovation,14,"Business, Management and Accounting",2,Social Sciences,14951
T12177,Resource-Constrained Project Scheduling,1803,Management Science and Operations Research,18,Decision Sciences,2,Social Sciences,14940
T12277,Frequency Control in Power Systems,2208,Electrical and Electronic Engineering,22,Engineering,3,Physical Sciences,14892
T13658,Education and Professional Development,3304,Education,33,Social Sciences,2,Social Sciences,14880
T13077,Cancer-related cognitive impairment studies,2740,Pulmonary and Respiratory Medicine,27,Medicine,4,Health Sciences,14879
T13437,Mechanisms of cancer metastasis,1312,Molecular Biology,13,"Biochemistry, Genetics and Molecular Biology",1,Life Sciences,14822
T13757,Graphic Design and Typography,1207,History and Philosophy of Science,12,Arts and Humanities,2,Social Sciences,14799
T13239,Phosphorus compounds and reactions,1605,Organic Chemistry,16,Chemistry,3,Physical Sciences,14780
T14269,Food Security and Socioeconomic Dynamics,1100,General Agricultural and Biological Sciences,11,Agricultural and Biological Sciences,1,Life Sciences,14748
T14450,Employee Welfare and Language Studies,1407,Organizational Behavior and Human Resource Management,14,"Business, Management and Accounting",2,Social Sciences,14688
T13288,"Banking, Crisis Management, COVID-19 Impact",1100,General Agricultural and Biological Sciences,11,Agricultural and Biological Sciences,1,Life Sciences,14621
T13469,"Environmental, Ecological, and Cultural Studies",3312,Sociology and Political Science,33,Social Sciences,2,Social Sciences,14601
T13458,Astronomical and nuclear sciences,3106,Nuclear and High Energy Physics,31,Physics and Astronomy,3,Physical Sciences,14567
T14219,Local Economic Development and Planning,3320,Political Science and International Relations,33,Social Sciences,2,Social Sciences,14489
T13866,Occupational health in dentistry,3607,Medical Laboratory Technology,36,Health Professions,4,Health Sciences,14388
T13097,Male Breast Health Studies,2739,"Public Health, Environmental and Occupational Health",27,Medicine,4,Health Sciences,14286
T12706,Subcritical and Supercritical Water Processes,2204,Biomedical Engineering,22,Engineering,3,Physical Sciences,14230
T13043,Youth Culture and Social Dynamics,3312,Sociology and Political Science,33,Social Sciences,2,Social Sciences,14211
T12845,Methemoglobinemia and Tumor Lysis Syndrome,2740,Pulmonary and Respiratory Medicine,27,Medicine,4,Health Sciences,14107
T13259,American Jewish Fiction Analysis,1208,Literature and Literary Theory,12,Arts and Humanities,2,Social Sciences,14021
T14243,Creative Drama in Education,1213,Visual Arts and Performing Arts,12,Arts and Humanities,2,Social Sciences,13973
T14183,Banking Sector Performance and Management,1402,Accounting,14,"Business, Management and Accounting",2,Social Sciences,13948
T13415,Calcium signaling and nucleotide metabolism,1314,Physiology,13,"Biochemistry, Genetics and Molecular Biology",1,Life Sciences,13941
T13401,Social and Cultural Studies,3312,Sociology and Political Science,33,Social Sciences,2,Social Sciences,13936
T13429,Electricity Theft Detection Techniques,2208,Electrical and Electronic Engineering,22,Engineering,3,Physical Sciences,13893
T14278,Marxism and Critical Theory,1211,Philosophy,12,Arts and Humanities,2,Social Sciences,13888
T14100,Scientific Research and Technology,1706,Computer Science Applications,17,Computer Science,3,Physical Sciences,13835
T13436,Space Technology and Applications,2208,Electrical and Electronic Engineering,22,Engineering,3,Physical Sciences,13832
T13649,Advanced Synthetic Organic Chemistry,1605,Organic Chemistry,16,Chemistry,3,Physical Sciences,13774
T14440,Quality of Life Measurement,3312,Sociology and Political Science,33,Social Sciences,2,Social Sciences,13731
T13223,Connective Tissue Growth Factor Research,1312,Molecular Biology,13,"Biochemistry, Genetics and Molecular Biology",1,Life Sciences,13675
T14015,Otitis Media and Relapsing Polychondritis,2745,Rheumatology,27,Medicine,4,Health Sciences,13662
T13406,Human Resources and Workforce,3311,Safety Research,33,Social Sciences,2,Social Sciences,13636
T14504,Diverse Academic Research Analysis,3312,Sociology and Political Science,33,Social Sciences,2,Social Sciences,13582
T13850,Night-time city culture,3322,Urban Studies,33,Social Sciences,2,Social Sciences,13526
T13350,Myxozoan Parasites in Aquatic Species,1306,Cancer Research,13,"Biochemistry, Genetics and Molecular Biology",1,Life Sciences,13510
T12731,Hidradenitis Suppurativa and Treatments,2708,Dermatology,27,Medicine,4,Health Sciences,13509
T13782,Transactional Analysis in Psychotherapy,3203,Clinical Psychology,32,Psychology,2,Social Sciences,13487
T13471,Cognitive Functions and Memory,3205,Experimental and Cognitive Psychology,32,Psychology,2,Social Sciences,13478
T13637,Calpain Protease Function and Regulation,1307,Cell Biology,13,"Biochemistry, Genetics and Molecular Biology",1,Life Sciences,13478
T13657,Aortic Thrombus and Embolism,2740,Pulmonary and Respiratory Medicine,27,Medicine,4,Health Sciences,13451
T13672,Thomas Hardy Literature Studies,1208,Literature and Literary Theory,12,Arts and Humanities,2,Social Sciences,13446
T14067,Cloud Computing and Remote Desktop Technologies,1708,Hardware and Architecture,17,Computer Science,3,Physical Sciences,13407
T12926,Business Strategies and Management Research,1803,Management Science and Operations Research,18,Decision Sciences,2,Social Sciences,13374
T14315,Feminist Theory and Gender Studies,3318,Gender Studies,33,Social Sciences,2,Social Sciences,13356
T13753,Diverse multidisciplinary academic research,3316,Cultural Studies,33,Social Sciences,2,Social Sciences,13322
T13247,Local Governance and Planning,3305,"Geography, Planning and Development",33,Social Sciences,2,Social Sciences,13272
T12747,Moyamoya disease diagnosis and treatment,2745,Rheumatology,27,Medicine,4,Health Sciences,13268
T13611,"Education, Management, Technology, Human Resources",1802,Information Systems and Management,18,Decision Sciences,2,Social Sciences,13238
T14032,History and International Relations,3320,Political Science and International Relations,33,Social Sciences,2,Social Sciences,13215
T14307,Bioethics and Human Rights Issues,1710,Information Systems,17,Computer Science,3,Physical Sciences,13186
T14414,Artificial Intelligence in Education,1710,Information Systems,17,Computer Science,3,Physical Sciences,13126
T12679,Focus Groups and Qualitative Methods,3312,Sociology and Political Science,33,Social Sciences,2,Social Sciences,13094
T14274,Education and Vocational Training,3304,Education,33,Social Sciences,2,Social Sciences,13094
T13927,Cyberloafing and Workplace Behavior,3317,Demography,33,Social Sciences,2,Social Sciences,13037
T13738,Congenital Ear and Nasal Anomalies,2716,Genetics,27,Medicine,4,Health Sciences,13028
T13202,Pharmacology and Nanomedicine Research,3002,Drug Discovery,30,"Pharmacology, Toxicology and Pharmaceutics",1,Life Sciences,13012
T13644,Control Systems in Engineering,2210,Mechanical Engineering,22,Engineering,3,Physical Sciences,12990
T13868,Afro-Latin American Studies,3316,Cultural Studies,33,Social Sciences,2,Social Sciences,12940
T13998,"History, Medicine, and Leadership",3320,Political Science and International Relations,33,Social Sciences,2,Social Sciences,12920
T13026,Natural Compounds in Disease Treatment,2707,Complementary and alternative medicine,27,Medicine,4,Health Sciences,12845
T13323,Spinal Hematomas and Complications,2746,Surgery,27,Medicine,4,Health Sciences,12835
T13716,Communication Studies and Media,3315,Communication,33,Social Sciences,2,Social Sciences,12812
T13482,Engineering Education and Technology,1710,Information Systems,17,Computer Science,3,Physical Sciences,12807
T14131,Giambattista Vico and Joyce,1207,History and Philosophy of Science,12,Arts and Humanities,2,Social Sciences,12694
T14453,Sustainability and Innovation in Business,1405,Management of Technology and Innovation,14,"Business, Management and Accounting",2,Social Sciences,12693
T12239,Construction Management and Sustainability,2215,Building and Construction,22,Engineering,3,Physical Sciences,12680
T13314,Lymphadenopathy Diagnosis and Analysis,2746,Surgery,27,Medicine,4,Health Sciences,12664
T13273,Knowledge Management in Higher Education,3304,Education,33,Social Sciences,2,Social Sciences,12604
T13543,Oropharyngeal Anatomy and Pathologies,2745,Rheumatology,27,Medicine,4,Health Sciences,12568
T13363,Soft tissue tumors and treatment,2734,Pathology and Forensic Medicine,27,Medicine,4,Health Sciences,12479
T13577,Sephardic Jews and Inquisition Studies,1202,History,12,Arts and Humanities,2,Social Sciences,12470
T13664,Genome Rearrangement Algorithms,1311,Genetics,13,"Biochemistry, Genetics and Molecular Biology",1,Life Sciences,12463
T13794,Financial Reporting and XBRL,1404,Management Information Systems,14,"Business, Management and Accounting",2,Social Sciences,12457
T13011,Latin American rural development,1100,General Agricultural and Biological Sciences,11,Agricultural and Biological Sciences,1,Life Sciences,12353
T13420,Arduino and IoT Applications,2208,Electrical and Electronic Engineering,22,Engineering,3,Physical Sciences,12343
T14123,Decolonial Thought and Epistemologies,3314,Anthropology,33,Social Sciences,2,Social Sciences,12336
T14366,Schopenhauer and Stefan Zweig,1200,General Arts and Humanities,12,Arts and Humanities,2,Social Sciences,12305
T14465,"Leadership, Behavior, and Decision-Making Studies",1803,Management Science and Operations Research,18,Decision Sciences,2,Social Sciences,12287
T13251,Electrical and Thermal Properties of Materials,2208,Electrical and Electronic Engineering,22,Engineering,3,Physical Sciences,12279
T13817,"Tannin, Tannase and Anticancer Activities",2402,Applied Microbiology and Biotechnology,24,Immunology and Microbiology,1,Life Sciences,12272
T13609,"Economic, Social, and Public Health Issues in Russia and Globally",1803,Management Science and Operations Research,18,Decision Sciences,2,Social Sciences,12263
T12791,Full-Duplex Wireless Communications,2208,Electrical and Electronic Engineering,22,Engineering,3,Physical Sciences,12256
T13819,Collaborative and Sustainable Housing Initiatives,3322,Urban Studies,33,Social Sciences,2,Social Sciences,12237
T13687,Extractivism and Socioeconomic Issues,3312,Sociology and Political Science,33,Social Sciences,2,Social Sciences,12233
T12562,Synthesis and Characterization of Pyrroles,1605,Organic Chemistry,16,Chemistry,3,Physical Sciences,12231
T13274,Expert finding and Q&A systems,1710,Information Systems,17,Computer Science,3,Physical Sciences,12209
T12960,Heterotopic Ossification and Related Conditions,2745,Rheumatology,27,Medicine,4,Health Sciences,12200
T14088,Generational Differences and Trends,3319,Life-span and Life-course Studies,33,Social Sciences,2,Social Sciences,12152
T13188,Synthesis and bioactivity of alkaloids,1312,Molecular Biology,13,"Biochemistry, Genetics and Molecular Biology",1,Life Sciences,12129
T13746,Mechanical Systems and Engineering,2105,"Renewable Energy, Sustainability and the Environment",21,Energy,3,Physical Sciences,12081
T14057,Hypertrophic osteoarthropathy and related conditions,2745,Rheumatology,27,Medicine,4,Health Sciences,12008
T14013,Legal Language and Interpretation,3308,Law,33,Social Sciences,2,Social Sciences,12001
T13432,Environmental Sustainability and Technology,2308,"Management, Monitoring, Policy and Law",23,Environmental Science,3,Physical Sciences,11898
T14165,Inflammation biomarkers and pathways,2403,Immunology,24,Immunology and Microbiology,1,Life Sciences,11857
T12911,Water Resources and Sustainability,2312,Water Science and Technology,23,Environmental Science,3,Physical Sciences,11814
T13926,"Feminism, Gender, and Sexuality Studies",3318,Gender Studies,33,Social Sciences,2,Social Sciences,11785
T13282,Automated Road and Building Extraction,2212,Ocean Engineering,22,Engineering,3,Physical Sciences,11768
T13211,"Memory, Trauma, and Testimony",3205,Experimental and Cognitive Psychology,32,Psychology,2,Social Sciences,11744
T14327,Advanced Energy Technologies and Civil Engineering Innovations,2104,Nuclear Energy and Engineering,21,Energy,3,Physical Sciences,11687
T14439,"Feminism, Gender, and Social Issues",3318,Gender Studies,33,Social Sciences,2,Social Sciences,11657
T13502,Community and Sustainable Development,3304,Education,33,Social Sciences,2,Social Sciences,11642
T14476,Mental Health and Well-being,3312,Sociology and Political Science,33,Social Sciences,2,Social Sciences,11604
T13182,Quantum-Dot Cellular Automata,1703,Computational Theory and Mathematics,17,Computer Science,3,Physical Sciences,11585
T12807,Consumer Behavior and Market Dynamics,3312,Sociology and Political Science,33,Social Sciences,2,Social Sciences,11498
T13703,Attention Economy in Education and Business,1408,Strategy and Management,14,"Business, Management and Accounting",2,Social Sciences,11412
T13529,Education Systems and Policies,1405,Management of Technology and Innovation,14,"Business, Management and Accounting",2,Social Sciences,11388
T14259,Legal Rights and Human Rights,3308,Law,33,Social Sciences,2,Social Sciences,11219
T13677,Magnolia and Illicium research,2742,Rehabilitation,27,Medicine,4,Health Sciences,11138
T13237,Socio-economic Development and Sustainability,2002,Economics and Econometrics,20,"Economics, Econometrics and Finance",2,Social Sciences,11096
T14054,Humic Substances and Bio-Organic Studies,1111,Soil Science,11,Agricultural and Biological Sciences,1,Life Sciences,11095
T13585,Technostress in Professional Settings,3207,Social Psychology,32,Psychology,2,Social Sciences,11072
T14318,Polydiacetylene-based materials and applications,1605,Organic Chemistry,16,Chemistry,3,Physical Sciences,10969
T12794,Adaptive Dynamic Programming Control,1703,Computational Theory and Mathematics,17,Computer Science,3,Physical Sciences,10913
T14024,"Education, Philosophy, and Society",1211,Philosophy,12,Arts and Humanities,2,Social Sciences,10905
T14133,Border Security and International Relations,3320,Political Science and International Relations,33,Social Sciences,2,Social Sciences,10848
T13582,"Stalking, Cyberstalking, and Harassment",3312,Sociology and Political Science,33,Social Sciences,2,Social Sciences,10769
T13262,Semiotics and Cultural Interpretation,3203,Clinical Psychology,32,Psychology,2,Social Sciences,10710
T13463,Nanoporous metals and alloys,2505,Materials Chemistry,25,Materials Science,3,Physical Sciences,10691
T14374,Statistical Methods in Epidemiology,2613,Statistics and Probability,26,Mathematics,3,Physical Sciences,10675
T14121,Logistics and Transportation Systems,1404,Management Information Systems,14,"Business, Management and Accounting",2,Social Sciences,10663
T12830,Pectus Deformity Diagnosis and Treatment,2746,Surgery,27,Medicine,4,Health Sciences,10650
T13806,Mathematical and Computational Methods,2611,Modeling and Simulation,26,Mathematics,3,Physical Sciences,10570
T13320,Ukrainian Cultural and Linguistic Studies,3312,Sociology and Political Science,33,Social Sciences,2,Social Sciences,10569
T12653,Cyclization and Aryne Chemistry,1605,Organic Chemistry,16,Chemistry,3,Physical Sciences,10532
T14478,Papaya Research and Applications,2707,Complementary and alternative medicine,27,Medicine,4,Health Sciences,10531
T14361,Corporate Social Responsibility Disclosure,3318,Gender Studies,33,Social Sciences,2,Social Sciences,10517
T14222,Knowledge Management and Technology,1803,Management Science and Operations Research,18,Decision Sciences,2,Social Sciences,10442
T14359,Wetland Management and Conservation,2212,Ocean Engineering,22,Engineering,3,Physical Sciences,10427
T13973,"Catholicism, Bioethics, Media, Education",3311,Safety Research,33,Social Sciences,2,Social Sciences,10392
T12435,Bladed Disk Vibration Dynamics,2205,Civil and Structural Engineering,22,Engineering,3,Physical Sciences,10352
T14058,Value Engineering and Management,1408,Strategy and Management,14,"Business, Management and Accounting",2,Social Sciences,10309
T14382,Electrophoretic Deposition in Materials Science,2208,Electrical and Electronic Engineering,22,Engineering,3,Physical Sciences,10306
T14271,Educational Methods and Psychological Studies,3304,Education,33,Social Sciences,2,Social Sciences,10274
T13451,Mechanical Engineering Research and Applications,2210,Mechanical Engineering,22,Engineering,3,Physical Sciences,10273
T13390,Cultural and Social Dynamics,1110,Plant Science,11,Agricultural and Biological Sciences,1,Life Sciences,10245
T14248,Social impacts of COVID-19,3311,Safety Research,33,Social Sciences,2,Social Sciences,10169
T14317,"Finance, Markets, and Regulation",2003,Finance,20,"Economics, Econometrics and Finance",2,Social Sciences,10168
T13737,Critical and Liberation Pedagogy,3304,Education,33,Social Sciences,2,Social Sciences,10159
T13510,Nostalgia and Consumer Behavior,3207,Social Psychology,32,Psychology,2,Social Sciences,10150
T13992,Cynara cardunculus studies,1110,Plant Science,11,Agricultural and Biological Sciences,1,Life Sciences,10112
T14204,Railway Systems and Materials Science,2211,Mechanics of Materials,22,Engineering,3,Physical Sciences,10106
T12975,Paraoxonase enzyme and polymorphisms,1308,Clinical Biochemistry,13,"Biochemistry, Genetics and Molecular Biology",1,Life Sciences,10105
T12973,Synthesis of Indole Derivatives,1605,Organic Chemistry,16,Chemistry,3,Physical Sciences,10091
T14220,"Workaholism, burnout, and well-being",3207,Social Psychology,32,Psychology,2,Social Sciences,10058
T14154,"finance, banking, and market dynamics",2003,Finance,20,"Economics, Econometrics and Finance",2,Social Sciences,10057
T14175,Intuitionistic Fuzzy Systems Applications,1702,Artificial Intelligence,17,Computer Science,3,Physical Sciences,10037
T13941,Geotechnical and Mining Engineering,2205,Civil and Structural Engineering,22,Engineering,3,Physical Sciences,9966
T14251,Multicultural Education and Local Wisdom,3316,Cultural Studies,33,Social Sciences,2,Social Sciences,9932
T14511,"Medicine, History, and Philosophy",2738,Psychiatry and Mental health,27,Medicine,4,Health Sciences,9928
T13617,"Gender, Violence, Rights in Latin America",3312,Sociology and Political Science,33,Social Sciences,2,Social Sciences,9897
T13281,Andrographolide Research and Applications,2707,Complementary and alternative medicine,27,Medicine,4,Health Sciences,9891
T13381,Heart rate and cardiovascular health,2705,Cardiology and Cardiovascular Medicine,27,Medicine,4,Health Sciences,9817
T13995,Globalization and political ideologies,3320,Political Science and International Relations,33,Social Sciences,2,Social Sciences,9773
T13368,University Challenges and Reforms,3304,Education,33,Social Sciences,2,Social Sciences,9747
T13287,Robotic Process Automation Applications,2209,Industrial and Manufacturing Engineering,22,Engineering,3,Physical Sciences,9720
T14196,Multidisciplinary Warburg-centric Studies,3308,Law,33,Social Sciences,2,Social Sciences,9713
T13550,Diverse Applied Research Studies,3312,Sociology and Political Science,33,Social Sciences,2,Social Sciences,9675
T13816,Advanced Signal Processing Techniques,2208,Electrical and Electronic Engineering,22,Engineering,3,Physical Sciences,9645
T13762,Education and Labor Relations,3320,Political Science and International Relations,33,Social Sciences,2,Social Sciences,9637
T14425,Educational Practices and Sociocultural Research,3304,Education,33,Social Sciences,2,Social Sciences,9630
T12320,Feminist Epistemology and Gender Studies,3312,Sociology and Political Science,33,Social Sciences,2,Social Sciences,9627
T13907,Social Issues and Sustainability,3316,Cultural Studies,33,Social Sciences,2,Social Sciences,9624
T14328,Diverse scientific research topics,1803,Management Science and Operations Research,18,Decision Sciences,2,Social Sciences,9609
T13499,Economic Systems and Logistics Management,2000,"General Economics, Econometrics and Finance",20,"Economics, Econometrics and Finance",2,Social Sciences,9598
T14223,Ayn Rand and Brontë studies,2002,Economics and Econometrics,20,"Economics, Econometrics and Finance",2,Social Sciences,9576
T13933,Whitehead's Philosophy and Applications,2308,"Management, Monitoring, Policy and Law",23,Environmental Science,3,Physical Sciences,9557
T13639,Paraquat toxicity studies and treatments,2746,Surgery,27,Medicine,4,Health Sciences,9476
T13346,Digital Transformation in Financial Services,2000,"General Economics, Econometrics and Finance",20,"Economics, Econometrics and Finance",2,Social Sciences,9451
T12757,Diverse Academia and Research Topics,3205,Experimental and Cognitive Psychology,32,Psychology,2,Social Sciences,9417
T13834,Whipple's Disease and Interleukins,2734,Pathology and Forensic Medicine,27,Medicine,4,Health Sciences,9394
T12958,Digital Economy and Transformation,1408,Strategy and Management,14,"Business, Management and Accounting",2,Social Sciences,9366
T14460,"Literary, Cultural, Historical Analysis",1211,Philosophy,12,Arts and Humanities,2,Social Sciences,9340
T13642,Organizational Downsizing and Restructuring,1407,Organizational Behavior and Human Resource Management,14,"Business, Management and Accounting",2,Social Sciences,9256
T13503,"Gender, Health, and Social Inequality",3312,Sociology and Political Science,33,Social Sciences,2,Social Sciences,9230
T13040,"Gender, Education, and Development Issues",3304,Education,33,Social Sciences,2,Social Sciences,9220
T14363,Optical properties and cooling technologies in crystalline materials,3107,"Atomic and Molecular Physics, and Optics",31,Physics and Astronomy,3,Physical Sciences,9211
T14346,Scientific Innovation and Industrial Efficiency,1800,General Decision Sciences,18,Decision Sciences,2,Social Sciences,9130
T13879,Indigenous Peoples' Rights and Law,3308,Law,33,Social Sciences,2,Social Sciences,9113
T14369,Diverse Interdisciplinary Research Innovations,1803,Management Science and Operations Research,18,Decision Sciences,2,Social Sciences,9105
T14026,Flannery O'Connor and Thomas Merton,1407,Organizational Behavior and Human Resource Management,14,"Business, Management and Accounting",2,Social Sciences,9075
T14073,Diverse Global Research Studies,3312,Sociology and Political Science,33,Social Sciences,2,Social Sciences,8894
T13962,Omental and Epiploic Conditions,2745,Rheumatology,27,Medicine,4,Health Sciences,8889
T13876,Chemical synthesis and pharmacological studies,1605,Organic Chemistry,16,Chemistry,3,Physical Sciences,8888
T13701,Psycholinguistics and Behavioral Studies,3304,Education,33,Social Sciences,2,Social Sciences,8751
T13440,Electromagnetic Effects on Materials,2208,Electrical and Electronic Engineering,22,Engineering,3,Physical Sciences,8688
T13724,Humanities and Social Sciences,3312,Sociology and Political Science,33,Social Sciences,2,Social Sciences,8663
T13635,Philosophy and Education Pedagogy,3306,Health,33,Social Sciences,2,Social Sciences,8540
T13809,"Philosophy, Health, and Society",2736,Pharmacology,27,Medicine,4,Health Sciences,8467
T14431,Diverse Research and Applications,1710,Information Systems,17,Computer Science,3,Physical Sciences,8416
T13507,"Literature, Politics, and Exile Studies",2306,Global and Planetary Change,23,Environmental Science,3,Physical Sciences,8396
T13579,Image and Video Stabilization,1707,Computer Vision and Pattern Recognition,17,Computer Science,3,Physical Sciences,8385
T14407,Athletic Training and Education,3612,"Physical Therapy, Sports Therapy and Rehabilitation",36,Health Professions,4,Health Sciences,8349
T13829,"Health, Work, and Social Studies in Poland",3207,Social Psychology,32,Psychology,2,Social Sciences,8346
T13945,"Legal, Health, Environmental and COVID-19 Challenges",2739,"Public Health, Environmental and Occupational Health",27,Medicine,4,Health Sciences,8323
T13586,"HIV, TB, and STIs Epidemiology",3300,General Social Sciences,33,Social Sciences,2,Social Sciences,8262
T13977,Geography and Environmental Studies in Latin America,3305,"Geography, Planning and Development",33,Social Sciences,2,Social Sciences,8262
T14364,Clusterin in disease pathology,2730,Oncology,27,Medicine,4,Health Sciences,8202
T14354,Emergency Medicine Education and Research,2711,Emergency Medicine,27,Medicine,4,Health Sciences,8160
T13290,Diverse Industrial Engineering Technologies,2209,Industrial and Manufacturing Engineering,22,Engineering,3,Physical Sciences,8152
T13788,Cultural Identity and Representation,1211,Philosophy,12,Arts and Humanities,2,Social Sciences,8124
T14447,Trade Secret Protection Methods,3605,Health Information Management,36,Health Professions,4,Health Sciences,8116
T13997,Scientific Research and Studies,2306,Global and Planetary Change,23,Environmental Science,3,Physical Sciences,8114
T14411,Undergraduate Neuroscience Education and Research,2805,Cognitive Neuroscience,28,Neuroscience,1,Life Sciences,8087
T13257,Advanced Control and Stabilization in Aerospace Systems,2202,Aerospace Engineering,22,Engineering,3,Physical Sciences,8085
T13580,Management and Performance Evaluation,1407,Organizational Behavior and Human Resource Management,14,"Business, Management and Accounting",2,Social Sciences,8041
T13940,Philosophy and Literary Analysis,1211,Philosophy,12,Arts and Humanities,2,Social Sciences,8023
T14455,Technology and Education Systems,1705,Computer Networks and Communications,17,Computer Science,3,Physical Sciences,7952
T14066,Economic Development and Regional Competitiveness,2002,Economics and Econometrics,20,"Economics, Econometrics and Finance",2,Social Sciences,7931
T13324,Scientific and Engineering Research Topics,3506,Periodontics,35,Dentistry,4,Health Sciences,7841
T14108,Medical and Pharmaceutic Studies,3004,Pharmacology,30,"Pharmacology, Toxicology and Pharmaceutics",1,Life Sciences,7809
T13964,Educational Technology and Optimization,1710,Information Systems,17,Computer Science,3,Physical Sciences,7805
T14091,Industrial and Mining Safety,2213,"Safety, Risk, Reliability and Quality",22,Engineering,3,Physical Sciences,7737
T14023,Interdisciplinary Studies and Sociocultural Dynamics,3312,Sociology and Political Science,33,Social Sciences,2,Social Sciences,7712
T13528,Water Resources and Governance,3308,Law,33,Social Sciences,2,Social Sciences,7707
T13598,Political Developments and Conflicts,3320,Political Science and International Relations,33,Social Sciences,2,Social Sciences,7696
T14229,Physical education and sports games research,3207,Social Psychology,32,Psychology,2,Social Sciences,7579
T14299,Complex Systems and Dynamics,3109,Statistical and Nonlinear Physics,31,Physics and Astronomy,3,Physical Sciences,7574
T14283,Diverse Academic Research Areas,3304,Education,33,Social Sciences,2,Social Sciences,7557
T13783,"Feminism, Gender, and Intersectionality",3312,Sociology and Political Science,33,Social Sciences,2,Social Sciences,7525
T13553,Age of Information Optimization,1705,Computer Networks and Communications,17,Computer Science,3,Physical Sciences,7517
T13932,"Education, Technology, and Economics",1710,Information Systems,17,Computer Science,3,Physical Sciences,7501
T14303,Polymer Synthesis and Characterization,2507,Polymers and Plastics,25,Materials Science,3,Physical Sciences,7484
T14418,"Development, Ethics, and Society",3303,Development,33,Social Sciences,2,Social Sciences,7469
T14467,"Public Administration, ICT, and Policy Development",2002,Economics and Econometrics,20,"Economics, Econometrics and Finance",2,Social Sciences,7408
T14205,Education and Art Integration,3304,Education,33,Social Sciences,2,Social Sciences,7406
T14111,Diverse Research Studies Overview,3312,Sociology and Political Science,33,Social Sciences,2,Social Sciences,7368
T14519,Innovations in Education and Learning Technologies,1710,Information Systems,17,Computer Science,3,Physical Sciences,7319
T13698,"Education, Politics, and Culture Studies",3312,Sociology and Political Science,33,Social Sciences,2,Social Sciences,7300
T14284,Social Sciences and Humanities,3320,Political Science and International Relations,33,Social Sciences,2,Social Sciences,7284
T14194,Bioactive Compounds in Plants,1110,Plant Science,11,Agricultural and Biological Sciences,1,Life Sciences,7208
T14261,Herbal Medicine and Trade Cooperation,2002,Economics and Econometrics,20,"Economics, Econometrics and Finance",2,Social Sciences,7061
T14107,Appalachian Studies and Mathematics,3300,General Social Sciences,33,Social Sciences,2,Social Sciences,7056
T14029,Thoreau and American Literature,1710,Information Systems,17,Computer Science,3,Physical Sciences,7052
T13688,Shallot Cultivation and Analysis,1110,Plant Science,11,Agricultural and Biological Sciences,1,Life Sciences,7041
T14083,Extremum Seeking Control Systems,2207,Control and Systems Engineering,22,Engineering,3,Physical Sciences,7026
T14471,"Education, Literature, Philosophy Research",3304,Education,33,Social Sciences,2,Social Sciences,6958
T13954,Aerospace Engineering and Applications,2207,Control and Systems Engineering,22,Engineering,3,Physical Sciences,6957
T14268,Evolving Legal Systems and Governance,3308,Law,33,Social Sciences,2,Social Sciences,6954
T13846,Mangiferin and Mango Extracts,2707,Complementary and alternative medicine,27,Medicine,4,Health Sciences,6930
T14044,Medical and Agricultural Research Studies,3303,Development,33,Social Sciences,2,Social Sciences,6907
T13871,Melamine detection and toxicity,1106,Food Science,11,Agricultural and Biological Sciences,1,Life Sciences,6904
T13675,Diffusion Coefficients in Liquids,1607,Spectroscopy,16,Chemistry,3,Physical Sciences,6900
T14262,Extenics and Innovation Methods,2206,Computational Mechanics,22,Engineering,3,Physical Sciences,6866
T13066,Information Society and Technology Trends,3300,General Social Sciences,33,Social Sciences,2,Social Sciences,6848
T13292,Embedded Systems and FPGA Applications,2208,Electrical and Electronic Engineering,22,Engineering,3,Physical Sciences,6685
T14305,Modern American Literature Studies,1208,Literature and Literary Theory,12,Arts and Humanities,2,Social Sciences,6666
T13020,Heat Transfer and Mathematical Modeling,2210,Mechanical Engineering,22,Engineering,3,Physical Sciences,6607
T13837,Diverse Cultural and Social Studies,1208,Literature and Literary Theory,12,Arts and Humanities,2,Social Sciences,6477
T13351,Critical Theory and Political Philosophy,3304,Education,33,Social Sciences,2,Social Sciences,6460
T13587,Q Methodology Applications,1803,Management Science and Operations Research,18,Decision Sciences,2,Social Sciences,6404
T13804,Physical Activity and Education Research,2312,Water Science and Technology,23,Environmental Science,3,Physical Sciences,6365
T14190,Military history and social perspectives,3316,Cultural Studies,33,Social Sciences,2,Social Sciences,6360
T14486,"Cardiovascular, Neuropeptides, and Oxidative Stress Research",2746,Surgery,27,Medicine,4,Health Sciences,6303
T12787,Human Behavior and Motivation,3202,Applied Psychology,32,Psychology,2,Social Sciences,6170
T13665,Legal and cultural studies analysis,3314,Anthropology,33,Social Sciences,2,Social Sciences,6076
T14075,Psychodrama and Leishmaniasis Studies,3304,Education,33,Social Sciences,2,Social Sciences,6029
T13640,Ranque-Hilsch vortex tube,2210,Mechanical Engineering,22,Engineering,3,Physical Sciences,6003
T13307,Diverse Scientific and Engineering Research,2206,Computational Mechanics,22,Engineering,3,Physical Sciences,5982
T13573,"Government, Law, and Information Management",3308,Law,33,Social Sciences,2,Social Sciences,5850
T13873,Educational Methods and Technology,1710,Information Systems,17,Computer Science,3,Physical Sciences,5847
T14116,Aviation History and Innovations,1207,History and Philosophy of Science,12,Arts and Humanities,2,Social Sciences,5845
T14279,Academic Research and Education Studies,2306,Global and Planetary Change,23,Environmental Science,3,Physical Sciences,5843
T13889,Advanced Materials and Semiconductor Technologies,2505,Materials Chemistry,25,Materials Science,3,Physical Sciences,5794
T14482,Education Practices and Evaluation,3304,Education,33,Social Sciences,2,Social Sciences,5793
T14122,Impact of Education Environments,3304,Education,33,Social Sciences,2,Social Sciences,5772
T14103,Educational Management and Quality,1710,Information Systems,17,Computer Science,3,Physical Sciences,5748
T13961,Socioeconomics of Resources and Conservation,2002,Economics and Econometrics,20,"Economics, Econometrics and Finance",2,Social Sciences,5684
T13663,"Sustainability, Environment, and Optimization Algorithms",2312,Water Science and Technology,23,Environmental Science,3,Physical Sciences,5648
T13662,Qualitative research in health,3304,Education,33,Social Sciences,2,Social Sciences,5633
T13249,Dielectric properties of ceramics,2505,Materials Chemistry,25,Materials Science,3,Physical Sciences,5530
T13345,Advanced Technologies and Applied Computing,1705,Computer Networks and Communications,17,Computer Science,3,Physical Sciences,5447
T13027,Applied Advanced Technologies,2209,Industrial and Manufacturing Engineering,22,Engineering,3,Physical Sciences,5435
T13918,Advanced Data and IoT Technologies,2208,Electrical and Electronic Engineering,22,Engineering,3,Physical Sciences,5430
T13244,Analysis of environmental and stochastic processes,2308,"Management, Monitoring, Policy and Law",23,Environmental Science,3,Physical Sciences,5289
T13758,Energy Law and Policy,1802,Information Systems and Management,18,Decision Sciences,2,Social Sciences,5262
T14383,Global Development and Urbanization,3312,Sociology and Political Science,33,Social Sciences,2,Social Sciences,5219
T13592,Advanced Scientific Techniques and Applications,2308,"Management, Monitoring, Policy and Law",23,Environmental Science,3,Physical Sciences,5172
T13041,Contemporary Social and Economic Issues,3300,General Social Sciences,33,Social Sciences,2,Social Sciences,5030
T13693,Smart Systems and Machine Learning,1705,Computer Networks and Communications,17,Computer Science,3,Physical Sciences,5010
T13515,Cultural and Communication Design Research,1209,Museology,12,Arts and Humanities,2,Social Sciences,4958
T13680,"Education, Psychology, and Complexity Research",2613,Statistics and Probability,26,Mathematics,3,Physical Sciences,4930
T13148,Environmental and Air Quality Management,2305,Environmental Engineering,23,Environmental Science,3,Physical Sciences,4879
T14084,Methodology and Impact of Social Science Research,3312,Sociology and Political Science,33,Social Sciences,2,Social Sciences,4867
T13056,Various Academic Research Studies,3304,Education,33,Social Sciences,2,Social Sciences,4722
T14145,Diverse Cultural Media Analysis,2214,Media Technology,22,Engineering,3,Physical Sciences,4712
T14161,Health and Education Studies,3304,Education,33,Social Sciences,2,Social Sciences,4680
T14443,"COVID-19, Geopolitics, Technology, Migration",3320,Political Science and International Relations,33,Social Sciences,2,Social Sciences,4568
T13969,Flooding and Environmental Impact,3312,Sociology and Political Science,33,Social Sciences,2,Social Sciences,4511
T13567,AI and Multimedia in Education,1702,Artificial Intelligence,17,Computer Science,3,Physical Sciences,4497
T14221,activated carbon and charcoal,1803,Management Science and Operations Research,18,Decision Sciences,2,Social Sciences,4231
T13627,Cultural and Educational Studies,3304,Education,33,Social Sciences,2,Social Sciences,4230
T14155,Advanced Technology in Applications,1710,Information Systems,17,Computer Science,3,Physical Sciences,4208
T12942,Cultural Studies and Postmodernism,3315,Communication,33,Social Sciences,2,Social Sciences,4161
T14211,Diverse academic research themes,1802,Information Systems and Management,18,Decision Sciences,2,Social Sciences,4089
T14077,Socio-political and Technological Issues,3312,Sociology and Political Science,33,Social Sciences,2,Social Sciences,3972
T14422,"Sociology, Governance, and Technology",3312,Sociology and Political Science,33,Social Sciences,2,Social Sciences,3968
T14130,"Healthcare, Law, Governance, and Management Studies",3600,General Health Professions,36,Health Professions,4,Health Sciences,3899
T14202,"Sustainability, Governance, and Employment Studies",3312,Sociology and Political Science,33,Social Sciences,2,Social Sciences,3772
T13647,AI and Big Data Applications,1710,Information Systems,17,Computer Science,3,Physical Sciences,3725
T14218,Engineering Education and Global Impact,3303,Development,33,Social Sciences,2,Social Sciences,3708
T13631,"Global History, Politics, and Ideology",3312,Sociology and Political Science,33,Social Sciences,2,Social Sciences,3640
T13666,Postmodernism in Literature and Education,1208,Literature and Literary Theory,12,Arts and Humanities,2,Social Sciences,3590
T13853,Teacher Education and Assessments,3304,Education,33,Social Sciences,2,Social Sciences,3579
T13300,Contemporary Social and Educational Issues,3312,Sociology and Political Science,33,Social Sciences,2,Social Sciences,3536
T14340,Islamic Social Reporting,3300,General Social Sciences,33,Social Sciences,2,Social Sciences,3431
T13610,"Society, Economy, and Ethics Research",3312,Sociology and Political Science,33,Social Sciences,2,Social Sciences,3322
T13606,Umberto Eco and Semiotics,1203,Language and Linguistics,12,Arts and Humanities,2,Social Sciences,3293
T13349,Educational Research and Analysis,3304,Education,33,Social Sciences,2,Social Sciences,3284
T14000,"Cultural, Social, and Media Studies",3312,Sociology and Political Science,33,Social Sciences,2,Social Sciences,3284
T13741,Cross-Cultural and Social Analysis,3314,Anthropology,33,Social Sciences,2,Social Sciences,3272
T13818,Cultural Studies and Colonialism,1212,Religious studies,12,Arts and Humanities,2,Social Sciences,3181
T13616,"Governance, Compliance, and Sustainability",1408,Strategy and Management,14,"Business, Management and Accounting",2,Social Sciences,3173
T14252,Water and Wastewater Treatment,2206,Computational Mechanics,22,Engineering,3,Physical Sciences,3063
T14174,Artificial Intelligence and Decision Support Systems,1710,Information Systems,17,Computer Science,3,Physical Sciences,3050
T14153,Social Development and Education Research,3304,Education,33,Social Sciences,2,Social Sciences,2983
T13612,Advanced Scientific and Engineering Studies,1803,Management Science and Operations Research,18,Decision Sciences,2,Social Sciences,2975
T14496,Educational Technology and E-Learning,1710,Information Systems,17,Computer Science,3,Physical Sciences,2972
T14168,Occupational Health and Global Justice,3306,Health,33,Social Sciences,2,Social Sciences,2897
T13331,Energy and Environmental Sustainability,2105,"Renewable Energy, Sustainability and the Environment",21,Energy,3,Physical Sciences,2884
T13017,Zygmunt Bauman's Sociology,3312,Sociology and Political Science,33,Social Sciences,2,Social Sciences,2845
T13982,Social Movements and Cultural Identity,3312,Sociology and Political Science,33,Social Sciences,2,Social Sciences,2828
T14263,Professional Masters Programs Analysis,1802,Information Systems and Management,18,Decision Sciences,2,Social Sciences,2824
T14456,Blasting Impact and Analysis,2215,Building and Construction,22,Engineering,3,Physical Sciences,2810
T13311,Sociology and Cultural Identity Studies,3312,Sociology and Political Science,33,Social Sciences,2,Social Sciences,2809
T13514,Experience-Based Knowledge Management,1702,Artificial Intelligence,17,Computer Science,3,Physical Sciences,2793
T13524,Venezuelan Migration and Society,3306,Health,33,Social Sciences,2,Social Sciences,2778
T13387,"Politics, Economics, and Education Policy",2002,Economics and Econometrics,20,"Economics, Econometrics and Finance",2,Social Sciences,2771
T14063,Diverse Philosophical and Cultural Studies,1212,Religious studies,12,Arts and Humanities,2,Social Sciences,2736
T14266,"Interdisciplinary Studies: Technology, Society, and Humanities",1207,History and Philosophy of Science,12,Arts and Humanities,2,Social Sciences,2701
T14069,Scientific Research Methodologies and Applications,2312,Water Science and Technology,23,Environmental Science,3,Physical Sciences,2643
T14098,Energy Efficiency in Computing,1708,Hardware and Architecture,17,Computer Science,3,Physical Sciences,2621
T13755,Global socioeconomic and cultural dynamics,3305,"Geography, Planning and Development",33,Social Sciences,2,Social Sciences,2616
T13968,Contemporary Cultural and Social Studies,3207,Social Psychology,32,Psychology,2,Social Sciences,2607
T13696,Technology's Impact on Media,1802,Information Systems and Management,18,Decision Sciences,2,Social Sciences,2510
T13994,The Impact of Diversity and Innovation on Society,3312,Sociology and Political Science,33,Social Sciences,2,Social Sciences,2477
T13835,"Educational, Social, and Political Issues",3312,Sociology and Political Science,33,Social Sciences,2,Social Sciences,2357
T13975,"Energy, Economy, and Technology Trends",2105,"Renewable Energy, Sustainability and the Environment",21,Energy,3,Physical Sciences,2357
T13774,Citizenship Education and Democracy,3304,Education,33,Social Sciences,2,Social Sciences,2316
T13797,Probabilistic Statistics in Medicine,2613,Statistics and Probability,26,Mathematics,3,Physical Sciences,2283
T14087,"Economic, Educational, Environmental and Organizational Development",3300,General Social Sciences,33,Social Sciences,2,Social Sciences,2252
T14273,"Cultural, Psychoanalytic, and Sociopolitical Reflections",3316,Cultural Studies,33,Social Sciences,2,Social Sciences,2250
T13880,Innovative Education Methods and Tools,1804,"Statistics, Probability and Uncertainty",18,Decision Sciences,2,Social Sciences,1968
T14298,Cultural and Social Studies,3316,Cultural Studies,33,Social Sciences,2,Social Sciences,1850
T13694,Immigration Law and Human Rights,3322,Urban Studies,33,Social Sciences,2,Social Sciences,1424
T14253,Latin American social science,3312,Sociology and Political Science,33,Social Sciences,2,Social Sciences,1341
T14027,21st Century Education and Governance,3303,Development,33,Social Sciences,2,Social Sciences,1237
T13227,Diverse Global Economic and Educational Challenges,2002,Economics and Econometrics,20,"Economics, Econometrics and Finance",2,Social Sciences,1219
T13676,Educational and Technological Research,1710,Information Systems,17,Computer Science,3,Physical Sciences,1217
T14352,Globalization and Economic Impact,3312,Sociology and Political Science,33,Social Sciences,2,Social Sciences,977
