term,coef,se,p_value,y_var,y_label,moderator,moderator_label,model_type,n_obs,formula
Intercept,-0.315311050315937,0.1266992654416477,0.01282265039511768,Log_RCR,Log_RCR_p,reference_field_diversity,参考文献学科数量,OLS,56800,Log_RCR ~ HSS_Continuous * reference_field_diversity + log_team_size + log_prior_knowledge + C(year) + C(arxiv_primary_category)
C(year)[T.2015],0.01781717418257456,0.12847522184851717,0.8897016057659652,Log_RCR,Log_RCR_p,reference_field_diversity,参考文献学科数量,OLS,56800,Log_RCR ~ HSS_Continuous * reference_field_diversity + log_team_size + log_prior_knowledge + C(year) + C(arxiv_primary_category)
C(year)[T.2016],0.05401659552957751,0.11506182500276911,0.6387429122144719,Log_RCR,Log_RCR_p,reference_field_diversity,参考文献学科数量,OLS,56800,Log_RCR ~ HSS_Continuous * reference_field_diversity + log_team_size + log_prior_knowledge + C(year) + C(arxiv_primary_category)
C(year)[T.2017],0.056639106394072485,0.11144952174161483,0.6113102001102855,Log_RCR,Log_RCR_p,reference_field_diversity,参考文献学科数量,OLS,56800,Log_RCR ~ HSS_Continuous * reference_field_diversity + log_team_size + log_prior_knowledge + C(year) + C(arxiv_primary_category)
C(year)[T.2018],0.0406164664946018,0.11093790485059853,0.7142763361598181,Log_RCR,Log_RCR_p,reference_field_diversity,参考文献学科数量,OLS,56800,Log_RCR ~ HSS_Continuous * reference_field_diversity + log_team_size + log_prior_knowledge + C(year) + C(arxiv_primary_category)
C(year)[T.2019],-0.00608084686560183,0.11076235197328971,0.956218176890705,Log_RCR,Log_RCR_p,reference_field_diversity,参考文献学科数量,OLS,56800,Log_RCR ~ HSS_Continuous * reference_field_diversity + log_team_size + log_prior_knowledge + C(year) + C(arxiv_primary_category)
C(year)[T.2020],-0.040037410399337496,0.11062012274643696,0.7173998188208179,Log_RCR,Log_RCR_p,reference_field_diversity,参考文献学科数量,OLS,56800,Log_RCR ~ HSS_Continuous * reference_field_diversity + log_team_size + log_prior_knowledge + C(year) + C(arxiv_primary_category)
C(year)[T.2021],-0.0407675414861041,0.11057132560589321,0.7123520651687212,Log_RCR,Log_RCR_p,reference_field_diversity,参考文献学科数量,OLS,56800,Log_RCR ~ HSS_Continuous * reference_field_diversity + log_team_size + log_prior_knowledge + C(year) + C(arxiv_primary_category)
C(year)[T.2022],0.31441717408383485,0.11159167888695513,0.004838882568606638,Log_RCR,Log_RCR_p,reference_field_diversity,参考文献学科数量,OLS,56800,Log_RCR ~ HSS_Continuous * reference_field_diversity + log_team_size + log_prior_knowledge + C(year) + C(arxiv_primary_category)
C(year)[T.2023],0.29826875690241816,0.1107536466316682,0.007079465417057595,Log_RCR,Log_RCR_p,reference_field_diversity,参考文献学科数量,OLS,56800,Log_RCR ~ HSS_Continuous * reference_field_diversity + log_team_size + log_prior_knowledge + C(year) + C(arxiv_primary_category)
C(year)[T.2024],0.3081073160836253,0.11069167885863217,0.005378031354060975,Log_RCR,Log_RCR_p,reference_field_diversity,参考文献学科数量,OLS,56800,Log_RCR ~ HSS_Continuous * reference_field_diversity + log_team_size + log_prior_knowledge + C(year) + C(arxiv_primary_category)
C(year)[T.2025],0.008131124194477368,0.1108758088802196,0.9415392051779261,Log_RCR,Log_RCR_p,reference_field_diversity,参考文献学科数量,OLS,56800,Log_RCR ~ HSS_Continuous * reference_field_diversity + log_team_size + log_prior_knowledge + C(year) + C(arxiv_primary_category)
C(year)[T.2026],-0.26503533081050706,0.11071909009667803,0.016676492066167815,Log_RCR,Log_RCR_p,reference_field_diversity,参考文献学科数量,OLS,56800,Log_RCR ~ HSS_Continuous * reference_field_diversity + log_team_size + log_prior_knowledge + C(year) + C(arxiv_primary_category)
C(arxiv_primary_category)[T.astro-ph.EP],-0.049234060851134326,0.06101054543590812,0.41968016942980346,Log_RCR,Log_RCR_p,reference_field_diversity,参考文献学科数量,OLS,56800,Log_RCR ~ HSS_Continuous * reference_field_diversity + log_team_size + log_prior_knowledge + C(year) + C(arxiv_primary_category)
C(arxiv_primary_category)[T.astro-ph.GA],0.02544930707197982,0.21584739109827436,0.90614359066488,Log_RCR,Log_RCR_p,reference_field_diversity,参考文献学科数量,OLS,56800,Log_RCR ~ HSS_Continuous * reference_field_diversity + log_team_size + log_prior_knowledge + C(year) + C(arxiv_primary_category)
C(arxiv_primary_category)[T.astro-ph.HE],-0.10974302333527843,0.10111155625922857,0.27775968133646756,Log_RCR,Log_RCR_p,reference_field_diversity,参考文献学科数量,OLS,56800,Log_RCR ~ HSS_Continuous * reference_field_diversity + log_team_size + log_prior_knowledge + C(year) + C(arxiv_primary_category)
C(arxiv_primary_category)[T.astro-ph.IM],-0.045564554663108124,0.08280407171531093,0.582134544495683,Log_RCR,Log_RCR_p,reference_field_diversity,参考文献学科数量,OLS,56800,Log_RCR ~ HSS_Continuous * reference_field_diversity + log_team_size + log_prior_knowledge + C(year) + C(arxiv_primary_category)
C(arxiv_primary_category)[T.astro-ph.SR],0.2861287662689771,0.4721488342564294,0.5445055092248142,Log_RCR,Log_RCR_p,reference_field_diversity,参考文献学科数量,OLS,56800,Log_RCR ~ HSS_Continuous * reference_field_diversity + log_team_size + log_prior_knowledge + C(year) + C(arxiv_primary_category)
C(arxiv_primary_category)[T.cond-mat.dis-nn],0.1587636571481285,0.1763151353591653,0.36787873008826844,Log_RCR,Log_RCR_p,reference_field_diversity,参考文献学科数量,OLS,56800,Log_RCR ~ HSS_Continuous * reference_field_diversity + log_team_size + log_prior_knowledge + C(year) + C(arxiv_primary_category)
C(arxiv_primary_category)[T.cond-mat.mes-hall],-0.18877363774554398,0.061166487937010294,0.002027143207322299,Log_RCR,Log_RCR_p,reference_field_diversity,参考文献学科数量,OLS,56800,Log_RCR ~ HSS_Continuous * reference_field_diversity + log_team_size + log_prior_knowledge + C(year) + C(arxiv_primary_category)
C(arxiv_primary_category)[T.cond-mat.mtrl-sci],0.5127890475725347,0.12756678082659503,5.8255122733856936e-05,Log_RCR,Log_RCR_p,reference_field_diversity,参考文献学科数量,OLS,56800,Log_RCR ~ HSS_Continuous * reference_field_diversity + log_team_size + log_prior_knowledge + C(year) + C(arxiv_primary_category)
C(arxiv_primary_category)[T.cond-mat.other],0.16275083350877634,0.06119219587115435,0.007821805838903401,Log_RCR,Log_RCR_p,reference_field_diversity,参考文献学科数量,OLS,56800,Log_RCR ~ HSS_Continuous * reference_field_diversity + log_team_size + log_prior_knowledge + C(year) + C(arxiv_primary_category)
C(arxiv_primary_category)[T.cond-mat.quant-gas],-0.2662533751921451,0.12707302861174213,0.03614624925819793,Log_RCR,Log_RCR_p,reference_field_diversity,参考文献学科数量,OLS,56800,Log_RCR ~ HSS_Continuous * reference_field_diversity + log_team_size + log_prior_knowledge + C(year) + C(arxiv_primary_category)
C(arxiv_primary_category)[T.cond-mat.soft],-0.03940565140681389,0.08855295528464051,0.6563231302382666,Log_RCR,Log_RCR_p,reference_field_diversity,参考文献学科数量,OLS,56800,Log_RCR ~ HSS_Continuous * reference_field_diversity + log_team_size + log_prior_knowledge + C(year) + C(arxiv_primary_category)
C(arxiv_primary_category)[T.cond-mat.stat-mech],0.025041937819067217,0.107034886204224,0.8150156272268102,Log_RCR,Log_RCR_p,reference_field_diversity,参考文献学科数量,OLS,56800,Log_RCR ~ HSS_Continuous * reference_field_diversity + log_team_size + log_prior_knowledge + C(year) + C(arxiv_primary_category)
C(arxiv_primary_category)[T.cond-mat.str-el],-0.03091079899888847,0.07968803167957947,0.6980917886239846,Log_RCR,Log_RCR_p,reference_field_diversity,参考文献学科数量,OLS,56800,Log_RCR ~ HSS_Continuous * reference_field_diversity + log_team_size + log_prior_knowledge + C(year) + C(arxiv_primary_category)
C(arxiv_primary_category)[T.cond-mat.supr-con],-0.15558676644201175,0.06186381356671353,0.011903633882113235,Log_RCR,Log_RCR_p,reference_field_diversity,参考文献学科数量,OLS,56800,Log_RCR ~ HSS_Continuous * reference_field_diversity + log_team_size + log_prior_knowledge + C(year) + C(arxiv_primary_category)
C(arxiv_primary_category)[T.cs.AI],0.15300930432349344,0.06180915142180823,0.013304524077719313,Log_RCR,Log_RCR_p,reference_field_diversity,参考文献学科数量,OLS,56800,Log_RCR ~ HSS_Continuous * reference_field_diversity + log_team_size + log_prior_knowledge + C(year) + C(arxiv_primary_category)
C(arxiv_primary_category)[T.cs.AR],0.031999211970613194,0.06924907322454019,0.6440177366075472,Log_RCR,Log_RCR_p,reference_field_diversity,参考文献学科数量,OLS,56800,Log_RCR ~ HSS_Continuous * reference_field_diversity + log_team_size + log_prior_knowledge + C(year) + C(arxiv_primary_category)
C(arxiv_primary_category)[T.cs.CC],0.02195051337511623,0.07749409172306987,0.7769821175332225,Log_RCR,Log_RCR_p,reference_field_diversity,参考文献学科数量,OLS,56800,Log_RCR ~ HSS_Continuous * reference_field_diversity + log_team_size + log_prior_knowledge + C(year) + C(arxiv_primary_category)
C(arxiv_primary_category)[T.cs.CE],0.2715451116634276,0.10028221131736749,0.006772891263829123,Log_RCR,Log_RCR_p,reference_field_diversity,参考文献学科数量,OLS,56800,Log_RCR ~ HSS_Continuous * reference_field_diversity + log_team_size + log_prior_knowledge + C(year) + C(arxiv_primary_category)
C(arxiv_primary_category)[T.cs.CG],-0.06369016297388747,0.09108054033756048,0.48438143517720655,Log_RCR,Log_RCR_p,reference_field_diversity,参考文献学科数量,OLS,56800,Log_RCR ~ HSS_Continuous * reference_field_diversity + log_team_size + log_prior_knowledge + C(year) + C(arxiv_primary_category)
C(arxiv_primary_category)[T.cs.CL],0.10949006566756832,0.060687778227430746,0.07120725138459527,Log_RCR,Log_RCR_p,reference_field_diversity,参考文献学科数量,OLS,56800,Log_RCR ~ HSS_Continuous * reference_field_diversity + log_team_size + log_prior_knowledge + C(year) + C(arxiv_primary_category)
C(arxiv_primary_category)[T.cs.CR],0.13474362058000727,0.06231052414740747,0.03058322580861301,Log_RCR,Log_RCR_p,reference_field_diversity,参考文献学科数量,OLS,56800,Log_RCR ~ HSS_Continuous * reference_field_diversity + log_team_size + log_prior_knowledge + C(year) + C(arxiv_primary_category)
C(arxiv_primary_category)[T.cs.CV],0.1290522829164883,0.06067101150787515,0.033413179637261654,Log_RCR,Log_RCR_p,reference_field_diversity,参考文献学科数量,OLS,56800,Log_RCR ~ HSS_Continuous * reference_field_diversity + log_team_size + log_prior_knowledge + C(year) + C(arxiv_primary_category)
C(arxiv_primary_category)[T.cs.CY],0.4551099669509344,0.07045560209961943,1.0502973311900406e-10,Log_RCR,Log_RCR_p,reference_field_diversity,参考文献学科数量,OLS,56800,Log_RCR ~ HSS_Continuous * reference_field_diversity + log_team_size + log_prior_knowledge + C(year) + C(arxiv_primary_category)
C(arxiv_primary_category)[T.cs.DB],0.06744819487682627,0.07620426860967625,0.37610413799839104,Log_RCR,Log_RCR_p,reference_field_diversity,参考文献学科数量,OLS,56800,Log_RCR ~ HSS_Continuous * reference_field_diversity + log_team_size + log_prior_knowledge + C(year) + C(arxiv_primary_category)
C(arxiv_primary_category)[T.cs.DC],-0.015240577448772254,0.06563886708672717,0.8163917589659594,Log_RCR,Log_RCR_p,reference_field_diversity,参考文献学科数量,OLS,56800,Log_RCR ~ HSS_Continuous * reference_field_diversity + log_team_size + log_prior_knowledge + C(year) + C(arxiv_primary_category)
C(arxiv_primary_category)[T.cs.DL],0.2497338683741308,0.10307803382443091,0.015402880571878844,Log_RCR,Log_RCR_p,reference_field_diversity,参考文献学科数量,OLS,56800,Log_RCR ~ HSS_Continuous * reference_field_diversity + log_team_size + log_prior_knowledge + C(year) + C(arxiv_primary_category)
C(arxiv_primary_category)[T.cs.DM],-0.0231012803022818,0.07858445385154929,0.7687826906104621,Log_RCR,Log_RCR_p,reference_field_diversity,参考文献学科数量,OLS,56800,Log_RCR ~ HSS_Continuous * reference_field_diversity + log_team_size + log_prior_knowledge + C(year) + C(arxiv_primary_category)
C(arxiv_primary_category)[T.cs.DS],-0.013695262774928899,0.06886591163834253,0.8423655853979822,Log_RCR,Log_RCR_p,reference_field_diversity,参考文献学科数量,OLS,56800,Log_RCR ~ HSS_Continuous * reference_field_diversity + log_team_size + log_prior_knowledge + C(year) + C(arxiv_primary_category)
C(arxiv_primary_category)[T.cs.ET],0.24057194226588635,0.13030352984629104,0.06485697182866523,Log_RCR,Log_RCR_p,reference_field_diversity,参考文献学科数量,OLS,56800,Log_RCR ~ HSS_Continuous * reference_field_diversity + log_team_size + log_prior_knowledge + C(year) + C(arxiv_primary_category)
C(arxiv_primary_category)[T.cs.FL],0.07857868125351238,0.18350947887951255,0.6685058241542885,Log_RCR,Log_RCR_p,reference_field_diversity,参考文献学科数量,OLS,56800,Log_RCR ~ HSS_Continuous * reference_field_diversity + log_team_size + log_prior_knowledge + C(year) + C(arxiv_primary_category)
C(arxiv_primary_category)[T.cs.GL],1.0229177915427068,0.7483092824571792,0.17163410091355213,Log_RCR,Log_RCR_p,reference_field_diversity,参考文献学科数量,OLS,56800,Log_RCR ~ HSS_Continuous * reference_field_diversity + log_team_size + log_prior_knowledge + C(year) + C(arxiv_primary_category)
C(arxiv_primary_category)[T.cs.GR],0.06316757734097554,0.08396903180165695,0.45188731753442724,Log_RCR,Log_RCR_p,reference_field_diversity,参考文献学科数量,OLS,56800,Log_RCR ~ HSS_Continuous * reference_field_diversity + log_team_size + log_prior_knowledge + C(year) + C(arxiv_primary_category)
C(arxiv_primary_category)[T.cs.GT],-0.11550192234140874,0.0780692916000835,0.13901218635079143,Log_RCR,Log_RCR_p,reference_field_diversity,参考文献学科数量,OLS,56800,Log_RCR ~ HSS_Continuous * reference_field_diversity + log_team_size + log_prior_knowledge + C(year) + C(arxiv_primary_category)
C(arxiv_primary_category)[T.cs.HC],0.21200757605812573,0.06520065593629948,0.0011475044417665241,Log_RCR,Log_RCR_p,reference_field_diversity,参考文献学科数量,OLS,56800,Log_RCR ~ HSS_Continuous * reference_field_diversity + log_team_size + log_prior_knowledge + C(year) + C(arxiv_primary_category)
C(arxiv_primary_category)[T.cs.IR],0.06681656473552941,0.0629724172402294,0.28866947790185526,Log_RCR,Log_RCR_p,reference_field_diversity,参考文献学科数量,OLS,56800,Log_RCR ~ HSS_Continuous * reference_field_diversity + log_team_size + log_prior_knowledge + C(year) + C(arxiv_primary_category)
C(arxiv_primary_category)[T.cs.IT],-0.07847764769792494,0.06075654301686954,0.19647006086229724,Log_RCR,Log_RCR_p,reference_field_diversity,参考文献学科数量,OLS,56800,Log_RCR ~ HSS_Continuous * reference_field_diversity + log_team_size + log_prior_knowledge + C(year) + C(arxiv_primary_category)
C(arxiv_primary_category)[T.cs.LG],0.16201241877196432,0.06080447883673322,0.0077107070499287745,Log_RCR,Log_RCR_p,reference_field_diversity,参考文献学科数量,OLS,56800,Log_RCR ~ HSS_Continuous * reference_field_diversity + log_team_size + log_prior_knowledge + C(year) + C(arxiv_primary_category)
C(arxiv_primary_category)[T.cs.LO],0.041387183896702165,0.07958311941909253,0.6030288783052359,Log_RCR,Log_RCR_p,reference_field_diversity,参考文献学科数量,OLS,56800,Log_RCR ~ HSS_Continuous * reference_field_diversity + log_team_size + log_prior_knowledge + C(year) + C(arxiv_primary_category)
C(arxiv_primary_category)[T.cs.MA],0.16533982074585843,0.08496819076494985,0.05166644422970349,Log_RCR,Log_RCR_p,reference_field_diversity,参考文献学科数量,OLS,56800,Log_RCR ~ HSS_Continuous * reference_field_diversity + log_team_size + log_prior_knowledge + C(year) + C(arxiv_primary_category)
C(arxiv_primary_category)[T.cs.MM],-0.014791039955890838,0.0755946482156233,0.8448743159431895,Log_RCR,Log_RCR_p,reference_field_diversity,参考文献学科数量,OLS,56800,Log_RCR ~ HSS_Continuous * reference_field_diversity + log_team_size + log_prior_knowledge + C(year) + C(arxiv_primary_category)
C(arxiv_primary_category)[T.cs.MS],-0.06561483813481084,0.0741331159178995,0.3761054839593989,Log_RCR,Log_RCR_p,reference_field_diversity,参考文献学科数量,OLS,56800,Log_RCR ~ HSS_Continuous * reference_field_diversity + log_team_size + log_prior_knowledge + C(year) + C(arxiv_primary_category)
C(arxiv_primary_category)[T.cs.NE],0.14679665711313025,0.07189199120316694,0.041160899388919626,Log_RCR,Log_RCR_p,reference_field_diversity,参考文献学科数量,OLS,56800,Log_RCR ~ HSS_Continuous * reference_field_diversity + log_team_size + log_prior_knowledge + C(year) + C(arxiv_primary_category)
C(arxiv_primary_category)[T.cs.NI],-0.023576774082783646,0.06715488592232002,0.725527921474356,Log_RCR,Log_RCR_p,reference_field_diversity,参考文献学科数量,OLS,56800,Log_RCR ~ HSS_Continuous * reference_field_diversity + log_team_size + log_prior_knowledge + C(year) + C(arxiv_primary_category)
C(arxiv_primary_category)[T.cs.OH],0.10398349139757779,0.31103281439841884,0.738140523724504,Log_RCR,Log_RCR_p,reference_field_diversity,参考文献学科数量,OLS,56800,Log_RCR ~ HSS_Continuous * reference_field_diversity + log_team_size + log_prior_knowledge + C(year) + C(arxiv_primary_category)
C(arxiv_primary_category)[T.cs.OS],0.24930887683311267,0.20263930178814607,0.21858156296726994,Log_RCR,Log_RCR_p,reference_field_diversity,参考文献学科数量,OLS,56800,Log_RCR ~ HSS_Continuous * reference_field_diversity + log_team_size + log_prior_knowledge + C(year) + C(arxiv_primary_category)
C(arxiv_primary_category)[T.cs.PF],-0.046490884887090994,0.09944168985683836,0.6401285622033048,Log_RCR,Log_RCR_p,reference_field_diversity,参考文献学科数量,OLS,56800,Log_RCR ~ HSS_Continuous * reference_field_diversity + log_team_size + log_prior_knowledge + C(year) + C(arxiv_primary_category)
C(arxiv_primary_category)[T.cs.PL],0.005513365437790528,0.07795195369061837,0.9436144435596319,Log_RCR,Log_RCR_p,reference_field_diversity,参考文献学科数量,OLS,56800,Log_RCR ~ HSS_Continuous * reference_field_diversity + log_team_size + log_prior_knowledge + C(year) + C(arxiv_primary_category)
C(arxiv_primary_category)[T.cs.RO],0.0798453689519541,0.06423566545237595,0.2138653277253707,Log_RCR,Log_RCR_p,reference_field_diversity,参考文献学科数量,OLS,56800,Log_RCR ~ HSS_Continuous * reference_field_diversity + log_team_size + log_prior_knowledge + C(year) + C(arxiv_primary_category)
C(arxiv_primary_category)[T.cs.SC],-0.14273120513304016,0.12504478869410873,0.25368659587071785,Log_RCR,Log_RCR_p,reference_field_diversity,参考文献学科数量,OLS,56800,Log_RCR ~ HSS_Continuous * reference_field_diversity + log_team_size + log_prior_knowledge + C(year) + C(arxiv_primary_category)
C(arxiv_primary_category)[T.cs.SD],0.024514257951494013,0.06335588723448939,0.6988084456800758,Log_RCR,Log_RCR_p,reference_field_diversity,参考文献学科数量,OLS,56800,Log_RCR ~ HSS_Continuous * reference_field_diversity + log_team_size + log_prior_knowledge + C(year) + C(arxiv_primary_category)
C(arxiv_primary_category)[T.cs.SE],0.12751304786407638,0.0626301161102842,0.04175335120277555,Log_RCR,Log_RCR_p,reference_field_diversity,参考文献学科数量,OLS,56800,Log_RCR ~ HSS_Continuous * reference_field_diversity + log_team_size + log_prior_knowledge + C(year) + C(arxiv_primary_category)
C(arxiv_primary_category)[T.cs.SI],0.011602738645471147,0.07150492704764072,0.8710972671921504,Log_RCR,Log_RCR_p,reference_field_diversity,参考文献学科数量,OLS,56800,Log_RCR ~ HSS_Continuous * reference_field_diversity + log_team_size + log_prior_knowledge + C(year) + C(arxiv_primary_category)
C(arxiv_primary_category)[T.econ.EM],0.01954184022620676,0.1131148978108051,0.8628393118214868,Log_RCR,Log_RCR_p,reference_field_diversity,参考文献学科数量,OLS,56800,Log_RCR ~ HSS_Continuous * reference_field_diversity + log_team_size + log_prior_knowledge + C(year) + C(arxiv_primary_category)
C(arxiv_primary_category)[T.econ.GN],0.3262811418429856,0.127326714856642,0.010390646368259232,Log_RCR,Log_RCR_p,reference_field_diversity,参考文献学科数量,OLS,56800,Log_RCR ~ HSS_Continuous * reference_field_diversity + log_team_size + log_prior_knowledge + C(year) + C(arxiv_primary_category)
C(arxiv_primary_category)[T.econ.TH],-0.17882823955433477,0.1131427512909278,0.1139800275577441,Log_RCR,Log_RCR_p,reference_field_diversity,参考文献学科数量,OLS,56800,Log_RCR ~ HSS_Continuous * reference_field_diversity + log_team_size + log_prior_knowledge + C(year) + C(arxiv_primary_category)
C(arxiv_primary_category)[T.eess.AS],-0.0031774644187245542,0.06270804422385627,0.9595878748164692,Log_RCR,Log_RCR_p,reference_field_diversity,参考文献学科数量,OLS,56800,Log_RCR ~ HSS_Continuous * reference_field_diversity + log_team_size + log_prior_knowledge + C(year) + C(arxiv_primary_category)
C(arxiv_primary_category)[T.eess.IV],0.06326893201537238,0.062427419264750185,0.3108310121647089,Log_RCR,Log_RCR_p,reference_field_diversity,参考文献学科数量,OLS,56800,Log_RCR ~ HSS_Continuous * reference_field_diversity + log_team_size + log_prior_knowledge + C(year) + C(arxiv_primary_category)
C(arxiv_primary_category)[T.eess.SP],-0.017965876261561854,0.0627915761072524,0.7747868175099277,Log_RCR,Log_RCR_p,reference_field_diversity,参考文献学科数量,OLS,56800,Log_RCR ~ HSS_Continuous * reference_field_diversity + log_team_size + log_prior_knowledge + C(year) + C(arxiv_primary_category)
C(arxiv_primary_category)[T.eess.SY],-0.0073820449813093575,0.0675580455487408,0.9129886065999747,Log_RCR,Log_RCR_p,reference_field_diversity,参考文献学科数量,OLS,56800,Log_RCR ~ HSS_Continuous * reference_field_diversity + log_team_size + log_prior_knowledge + C(year) + C(arxiv_primary_category)
C(arxiv_primary_category)[T.gr-qc],-0.1792925742216806,0.09527610129161099,0.0598603149529451,Log_RCR,Log_RCR_p,reference_field_diversity,参考文献学科数量,OLS,56800,Log_RCR ~ HSS_Continuous * reference_field_diversity + log_team_size + log_prior_knowledge + C(year) + C(arxiv_primary_category)
C(arxiv_primary_category)[T.hep-ex],0.12602959569184916,0.1339236830361865,0.34667650564885955,Log_RCR,Log_RCR_p,reference_field_diversity,参考文献学科数量,OLS,56800,Log_RCR ~ HSS_Continuous * reference_field_diversity + log_team_size + log_prior_knowledge + C(year) + C(arxiv_primary_category)
C(arxiv_primary_category)[T.hep-lat],-0.08930357261629981,0.10805573408711922,0.4085440885011511,Log_RCR,Log_RCR_p,reference_field_diversity,参考文献学科数量,OLS,56800,Log_RCR ~ HSS_Continuous * reference_field_diversity + log_team_size + log_prior_knowledge + C(year) + C(arxiv_primary_category)
C(arxiv_primary_category)[T.hep-ph],0.10256318575461834,0.10064482956591504,0.30817417247115453,Log_RCR,Log_RCR_p,reference_field_diversity,参考文献学科数量,OLS,56800,Log_RCR ~ HSS_Continuous * reference_field_diversity + log_team_size + log_prior_knowledge + C(year) + C(arxiv_primary_category)
C(arxiv_primary_category)[T.hep-th],0.4160542657939582,0.23135123792709958,0.07211898222798012,Log_RCR,Log_RCR_p,reference_field_diversity,参考文献学科数量,OLS,56800,Log_RCR ~ HSS_Continuous * reference_field_diversity + log_team_size + log_prior_knowledge + C(year) + C(arxiv_primary_category)
C(arxiv_primary_category)[T.math-ph],0.13060243685601866,0.09616976437054714,0.1744508269358762,Log_RCR,Log_RCR_p,reference_field_diversity,参考文献学科数量,OLS,56800,Log_RCR ~ HSS_Continuous * reference_field_diversity + log_team_size + log_prior_knowledge + C(year) + C(arxiv_primary_category)
C(arxiv_primary_category)[T.math.AG],0.09930055606528193,0.06283734058536149,0.11404289098935798,Log_RCR,Log_RCR_p,reference_field_diversity,参考文献学科数量,OLS,56800,Log_RCR ~ HSS_Continuous * reference_field_diversity + log_team_size + log_prior_knowledge + C(year) + C(arxiv_primary_category)
C(arxiv_primary_category)[T.math.AP],-0.09844280958358123,0.06580917027318547,0.13468418462183904,Log_RCR,Log_RCR_p,reference_field_diversity,参考文献学科数量,OLS,56800,Log_RCR ~ HSS_Continuous * reference_field_diversity + log_team_size + log_prior_knowledge + C(year) + C(arxiv_primary_category)
C(arxiv_primary_category)[T.math.CO],0.01884676788135632,0.0646321090283375,0.7705919443475344,Log_RCR,Log_RCR_p,reference_field_diversity,参考文献学科数量,OLS,56800,Log_RCR ~ HSS_Continuous * reference_field_diversity + log_team_size + log_prior_knowledge + C(year) + C(arxiv_primary_category)
C(arxiv_primary_category)[T.math.CT],0.06916914695401342,0.08546728179095114,0.41833940484390764,Log_RCR,Log_RCR_p,reference_field_diversity,参考文献学科数量,OLS,56800,Log_RCR ~ HSS_Continuous * reference_field_diversity + log_team_size + log_prior_knowledge + C(year) + C(arxiv_primary_category)
C(arxiv_primary_category)[T.math.DG],-0.3740449068168572,0.06075601696479352,7.436640197933544e-10,Log_RCR,Log_RCR_p,reference_field_diversity,参考文献学科数量,OLS,56800,Log_RCR ~ HSS_Continuous * reference_field_diversity + log_team_size + log_prior_knowledge + C(year) + C(arxiv_primary_category)
C(arxiv_primary_category)[T.math.DS],0.06865669184863749,0.09182783409941944,0.4546607082214613,Log_RCR,Log_RCR_p,reference_field_diversity,参考文献学科数量,OLS,56800,Log_RCR ~ HSS_Continuous * reference_field_diversity + log_team_size + log_prior_knowledge + C(year) + C(arxiv_primary_category)
C(arxiv_primary_category)[T.math.FA],0.08731832668200615,0.0609129706315351,0.15171695259906104,Log_RCR,Log_RCR_p,reference_field_diversity,参考文献学科数量,OLS,56800,Log_RCR ~ HSS_Continuous * reference_field_diversity + log_team_size + log_prior_knowledge + C(year) + C(arxiv_primary_category)
C(arxiv_primary_category)[T.math.GM],-0.035042536920836996,0.07448786966047692,0.6380362468855367,Log_RCR,Log_RCR_p,reference_field_diversity,参考文献学科数量,OLS,56800,Log_RCR ~ HSS_Continuous * reference_field_diversity + log_team_size + log_prior_knowledge + C(year) + C(arxiv_primary_category)
C(arxiv_primary_category)[T.math.GR],0.05500884823311668,0.06272705379853175,0.38051069297065854,Log_RCR,Log_RCR_p,reference_field_diversity,参考文献学科数量,OLS,56800,Log_RCR ~ HSS_Continuous * reference_field_diversity + log_team_size + log_prior_knowledge + C(year) + C(arxiv_primary_category)
C(arxiv_primary_category)[T.math.GT],-0.013304460132862645,0.06073715782949206,0.8266112823245422,Log_RCR,Log_RCR_p,reference_field_diversity,参考文献学科数量,OLS,56800,Log_RCR ~ HSS_Continuous * reference_field_diversity + log_team_size + log_prior_knowledge + C(year) + C(arxiv_primary_category)
C(arxiv_primary_category)[T.math.HO],0.28268740226396044,0.17912152606051873,0.11452247841896945,Log_RCR,Log_RCR_p,reference_field_diversity,参考文献学科数量,OLS,56800,Log_RCR ~ HSS_Continuous * reference_field_diversity + log_team_size + log_prior_knowledge + C(year) + C(arxiv_primary_category)
C(arxiv_primary_category)[T.math.LO],0.07633255160890376,0.06251159744068945,0.22205034007798197,Log_RCR,Log_RCR_p,reference_field_diversity,参考文献学科数量,OLS,56800,Log_RCR ~ HSS_Continuous * reference_field_diversity + log_team_size + log_prior_knowledge + C(year) + C(arxiv_primary_category)
C(arxiv_primary_category)[T.math.NA],0.01658361866967693,0.08498800690168037,0.8452920166552053,Log_RCR,Log_RCR_p,reference_field_diversity,参考文献学科数量,OLS,56800,Log_RCR ~ HSS_Continuous * reference_field_diversity + log_team_size + log_prior_knowledge + C(year) + C(arxiv_primary_category)
C(arxiv_primary_category)[T.math.NT],-0.07720394394877654,0.07936805858485486,0.33068593053072615,Log_RCR,Log_RCR_p,reference_field_diversity,参考文献学科数量,OLS,56800,Log_RCR ~ HSS_Continuous * reference_field_diversity + log_team_size + log_prior_knowledge + C(year) + C(arxiv_primary_category)
C(arxiv_primary_category)[T.math.OC],0.05181097990190006,0.06958297313519941,0.4565179296644577,Log_RCR,Log_RCR_p,reference_field_diversity,参考文献学科数量,OLS,56800,Log_RCR ~ HSS_Continuous * reference_field_diversity + log_team_size + log_prior_knowledge + C(year) + C(arxiv_primary_category)
C(arxiv_primary_category)[T.math.PR],0.021697133081349743,0.06530550003177488,0.7397076516979956,Log_RCR,Log_RCR_p,reference_field_diversity,参考文献学科数量,OLS,56800,Log_RCR ~ HSS_Continuous * reference_field_diversity + log_team_size + log_prior_knowledge + C(year) + C(arxiv_primary_category)
C(arxiv_primary_category)[T.math.ST],0.11793016361091536,0.13338240975285803,0.37661481613537307,Log_RCR,Log_RCR_p,reference_field_diversity,参考文献学科数量,OLS,56800,Log_RCR ~ HSS_Continuous * reference_field_diversity + log_team_size + log_prior_knowledge + C(year) + C(arxiv_primary_category)
C(arxiv_primary_category)[T.nlin.AO],-0.1434862013215302,0.07301723551003164,0.04940261419313702,Log_RCR,Log_RCR_p,reference_field_diversity,参考文献学科数量,OLS,56800,Log_RCR ~ HSS_Continuous * reference_field_diversity + log_team_size + log_prior_knowledge + C(year) + C(arxiv_primary_category)
C(arxiv_primary_category)[T.nlin.CD],-0.204307194350927,0.06095233395338196,0.0008025393271778117,Log_RCR,Log_RCR_p,reference_field_diversity,参考文献学科数量,OLS,56800,Log_RCR ~ HSS_Continuous * reference_field_diversity + log_team_size + log_prior_knowledge + C(year) + C(arxiv_primary_category)
C(arxiv_primary_category)[T.nlin.PS],-0.06693201103797528,0.09122897667078433,0.4631495678721924,Log_RCR,Log_RCR_p,reference_field_diversity,参考文献学科数量,OLS,56800,Log_RCR ~ HSS_Continuous * reference_field_diversity + log_team_size + log_prior_knowledge + C(year) + C(arxiv_primary_category)
C(arxiv_primary_category)[T.nucl-ex],-0.44036829079001694,0.06179670762490421,1.0326760728016627e-12,Log_RCR,Log_RCR_p,reference_field_diversity,参考文献学科数量,OLS,56800,Log_RCR ~ HSS_Continuous * reference_field_diversity + log_team_size + log_prior_knowledge + C(year) + C(arxiv_primary_category)
C(arxiv_primary_category)[T.nucl-th],-0.04825444598070198,0.06150803343810353,0.4327334912403673,Log_RCR,Log_RCR_p,reference_field_diversity,参考文献学科数量,OLS,56800,Log_RCR ~ HSS_Continuous * reference_field_diversity + log_team_size + log_prior_knowledge + C(year) + C(arxiv_primary_category)
C(arxiv_primary_category)[T.physics.acc-ph],0.020604214541343632,0.07042935981646731,0.7698649932938251,Log_RCR,Log_RCR_p,reference_field_diversity,参考文献学科数量,OLS,56800,Log_RCR ~ HSS_Continuous * reference_field_diversity + log_team_size + log_prior_knowledge + C(year) + C(arxiv_primary_category)
C(arxiv_primary_category)[T.physics.ao-ph],0.3466237330192268,0.14233459495734543,0.014880518479455136,Log_RCR,Log_RCR_p,reference_field_diversity,参考文献学科数量,OLS,56800,Log_RCR ~ HSS_Continuous * reference_field_diversity + log_team_size + log_prior_knowledge + C(year) + C(arxiv_primary_category)
C(arxiv_primary_category)[T.physics.app-ph],-0.011280485199914567,0.07744600246362722,0.8841928530989268,Log_RCR,Log_RCR_p,reference_field_diversity,参考文献学科数量,OLS,56800,Log_RCR ~ HSS_Continuous * reference_field_diversity + log_team_size + log_prior_knowledge + C(year) + C(arxiv_primary_category)
C(arxiv_primary_category)[T.physics.atom-ph],0.04982119644088528,0.17708812926700407,0.7784530018358209,Log_RCR,Log_RCR_p,reference_field_diversity,参考文献学科数量,OLS,56800,Log_RCR ~ HSS_Continuous * reference_field_diversity + log_team_size + log_prior_knowledge + C(year) + C(arxiv_primary_category)
C(arxiv_primary_category)[T.physics.bio-ph],-0.11443879825787821,0.07259735976978955,0.11494532261878233,Log_RCR,Log_RCR_p,reference_field_diversity,参考文献学科数量,OLS,56800,Log_RCR ~ HSS_Continuous * reference_field_diversity + log_team_size + log_prior_knowledge + C(year) + C(arxiv_primary_category)
C(arxiv_primary_category)[T.physics.chem-ph],0.5321135116098604,0.18212153725101782,0.003480713573526212,Log_RCR,Log_RCR_p,reference_field_diversity,参考文献学科数量,OLS,56800,Log_RCR ~ HSS_Continuous * reference_field_diversity + log_team_size + log_prior_knowledge + C(year) + C(arxiv_primary_category)
C(arxiv_primary_category)[T.physics.comp-ph],0.1393677612770529,0.1154902267690401,0.22752867008256183,Log_RCR,Log_RCR_p,reference_field_diversity,参考文献学科数量,OLS,56800,Log_RCR ~ HSS_Continuous * reference_field_diversity + log_team_size + log_prior_knowledge + C(year) + C(arxiv_primary_category)
C(arxiv_primary_category)[T.physics.data-an],0.02667075032152784,0.1329671797561192,0.8410258604885886,Log_RCR,Log_RCR_p,reference_field_diversity,参考文献学科数量,OLS,56800,Log_RCR ~ HSS_Continuous * reference_field_diversity + log_team_size + log_prior_knowledge + C(year) + C(arxiv_primary_category)
C(arxiv_primary_category)[T.physics.ed-ph],0.1963039474501676,0.1148571191794286,0.0874297750275797,Log_RCR,Log_RCR_p,reference_field_diversity,参考文献学科数量,OLS,56800,Log_RCR ~ HSS_Continuous * reference_field_diversity + log_team_size + log_prior_knowledge + C(year) + C(arxiv_primary_category)
C(arxiv_primary_category)[T.physics.flu-dyn],0.07957489720294574,0.13857952072541818,0.5658200852932682,Log_RCR,Log_RCR_p,reference_field_diversity,参考文献学科数量,OLS,56800,Log_RCR ~ HSS_Continuous * reference_field_diversity + log_team_size + log_prior_knowledge + C(year) + C(arxiv_primary_category)
C(arxiv_primary_category)[T.physics.geo-ph],0.25548870898306497,0.14679242903971568,0.081775459640039,Log_RCR,Log_RCR_p,reference_field_diversity,参考文献学科数量,OLS,56800,Log_RCR ~ HSS_Continuous * reference_field_diversity + log_team_size + log_prior_knowledge + C(year) + C(arxiv_primary_category)
C(arxiv_primary_category)[T.physics.ins-det],0.0117051442447993,0.10178600299235854,0.9084470384644309,Log_RCR,Log_RCR_p,reference_field_diversity,参考文献学科数量,OLS,56800,Log_RCR ~ HSS_Continuous * reference_field_diversity + log_team_size + log_prior_knowledge + C(year) + C(arxiv_primary_category)
C(arxiv_primary_category)[T.physics.med-ph],-0.1335515577011591,0.07209256708805832,0.06395390399134626,Log_RCR,Log_RCR_p,reference_field_diversity,参考文献学科数量,OLS,56800,Log_RCR ~ HSS_Continuous * reference_field_diversity + log_team_size + log_prior_knowledge + C(year) + C(arxiv_primary_category)
C(arxiv_primary_category)[T.physics.optics],-0.12029080626359281,0.07456946911700467,0.10671464041976973,Log_RCR,Log_RCR_p,reference_field_diversity,参考文献学科数量,OLS,56800,Log_RCR ~ HSS_Continuous * reference_field_diversity + log_team_size + log_prior_knowledge + C(year) + C(arxiv_primary_category)
C(arxiv_primary_category)[T.physics.plasm-ph],-0.016413266108489172,0.07760389734491437,0.8324967117485644,Log_RCR,Log_RCR_p,reference_field_diversity,参考文献学科数量,OLS,56800,Log_RCR ~ HSS_Continuous * reference_field_diversity + log_team_size + log_prior_knowledge + C(year) + C(arxiv_primary_category)
C(arxiv_primary_category)[T.physics.pop-ph],0.22839316352955535,0.06187864136438743,0.00022338693711710492,Log_RCR,Log_RCR_p,reference_field_diversity,参考文献学科数量,OLS,56800,Log_RCR ~ HSS_Continuous * reference_field_diversity + log_team_size + log_prior_knowledge + C(year) + C(arxiv_primary_category)
C(arxiv_primary_category)[T.physics.soc-ph],-0.045047270282943246,0.09757513085299051,0.6443197546908985,Log_RCR,Log_RCR_p,reference_field_diversity,参考文献学科数量,OLS,56800,Log_RCR ~ HSS_Continuous * reference_field_diversity + log_team_size + log_prior_knowledge + C(year) + C(arxiv_primary_category)
C(arxiv_primary_category)[T.physics.space-ph],0.14768680691769026,0.22064659083070795,0.5032808770593313,Log_RCR,Log_RCR_p,reference_field_diversity,参考文献学科数量,OLS,56800,Log_RCR ~ HSS_Continuous * reference_field_diversity + log_team_size + log_prior_knowledge + C(year) + C(arxiv_primary_category)
C(arxiv_primary_category)[T.q-bio.BM],0.4414875166838622,0.10857884690311893,4.78157439314052e-05,Log_RCR,Log_RCR_p,reference_field_diversity,参考文献学科数量,OLS,56800,Log_RCR ~ HSS_Continuous * reference_field_diversity + log_team_size + log_prior_knowledge + C(year) + C(arxiv_primary_category)
C(arxiv_primary_category)[T.q-bio.GN],0.23333828107114246,0.12564596354711197,0.06329561252840367,Log_RCR,Log_RCR_p,reference_field_diversity,参考文献学科数量,OLS,56800,Log_RCR ~ HSS_Continuous * reference_field_diversity + log_team_size + log_prior_knowledge + C(year) + C(arxiv_primary_category)
C(arxiv_primary_category)[T.q-bio.MN],0.012497871364029326,0.14169948829968823,0.9297178491515462,Log_RCR,Log_RCR_p,reference_field_diversity,参考文献学科数量,OLS,56800,Log_RCR ~ HSS_Continuous * reference_field_diversity + log_team_size + log_prior_knowledge + C(year) + C(arxiv_primary_category)
C(arxiv_primary_category)[T.q-bio.NC],-0.08919226002762705,0.06984007593051247,0.2015694768684997,Log_RCR,Log_RCR_p,reference_field_diversity,参考文献学科数量,OLS,56800,Log_RCR ~ HSS_Continuous * reference_field_diversity + log_team_size + log_prior_knowledge + C(year) + C(arxiv_primary_category)
C(arxiv_primary_category)[T.q-bio.OT],0.1247723790105589,0.16375662771566538,0.44609707590679293,Log_RCR,Log_RCR_p,reference_field_diversity,参考文献学科数量,OLS,56800,Log_RCR ~ HSS_Continuous * reference_field_diversity + log_team_size + log_prior_knowledge + C(year) + C(arxiv_primary_category)
C(arxiv_primary_category)[T.q-bio.PE],0.03719667853997894,0.175050969580024,0.8317243417309405,Log_RCR,Log_RCR_p,reference_field_diversity,参考文献学科数量,OLS,56800,Log_RCR ~ HSS_Continuous * reference_field_diversity + log_team_size + log_prior_knowledge + C(year) + C(arxiv_primary_category)
C(arxiv_primary_category)[T.q-bio.QM],0.29095373180004824,0.09253109072178882,0.0016643411193195718,Log_RCR,Log_RCR_p,reference_field_diversity,参考文献学科数量,OLS,56800,Log_RCR ~ HSS_Continuous * reference_field_diversity + log_team_size + log_prior_knowledge + C(year) + C(arxiv_primary_category)
C(arxiv_primary_category)[T.q-bio.TO],0.21604210276323146,0.12941640766409854,0.09504677754444725,Log_RCR,Log_RCR_p,reference_field_diversity,参考文献学科数量,OLS,56800,Log_RCR ~ HSS_Continuous * reference_field_diversity + log_team_size + log_prior_knowledge + C(year) + C(arxiv_primary_category)
C(arxiv_primary_category)[T.q-fin.CP],0.15322907285097137,0.1120253209442702,0.17137234318568273,Log_RCR,Log_RCR_p,reference_field_diversity,参考文献学科数量,OLS,56800,Log_RCR ~ HSS_Continuous * reference_field_diversity + log_team_size + log_prior_knowledge + C(year) + C(arxiv_primary_category)
C(arxiv_primary_category)[T.q-fin.GN],0.3741595350227033,0.26275688071489656,0.15445337220723568,Log_RCR,Log_RCR_p,reference_field_diversity,参考文献学科数量,OLS,56800,Log_RCR ~ HSS_Continuous * reference_field_diversity + log_team_size + log_prior_knowledge + C(year) + C(arxiv_primary_category)
C(arxiv_primary_category)[T.q-fin.MF],-0.056221385490927374,0.09062396598715984,0.5350069867583105,Log_RCR,Log_RCR_p,reference_field_diversity,参考文献学科数量,OLS,56800,Log_RCR ~ HSS_Continuous * reference_field_diversity + log_team_size + log_prior_knowledge + C(year) + C(arxiv_primary_category)
C(arxiv_primary_category)[T.q-fin.PM],-0.04577415578961702,0.08888254048233346,0.606555791809505,Log_RCR,Log_RCR_p,reference_field_diversity,参考文献学科数量,OLS,56800,Log_RCR ~ HSS_Continuous * reference_field_diversity + log_team_size + log_prior_knowledge + C(year) + C(arxiv_primary_category)
C(arxiv_primary_category)[T.q-fin.PR],0.6657462596531315,0.06573084904766585,4.1349091135757595e-24,Log_RCR,Log_RCR_p,reference_field_diversity,参考文献学科数量,OLS,56800,Log_RCR ~ HSS_Continuous * reference_field_diversity + log_team_size + log_prior_knowledge + C(year) + C(arxiv_primary_category)
C(arxiv_primary_category)[T.q-fin.RM],0.30353934903256097,0.1648668535883089,0.06560425306616283,Log_RCR,Log_RCR_p,reference_field_diversity,参考文献学科数量,OLS,56800,Log_RCR ~ HSS_Continuous * reference_field_diversity + log_team_size + log_prior_knowledge + C(year) + C(arxiv_primary_category)
C(arxiv_primary_category)[T.q-fin.ST],0.07370013646195517,0.09066835751682016,0.4163017747322689,Log_RCR,Log_RCR_p,reference_field_diversity,参考文献学科数量,OLS,56800,Log_RCR ~ HSS_Continuous * reference_field_diversity + log_team_size + log_prior_knowledge + C(year) + C(arxiv_primary_category)
C(arxiv_primary_category)[T.q-fin.TR],0.4740270641995938,0.3132776425833398,0.13024885787992133,Log_RCR,Log_RCR_p,reference_field_diversity,参考文献学科数量,OLS,56800,Log_RCR ~ HSS_Continuous * reference_field_diversity + log_team_size + log_prior_knowledge + C(year) + C(arxiv_primary_category)
C(arxiv_primary_category)[T.quant-ph],0.14264975987653214,0.07149443753175788,0.04601488316371237,Log_RCR,Log_RCR_p,reference_field_diversity,参考文献学科数量,OLS,56800,Log_RCR ~ HSS_Continuous * reference_field_diversity + log_team_size + log_prior_knowledge + C(year) + C(arxiv_primary_category)
C(arxiv_primary_category)[T.stat.AP],0.22455701433918146,0.13617202267772419,0.09913357024991298,Log_RCR,Log_RCR_p,reference_field_diversity,参考文献学科数量,OLS,56800,Log_RCR ~ HSS_Continuous * reference_field_diversity + log_team_size + log_prior_knowledge + C(year) + C(arxiv_primary_category)
C(arxiv_primary_category)[T.stat.CO],0.22438222819805476,0.2561179951286645,0.3809815037592952,Log_RCR,Log_RCR_p,reference_field_diversity,参考文献学科数量,OLS,56800,Log_RCR ~ HSS_Continuous * reference_field_diversity + log_team_size + log_prior_knowledge + C(year) + C(arxiv_primary_category)
C(arxiv_primary_category)[T.stat.ME],-0.008687534652487885,0.08084549370095563,0.9144252549988915,Log_RCR,Log_RCR_p,reference_field_diversity,参考文献学科数量,OLS,56800,Log_RCR ~ HSS_Continuous * reference_field_diversity + log_team_size + log_prior_knowledge + C(year) + C(arxiv_primary_category)
C(arxiv_primary_category)[T.stat.ML],0.22116807048865975,0.06559076717087223,0.0007464095906324764,Log_RCR,Log_RCR_p,reference_field_diversity,参考文献学科数量,OLS,56800,Log_RCR ~ HSS_Continuous * reference_field_diversity + log_team_size + log_prior_knowledge + C(year) + C(arxiv_primary_category)
C(arxiv_primary_category)[T.stat.OT],-0.10532735175631051,0.07060515960588536,0.13575687785061463,Log_RCR,Log_RCR_p,reference_field_diversity,参考文献学科数量,OLS,56800,Log_RCR ~ HSS_Continuous * reference_field_diversity + log_team_size + log_prior_knowledge + C(year) + C(arxiv_primary_category)
HSS_Continuous,0.02233678344770388,0.0027089851857728,1.6454919193499919e-16,Log_RCR,Log_RCR_p,reference_field_diversity,参考文献学科数量,OLS,56800,Log_RCR ~ HSS_Continuous * reference_field_diversity + log_team_size + log_prior_knowledge + C(year) + C(arxiv_primary_category)
reference_field_diversity,0.03823548236009154,0.0026080931852622237,1.1572517496257133e-48,Log_RCR,Log_RCR_p,reference_field_diversity,参考文献学科数量,OLS,56800,Log_RCR ~ HSS_Continuous * reference_field_diversity + log_team_size + log_prior_knowledge + C(year) + C(arxiv_primary_category)
HSS_Continuous:reference_field_diversity,-0.008034420853733454,0.00126241847638079,1.961712851902461e-10,Log_RCR,Log_RCR_p,reference_field_diversity,参考文献学科数量,OLS,56800,Log_RCR ~ HSS_Continuous * reference_field_diversity + log_team_size + log_prior_knowledge + C(year) + C(arxiv_primary_category)
log_team_size,0.17133327872762588,0.01123667970051745,1.7059147860260625e-52,Log_RCR,Log_RCR_p,reference_field_diversity,参考文献学科数量,OLS,56800,Log_RCR ~ HSS_Continuous * reference_field_diversity + log_team_size + log_prior_knowledge + C(year) + C(arxiv_primary_category)
log_prior_knowledge,0.04958332840848583,0.003217207238591799,1.3611504269981815e-53,Log_RCR,Log_RCR_p,reference_field_diversity,参考文献学科数量,OLS,56800,Log_RCR ~ HSS_Continuous * reference_field_diversity + log_team_size + log_prior_knowledge + C(year) + C(arxiv_primary_category)
Intercept,-0.061325811197889206,0.13930200577400081,0.6597659110033365,Log_RCR,Log_RCR_p,reference_entropy,参考文献学科熵,OLS,15845,Log_RCR ~ HSS_Continuous * reference_entropy + log_team_size + log_prior_knowledge + C(year) + C(arxiv_primary_category)
C(year)[T.2015],-0.023024380656210378,0.12748071940456232,0.8566731647033805,Log_RCR,Log_RCR_p,reference_entropy,参考文献学科熵,OLS,15845,Log_RCR ~ HSS_Continuous * reference_entropy + log_team_size + log_prior_knowledge + C(year) + C(arxiv_primary_category)
C(year)[T.2016],0.021065507607537698,0.11410231739144948,0.8535275256718147,Log_RCR,Log_RCR_p,reference_entropy,参考文献学科熵,OLS,15845,Log_RCR ~ HSS_Continuous * reference_entropy + log_team_size + log_prior_knowledge + C(year) + C(arxiv_primary_category)
C(year)[T.2017],0.07070054182999172,0.1107173223744948,0.5231039881710148,Log_RCR,Log_RCR_p,reference_entropy,参考文献学科熵,OLS,15845,Log_RCR ~ HSS_Continuous * reference_entropy + log_team_size + log_prior_knowledge + C(year) + C(arxiv_primary_category)
C(year)[T.2018],0.0515514795079103,0.11007590260266854,0.6395510080790983,Log_RCR,Log_RCR_p,reference_entropy,参考文献学科熵,OLS,15845,Log_RCR ~ HSS_Continuous * reference_entropy + log_team_size + log_prior_knowledge + C(year) + C(arxiv_primary_category)
C(year)[T.2019],0.004819245393699659,0.10984967556036206,0.9650070119790637,Log_RCR,Log_RCR_p,reference_entropy,参考文献学科熵,OLS,15845,Log_RCR ~ HSS_Continuous * reference_entropy + log_team_size + log_prior_knowledge + C(year) + C(arxiv_primary_category)
C(year)[T.2020],-0.008364178083437182,0.10967727273141989,0.9392108756368303,Log_RCR,Log_RCR_p,reference_entropy,参考文献学科熵,OLS,15845,Log_RCR ~ HSS_Continuous * reference_entropy + log_team_size + log_prior_knowledge + C(year) + C(arxiv_primary_category)
C(year)[T.2021],-0.003982341905858984,0.10963371760700098,0.97102396425808,Log_RCR,Log_RCR_p,reference_entropy,参考文献学科熵,OLS,15845,Log_RCR ~ HSS_Continuous * reference_entropy + log_team_size + log_prior_knowledge + C(year) + C(arxiv_primary_category)
C(year)[T.2022],0.19386056171842103,0.13658529622616516,0.15580079608921776,Log_RCR,Log_RCR_p,reference_entropy,参考文献学科熵,OLS,15845,Log_RCR ~ HSS_Continuous * reference_entropy + log_team_size + log_prior_knowledge + C(year) + C(arxiv_primary_category)
C(year)[T.2023],0.21147686537304267,0.11621003614064145,0.06879229727549155,Log_RCR,Log_RCR_p,reference_entropy,参考文献学科熵,OLS,15845,Log_RCR ~ HSS_Continuous * reference_entropy + log_team_size + log_prior_knowledge + C(year) + C(arxiv_primary_category)
C(year)[T.2024],0.8279682880245085,0.2804461700310244,0.003153906068342975,Log_RCR,Log_RCR_p,reference_entropy,参考文献学科熵,OLS,15845,Log_RCR ~ HSS_Continuous * reference_entropy + log_team_size + log_prior_knowledge + C(year) + C(arxiv_primary_category)
C(year)[T.2025],0.27118651558228984,0.24431708014136896,0.2670086274024115,Log_RCR,Log_RCR_p,reference_entropy,参考文献学科熵,OLS,15845,Log_RCR ~ HSS_Continuous * reference_entropy + log_team_size + log_prior_knowledge + C(year) + C(arxiv_primary_category)
C(arxiv_primary_category)[T.astro-ph.GA],-0.2874712701824012,0.09325415545904206,0.0020515633848524413,Log_RCR,Log_RCR_p,reference_entropy,参考文献学科熵,OLS,15845,Log_RCR ~ HSS_Continuous * reference_entropy + log_team_size + log_prior_knowledge + C(year) + C(arxiv_primary_category)
C(arxiv_primary_category)[T.astro-ph.HE],-0.3651030675330578,0.08278892910261977,1.0334819104818692e-05,Log_RCR,Log_RCR_p,reference_entropy,参考文献学科熵,OLS,15845,Log_RCR ~ HSS_Continuous * reference_entropy + log_team_size + log_prior_knowledge + C(year) + C(arxiv_primary_category)
C(arxiv_primary_category)[T.astro-ph.IM],-0.011314359533145945,0.15383676194527238,0.9413701867621942,Log_RCR,Log_RCR_p,reference_entropy,参考文献学科熵,OLS,15845,Log_RCR ~ HSS_Continuous * reference_entropy + log_team_size + log_prior_knowledge + C(year) + C(arxiv_primary_category)
C(arxiv_primary_category)[T.astro-ph.SR],-0.31554721785067275,0.08847664798453726,0.0003618548544783723,Log_RCR,Log_RCR_p,reference_entropy,参考文献学科熵,OLS,15845,Log_RCR ~ HSS_Continuous * reference_entropy + log_team_size + log_prior_knowledge + C(year) + C(arxiv_primary_category)
C(arxiv_primary_category)[T.cond-mat.dis-nn],0.11589333427017125,0.28118910756976495,0.6802262411561502,Log_RCR,Log_RCR_p,reference_entropy,参考文献学科熵,OLS,15845,Log_RCR ~ HSS_Continuous * reference_entropy + log_team_size + log_prior_knowledge + C(year) + C(arxiv_primary_category)
C(arxiv_primary_category)[T.cond-mat.mes-hall],-0.20962129270075958,0.08332719178664266,0.011881617020281232,Log_RCR,Log_RCR_p,reference_entropy,参考文献学科熵,OLS,15845,Log_RCR ~ HSS_Continuous * reference_entropy + log_team_size + log_prior_knowledge + C(year) + C(arxiv_primary_category)
C(arxiv_primary_category)[T.cond-mat.mtrl-sci],-0.22673200221191042,0.10152631100307277,0.02553352210929873,Log_RCR,Log_RCR_p,reference_entropy,参考文献学科熵,OLS,15845,Log_RCR ~ HSS_Continuous * reference_entropy + log_team_size + log_prior_knowledge + C(year) + C(arxiv_primary_category)
C(arxiv_primary_category)[T.cond-mat.other],0.009218815099305036,0.08365828987714147,0.9122538758329581,Log_RCR,Log_RCR_p,reference_entropy,参考文献学科熵,OLS,15845,Log_RCR ~ HSS_Continuous * reference_entropy + log_team_size + log_prior_knowledge + C(year) + C(arxiv_primary_category)
C(arxiv_primary_category)[T.cond-mat.soft],-0.297156150729813,0.11537213968070759,0.010005713421516713,Log_RCR,Log_RCR_p,reference_entropy,参考文献学科熵,OLS,15845,Log_RCR ~ HSS_Continuous * reference_entropy + log_team_size + log_prior_knowledge + C(year) + C(arxiv_primary_category)
C(arxiv_primary_category)[T.cond-mat.stat-mech],-0.14956429074561606,0.09109159948231482,0.10060846910361483,Log_RCR,Log_RCR_p,reference_entropy,参考文献学科熵,OLS,15845,Log_RCR ~ HSS_Continuous * reference_entropy + log_team_size + log_prior_knowledge + C(year) + C(arxiv_primary_category)
C(arxiv_primary_category)[T.cond-mat.str-el],0.1081975267804885,0.08234589745268857,0.188866566898111,Log_RCR,Log_RCR_p,reference_entropy,参考文献学科熵,OLS,15845,Log_RCR ~ HSS_Continuous * reference_entropy + log_team_size + log_prior_knowledge + C(year) + C(arxiv_primary_category)
C(arxiv_primary_category)[T.cs.AI],-0.06929015470959292,0.08767078991109366,0.42932641801725024,Log_RCR,Log_RCR_p,reference_entropy,参考文献学科熵,OLS,15845,Log_RCR ~ HSS_Continuous * reference_entropy + log_team_size + log_prior_knowledge + C(year) + C(arxiv_primary_category)
C(arxiv_primary_category)[T.cs.AR],-0.21064189570291145,0.09962410948069358,0.03448396286504791,Log_RCR,Log_RCR_p,reference_entropy,参考文献学科熵,OLS,15845,Log_RCR ~ HSS_Continuous * reference_entropy + log_team_size + log_prior_knowledge + C(year) + C(arxiv_primary_category)
C(arxiv_primary_category)[T.cs.CC],-0.18557600104987187,0.10702005274200027,0.08291272886627389,Log_RCR,Log_RCR_p,reference_entropy,参考文献学科熵,OLS,15845,Log_RCR ~ HSS_Continuous * reference_entropy + log_team_size + log_prior_knowledge + C(year) + C(arxiv_primary_category)
C(arxiv_primary_category)[T.cs.CE],-0.08219192557118926,0.10520081238851724,0.43463428188176845,Log_RCR,Log_RCR_p,reference_entropy,参考文献学科熵,OLS,15845,Log_RCR ~ HSS_Continuous * reference_entropy + log_team_size + log_prior_knowledge + C(year) + C(arxiv_primary_category)
C(arxiv_primary_category)[T.cs.CG],-0.1462104543953538,0.10304774480950751,0.1559394647223065,Log_RCR,Log_RCR_p,reference_entropy,参考文献学科熵,OLS,15845,Log_RCR ~ HSS_Continuous * reference_entropy + log_team_size + log_prior_knowledge + C(year) + C(arxiv_primary_category)
C(arxiv_primary_category)[T.cs.CL],-0.05952205349321483,0.08315315066764525,0.47410721589004534,Log_RCR,Log_RCR_p,reference_entropy,参考文献学科熵,OLS,15845,Log_RCR ~ HSS_Continuous * reference_entropy + log_team_size + log_prior_knowledge + C(year) + C(arxiv_primary_category)
C(arxiv_primary_category)[T.cs.CR],-0.05448607258787812,0.0882915148635991,0.5371584691690776,Log_RCR,Log_RCR_p,reference_entropy,参考文献学科熵,OLS,15845,Log_RCR ~ HSS_Continuous * reference_entropy + log_team_size + log_prior_knowledge + C(year) + C(arxiv_primary_category)
C(arxiv_primary_category)[T.cs.CV],0.006063967363052474,0.0830708604479197,0.9418080855779635,Log_RCR,Log_RCR_p,reference_entropy,参考文献学科熵,OLS,15845,Log_RCR ~ HSS_Continuous * reference_entropy + log_team_size + log_prior_knowledge + C(year) + C(arxiv_primary_category)
C(arxiv_primary_category)[T.cs.CY],0.17079855045251185,0.1364294845448995,0.21059968360481762,Log_RCR,Log_RCR_p,reference_entropy,参考文献学科熵,OLS,15845,Log_RCR ~ HSS_Continuous * reference_entropy + log_team_size + log_prior_knowledge + C(year) + C(arxiv_primary_category)
C(arxiv_primary_category)[T.cs.DB],-0.15781148675714615,0.09188107547077888,0.08587645108169123,Log_RCR,Log_RCR_p,reference_entropy,参考文献学科熵,OLS,15845,Log_RCR ~ HSS_Continuous * reference_entropy + log_team_size + log_prior_knowledge + C(year) + C(arxiv_primary_category)
C(arxiv_primary_category)[T.cs.DC],-0.09785336993250611,0.1079671639839908,0.3647637096947155,Log_RCR,Log_RCR_p,reference_entropy,参考文献学科熵,OLS,15845,Log_RCR ~ HSS_Continuous * reference_entropy + log_team_size + log_prior_knowledge + C(year) + C(arxiv_primary_category)
C(arxiv_primary_category)[T.cs.DL],-0.32376567731021194,0.0919642943108471,0.0004306390008100169,Log_RCR,Log_RCR_p,reference_entropy,参考文献学科熵,OLS,15845,Log_RCR ~ HSS_Continuous * reference_entropy + log_team_size + log_prior_knowledge + C(year) + C(arxiv_primary_category)
C(arxiv_primary_category)[T.cs.DM],-0.20779294624914174,0.08367577006216455,0.013016744951601841,Log_RCR,Log_RCR_p,reference_entropy,参考文献学科熵,OLS,15845,Log_RCR ~ HSS_Continuous * reference_entropy + log_team_size + log_prior_knowledge + C(year) + C(arxiv_primary_category)
C(arxiv_primary_category)[T.cs.DS],-0.1583523766419976,0.09512109382952036,0.09596361731666439,Log_RCR,Log_RCR_p,reference_entropy,参考文献学科熵,OLS,15845,Log_RCR ~ HSS_Continuous * reference_entropy + log_team_size + log_prior_knowledge + C(year) + C(arxiv_primary_category)
C(arxiv_primary_category)[T.cs.ET],-0.15842927200880288,0.12310534965623134,0.1981149942855841,Log_RCR,Log_RCR_p,reference_entropy,参考文献学科熵,OLS,15845,Log_RCR ~ HSS_Continuous * reference_entropy + log_team_size + log_prior_knowledge + C(year) + C(arxiv_primary_category)
C(arxiv_primary_category)[T.cs.FL],-0.11251742337114579,0.08794692079850581,0.20076370612360694,Log_RCR,Log_RCR_p,reference_entropy,参考文献学科熵,OLS,15845,Log_RCR ~ HSS_Continuous * reference_entropy + log_team_size + log_prior_knowledge + C(year) + C(arxiv_primary_category)
C(arxiv_primary_category)[T.cs.GR],-0.05044617275362094,0.09629134797153485,0.6003543392329727,Log_RCR,Log_RCR_p,reference_entropy,参考文献学科熵,OLS,15845,Log_RCR ~ HSS_Continuous * reference_entropy + log_team_size + log_prior_knowledge + C(year) + C(arxiv_primary_category)
C(arxiv_primary_category)[T.cs.GT],-0.10297452901687199,0.19263259338970004,0.5929510979466086,Log_RCR,Log_RCR_p,reference_entropy,参考文献学科熵,OLS,15845,Log_RCR ~ HSS_Continuous * reference_entropy + log_team_size + log_prior_knowledge + C(year) + C(arxiv_primary_category)
C(arxiv_primary_category)[T.cs.HC],-0.1963004386414436,0.09485307946088356,0.03849722398655515,Log_RCR,Log_RCR_p,reference_entropy,参考文献学科熵,OLS,15845,Log_RCR ~ HSS_Continuous * reference_entropy + log_team_size + log_prior_knowledge + C(year) + C(arxiv_primary_category)
C(arxiv_primary_category)[T.cs.IR],-0.07626967955586188,0.08894897346021377,0.3911938623105684,Log_RCR,Log_RCR_p,reference_entropy,参考文献学科熵,OLS,15845,Log_RCR ~ HSS_Continuous * reference_entropy + log_team_size + log_prior_knowledge + C(year) + C(arxiv_primary_category)
C(arxiv_primary_category)[T.cs.IT],-0.2565801030440853,0.0828807829331112,0.0019630047315976717,Log_RCR,Log_RCR_p,reference_entropy,参考文献学科熵,OLS,15845,Log_RCR ~ HSS_Continuous * reference_entropy + log_team_size + log_prior_knowledge + C(year) + C(arxiv_primary_category)
C(arxiv_primary_category)[T.cs.LG],0.09699643153065873,0.08346779134943365,0.245202091949549,Log_RCR,Log_RCR_p,reference_entropy,参考文献学科熵,OLS,15845,Log_RCR ~ HSS_Continuous * reference_entropy + log_team_size + log_prior_knowledge + C(year) + C(arxiv_primary_category)
C(arxiv_primary_category)[T.cs.LO],-0.14143749139920628,0.08832400771060421,0.10929981731073936,Log_RCR,Log_RCR_p,reference_entropy,参考文献学科熵,OLS,15845,Log_RCR ~ HSS_Continuous * reference_entropy + log_team_size + log_prior_knowledge + C(year) + C(arxiv_primary_category)
C(arxiv_primary_category)[T.cs.MA],-0.06619647607387133,0.1917044595607669,0.7298652149235487,Log_RCR,Log_RCR_p,reference_entropy,参考文献学科熵,OLS,15845,Log_RCR ~ HSS_Continuous * reference_entropy + log_team_size + log_prior_knowledge + C(year) + C(arxiv_primary_category)
C(arxiv_primary_category)[T.cs.MM],-0.19016414747565955,0.09199832004410549,0.038730446422872204,Log_RCR,Log_RCR_p,reference_entropy,参考文献学科熵,OLS,15845,Log_RCR ~ HSS_Continuous * reference_entropy + log_team_size + log_prior_knowledge + C(year) + C(arxiv_primary_category)
C(arxiv_primary_category)[T.cs.MS],-0.23262306681571499,0.10542123598265395,0.027341640558032957,Log_RCR,Log_RCR_p,reference_entropy,参考文献学科熵,OLS,15845,Log_RCR ~ HSS_Continuous * reference_entropy + log_team_size + log_prior_knowledge + C(year) + C(arxiv_primary_category)
C(arxiv_primary_category)[T.cs.NE],-0.030939649922564948,0.09904973155978143,0.7547632959043924,Log_RCR,Log_RCR_p,reference_entropy,参考文献学科熵,OLS,15845,Log_RCR ~ HSS_Continuous * reference_entropy + log_team_size + log_prior_knowledge + C(year) + C(arxiv_primary_category)
C(arxiv_primary_category)[T.cs.NI],-0.25139666631742696,0.08802683460390737,0.004291375414268639,Log_RCR,Log_RCR_p,reference_entropy,参考文献学科熵,OLS,15845,Log_RCR ~ HSS_Continuous * reference_entropy + log_team_size + log_prior_knowledge + C(year) + C(arxiv_primary_category)
C(arxiv_primary_category)[T.cs.OH],0.7974404872327431,0.7311935523365852,0.2754484484987798,Log_RCR,Log_RCR_p,reference_entropy,参考文献学科熵,OLS,15845,Log_RCR ~ HSS_Continuous * reference_entropy + log_team_size + log_prior_knowledge + C(year) + C(arxiv_primary_category)
C(arxiv_primary_category)[T.cs.PF],-0.43389043798753407,0.08417833108914494,2.5441771405668084e-07,Log_RCR,Log_RCR_p,reference_entropy,参考文献学科熵,OLS,15845,Log_RCR ~ HSS_Continuous * reference_entropy + log_team_size + log_prior_knowledge + C(year) + C(arxiv_primary_category)
C(arxiv_primary_category)[T.cs.PL],-0.23656267462419608,0.11228694486107028,0.03513759233736859,Log_RCR,Log_RCR_p,reference_entropy,参考文献学科熵,OLS,15845,Log_RCR ~ HSS_Continuous * reference_entropy + log_team_size + log_prior_knowledge + C(year) + C(arxiv_primary_category)
C(arxiv_primary_category)[T.cs.RO],-0.15544066342197485,0.08650877610962188,0.0723642656798862,Log_RCR,Log_RCR_p,reference_entropy,参考文献学科熵,OLS,15845,Log_RCR ~ HSS_Continuous * reference_entropy + log_team_size + log_prior_knowledge + C(year) + C(arxiv_primary_category)
C(arxiv_primary_category)[T.cs.SC],-0.028902796950588477,0.08430907768733473,0.7317342453367757,Log_RCR,Log_RCR_p,reference_entropy,参考文献学科熵,OLS,15845,Log_RCR ~ HSS_Continuous * reference_entropy + log_team_size + log_prior_knowledge + C(year) + C(arxiv_primary_category)
C(arxiv_primary_category)[T.cs.SD],-0.09878608412560987,0.08674998211736687,0.25480964442030685,Log_RCR,Log_RCR_p,reference_entropy,参考文献学科熵,OLS,15845,Log_RCR ~ HSS_Continuous * reference_entropy + log_team_size + log_prior_knowledge + C(year) + C(arxiv_primary_category)
C(arxiv_primary_category)[T.cs.SE],-0.08356453114324758,0.09867684561295481,0.39707848374626464,Log_RCR,Log_RCR_p,reference_entropy,参考文献学科熵,OLS,15845,Log_RCR ~ HSS_Continuous * reference_entropy + log_team_size + log_prior_knowledge + C(year) + C(arxiv_primary_category)
C(arxiv_primary_category)[T.cs.SI],-0.20693208325624482,0.08712161144524153,0.017538990008402557,Log_RCR,Log_RCR_p,reference_entropy,参考文献学科熵,OLS,15845,Log_RCR ~ HSS_Continuous * reference_entropy + log_team_size + log_prior_knowledge + C(year) + C(arxiv_primary_category)
C(arxiv_primary_category)[T.econ.EM],-0.18306910048788308,0.16056246032407223,0.2542139265493465,Log_RCR,Log_RCR_p,reference_entropy,参考文献学科熵,OLS,15845,Log_RCR ~ HSS_Continuous * reference_entropy + log_team_size + log_prior_knowledge + C(year) + C(arxiv_primary_category)
C(arxiv_primary_category)[T.econ.GN],0.05969382508437255,0.09208786709141842,0.5168382587133178,Log_RCR,Log_RCR_p,reference_entropy,参考文献学科熵,OLS,15845,Log_RCR ~ HSS_Continuous * reference_entropy + log_team_size + log_prior_knowledge + C(year) + C(arxiv_primary_category)
C(arxiv_primary_category)[T.eess.AS],-0.1670378142573189,0.08468111913185003,0.048546756464651605,Log_RCR,Log_RCR_p,reference_entropy,参考文献学科熵,OLS,15845,Log_RCR ~ HSS_Continuous * reference_entropy + log_team_size + log_prior_knowledge + C(year) + C(arxiv_primary_category)
C(arxiv_primary_category)[T.eess.IV],-0.11945633573867004,0.08415085070507869,0.15573874579336297,Log_RCR,Log_RCR_p,reference_entropy,参考文献学科熵,OLS,15845,Log_RCR ~ HSS_Continuous * reference_entropy + log_team_size + log_prior_knowledge + C(year) + C(arxiv_primary_category)
C(arxiv_primary_category)[T.eess.SP],-0.14764386544355476,0.08584308258454558,0.08544564850165275,Log_RCR,Log_RCR_p,reference_entropy,参考文献学科熵,OLS,15845,Log_RCR ~ HSS_Continuous * reference_entropy + log_team_size + log_prior_knowledge + C(year) + C(arxiv_primary_category)
C(arxiv_primary_category)[T.eess.SY],-0.2570915367391329,0.08493278066493226,0.0024699386538568993,Log_RCR,Log_RCR_p,reference_entropy,参考文献学科熵,OLS,15845,Log_RCR ~ HSS_Continuous * reference_entropy + log_team_size + log_prior_knowledge + C(year) + C(arxiv_primary_category)
C(arxiv_primary_category)[T.gr-qc],-0.46262176042408554,0.08462336110946829,4.5814800462814395e-08,Log_RCR,Log_RCR_p,reference_entropy,参考文献学科熵,OLS,15845,Log_RCR ~ HSS_Continuous * reference_entropy + log_team_size + log_prior_knowledge + C(year) + C(arxiv_primary_category)
C(arxiv_primary_category)[T.hep-ex],0.09651948857547653,0.21331809773090732,0.6509322893770906,Log_RCR,Log_RCR_p,reference_entropy,参考文献学科熵,OLS,15845,Log_RCR ~ HSS_Continuous * reference_entropy + log_team_size + log_prior_knowledge + C(year) + C(arxiv_primary_category)
C(arxiv_primary_category)[T.hep-lat],-0.054242300813296986,0.16770073295867866,0.7463567315802818,Log_RCR,Log_RCR_p,reference_entropy,参考文献学科熵,OLS,15845,Log_RCR ~ HSS_Continuous * reference_entropy + log_team_size + log_prior_knowledge + C(year) + C(arxiv_primary_category)
C(arxiv_primary_category)[T.hep-ph],0.18634840713748038,0.1474320157462166,0.20624380852174173,Log_RCR,Log_RCR_p,reference_entropy,参考文献学科熵,OLS,15845,Log_RCR ~ HSS_Continuous * reference_entropy + log_team_size + log_prior_knowledge + C(year) + C(arxiv_primary_category)
C(arxiv_primary_category)[T.hep-th],0.7493854055708006,0.09877581950704539,3.280814646396569e-14,Log_RCR,Log_RCR_p,reference_entropy,参考文献学科熵,OLS,15845,Log_RCR ~ HSS_Continuous * reference_entropy + log_team_size + log_prior_knowledge + C(year) + C(arxiv_primary_category)
C(arxiv_primary_category)[T.math-ph],-0.22039122127907132,0.08369619368916525,0.008457736951006246,Log_RCR,Log_RCR_p,reference_entropy,参考文献学科熵,OLS,15845,Log_RCR ~ HSS_Continuous * reference_entropy + log_team_size + log_prior_knowledge + C(year) + C(arxiv_primary_category)
C(arxiv_primary_category)[T.math.AG],-0.047100643610709286,0.08434394566373334,0.57654711693117,Log_RCR,Log_RCR_p,reference_entropy,参考文献学科熵,OLS,15845,Log_RCR ~ HSS_Continuous * reference_entropy + log_team_size + log_prior_knowledge + C(year) + C(arxiv_primary_category)
C(arxiv_primary_category)[T.math.AP],-0.19933447124607961,0.08639395808295992,0.02103958999413766,Log_RCR,Log_RCR_p,reference_entropy,参考文献学科熵,OLS,15845,Log_RCR ~ HSS_Continuous * reference_entropy + log_team_size + log_prior_knowledge + C(year) + C(arxiv_primary_category)
C(arxiv_primary_category)[T.math.CO],-0.13571604271862867,0.08913354153699093,0.12785512394618753,Log_RCR,Log_RCR_p,reference_entropy,参考文献学科熵,OLS,15845,Log_RCR ~ HSS_Continuous * reference_entropy + log_team_size + log_prior_knowledge + C(year) + C(arxiv_primary_category)
C(arxiv_primary_category)[T.math.DS],-0.14017847599300232,0.10731792803188173,0.19148519150098975,Log_RCR,Log_RCR_p,reference_entropy,参考文献学科熵,OLS,15845,Log_RCR ~ HSS_Continuous * reference_entropy + log_team_size + log_prior_knowledge + C(year) + C(arxiv_primary_category)
C(arxiv_primary_category)[T.math.GM],-0.18591939979947822,0.09438432703719521,0.04885989673655583,Log_RCR,Log_RCR_p,reference_entropy,参考文献学科熵,OLS,15845,Log_RCR ~ HSS_Continuous * reference_entropy + log_team_size + log_prior_knowledge + C(year) + C(arxiv_primary_category)
C(arxiv_primary_category)[T.math.GR],-0.1644219935174443,0.08533792878968996,0.05401497328875069,Log_RCR,Log_RCR_p,reference_entropy,参考文献学科熵,OLS,15845,Log_RCR ~ HSS_Continuous * reference_entropy + log_team_size + log_prior_knowledge + C(year) + C(arxiv_primary_category)
C(arxiv_primary_category)[T.math.LO],-0.039670619373854014,0.08504870280044256,0.6408963577606805,Log_RCR,Log_RCR_p,reference_entropy,参考文献学科熵,OLS,15845,Log_RCR ~ HSS_Continuous * reference_entropy + log_team_size + log_prior_knowledge + C(year) + C(arxiv_primary_category)
C(arxiv_primary_category)[T.math.NA],-0.1539020844418703,0.0902808007816317,0.08824955619256841,Log_RCR,Log_RCR_p,reference_entropy,参考文献学科熵,OLS,15845,Log_RCR ~ HSS_Continuous * reference_entropy + log_team_size + log_prior_knowledge + C(year) + C(arxiv_primary_category)
C(arxiv_primary_category)[T.math.NT],-0.25076493387586857,0.11191136068648447,0.02504253256581431,Log_RCR,Log_RCR_p,reference_entropy,参考文献学科熵,OLS,15845,Log_RCR ~ HSS_Continuous * reference_entropy + log_team_size + log_prior_knowledge + C(year) + C(arxiv_primary_category)
C(arxiv_primary_category)[T.math.OC],-0.09975989144095296,0.09083555228938366,0.2720965585057057,Log_RCR,Log_RCR_p,reference_entropy,参考文献学科熵,OLS,15845,Log_RCR ~ HSS_Continuous * reference_entropy + log_team_size + log_prior_knowledge + C(year) + C(arxiv_primary_category)
C(arxiv_primary_category)[T.math.PR],-0.15613108400075834,0.08758492715321246,0.07464736143146336,Log_RCR,Log_RCR_p,reference_entropy,参考文献学科熵,OLS,15845,Log_RCR ~ HSS_Continuous * reference_entropy + log_team_size + log_prior_knowledge + C(year) + C(arxiv_primary_category)
C(arxiv_primary_category)[T.math.ST],-0.06916550539900215,0.10227220699730855,0.498857567599411,Log_RCR,Log_RCR_p,reference_entropy,参考文献学科熵,OLS,15845,Log_RCR ~ HSS_Continuous * reference_entropy + log_team_size + log_prior_knowledge + C(year) + C(arxiv_primary_category)
C(arxiv_primary_category)[T.nlin.AO],-0.14332727199987763,0.08992240598577762,0.11095856125137607,Log_RCR,Log_RCR_p,reference_entropy,参考文献学科熵,OLS,15845,Log_RCR ~ HSS_Continuous * reference_entropy + log_team_size + log_prior_knowledge + C(year) + C(arxiv_primary_category)
C(arxiv_primary_category)[T.nlin.PS],-0.19290140299288838,0.0836650530778113,0.021130816415618568,Log_RCR,Log_RCR_p,reference_entropy,参考文献学科熵,OLS,15845,Log_RCR ~ HSS_Continuous * reference_entropy + log_team_size + log_prior_knowledge + C(year) + C(arxiv_primary_category)
C(arxiv_primary_category)[T.nucl-th],-0.255279839441143,0.08371514099819719,0.002293090916710751,Log_RCR,Log_RCR_p,reference_entropy,参考文献学科熵,OLS,15845,Log_RCR ~ HSS_Continuous * reference_entropy + log_team_size + log_prior_knowledge + C(year) + C(arxiv_primary_category)
C(arxiv_primary_category)[T.physics.acc-ph],-0.1556848346672034,0.08835385320666496,0.07805907632525871,Log_RCR,Log_RCR_p,reference_entropy,参考文献学科熵,OLS,15845,Log_RCR ~ HSS_Continuous * reference_entropy + log_team_size + log_prior_knowledge + C(year) + C(arxiv_primary_category)
C(arxiv_primary_category)[T.physics.ao-ph],-0.10156824495967186,0.09847617554985774,0.30235367357992615,Log_RCR,Log_RCR_p,reference_entropy,参考文献学科熵,OLS,15845,Log_RCR ~ HSS_Continuous * reference_entropy + log_team_size + log_prior_knowledge + C(year) + C(arxiv_primary_category)
C(arxiv_primary_category)[T.physics.app-ph],-0.1589204283214851,0.09410701909684972,0.09127305410465206,Log_RCR,Log_RCR_p,reference_entropy,参考文献学科熵,OLS,15845,Log_RCR ~ HSS_Continuous * reference_entropy + log_team_size + log_prior_knowledge + C(year) + C(arxiv_primary_category)
C(arxiv_primary_category)[T.physics.atom-ph],-0.2894157867675672,0.08270365903365232,0.0004662514456843846,Log_RCR,Log_RCR_p,reference_entropy,参考文献学科熵,OLS,15845,Log_RCR ~ HSS_Continuous * reference_entropy + log_team_size + log_prior_knowledge + C(year) + C(arxiv_primary_category)
C(arxiv_primary_category)[T.physics.bio-ph],-0.20985640104255587,0.08826637514562742,0.017428786293585272,Log_RCR,Log_RCR_p,reference_entropy,参考文献学科熵,OLS,15845,Log_RCR ~ HSS_Continuous * reference_entropy + log_team_size + log_prior_knowledge + C(year) + C(arxiv_primary_category)
C(arxiv_primary_category)[T.physics.chem-ph],-0.01924042464639881,0.14369427823990397,0.8934829666821291,Log_RCR,Log_RCR_p,reference_entropy,参考文献学科熵,OLS,15845,Log_RCR ~ HSS_Continuous * reference_entropy + log_team_size + log_prior_knowledge + C(year) + C(arxiv_primary_category)
C(arxiv_primary_category)[T.physics.comp-ph],0.04209471799843116,0.13144815978435231,0.7487877908460213,Log_RCR,Log_RCR_p,reference_entropy,参考文献学科熵,OLS,15845,Log_RCR ~ HSS_Continuous * reference_entropy + log_team_size + log_prior_knowledge + C(year) + C(arxiv_primary_category)
C(arxiv_primary_category)[T.physics.data-an],-0.01118442361236353,0.1813791140737665,0.9508310154740909,Log_RCR,Log_RCR_p,reference_entropy,参考文献学科熵,OLS,15845,Log_RCR ~ HSS_Continuous * reference_entropy + log_team_size + log_prior_knowledge + C(year) + C(arxiv_primary_category)
C(arxiv_primary_category)[T.physics.ed-ph],-0.13109425397710542,0.1535476804443982,0.3932329782348235,Log_RCR,Log_RCR_p,reference_entropy,参考文献学科熵,OLS,15845,Log_RCR ~ HSS_Continuous * reference_entropy + log_team_size + log_prior_knowledge + C(year) + C(arxiv_primary_category)
C(arxiv_primary_category)[T.physics.flu-dyn],-0.19038842248559248,0.11204153148385462,0.08926897916018876,Log_RCR,Log_RCR_p,reference_entropy,参考文献学科熵,OLS,15845,Log_RCR ~ HSS_Continuous * reference_entropy + log_team_size + log_prior_knowledge + C(year) + C(arxiv_primary_category)
C(arxiv_primary_category)[T.physics.geo-ph],0.017643272545647556,0.18136356940078208,0.9225030552910298,Log_RCR,Log_RCR_p,reference_entropy,参考文献学科熵,OLS,15845,Log_RCR ~ HSS_Continuous * reference_entropy + log_team_size + log_prior_knowledge + C(year) + C(arxiv_primary_category)
C(arxiv_primary_category)[T.physics.ins-det],-0.22574555041139668,0.09432113069581938,0.016694306586438615,Log_RCR,Log_RCR_p,reference_entropy,参考文献学科熵,OLS,15845,Log_RCR ~ HSS_Continuous * reference_entropy + log_team_size + log_prior_knowledge + C(year) + C(arxiv_primary_category)
C(arxiv_primary_category)[T.physics.med-ph],-0.17386437937958057,0.09773915435209592,0.07526253742847328,Log_RCR,Log_RCR_p,reference_entropy,参考文献学科熵,OLS,15845,Log_RCR ~ HSS_Continuous * reference_entropy + log_team_size + log_prior_knowledge + C(year) + C(arxiv_primary_category)
C(arxiv_primary_category)[T.physics.optics],-0.2046359294254684,0.10185979883707093,0.044537556900508465,Log_RCR,Log_RCR_p,reference_entropy,参考文献学科熵,OLS,15845,Log_RCR ~ HSS_Continuous * reference_entropy + log_team_size + log_prior_knowledge + C(year) + C(arxiv_primary_category)
C(arxiv_primary_category)[T.physics.soc-ph],-0.19975015990017808,0.09366350481333613,0.03295459980182515,Log_RCR,Log_RCR_p,reference_entropy,参考文献学科熵,OLS,15845,Log_RCR ~ HSS_Continuous * reference_entropy + log_team_size + log_prior_knowledge + C(year) + C(arxiv_primary_category)
C(arxiv_primary_category)[T.physics.space-ph],-0.45527736915043726,0.23374857876999902,0.05144817486332243,Log_RCR,Log_RCR_p,reference_entropy,参考文献学科熵,OLS,15845,Log_RCR ~ HSS_Continuous * reference_entropy + log_team_size + log_prior_knowledge + C(year) + C(arxiv_primary_category)
C(arxiv_primary_category)[T.q-bio.BM],0.15796700172034608,0.1705141297564874,0.3542298819637485,Log_RCR,Log_RCR_p,reference_entropy,参考文献学科熵,OLS,15845,Log_RCR ~ HSS_Continuous * reference_entropy + log_team_size + log_prior_knowledge + C(year) + C(arxiv_primary_category)
C(arxiv_primary_category)[T.q-bio.GN],-0.11930072299403328,0.1515741903753244,0.4312361592729145,Log_RCR,Log_RCR_p,reference_entropy,参考文献学科熵,OLS,15845,Log_RCR ~ HSS_Continuous * reference_entropy + log_team_size + log_prior_knowledge + C(year) + C(arxiv_primary_category)
C(arxiv_primary_category)[T.q-bio.MN],-0.20148726275289094,0.0943310870598675,0.03268281774392533,Log_RCR,Log_RCR_p,reference_entropy,参考文献学科熵,OLS,15845,Log_RCR ~ HSS_Continuous * reference_entropy + log_team_size + log_prior_knowledge + C(year) + C(arxiv_primary_category)
C(arxiv_primary_category)[T.q-bio.NC],-0.22878182534126956,0.08678288310567504,0.008382666510927625,Log_RCR,Log_RCR_p,reference_entropy,参考文献学科熵,OLS,15845,Log_RCR ~ HSS_Continuous * reference_entropy + log_team_size + log_prior_knowledge + C(year) + C(arxiv_primary_category)
C(arxiv_primary_category)[T.q-bio.OT],0.34881406069737847,0.30388995166630145,0.2510386720053248,Log_RCR,Log_RCR_p,reference_entropy,参考文献学科熵,OLS,15845,Log_RCR ~ HSS_Continuous * reference_entropy + log_team_size + log_prior_knowledge + C(year) + C(arxiv_primary_category)
C(arxiv_primary_category)[T.q-bio.PE],0.05809356833711582,0.27132131508700347,0.8304585141226422,Log_RCR,Log_RCR_p,reference_entropy,参考文献学科熵,OLS,15845,Log_RCR ~ HSS_Continuous * reference_entropy + log_team_size + log_prior_knowledge + C(year) + C(arxiv_primary_category)
C(arxiv_primary_category)[T.q-bio.QM],-0.1745915556724662,0.09273517714302176,0.05974244258531948,Log_RCR,Log_RCR_p,reference_entropy,参考文献学科熵,OLS,15845,Log_RCR ~ HSS_Continuous * reference_entropy + log_team_size + log_prior_knowledge + C(year) + C(arxiv_primary_category)
C(arxiv_primary_category)[T.q-bio.TO],0.04626292751842253,0.19971718782700051,0.8168159328180451,Log_RCR,Log_RCR_p,reference_entropy,参考文献学科熵,OLS,15845,Log_RCR ~ HSS_Continuous * reference_entropy + log_team_size + log_prior_knowledge + C(year) + C(arxiv_primary_category)
C(arxiv_primary_category)[T.q-fin.CP],-0.1323227103670214,0.09584628750810045,0.1674105669030379,Log_RCR,Log_RCR_p,reference_entropy,参考文献学科熵,OLS,15845,Log_RCR ~ HSS_Continuous * reference_entropy + log_team_size + log_prior_knowledge + C(year) + C(arxiv_primary_category)
C(arxiv_primary_category)[T.q-fin.GN],-0.16001235575595174,0.08782874659737692,0.06847506372124365,Log_RCR,Log_RCR_p,reference_entropy,参考文献学科熵,OLS,15845,Log_RCR ~ HSS_Continuous * reference_entropy + log_team_size + log_prior_knowledge + C(year) + C(arxiv_primary_category)
C(arxiv_primary_category)[T.q-fin.MF],-0.07171066064903743,0.15828333572921285,0.6505109392954294,Log_RCR,Log_RCR_p,reference_entropy,参考文献学科熵,OLS,15845,Log_RCR ~ HSS_Continuous * reference_entropy + log_team_size + log_prior_knowledge + C(year) + C(arxiv_primary_category)
C(arxiv_primary_category)[T.q-fin.PM],-0.33122393824667606,0.09867700219956278,0.0007889355283748428,Log_RCR,Log_RCR_p,reference_entropy,参考文献学科熵,OLS,15845,Log_RCR ~ HSS_Continuous * reference_entropy + log_team_size + log_prior_knowledge + C(year) + C(arxiv_primary_category)
C(arxiv_primary_category)[T.q-fin.PR],0.6642569617616085,0.11802336398191883,1.8211897418188496e-08,Log_RCR,Log_RCR_p,reference_entropy,参考文献学科熵,OLS,15845,Log_RCR ~ HSS_Continuous * reference_entropy + log_team_size + log_prior_knowledge + C(year) + C(arxiv_primary_category)
C(arxiv_primary_category)[T.q-fin.ST],-0.029069977113008433,0.11235772577697253,0.7958458871115734,Log_RCR,Log_RCR_p,reference_entropy,参考文献学科熵,OLS,15845,Log_RCR ~ HSS_Continuous * reference_entropy + log_team_size + log_prior_knowledge + C(year) + C(arxiv_primary_category)
C(arxiv_primary_category)[T.q-fin.TR],-0.07132940701765647,0.1039610588810014,0.4926395912986592,Log_RCR,Log_RCR_p,reference_entropy,参考文献学科熵,OLS,15845,Log_RCR ~ HSS_Continuous * reference_entropy + log_team_size + log_prior_knowledge + C(year) + C(arxiv_primary_category)
C(arxiv_primary_category)[T.quant-ph],0.012553950327436059,0.09827396945946047,0.8983512432334704,Log_RCR,Log_RCR_p,reference_entropy,参考文献学科熵,OLS,15845,Log_RCR ~ HSS_Continuous * reference_entropy + log_team_size + log_prior_knowledge + C(year) + C(arxiv_primary_category)
C(arxiv_primary_category)[T.stat.AP],-0.1711412464320186,0.08837242544530607,0.052795355298287584,Log_RCR,Log_RCR_p,reference_entropy,参考文献学科熵,OLS,15845,Log_RCR ~ HSS_Continuous * reference_entropy + log_team_size + log_prior_knowledge + C(year) + C(arxiv_primary_category)
C(arxiv_primary_category)[T.stat.CO],0.11203354754293303,0.29355916083740596,0.702729346760788,Log_RCR,Log_RCR_p,reference_entropy,参考文献学科熵,OLS,15845,Log_RCR ~ HSS_Continuous * reference_entropy + log_team_size + log_prior_knowledge + C(year) + C(arxiv_primary_category)
C(arxiv_primary_category)[T.stat.ME],-0.19811328463612485,0.09888295571956138,0.04512225649756264,Log_RCR,Log_RCR_p,reference_entropy,参考文献学科熵,OLS,15845,Log_RCR ~ HSS_Continuous * reference_entropy + log_team_size + log_prior_knowledge + C(year) + C(arxiv_primary_category)
C(arxiv_primary_category)[T.stat.ML],0.12242927325656368,0.08785146967974225,0.16344026815869528,Log_RCR,Log_RCR_p,reference_entropy,参考文献学科熵,OLS,15845,Log_RCR ~ HSS_Continuous * reference_entropy + log_team_size + log_prior_knowledge + C(year) + C(arxiv_primary_category)
HSS_Continuous,-0.008640128914333592,0.010132058060938148,0.3937970588670736,Log_RCR,Log_RCR_p,reference_entropy,参考文献学科熵,OLS,15845,Log_RCR ~ HSS_Continuous * reference_entropy + log_team_size + log_prior_knowledge + C(year) + C(arxiv_primary_category)
reference_entropy,-0.02258836157555287,0.012252550558145685,0.0652467011134295,Log_RCR,Log_RCR_p,reference_entropy,参考文献学科熵,OLS,15845,Log_RCR ~ HSS_Continuous * reference_entropy + log_team_size + log_prior_knowledge + C(year) + C(arxiv_primary_category)
HSS_Continuous:reference_entropy,0.014605875280587294,0.010212792221669962,0.15267255386628775,Log_RCR,Log_RCR_p,reference_entropy,参考文献学科熵,OLS,15845,Log_RCR ~ HSS_Continuous * reference_entropy + log_team_size + log_prior_knowledge + C(year) + C(arxiv_primary_category)
log_team_size,0.1308365003230789,0.01987373435432942,4.598476353576985e-11,Log_RCR,Log_RCR_p,reference_entropy,参考文献学科熵,OLS,15845,Log_RCR ~ HSS_Continuous * reference_entropy + log_team_size + log_prior_knowledge + C(year) + C(arxiv_primary_category)
log_prior_knowledge,0.06234387755712019,0.0049269577072370875,1.0682892035013724e-36,Log_RCR,Log_RCR_p,reference_entropy,参考文献学科熵,OLS,15845,Log_RCR ~ HSS_Continuous * reference_entropy + log_team_size + log_prior_knowledge + C(year) + C(arxiv_primary_category)
Intercept,-0.06999286360399519,0.13899393294792659,0.6145651522795162,Log_RCR,Log_RCR_p,hss_reference_share,HSS参考文献占比,OLS,15845,Log_RCR ~ HSS_Continuous * hss_reference_share + log_team_size + log_prior_knowledge + C(year) + C(arxiv_primary_category)
C(year)[T.2015],-0.023264060888304797,0.1277028831846121,0.8554466936812688,Log_RCR,Log_RCR_p,hss_reference_share,HSS参考文献占比,OLS,15845,Log_RCR ~ HSS_Continuous * hss_reference_share + log_team_size + log_prior_knowledge + C(year) + C(arxiv_primary_category)
C(year)[T.2016],0.02220373570301832,0.11438783892045146,0.8460903520634622,Log_RCR,Log_RCR_p,hss_reference_share,HSS参考文献占比,OLS,15845,Log_RCR ~ HSS_Continuous * hss_reference_share + log_team_size + log_prior_knowledge + C(year) + C(arxiv_primary_category)
C(year)[T.2017],0.07241958658775925,0.11095174108183001,0.5139416523625364,Log_RCR,Log_RCR_p,hss_reference_share,HSS参考文献占比,OLS,15845,Log_RCR ~ HSS_Continuous * hss_reference_share + log_team_size + log_prior_knowledge + C(year) + C(arxiv_primary_category)
C(year)[T.2018],0.052783144320894856,0.11031237273718555,0.6323029279685154,Log_RCR,Log_RCR_p,hss_reference_share,HSS参考文献占比,OLS,15845,Log_RCR ~ HSS_Continuous * hss_reference_share + log_team_size + log_prior_knowledge + C(year) + C(arxiv_primary_category)
C(year)[T.2019],0.00580262891910222,0.11006506462655226,0.9579550128127933,Log_RCR,Log_RCR_p,hss_reference_share,HSS参考文献占比,OLS,15845,Log_RCR ~ HSS_Continuous * hss_reference_share + log_team_size + log_prior_knowledge + C(year) + C(arxiv_primary_category)
C(year)[T.2020],-0.007055301225154665,0.10991962775516,0.94882212480303,Log_RCR,Log_RCR_p,hss_reference_share,HSS参考文献占比,OLS,15845,Log_RCR ~ HSS_Continuous * hss_reference_share + log_team_size + log_prior_knowledge + C(year) + C(arxiv_primary_category)
C(year)[T.2021],-0.0021667628692321255,0.10987329222556913,0.9842662893331109,Log_RCR,Log_RCR_p,hss_reference_share,HSS参考文献占比,OLS,15845,Log_RCR ~ HSS_Continuous * hss_reference_share + log_team_size + log_prior_knowledge + C(year) + C(arxiv_primary_category)
C(year)[T.2022],0.18942402009077677,0.13673726137367995,0.16595652480595446,Log_RCR,Log_RCR_p,hss_reference_share,HSS参考文献占比,OLS,15845,Log_RCR ~ HSS_Continuous * hss_reference_share + log_team_size + log_prior_knowledge + C(year) + C(arxiv_primary_category)
C(year)[T.2023],0.21198032101946104,0.11618834301640556,0.06808342059852475,Log_RCR,Log_RCR_p,hss_reference_share,HSS参考文献占比,OLS,15845,Log_RCR ~ HSS_Continuous * hss_reference_share + log_team_size + log_prior_knowledge + C(year) + C(arxiv_primary_category)
C(year)[T.2024],0.8242786014621978,0.27946293136401706,0.003182786752611071,Log_RCR,Log_RCR_p,hss_reference_share,HSS参考文献占比,OLS,15845,Log_RCR ~ HSS_Continuous * hss_reference_share + log_team_size + log_prior_knowledge + C(year) + C(arxiv_primary_category)
C(year)[T.2025],0.2691839442086071,0.2440834056173117,0.27009843142739787,Log_RCR,Log_RCR_p,hss_reference_share,HSS参考文献占比,OLS,15845,Log_RCR ~ HSS_Continuous * hss_reference_share + log_team_size + log_prior_knowledge + C(year) + C(arxiv_primary_category)
C(arxiv_primary_category)[T.astro-ph.GA],-0.29127791000557157,0.09225127095780161,0.0015916064961610658,Log_RCR,Log_RCR_p,hss_reference_share,HSS参考文献占比,OLS,15845,Log_RCR ~ HSS_Continuous * hss_reference_share + log_team_size + log_prior_knowledge + C(year) + C(arxiv_primary_category)
C(arxiv_primary_category)[T.astro-ph.HE],-0.35654774968992886,0.08179937478836029,1.3077292142112036e-05,Log_RCR,Log_RCR_p,hss_reference_share,HSS参考文献占比,OLS,15845,Log_RCR ~ HSS_Continuous * hss_reference_share + log_team_size + log_prior_knowledge + C(year) + C(arxiv_primary_category)
C(arxiv_primary_category)[T.astro-ph.IM],-0.01693183509317398,0.15368731336508495,0.9122740184240569,Log_RCR,Log_RCR_p,hss_reference_share,HSS参考文献占比,OLS,15845,Log_RCR ~ HSS_Continuous * hss_reference_share + log_team_size + log_prior_knowledge + C(year) + C(arxiv_primary_category)
C(arxiv_primary_category)[T.astro-ph.SR],-0.32107867971813153,0.0877495200587753,0.0002531654761260465,Log_RCR,Log_RCR_p,hss_reference_share,HSS参考文献占比,OLS,15845,Log_RCR ~ HSS_Continuous * hss_reference_share + log_team_size + log_prior_knowledge + C(year) + C(arxiv_primary_category)
C(arxiv_primary_category)[T.cond-mat.dis-nn],0.10459408217976847,0.27997099300801587,0.7087101220509762,Log_RCR,Log_RCR_p,hss_reference_share,HSS参考文献占比,OLS,15845,Log_RCR ~ HSS_Continuous * hss_reference_share + log_team_size + log_prior_knowledge + C(year) + C(arxiv_primary_category)
C(arxiv_primary_category)[T.cond-mat.mes-hall],-0.2262876834181807,0.08230733066443668,0.005972238895382211,Log_RCR,Log_RCR_p,hss_reference_share,HSS参考文献占比,OLS,15845,Log_RCR ~ HSS_Continuous * hss_reference_share + log_team_size + log_prior_knowledge + C(year) + C(arxiv_primary_category)
C(arxiv_primary_category)[T.cond-mat.mtrl-sci],-0.23265591568981062,0.10061052893560359,0.020753391202135384,Log_RCR,Log_RCR_p,hss_reference_share,HSS参考文献占比,OLS,15845,Log_RCR ~ HSS_Continuous * hss_reference_share + log_team_size + log_prior_knowledge + C(year) + C(arxiv_primary_category)
C(arxiv_primary_category)[T.cond-mat.other],0.0016925709566267275,0.08292857910396359,0.9837163195840661,Log_RCR,Log_RCR_p,hss_reference_share,HSS参考文献占比,OLS,15845,Log_RCR ~ HSS_Continuous * hss_reference_share + log_team_size + log_prior_knowledge + C(year) + C(arxiv_primary_category)
C(arxiv_primary_category)[T.cond-mat.soft],-0.2942985912185438,0.1143414749330869,0.010057186766921137,Log_RCR,Log_RCR_p,hss_reference_share,HSS参考文献占比,OLS,15845,Log_RCR ~ HSS_Continuous * hss_reference_share + log_team_size + log_prior_knowledge + C(year) + C(arxiv_primary_category)
C(arxiv_primary_category)[T.cond-mat.stat-mech],-0.149774900987456,0.09004581826827304,0.09624864052887584,Log_RCR,Log_RCR_p,hss_reference_share,HSS参考文献占比,OLS,15845,Log_RCR ~ HSS_Continuous * hss_reference_share + log_team_size + log_prior_knowledge + C(year) + C(arxiv_primary_category)
C(arxiv_primary_category)[T.cond-mat.str-el],0.10312483028877215,0.08152557109507295,0.2058933893903966,Log_RCR,Log_RCR_p,hss_reference_share,HSS参考文献占比,OLS,15845,Log_RCR ~ HSS_Continuous * hss_reference_share + log_team_size + log_prior_knowledge + C(year) + C(arxiv_primary_category)
C(arxiv_primary_category)[T.cs.AI],-0.06199023711398031,0.08703777643704981,0.47632718838005916,Log_RCR,Log_RCR_p,hss_reference_share,HSS参考文献占比,OLS,15845,Log_RCR ~ HSS_Continuous * hss_reference_share + log_team_size + log_prior_knowledge + C(year) + C(arxiv_primary_category)
C(arxiv_primary_category)[T.cs.AR],-0.21268830115325002,0.09901766387268973,0.03171507191676154,Log_RCR,Log_RCR_p,hss_reference_share,HSS参考文献占比,OLS,15845,Log_RCR ~ HSS_Continuous * hss_reference_share + log_team_size + log_prior_knowledge + C(year) + C(arxiv_primary_category)
C(arxiv_primary_category)[T.cs.CC],-0.1814798001750307,0.10703340450283448,0.0899723533393336,Log_RCR,Log_RCR_p,hss_reference_share,HSS参考文献占比,OLS,15845,Log_RCR ~ HSS_Continuous * hss_reference_share + log_team_size + log_prior_knowledge + C(year) + C(arxiv_primary_category)
C(arxiv_primary_category)[T.cs.CE],-0.08666790811314054,0.10429180568907005,0.4059659507359539,Log_RCR,Log_RCR_p,hss_reference_share,HSS参考文献占比,OLS,15845,Log_RCR ~ HSS_Continuous * hss_reference_share + log_team_size + log_prior_knowledge + C(year) + C(arxiv_primary_category)
C(arxiv_primary_category)[T.cs.CG],-0.1443815964014537,0.10407625791531751,0.16536024961969809,Log_RCR,Log_RCR_p,hss_reference_share,HSS参考文献占比,OLS,15845,Log_RCR ~ HSS_Continuous * hss_reference_share + log_team_size + log_prior_knowledge + C(year) + C(arxiv_primary_category)
C(arxiv_primary_category)[T.cs.CL],-0.05020041442961504,0.08242890876641708,0.5425147171176075,Log_RCR,Log_RCR_p,hss_reference_share,HSS参考文献占比,OLS,15845,Log_RCR ~ HSS_Continuous * hss_reference_share + log_team_size + log_prior_knowledge + C(year) + C(arxiv_primary_category)
C(arxiv_primary_category)[T.cs.CR],-0.048732458207184574,0.08756713663315059,0.5778585842717617,Log_RCR,Log_RCR_p,hss_reference_share,HSS参考文献占比,OLS,15845,Log_RCR ~ HSS_Continuous * hss_reference_share + log_team_size + log_prior_knowledge + C(year) + C(arxiv_primary_category)
C(arxiv_primary_category)[T.cs.CV],0.008813485204450815,0.08235024886593326,0.9147696299466199,Log_RCR,Log_RCR_p,hss_reference_share,HSS参考文献占比,OLS,15845,Log_RCR ~ HSS_Continuous * hss_reference_share + log_team_size + log_prior_knowledge + C(year) + C(arxiv_primary_category)
C(arxiv_primary_category)[T.cs.CY],0.17901325382552888,0.13329862716154836,0.17928849869010244,Log_RCR,Log_RCR_p,hss_reference_share,HSS参考文献占比,OLS,15845,Log_RCR ~ HSS_Continuous * hss_reference_share + log_team_size + log_prior_knowledge + C(year) + C(arxiv_primary_category)
C(arxiv_primary_category)[T.cs.DB],-0.14691441818138612,0.09117023858657841,0.10708612695491815,Log_RCR,Log_RCR_p,hss_reference_share,HSS参考文献占比,OLS,15845,Log_RCR ~ HSS_Continuous * hss_reference_share + log_team_size + log_prior_knowledge + C(year) + C(arxiv_primary_category)
C(arxiv_primary_category)[T.cs.DC],-0.09574542993940173,0.10733009996446997,0.37235807193718395,Log_RCR,Log_RCR_p,hss_reference_share,HSS参考文献占比,OLS,15845,Log_RCR ~ HSS_Continuous * hss_reference_share + log_team_size + log_prior_knowledge + C(year) + C(arxiv_primary_category)
C(arxiv_primary_category)[T.cs.DL],-0.30038277002100827,0.0935643284376591,0.00132531403954345,Log_RCR,Log_RCR_p,hss_reference_share,HSS参考文献占比,OLS,15845,Log_RCR ~ HSS_Continuous * hss_reference_share + log_team_size + log_prior_knowledge + C(year) + C(arxiv_primary_category)
C(arxiv_primary_category)[T.cs.DM],-0.2178210111176465,0.08284433800240532,0.008556572412629658,Log_RCR,Log_RCR_p,hss_reference_share,HSS参考文献占比,OLS,15845,Log_RCR ~ HSS_Continuous * hss_reference_share + log_team_size + log_prior_knowledge + C(year) + C(arxiv_primary_category)
C(arxiv_primary_category)[T.cs.DS],-0.15793117831717476,0.09421423576009975,0.09367974641871417,Log_RCR,Log_RCR_p,hss_reference_share,HSS参考文献占比,OLS,15845,Log_RCR ~ HSS_Continuous * hss_reference_share + log_team_size + log_prior_knowledge + C(year) + C(arxiv_primary_category)
C(arxiv_primary_category)[T.cs.ET],-0.16098055529830912,0.12251333545840423,0.18885160864996653,Log_RCR,Log_RCR_p,hss_reference_share,HSS参考文献占比,OLS,15845,Log_RCR ~ HSS_Continuous * hss_reference_share + log_team_size + log_prior_knowledge + C(year) + C(arxiv_primary_category)
C(arxiv_primary_category)[T.cs.FL],-0.10142110473111177,0.08944197472369296,0.25682313176173044,Log_RCR,Log_RCR_p,hss_reference_share,HSS参考文献占比,OLS,15845,Log_RCR ~ HSS_Continuous * hss_reference_share + log_team_size + log_prior_knowledge + C(year) + C(arxiv_primary_category)
C(arxiv_primary_category)[T.cs.GR],-0.05209506075281624,0.09551625884156639,0.5854748900598159,Log_RCR,Log_RCR_p,hss_reference_share,HSS参考文献占比,OLS,15845,Log_RCR ~ HSS_Continuous * hss_reference_share + log_team_size + log_prior_knowledge + C(year) + C(arxiv_primary_category)
C(arxiv_primary_category)[T.cs.GT],-0.12636627230928554,0.20737689816068458,0.5422887669824721,Log_RCR,Log_RCR_p,hss_reference_share,HSS参考文献占比,OLS,15845,Log_RCR ~ HSS_Continuous * hss_reference_share + log_team_size + log_prior_knowledge + C(year) + C(arxiv_primary_category)
C(arxiv_primary_category)[T.cs.HC],-0.1838988881687384,0.09445696927836249,0.051545944333363194,Log_RCR,Log_RCR_p,hss_reference_share,HSS参考文献占比,OLS,15845,Log_RCR ~ HSS_Continuous * hss_reference_share + log_team_size + log_prior_knowledge + C(year) + C(arxiv_primary_category)
C(arxiv_primary_category)[T.cs.IR],-0.06737647345807239,0.0882591406129755,0.44522862555031306,Log_RCR,Log_RCR_p,hss_reference_share,HSS参考文献占比,OLS,15845,Log_RCR ~ HSS_Continuous * hss_reference_share + log_team_size + log_prior_knowledge + C(year) + C(arxiv_primary_category)
C(arxiv_primary_category)[T.cs.IT],-0.2575451522116702,0.08215589922515958,0.0017195105553696381,Log_RCR,Log_RCR_p,hss_reference_share,HSS参考文献占比,OLS,15845,Log_RCR ~ HSS_Continuous * hss_reference_share + log_team_size + log_prior_knowledge + C(year) + C(arxiv_primary_category)
C(arxiv_primary_category)[T.cs.LG],0.10046219579966453,0.08275735275909415,0.22477185977469616,Log_RCR,Log_RCR_p,hss_reference_share,HSS参考文献占比,OLS,15845,Log_RCR ~ HSS_Continuous * hss_reference_share + log_team_size + log_prior_knowledge + C(year) + C(arxiv_primary_category)
C(arxiv_primary_category)[T.cs.LO],-0.13348278934378155,0.08790952771608121,0.12891083338522655,Log_RCR,Log_RCR_p,hss_reference_share,HSS参考文献占比,OLS,15845,Log_RCR ~ HSS_Continuous * hss_reference_share + log_team_size + log_prior_knowledge + C(year) + C(arxiv_primary_category)
C(arxiv_primary_category)[T.cs.MA],-0.05932116381077953,0.19536237148939622,0.761396973712995,Log_RCR,Log_RCR_p,hss_reference_share,HSS参考文献占比,OLS,15845,Log_RCR ~ HSS_Continuous * hss_reference_share + log_team_size + log_prior_knowledge + C(year) + C(arxiv_primary_category)
C(arxiv_primary_category)[T.cs.MM],-0.1855918167040031,0.09129692772284308,0.042068944898520186,Log_RCR,Log_RCR_p,hss_reference_share,HSS参考文献占比,OLS,15845,Log_RCR ~ HSS_Continuous * hss_reference_share + log_team_size + log_prior_knowledge + C(year) + C(arxiv_primary_category)
C(arxiv_primary_category)[T.cs.MS],-0.22887338263182283,0.10433345468281659,0.028258995109674206,Log_RCR,Log_RCR_p,hss_reference_share,HSS参考文献占比,OLS,15845,Log_RCR ~ HSS_Continuous * hss_reference_share + log_team_size + log_prior_knowledge + C(year) + C(arxiv_primary_category)
C(arxiv_primary_category)[T.cs.NE],-0.02618575966275842,0.09843340314353752,0.7902198489843932,Log_RCR,Log_RCR_p,hss_reference_share,HSS参考文献占比,OLS,15845,Log_RCR ~ HSS_Continuous * hss_reference_share + log_team_size + log_prior_knowledge + C(year) + C(arxiv_primary_category)
C(arxiv_primary_category)[T.cs.NI],-0.2510406308929422,0.08730807240694749,0.004035891538989125,Log_RCR,Log_RCR_p,hss_reference_share,HSS参考文献占比,OLS,15845,Log_RCR ~ HSS_Continuous * hss_reference_share + log_team_size + log_prior_knowledge + C(year) + C(arxiv_primary_category)
C(arxiv_primary_category)[T.cs.OH],0.8029314880066063,0.7328204275303655,0.2732219433634664,Log_RCR,Log_RCR_p,hss_reference_share,HSS参考文献占比,OLS,15845,Log_RCR ~ HSS_Continuous * hss_reference_share + log_team_size + log_prior_knowledge + C(year) + C(arxiv_primary_category)
C(arxiv_primary_category)[T.cs.PF],-0.43392551720432165,0.08345571631411053,1.9985727194130477e-07,Log_RCR,Log_RCR_p,hss_reference_share,HSS参考文献占比,OLS,15845,Log_RCR ~ HSS_Continuous * hss_reference_share + log_team_size + log_prior_knowledge + C(year) + C(arxiv_primary_category)
C(arxiv_primary_category)[T.cs.PL],-0.2288325249008152,0.11164484167456402,0.04039888161085278,Log_RCR,Log_RCR_p,hss_reference_share,HSS参考文献占比,OLS,15845,Log_RCR ~ HSS_Continuous * hss_reference_share + log_team_size + log_prior_knowledge + C(year) + C(arxiv_primary_category)
C(arxiv_primary_category)[T.cs.RO],-0.15485502953374924,0.08579933727241847,0.07109798324534235,Log_RCR,Log_RCR_p,hss_reference_share,HSS参考文献占比,OLS,15845,Log_RCR ~ HSS_Continuous * hss_reference_share + log_team_size + log_prior_knowledge + C(year) + C(arxiv_primary_category)
C(arxiv_primary_category)[T.cs.SC],-0.02847699753355463,0.0835943082191084,0.733361711807418,Log_RCR,Log_RCR_p,hss_reference_share,HSS参考文献占比,OLS,15845,Log_RCR ~ HSS_Continuous * hss_reference_share + log_team_size + log_prior_knowledge + C(year) + C(arxiv_primary_category)
C(arxiv_primary_category)[T.cs.SD],-0.09225382768355092,0.08602193818389192,0.28352004751236093,Log_RCR,Log_RCR_p,hss_reference_share,HSS参考文献占比,OLS,15845,Log_RCR ~ HSS_Continuous * hss_reference_share + log_team_size + log_prior_knowledge + C(year) + C(arxiv_primary_category)
C(arxiv_primary_category)[T.cs.SE],-0.07428552901363873,0.09795533836851311,0.4482347724278547,Log_RCR,Log_RCR_p,hss_reference_share,HSS参考文献占比,OLS,15845,Log_RCR ~ HSS_Continuous * hss_reference_share + log_team_size + log_prior_knowledge + C(year) + C(arxiv_primary_category)
C(arxiv_primary_category)[T.cs.SI],-0.19519753823298927,0.0865725923518922,0.024150486658335153,Log_RCR,Log_RCR_p,hss_reference_share,HSS参考文献占比,OLS,15845,Log_RCR ~ HSS_Continuous * hss_reference_share + log_team_size + log_prior_knowledge + C(year) + C(arxiv_primary_category)
C(arxiv_primary_category)[T.econ.EM],-0.26429488012198327,0.19844329454476584,0.1829125011837135,Log_RCR,Log_RCR_p,hss_reference_share,HSS参考文献占比,OLS,15845,Log_RCR ~ HSS_Continuous * hss_reference_share + log_team_size + log_prior_knowledge + C(year) + C(arxiv_primary_category)
C(arxiv_primary_category)[T.econ.GN],0.04701414555739631,0.09131774791895804,0.6066639417257633,Log_RCR,Log_RCR_p,hss_reference_share,HSS参考文献占比,OLS,15845,Log_RCR ~ HSS_Continuous * hss_reference_share + log_team_size + log_prior_knowledge + C(year) + C(arxiv_primary_category)
C(arxiv_primary_category)[T.eess.AS],-0.15955035414454574,0.08392233789071293,0.05728018136016145,Log_RCR,Log_RCR_p,hss_reference_share,HSS参考文献占比,OLS,15845,Log_RCR ~ HSS_Continuous * hss_reference_share + log_team_size + log_prior_knowledge + C(year) + C(arxiv_primary_category)
C(arxiv_primary_category)[T.eess.IV],-0.1237846982922496,0.0834059549852393,0.13777628562122007,Log_RCR,Log_RCR_p,hss_reference_share,HSS参考文献占比,OLS,15845,Log_RCR ~ HSS_Continuous * hss_reference_share + log_team_size + log_prior_knowledge + C(year) + C(arxiv_primary_category)
C(arxiv_primary_category)[T.eess.SP],-0.1482686464096445,0.08515057651467826,0.08163934443237267,Log_RCR,Log_RCR_p,hss_reference_share,HSS参考文献占比,OLS,15845,Log_RCR ~ HSS_Continuous * hss_reference_share + log_team_size + log_prior_knowledge + C(year) + C(arxiv_primary_category)
C(arxiv_primary_category)[T.eess.SY],-0.25631766807604944,0.084195066826204,0.002331982621650997,Log_RCR,Log_RCR_p,hss_reference_share,HSS参考文献占比,OLS,15845,Log_RCR ~ HSS_Continuous * hss_reference_share + log_team_size + log_prior_knowledge + C(year) + C(arxiv_primary_category)
C(arxiv_primary_category)[T.gr-qc],-0.4678115154781505,0.08387124391158421,2.4367143543149778e-08,Log_RCR,Log_RCR_p,hss_reference_share,HSS参考文献占比,OLS,15845,Log_RCR ~ HSS_Continuous * hss_reference_share + log_team_size + log_prior_knowledge + C(year) + C(arxiv_primary_category)
C(arxiv_primary_category)[T.hep-ex],0.08577259711545919,0.21393965811292603,0.6884793363333066,Log_RCR,Log_RCR_p,hss_reference_share,HSS参考文献占比,OLS,15845,Log_RCR ~ HSS_Continuous * hss_reference_share + log_team_size + log_prior_knowledge + C(year) + C(arxiv_primary_category)
C(arxiv_primary_category)[T.hep-lat],-0.0598433980375377,0.168628283461199,0.7226768585081955,Log_RCR,Log_RCR_p,hss_reference_share,HSS参考文献占比,OLS,15845,Log_RCR ~ HSS_Continuous * hss_reference_share + log_team_size + log_prior_knowledge + C(year) + C(arxiv_primary_category)
C(arxiv_primary_category)[T.hep-ph],0.1810848655443432,0.14657175983056492,0.21665600684114117,Log_RCR,Log_RCR_p,hss_reference_share,HSS参考文献占比,OLS,15845,Log_RCR ~ HSS_Continuous * hss_reference_share + log_team_size + log_prior_knowledge + C(year) + C(arxiv_primary_category)
C(arxiv_primary_category)[T.hep-th],0.7508999997941328,0.09752590657393166,1.3660754033492734e-14,Log_RCR,Log_RCR_p,hss_reference_share,HSS参考文献占比,OLS,15845,Log_RCR ~ HSS_Continuous * hss_reference_share + log_team_size + log_prior_knowledge + C(year) + C(arxiv_primary_category)
C(arxiv_primary_category)[T.math-ph],-0.21226483798396775,0.08278552729391674,0.0103463656279048,Log_RCR,Log_RCR_p,hss_reference_share,HSS参考文献占比,OLS,15845,Log_RCR ~ HSS_Continuous * hss_reference_share + log_team_size + log_prior_knowledge + C(year) + C(arxiv_primary_category)
C(arxiv_primary_category)[T.math.AG],-0.04221539169330885,0.08355074101891398,0.6133716584975517,Log_RCR,Log_RCR_p,hss_reference_share,HSS参考文献占比,OLS,15845,Log_RCR ~ HSS_Continuous * hss_reference_share + log_team_size + log_prior_knowledge + C(year) + C(arxiv_primary_category)
C(arxiv_primary_category)[T.math.AP],-0.20546916846668833,0.0854382629226108,0.016177570473312003,Log_RCR,Log_RCR_p,hss_reference_share,HSS参考文献占比,OLS,15845,Log_RCR ~ HSS_Continuous * hss_reference_share + log_team_size + log_prior_knowledge + C(year) + C(arxiv_primary_category)
C(arxiv_primary_category)[T.math.CO],-0.13867237744660216,0.0874366770480345,0.1127449974850436,Log_RCR,Log_RCR_p,hss_reference_share,HSS参考文献占比,OLS,15845,Log_RCR ~ HSS_Continuous * hss_reference_share + log_team_size + log_prior_knowledge + C(year) + C(arxiv_primary_category)
C(arxiv_primary_category)[T.math.DS],-0.14813916557330592,0.11087563589307535,0.1815218117738795,Log_RCR,Log_RCR_p,hss_reference_share,HSS参考文献占比,OLS,15845,Log_RCR ~ HSS_Continuous * hss_reference_share + log_team_size + log_prior_knowledge + C(year) + C(arxiv_primary_category)
C(arxiv_primary_category)[T.math.GM],-0.18428753071076254,0.09120973617182782,0.043333528368089666,Log_RCR,Log_RCR_p,hss_reference_share,HSS参考文献占比,OLS,15845,Log_RCR ~ HSS_Continuous * hss_reference_share + log_team_size + log_prior_knowledge + C(year) + C(arxiv_primary_category)
C(arxiv_primary_category)[T.math.GR],-0.15706952053369103,0.08442579295093348,0.06282263296794224,Log_RCR,Log_RCR_p,hss_reference_share,HSS参考文献占比,OLS,15845,Log_RCR ~ HSS_Continuous * hss_reference_share + log_team_size + log_prior_knowledge + C(year) + C(arxiv_primary_category)
C(arxiv_primary_category)[T.math.LO],-0.032852425001099486,0.08433860081431652,0.696884036626366,Log_RCR,Log_RCR_p,hss_reference_share,HSS参考文献占比,OLS,15845,Log_RCR ~ HSS_Continuous * hss_reference_share + log_team_size + log_prior_knowledge + C(year) + C(arxiv_primary_category)
C(arxiv_primary_category)[T.math.NA],-0.15246538591034436,0.08964421500652105,0.08898368193146343,Log_RCR,Log_RCR_p,hss_reference_share,HSS参考文献占比,OLS,15845,Log_RCR ~ HSS_Continuous * hss_reference_share + log_team_size + log_prior_knowledge + C(year) + C(arxiv_primary_category)
C(arxiv_primary_category)[T.math.NT],-0.242085613555159,0.11160362168555885,0.030070877745093223,Log_RCR,Log_RCR_p,hss_reference_share,HSS参考文献占比,OLS,15845,Log_RCR ~ HSS_Continuous * hss_reference_share + log_team_size + log_prior_knowledge + C(year) + C(arxiv_primary_category)
C(arxiv_primary_category)[T.math.OC],-0.10608322300306819,0.09070727337345769,0.24219750562995623,Log_RCR,Log_RCR_p,hss_reference_share,HSS参考文献占比,OLS,15845,Log_RCR ~ HSS_Continuous * hss_reference_share + log_team_size + log_prior_knowledge + C(year) + C(arxiv_primary_category)
C(arxiv_primary_category)[T.math.PR],-0.15083320846756984,0.08749667844916896,0.08473067571489168,Log_RCR,Log_RCR_p,hss_reference_share,HSS参考文献占比,OLS,15845,Log_RCR ~ HSS_Continuous * hss_reference_share + log_team_size + log_prior_knowledge + C(year) + C(arxiv_primary_category)
C(arxiv_primary_category)[T.math.ST],-0.08343912457449498,0.10414861864750863,0.4230422634770634,Log_RCR,Log_RCR_p,hss_reference_share,HSS参考文献占比,OLS,15845,Log_RCR ~ HSS_Continuous * hss_reference_share + log_team_size + log_prior_knowledge + C(year) + C(arxiv_primary_category)
C(arxiv_primary_category)[T.nlin.AO],-0.1329819568548527,0.08537988261020442,0.11934406932255019,Log_RCR,Log_RCR_p,hss_reference_share,HSS参考文献占比,OLS,15845,Log_RCR ~ HSS_Continuous * hss_reference_share + log_team_size + log_prior_knowledge + C(year) + C(arxiv_primary_category)
C(arxiv_primary_category)[T.nlin.PS],-0.21589079000183733,0.08219369941358141,0.008624012203608526,Log_RCR,Log_RCR_p,hss_reference_share,HSS参考文献占比,OLS,15845,Log_RCR ~ HSS_Continuous * hss_reference_share + log_team_size + log_prior_knowledge + C(year) + C(arxiv_primary_category)
C(arxiv_primary_category)[T.nucl-th],-0.2471879146844792,0.08282216981683334,0.002839844872938696,Log_RCR,Log_RCR_p,hss_reference_share,HSS参考文献占比,OLS,15845,Log_RCR ~ HSS_Continuous * hss_reference_share + log_team_size + log_prior_knowledge + C(year) + C(arxiv_primary_category)
C(arxiv_primary_category)[T.physics.acc-ph],-0.15539162123517014,0.08770030181109706,0.0764197602783586,Log_RCR,Log_RCR_p,hss_reference_share,HSS参考文献占比,OLS,15845,Log_RCR ~ HSS_Continuous * hss_reference_share + log_team_size + log_prior_knowledge + C(year) + C(arxiv_primary_category)
C(arxiv_primary_category)[T.physics.ao-ph],-0.10668376673941889,0.09750340268476808,0.27388731335467387,Log_RCR,Log_RCR_p,hss_reference_share,HSS参考文献占比,OLS,15845,Log_RCR ~ HSS_Continuous * hss_reference_share + log_team_size + log_prior_knowledge + C(year) + C(arxiv_primary_category)
C(arxiv_primary_category)[T.physics.app-ph],-0.1636877811141836,0.09395793659640544,0.08148413328245528,Log_RCR,Log_RCR_p,hss_reference_share,HSS参考文献占比,OLS,15845,Log_RCR ~ HSS_Continuous * hss_reference_share + log_team_size + log_prior_knowledge + C(year) + C(arxiv_primary_category)
C(arxiv_primary_category)[T.physics.atom-ph],-0.3057549299095564,0.08168749890961059,0.00018184844593715742,Log_RCR,Log_RCR_p,hss_reference_share,HSS参考文献占比,OLS,15845,Log_RCR ~ HSS_Continuous * hss_reference_share + log_team_size + log_prior_knowledge + C(year) + C(arxiv_primary_category)
C(arxiv_primary_category)[T.physics.bio-ph],-0.2194588917475609,0.08773104782005568,0.012366973375883047,Log_RCR,Log_RCR_p,hss_reference_share,HSS参考文献占比,OLS,15845,Log_RCR ~ HSS_Continuous * hss_reference_share + log_team_size + log_prior_knowledge + C(year) + C(arxiv_primary_category)
C(arxiv_primary_category)[T.physics.chem-ph],-0.02795753367319929,0.1426863667152541,0.8446595039377198,Log_RCR,Log_RCR_p,hss_reference_share,HSS参考文献占比,OLS,15845,Log_RCR ~ HSS_Continuous * hss_reference_share + log_team_size + log_prior_knowledge + C(year) + C(arxiv_primary_category)
C(arxiv_primary_category)[T.physics.comp-ph],0.035854814454986464,0.1306489765561142,0.7837493928233141,Log_RCR,Log_RCR_p,hss_reference_share,HSS参考文献占比,OLS,15845,Log_RCR ~ HSS_Continuous * hss_reference_share + log_team_size + log_prior_knowledge + C(year) + C(arxiv_primary_category)
C(arxiv_primary_category)[T.physics.data-an],-0.012555157427424081,0.1803906395155752,0.9445121740920477,Log_RCR,Log_RCR_p,hss_reference_share,HSS参考文献占比,OLS,15845,Log_RCR ~ HSS_Continuous * hss_reference_share + log_team_size + log_prior_knowledge + C(year) + C(arxiv_primary_category)
C(arxiv_primary_category)[T.physics.ed-ph],-0.08013105352803232,0.17102266396762988,0.6393980778465482,Log_RCR,Log_RCR_p,hss_reference_share,HSS参考文献占比,OLS,15845,Log_RCR ~ HSS_Continuous * hss_reference_share + log_team_size + log_prior_knowledge + C(year) + C(arxiv_primary_category)
C(arxiv_primary_category)[T.physics.flu-dyn],-0.209520864623678,0.11124509562182061,0.059643926541171975,Log_RCR,Log_RCR_p,hss_reference_share,HSS参考文献占比,OLS,15845,Log_RCR ~ HSS_Continuous * hss_reference_share + log_team_size + log_prior_knowledge + C(year) + C(arxiv_primary_category)
C(arxiv_primary_category)[T.physics.geo-ph],0.012123985987957808,0.18155737322808002,0.9467586670120212,Log_RCR,Log_RCR_p,hss_reference_share,HSS参考文献占比,OLS,15845,Log_RCR ~ HSS_Continuous * hss_reference_share + log_team_size + log_prior_knowledge + C(year) + C(arxiv_primary_category)
C(arxiv_primary_category)[T.physics.ins-det],-0.2301875939103632,0.09374225479944392,0.014067419203453316,Log_RCR,Log_RCR_p,hss_reference_share,HSS参考文献占比,OLS,15845,Log_RCR ~ HSS_Continuous * hss_reference_share + log_team_size + log_prior_knowledge + C(year) + C(arxiv_primary_category)
C(arxiv_primary_category)[T.physics.med-ph],-0.18501114624362947,0.09698911215734954,0.056449982504238605,Log_RCR,Log_RCR_p,hss_reference_share,HSS参考文献占比,OLS,15845,Log_RCR ~ HSS_Continuous * hss_reference_share + log_team_size + log_prior_knowledge + C(year) + C(arxiv_primary_category)
C(arxiv_primary_category)[T.physics.optics],-0.21543807326563216,0.10097477277213165,0.03287691890483544,Log_RCR,Log_RCR_p,hss_reference_share,HSS参考文献占比,OLS,15845,Log_RCR ~ HSS_Continuous * hss_reference_share + log_team_size + log_prior_knowledge + C(year) + C(arxiv_primary_category)
C(arxiv_primary_category)[T.physics.soc-ph],-0.17346693862601137,0.09263943663248943,0.06113806835556857,Log_RCR,Log_RCR_p,hss_reference_share,HSS参考文献占比,OLS,15845,Log_RCR ~ HSS_Continuous * hss_reference_share + log_team_size + log_prior_knowledge + C(year) + C(arxiv_primary_category)
C(arxiv_primary_category)[T.physics.space-ph],-0.46610165690656824,0.23339356749087256,0.04581834019428023,Log_RCR,Log_RCR_p,hss_reference_share,HSS参考文献占比,OLS,15845,Log_RCR ~ HSS_Continuous * hss_reference_share + log_team_size + log_prior_knowledge + C(year) + C(arxiv_primary_category)
C(arxiv_primary_category)[T.q-bio.BM],0.15149249606767015,0.17009187894405045,0.373116448715617,Log_RCR,Log_RCR_p,hss_reference_share,HSS参考文献占比,OLS,15845,Log_RCR ~ HSS_Continuous * hss_reference_share + log_team_size + log_prior_knowledge + C(year) + C(arxiv_primary_category)
C(arxiv_primary_category)[T.q-bio.GN],-0.12965648942242192,0.14983120633238486,0.3868465138265009,Log_RCR,Log_RCR_p,hss_reference_share,HSS参考文献占比,OLS,15845,Log_RCR ~ HSS_Continuous * hss_reference_share + log_team_size + log_prior_knowledge + C(year) + C(arxiv_primary_category)
C(arxiv_primary_category)[T.q-bio.MN],-0.1957526634748431,0.09382205054368792,0.03694015040847593,Log_RCR,Log_RCR_p,hss_reference_share,HSS参考文献占比,OLS,15845,Log_RCR ~ HSS_Continuous * hss_reference_share + log_team_size + log_prior_knowledge + C(year) + C(arxiv_primary_category)
C(arxiv_primary_category)[T.q-bio.NC],-0.2304934049641277,0.08608570144649937,0.007417658065768381,Log_RCR,Log_RCR_p,hss_reference_share,HSS参考文献占比,OLS,15845,Log_RCR ~ HSS_Continuous * hss_reference_share + log_team_size + log_prior_knowledge + C(year) + C(arxiv_primary_category)
C(arxiv_primary_category)[T.q-bio.OT],0.3435321251917095,0.3046169383876434,0.2594249977644607,Log_RCR,Log_RCR_p,hss_reference_share,HSS参考文献占比,OLS,15845,Log_RCR ~ HSS_Continuous * hss_reference_share + log_team_size + log_prior_knowledge + C(year) + C(arxiv_primary_category)
C(arxiv_primary_category)[T.q-bio.PE],0.05585575322593556,0.26548956580080585,0.8333650503518237,Log_RCR,Log_RCR_p,hss_reference_share,HSS参考文献占比,OLS,15845,Log_RCR ~ HSS_Continuous * hss_reference_share + log_team_size + log_prior_knowledge + C(year) + C(arxiv_primary_category)
C(arxiv_primary_category)[T.q-bio.QM],-0.17750457087815788,0.09200799164545903,0.053702324636065744,Log_RCR,Log_RCR_p,hss_reference_share,HSS参考文献占比,OLS,15845,Log_RCR ~ HSS_Continuous * hss_reference_share + log_team_size + log_prior_knowledge + C(year) + C(arxiv_primary_category)
C(arxiv_primary_category)[T.q-bio.TO],0.0465036578614038,0.19359774136205862,0.8101692859850449,Log_RCR,Log_RCR_p,hss_reference_share,HSS参考文献占比,OLS,15845,Log_RCR ~ HSS_Continuous * hss_reference_share + log_team_size + log_prior_knowledge + C(year) + C(arxiv_primary_category)
C(arxiv_primary_category)[T.q-fin.CP],-0.16432783558751654,0.1008478965930117,0.10321521036395824,Log_RCR,Log_RCR_p,hss_reference_share,HSS参考文献占比,OLS,15845,Log_RCR ~ HSS_Continuous * hss_reference_share + log_team_size + log_prior_knowledge + C(year) + C(arxiv_primary_category)
C(arxiv_primary_category)[T.q-fin.GN],-0.16093598692539823,0.08977905329319061,0.07304037129731657,Log_RCR,Log_RCR_p,hss_reference_share,HSS参考文献占比,OLS,15845,Log_RCR ~ HSS_Continuous * hss_reference_share + log_team_size + log_prior_knowledge + C(year) + C(arxiv_primary_category)
C(arxiv_primary_category)[T.q-fin.MF],-0.13748998866292583,0.18028181257800216,0.4456785621401992,Log_RCR,Log_RCR_p,hss_reference_share,HSS参考文献占比,OLS,15845,Log_RCR ~ HSS_Continuous * hss_reference_share + log_team_size + log_prior_knowledge + C(year) + C(arxiv_primary_category)
C(arxiv_primary_category)[T.q-fin.PM],-0.4468224727587582,0.16589094324950424,0.0070712260971218304,Log_RCR,Log_RCR_p,hss_reference_share,HSS参考文献占比,OLS,15845,Log_RCR ~ HSS_Continuous * hss_reference_share + log_team_size + log_prior_knowledge + C(year) + C(arxiv_primary_category)
C(arxiv_primary_category)[T.q-fin.PR],0.6563894801478778,0.10364771689501437,2.4061276166119213e-10,Log_RCR,Log_RCR_p,hss_reference_share,HSS参考文献占比,OLS,15845,Log_RCR ~ HSS_Continuous * hss_reference_share + log_team_size + log_prior_knowledge + C(year) + C(arxiv_primary_category)
C(arxiv_primary_category)[T.q-fin.ST],-0.044862193204006445,0.11199648801955767,0.6887383147026471,Log_RCR,Log_RCR_p,hss_reference_share,HSS参考文献占比,OLS,15845,Log_RCR ~ HSS_Continuous * hss_reference_share + log_team_size + log_prior_knowledge + C(year) + C(arxiv_primary_category)
C(arxiv_primary_category)[T.q-fin.TR],-0.2758540179640776,0.13405322251282875,0.03960983992934486,Log_RCR,Log_RCR_p,hss_reference_share,HSS参考文献占比,OLS,15845,Log_RCR ~ HSS_Continuous * hss_reference_share + log_team_size + log_prior_knowledge + C(year) + C(arxiv_primary_category)
C(arxiv_primary_category)[T.quant-ph],0.012436243263485724,0.09760003237578961,0.8986076053073906,Log_RCR,Log_RCR_p,hss_reference_share,HSS参考文献占比,OLS,15845,Log_RCR ~ HSS_Continuous * hss_reference_share + log_team_size + log_prior_knowledge + C(year) + C(arxiv_primary_category)
C(arxiv_primary_category)[T.stat.AP],-0.16403984394116103,0.08896815086201235,0.06521169071420876,Log_RCR,Log_RCR_p,hss_reference_share,HSS参考文献占比,OLS,15845,Log_RCR ~ HSS_Continuous * hss_reference_share + log_team_size + log_prior_knowledge + C(year) + C(arxiv_primary_category)
C(arxiv_primary_category)[T.stat.CO],0.11831113984698927,0.2932043512914594,0.6865724474130215,Log_RCR,Log_RCR_p,hss_reference_share,HSS参考文献占比,OLS,15845,Log_RCR ~ HSS_Continuous * hss_reference_share + log_team_size + log_prior_knowledge + C(year) + C(arxiv_primary_category)
C(arxiv_primary_category)[T.stat.ME],-0.20031890864508817,0.09761159779502569,0.04014984369539294,Log_RCR,Log_RCR_p,hss_reference_share,HSS参考文献占比,OLS,15845,Log_RCR ~ HSS_Continuous * hss_reference_share + log_team_size + log_prior_knowledge + C(year) + C(arxiv_primary_category)
C(arxiv_primary_category)[T.stat.ML],0.12438146684166046,0.08717023829748849,0.15361449579116115,Log_RCR,Log_RCR_p,hss_reference_share,HSS参考文献占比,OLS,15845,Log_RCR ~ HSS_Continuous * hss_reference_share + log_team_size + log_prior_knowledge + C(year) + C(arxiv_primary_category)
HSS_Continuous,-0.006702430577269594,0.007430201652041584,0.3670290797209095,Log_RCR,Log_RCR_p,hss_reference_share,HSS参考文献占比,OLS,15845,Log_RCR ~ HSS_Continuous * hss_reference_share + log_team_size + log_prior_knowledge + C(year) + C(arxiv_primary_category)
hss_reference_share,-0.17534807991068593,0.055119306216506694,0.0014664298203971907,Log_RCR,Log_RCR_p,hss_reference_share,HSS参考文献占比,OLS,15845,Log_RCR ~ HSS_Continuous * hss_reference_share + log_team_size + log_prior_knowledge + C(year) + C(arxiv_primary_category)
HSS_Continuous:hss_reference_share,0.05876753557122892,0.018776768332574176,0.001749251633236371,Log_RCR,Log_RCR_p,hss_reference_share,HSS参考文献占比,OLS,15845,Log_RCR ~ HSS_Continuous * hss_reference_share + log_team_size + log_prior_knowledge + C(year) + C(arxiv_primary_category)
log_team_size,0.13012982948795107,0.019839837397493898,5.4163651757616886e-11,Log_RCR,Log_RCR_p,hss_reference_share,HSS参考文献占比,OLS,15845,Log_RCR ~ HSS_Continuous * hss_reference_share + log_team_size + log_prior_knowledge + C(year) + C(arxiv_primary_category)
log_prior_knowledge,0.06240545290787706,0.004902496866897639,4.063612379278157e-37,Log_RCR,Log_RCR_p,hss_reference_share,HSS参考文献占比,OLS,15845,Log_RCR ~ HSS_Continuous * hss_reference_share + log_team_size + log_prior_knowledge + C(year) + C(arxiv_primary_category)
Intercept,-0.09073702321547017,0.13598531921996962,0.5046086120128771,Log_RCR,Log_RCR_p,cs_core_reference_share,CS核心参考文献占比,OLS,15845,Log_RCR ~ HSS_Continuous * cs_core_reference_share + log_team_size + log_prior_knowledge + C(year) + C(arxiv_primary_category)
C(year)[T.2015],-0.01951813210200512,0.12704385092491116,0.8778990898178435,Log_RCR,Log_RCR_p,cs_core_reference_share,CS核心参考文献占比,OLS,15845,Log_RCR ~ HSS_Continuous * cs_core_reference_share + log_team_size + log_prior_knowledge + C(year) + C(arxiv_primary_category)
C(year)[T.2016],0.0251554879680837,0.11342037954499748,0.8244774880726936,Log_RCR,Log_RCR_p,cs_core_reference_share,CS核心参考文献占比,OLS,15845,Log_RCR ~ HSS_Continuous * cs_core_reference_share + log_team_size + log_prior_knowledge + C(year) + C(arxiv_primary_category)
C(year)[T.2017],0.06371587281728637,0.11012252533633717,0.5628653581216276,Log_RCR,Log_RCR_p,cs_core_reference_share,CS核心参考文献占比,OLS,15845,Log_RCR ~ HSS_Continuous * cs_core_reference_share + log_team_size + log_prior_knowledge + C(year) + C(arxiv_primary_category)
C(year)[T.2018],0.0426048484075143,0.10949550837570422,0.69720118648817,Log_RCR,Log_RCR_p,cs_core_reference_share,CS核心参考文献占比,OLS,15845,Log_RCR ~ HSS_Continuous * cs_core_reference_share + log_team_size + log_prior_knowledge + C(year) + C(arxiv_primary_category)
C(year)[T.2019],-0.00583264588774639,0.1092293090024006,0.9574146583272005,Log_RCR,Log_RCR_p,cs_core_reference_share,CS核心参考文献占比,OLS,15845,Log_RCR ~ HSS_Continuous * cs_core_reference_share + log_team_size + log_prior_knowledge + C(year) + C(arxiv_primary_category)
C(year)[T.2020],-0.017296737111732092,0.1090807835469332,0.8740091306295313,Log_RCR,Log_RCR_p,cs_core_reference_share,CS核心参考文献占比,OLS,15845,Log_RCR ~ HSS_Continuous * cs_core_reference_share + log_team_size + log_prior_knowledge + C(year) + C(arxiv_primary_category)
C(year)[T.2021],-0.010621384510763276,0.10903563955381365,0.9223991805396564,Log_RCR,Log_RCR_p,cs_core_reference_share,CS核心参考文献占比,OLS,15845,Log_RCR ~ HSS_Continuous * cs_core_reference_share + log_team_size + log_prior_knowledge + C(year) + C(arxiv_primary_category)
C(year)[T.2022],0.18120374112059642,0.13578260257861885,0.18203556541909494,Log_RCR,Log_RCR_p,cs_core_reference_share,CS核心参考文献占比,OLS,15845,Log_RCR ~ HSS_Continuous * cs_core_reference_share + log_team_size + log_prior_knowledge + C(year) + C(arxiv_primary_category)
C(year)[T.2023],0.20670273625479946,0.11556007048837169,0.07366253199223803,Log_RCR,Log_RCR_p,cs_core_reference_share,CS核心参考文献占比,OLS,15845,Log_RCR ~ HSS_Continuous * cs_core_reference_share + log_team_size + log_prior_knowledge + C(year) + C(arxiv_primary_category)
C(year)[T.2024],0.8271408492113091,0.2788827745890547,0.00301790059231861,Log_RCR,Log_RCR_p,cs_core_reference_share,CS核心参考文献占比,OLS,15845,Log_RCR ~ HSS_Continuous * cs_core_reference_share + log_team_size + log_prior_knowledge + C(year) + C(arxiv_primary_category)
C(year)[T.2025],0.2710006612394777,0.24272005747246095,0.264201618674085,Log_RCR,Log_RCR_p,cs_core_reference_share,CS核心参考文献占比,OLS,15845,Log_RCR ~ HSS_Continuous * cs_core_reference_share + log_team_size + log_prior_knowledge + C(year) + C(arxiv_primary_category)
C(arxiv_primary_category)[T.astro-ph.GA],-0.2923863344572181,0.09013491630100318,0.0011791578931493474,Log_RCR,Log_RCR_p,cs_core_reference_share,CS核心参考文献占比,OLS,15845,Log_RCR ~ HSS_Continuous * cs_core_reference_share + log_team_size + log_prior_knowledge + C(year) + C(arxiv_primary_category)
C(arxiv_primary_category)[T.astro-ph.HE],-0.3266271810273123,0.07784319593662137,2.7171443482973416e-05,Log_RCR,Log_RCR_p,cs_core_reference_share,CS核心参考文献占比,OLS,15845,Log_RCR ~ HSS_Continuous * cs_core_reference_share + log_team_size + log_prior_knowledge + C(year) + C(arxiv_primary_category)
C(arxiv_primary_category)[T.astro-ph.IM],-0.02948443579462372,0.15162408456423007,0.8458176944784422,Log_RCR,Log_RCR_p,cs_core_reference_share,CS核心参考文献占比,OLS,15845,Log_RCR ~ HSS_Continuous * cs_core_reference_share + log_team_size + log_prior_knowledge + C(year) + C(arxiv_primary_category)
C(arxiv_primary_category)[T.astro-ph.SR],-0.30169472753392984,0.08532287932666278,0.00040636039730868165,Log_RCR,Log_RCR_p,cs_core_reference_share,CS核心参考文献占比,OLS,15845,Log_RCR ~ HSS_Continuous * cs_core_reference_share + log_team_size + log_prior_knowledge + C(year) + C(arxiv_primary_category)
C(arxiv_primary_category)[T.cond-mat.dis-nn],0.12336742731740753,0.2788485812566185,0.6581872861054849,Log_RCR,Log_RCR_p,cs_core_reference_share,CS核心参考文献占比,OLS,15845,Log_RCR ~ HSS_Continuous * cs_core_reference_share + log_team_size + log_prior_knowledge + C(year) + C(arxiv_primary_category)
C(arxiv_primary_category)[T.cond-mat.mes-hall],-0.20005374164834866,0.07834747566163179,0.010667183454490348,Log_RCR,Log_RCR_p,cs_core_reference_share,CS核心参考文献占比,OLS,15845,Log_RCR ~ HSS_Continuous * cs_core_reference_share + log_team_size + log_prior_knowledge + C(year) + C(arxiv_primary_category)
C(arxiv_primary_category)[T.cond-mat.mtrl-sci],-0.23253405613551037,0.09758321467872623,0.01717541862886655,Log_RCR,Log_RCR_p,cs_core_reference_share,CS核心参考文献占比,OLS,15845,Log_RCR ~ HSS_Continuous * cs_core_reference_share + log_team_size + log_prior_knowledge + C(year) + C(arxiv_primary_category)
C(arxiv_primary_category)[T.cond-mat.other],-0.030970365819754125,0.07898251078491003,0.6949719482553567,Log_RCR,Log_RCR_p,cs_core_reference_share,CS核心参考文献占比,OLS,15845,Log_RCR ~ HSS_Continuous * cs_core_reference_share + log_team_size + log_prior_knowledge + C(year) + C(arxiv_primary_category)
C(arxiv_primary_category)[T.cond-mat.soft],-0.2658514673438601,0.11129283937707599,0.01690551363402351,Log_RCR,Log_RCR_p,cs_core_reference_share,CS核心参考文献占比,OLS,15845,Log_RCR ~ HSS_Continuous * cs_core_reference_share + log_team_size + log_prior_knowledge + C(year) + C(arxiv_primary_category)
C(arxiv_primary_category)[T.cond-mat.stat-mech],-0.1665146319135329,0.08895098382804943,0.061209107340675764,Log_RCR,Log_RCR_p,cs_core_reference_share,CS核心参考文献占比,OLS,15845,Log_RCR ~ HSS_Continuous * cs_core_reference_share + log_team_size + log_prior_knowledge + C(year) + C(arxiv_primary_category)
C(arxiv_primary_category)[T.cond-mat.str-el],0.09998329399625396,0.07751388224977773,0.1970937255830003,Log_RCR,Log_RCR_p,cs_core_reference_share,CS核心参考文献占比,OLS,15845,Log_RCR ~ HSS_Continuous * cs_core_reference_share + log_team_size + log_prior_knowledge + C(year) + C(arxiv_primary_category)
C(arxiv_primary_category)[T.cs.AI],-0.1369113004484947,0.0834661709966321,0.10093847292935768,Log_RCR,Log_RCR_p,cs_core_reference_share,CS核心参考文献占比,OLS,15845,Log_RCR ~ HSS_Continuous * cs_core_reference_share + log_team_size + log_prior_knowledge + C(year) + C(arxiv_primary_category)
C(arxiv_primary_category)[T.cs.AR],-0.2719373964159219,0.09685615531057293,0.004990569323778035,Log_RCR,Log_RCR_p,cs_core_reference_share,CS核心参考文献占比,OLS,15845,Log_RCR ~ HSS_Continuous * cs_core_reference_share + log_team_size + log_prior_knowledge + C(year) + C(arxiv_primary_category)
C(arxiv_primary_category)[T.cs.CC],-0.2704019472977278,0.10322654834039384,0.00880587628939414,Log_RCR,Log_RCR_p,cs_core_reference_share,CS核心参考文献占比,OLS,15845,Log_RCR ~ HSS_Continuous * cs_core_reference_share + log_team_size + log_prior_knowledge + C(year) + C(arxiv_primary_category)
C(arxiv_primary_category)[T.cs.CE],-0.10307627074295435,0.1026494959655216,0.3153026591016054,Log_RCR,Log_RCR_p,cs_core_reference_share,CS核心参考文献占比,OLS,15845,Log_RCR ~ HSS_Continuous * cs_core_reference_share + log_team_size + log_prior_knowledge + C(year) + C(arxiv_primary_category)
C(arxiv_primary_category)[T.cs.CG],-0.22026905457700705,0.10462164620080473,0.03525763386181192,Log_RCR,Log_RCR_p,cs_core_reference_share,CS核心参考文献占比,OLS,15845,Log_RCR ~ HSS_Continuous * cs_core_reference_share + log_team_size + log_prior_knowledge + C(year) + C(arxiv_primary_category)
C(arxiv_primary_category)[T.cs.CL],-0.1405955022124829,0.07902066738623154,0.07520297400097209,Log_RCR,Log_RCR_p,cs_core_reference_share,CS核心参考文献占比,OLS,15845,Log_RCR ~ HSS_Continuous * cs_core_reference_share + log_team_size + log_prior_knowledge + C(year) + C(arxiv_primary_category)
C(arxiv_primary_category)[T.cs.CR],-0.12635020021120313,0.08409092620505881,0.13295703069933845,Log_RCR,Log_RCR_p,cs_core_reference_share,CS核心参考文献占比,OLS,15845,Log_RCR ~ HSS_Continuous * cs_core_reference_share + log_team_size + log_prior_knowledge + C(year) + C(arxiv_primary_category)
C(arxiv_primary_category)[T.cs.CV],-0.05878049466991371,0.07858030273312548,0.4544415188426546,Log_RCR,Log_RCR_p,cs_core_reference_share,CS核心参考文献占比,OLS,15845,Log_RCR ~ HSS_Continuous * cs_core_reference_share + log_team_size + log_prior_knowledge + C(year) + C(arxiv_primary_category)
C(arxiv_primary_category)[T.cs.CY],0.12348039940589799,0.13219632947081406,0.3502686678096151,Log_RCR,Log_RCR_p,cs_core_reference_share,CS核心参考文献占比,OLS,15845,Log_RCR ~ HSS_Continuous * cs_core_reference_share + log_team_size + log_prior_knowledge + C(year) + C(arxiv_primary_category)
C(arxiv_primary_category)[T.cs.DB],-0.23934636232751128,0.08827030887972363,0.0066976291489652595,Log_RCR,Log_RCR_p,cs_core_reference_share,CS核心参考文献占比,OLS,15845,Log_RCR ~ HSS_Continuous * cs_core_reference_share + log_team_size + log_prior_knowledge + C(year) + C(arxiv_primary_category)
C(arxiv_primary_category)[T.cs.DC],-0.17141109998464069,0.10472612379088188,0.10168148568326714,Log_RCR,Log_RCR_p,cs_core_reference_share,CS核心参考文献占比,OLS,15845,Log_RCR ~ HSS_Continuous * cs_core_reference_share + log_team_size + log_prior_knowledge + C(year) + C(arxiv_primary_category)
C(arxiv_primary_category)[T.cs.DL],-0.36937540474029684,0.0960096882359249,0.0001194402439508435,Log_RCR,Log_RCR_p,cs_core_reference_share,CS核心参考文献占比,OLS,15845,Log_RCR ~ HSS_Continuous * cs_core_reference_share + log_team_size + log_prior_knowledge + C(year) + C(arxiv_primary_category)
C(arxiv_primary_category)[T.cs.DM],-0.21219397232299023,0.078910064215109,0.007165333478860084,Log_RCR,Log_RCR_p,cs_core_reference_share,CS核心参考文献占比,OLS,15845,Log_RCR ~ HSS_Continuous * cs_core_reference_share + log_team_size + log_prior_knowledge + C(year) + C(arxiv_primary_category)
C(arxiv_primary_category)[T.cs.DS],-0.23209068213186557,0.09111065876490082,0.010854469231904794,Log_RCR,Log_RCR_p,cs_core_reference_share,CS核心参考文献占比,OLS,15845,Log_RCR ~ HSS_Continuous * cs_core_reference_share + log_team_size + log_prior_knowledge + C(year) + C(arxiv_primary_category)
C(arxiv_primary_category)[T.cs.ET],-0.19578593108849696,0.11781447674283795,0.09654976063849635,Log_RCR,Log_RCR_p,cs_core_reference_share,CS核心参考文献占比,OLS,15845,Log_RCR ~ HSS_Continuous * cs_core_reference_share + log_team_size + log_prior_knowledge + C(year) + C(arxiv_primary_category)
C(arxiv_primary_category)[T.cs.FL],-0.19523218258429456,0.08518005354865751,0.021905982001019734,Log_RCR,Log_RCR_p,cs_core_reference_share,CS核心参考文献占比,OLS,15845,Log_RCR ~ HSS_Continuous * cs_core_reference_share + log_team_size + log_prior_knowledge + C(year) + C(arxiv_primary_category)
C(arxiv_primary_category)[T.cs.GR],-0.0944982725328793,0.09268482336522585,0.3079344499032737,Log_RCR,Log_RCR_p,cs_core_reference_share,CS核心参考文献占比,OLS,15845,Log_RCR ~ HSS_Continuous * cs_core_reference_share + log_team_size + log_prior_knowledge + C(year) + C(arxiv_primary_category)
C(arxiv_primary_category)[T.cs.GT],-0.15004848795643577,0.2004092305781316,0.4540317355299208,Log_RCR,Log_RCR_p,cs_core_reference_share,CS核心参考文献占比,OLS,15845,Log_RCR ~ HSS_Continuous * cs_core_reference_share + log_team_size + log_prior_knowledge + C(year) + C(arxiv_primary_category)
C(arxiv_primary_category)[T.cs.HC],-0.23758054879799476,0.09104923387928605,0.009071082415800773,Log_RCR,Log_RCR_p,cs_core_reference_share,CS核心参考文献占比,OLS,15845,Log_RCR ~ HSS_Continuous * cs_core_reference_share + log_team_size + log_prior_knowledge + C(year) + C(arxiv_primary_category)
C(arxiv_primary_category)[T.cs.IR],-0.15737499282158252,0.08504607063953923,0.06424619281589801,Log_RCR,Log_RCR_p,cs_core_reference_share,CS核心参考文献占比,OLS,15845,Log_RCR ~ HSS_Continuous * cs_core_reference_share + log_team_size + log_prior_knowledge + C(year) + C(arxiv_primary_category)
C(arxiv_primary_category)[T.cs.IT],-0.29409650503452894,0.07826543003015286,0.00017149543845916914,Log_RCR,Log_RCR_p,cs_core_reference_share,CS核心参考文献占比,OLS,15845,Log_RCR ~ HSS_Continuous * cs_core_reference_share + log_team_size + log_prior_knowledge + C(year) + C(arxiv_primary_category)
C(arxiv_primary_category)[T.cs.LG],0.03553571431072807,0.07899730273841375,0.6528297599818423,Log_RCR,Log_RCR_p,cs_core_reference_share,CS核心参考文献占比,OLS,15845,Log_RCR ~ HSS_Continuous * cs_core_reference_share + log_team_size + log_prior_knowledge + C(year) + C(arxiv_primary_category)
C(arxiv_primary_category)[T.cs.LO],-0.22142939141216378,0.08488429979736865,0.009091279632327589,Log_RCR,Log_RCR_p,cs_core_reference_share,CS核心参考文献占比,OLS,15845,Log_RCR ~ HSS_Continuous * cs_core_reference_share + log_team_size + log_prior_knowledge + C(year) + C(arxiv_primary_category)
C(arxiv_primary_category)[T.cs.MA],-0.1102556095752063,0.18649090664856796,0.5543785713386449,Log_RCR,Log_RCR_p,cs_core_reference_share,CS核心参考文献占比,OLS,15845,Log_RCR ~ HSS_Continuous * cs_core_reference_share + log_team_size + log_prior_knowledge + C(year) + C(arxiv_primary_category)
C(arxiv_primary_category)[T.cs.MM],-0.2655348036575315,0.08798845482963866,0.002545859035685355,Log_RCR,Log_RCR_p,cs_core_reference_share,CS核心参考文献占比,OLS,15845,Log_RCR ~ HSS_Continuous * cs_core_reference_share + log_team_size + log_prior_knowledge + C(year) + C(arxiv_primary_category)
C(arxiv_primary_category)[T.cs.MS],-0.3173427111275629,0.1018884793692762,0.0018418927947741338,Log_RCR,Log_RCR_p,cs_core_reference_share,CS核心参考文献占比,OLS,15845,Log_RCR ~ HSS_Continuous * cs_core_reference_share + log_team_size + log_prior_knowledge + C(year) + C(arxiv_primary_category)
C(arxiv_primary_category)[T.cs.NE],-0.07833916322704051,0.09448729509618106,0.40704933960229583,Log_RCR,Log_RCR_p,cs_core_reference_share,CS核心参考文献占比,OLS,15845,Log_RCR ~ HSS_Continuous * cs_core_reference_share + log_team_size + log_prior_knowledge + C(year) + C(arxiv_primary_category)
C(arxiv_primary_category)[T.cs.NI],-0.29675185202688026,0.08439273858659134,0.00043757368896841993,Log_RCR,Log_RCR_p,cs_core_reference_share,CS核心参考文献占比,OLS,15845,Log_RCR ~ HSS_Continuous * cs_core_reference_share + log_team_size + log_prior_knowledge + C(year) + C(arxiv_primary_category)
C(arxiv_primary_category)[T.cs.OH],0.8074498567688125,0.7508198736117835,0.28218485503526425,Log_RCR,Log_RCR_p,cs_core_reference_share,CS核心参考文献占比,OLS,15845,Log_RCR ~ HSS_Continuous * cs_core_reference_share + log_team_size + log_prior_knowledge + C(year) + C(arxiv_primary_category)
C(arxiv_primary_category)[T.cs.PF],-0.5160514830612928,0.08007615465196416,1.15975408115792e-10,Log_RCR,Log_RCR_p,cs_core_reference_share,CS核心参考文献占比,OLS,15845,Log_RCR ~ HSS_Continuous * cs_core_reference_share + log_team_size + log_prior_knowledge + C(year) + C(arxiv_primary_category)
C(arxiv_primary_category)[T.cs.PL],-0.31662037306627006,0.10871319703304554,0.003586201567899985,Log_RCR,Log_RCR_p,cs_core_reference_share,CS核心参考文献占比,OLS,15845,Log_RCR ~ HSS_Continuous * cs_core_reference_share + log_team_size + log_prior_knowledge + C(year) + C(arxiv_primary_category)
C(arxiv_primary_category)[T.cs.RO],-0.19801305070900113,0.08200196445900897,0.015746641941288237,Log_RCR,Log_RCR_p,cs_core_reference_share,CS核心参考文献占比,OLS,15845,Log_RCR ~ HSS_Continuous * cs_core_reference_share + log_team_size + log_prior_knowledge + C(year) + C(arxiv_primary_category)
C(arxiv_primary_category)[T.cs.SC],-0.11521043074801166,0.08005954002909946,0.1501337040472278,Log_RCR,Log_RCR_p,cs_core_reference_share,CS核心参考文献占比,OLS,15845,Log_RCR ~ HSS_Continuous * cs_core_reference_share + log_team_size + log_prior_knowledge + C(year) + C(arxiv_primary_category)
C(arxiv_primary_category)[T.cs.SD],-0.1707594345364115,0.08268895799135892,0.03891529282642609,Log_RCR,Log_RCR_p,cs_core_reference_share,CS核心参考文献占比,OLS,15845,Log_RCR ~ HSS_Continuous * cs_core_reference_share + log_team_size + log_prior_knowledge + C(year) + C(arxiv_primary_category)
C(arxiv_primary_category)[T.cs.SE],-0.16603189181310135,0.09517799208756147,0.08108313608900909,Log_RCR,Log_RCR_p,cs_core_reference_share,CS核心参考文献占比,OLS,15845,Log_RCR ~ HSS_Continuous * cs_core_reference_share + log_team_size + log_prior_knowledge + C(year) + C(arxiv_primary_category)
C(arxiv_primary_category)[T.cs.SI],-0.23191174697405356,0.08252463162019796,0.004950880771332792,Log_RCR,Log_RCR_p,cs_core_reference_share,CS核心参考文献占比,OLS,15845,Log_RCR ~ HSS_Continuous * cs_core_reference_share + log_team_size + log_prior_knowledge + C(year) + C(arxiv_primary_category)
C(arxiv_primary_category)[T.econ.EM],-0.21787429052960322,0.16808470352789384,0.1949006515435041,Log_RCR,Log_RCR_p,cs_core_reference_share,CS核心参考文献占比,OLS,15845,Log_RCR ~ HSS_Continuous * cs_core_reference_share + log_team_size + log_prior_knowledge + C(year) + C(arxiv_primary_category)
C(arxiv_primary_category)[T.econ.GN],0.02443734502448352,0.08636527209097632,0.7772125800731311,Log_RCR,Log_RCR_p,cs_core_reference_share,CS核心参考文献占比,OLS,15845,Log_RCR ~ HSS_Continuous * cs_core_reference_share + log_team_size + log_prior_knowledge + C(year) + C(arxiv_primary_category)
C(arxiv_primary_category)[T.eess.AS],-0.2457434096293826,0.08072537400663406,0.002333074208334537,Log_RCR,Log_RCR_p,cs_core_reference_share,CS核心参考文献占比,OLS,15845,Log_RCR ~ HSS_Continuous * cs_core_reference_share + log_team_size + log_prior_knowledge + C(year) + C(arxiv_primary_category)
C(arxiv_primary_category)[T.eess.IV],-0.16202039361948922,0.07956834199184404,0.041726068560017225,Log_RCR,Log_RCR_p,cs_core_reference_share,CS核心参考文献占比,OLS,15845,Log_RCR ~ HSS_Continuous * cs_core_reference_share + log_team_size + log_prior_knowledge + C(year) + C(arxiv_primary_category)
C(arxiv_primary_category)[T.eess.SP],-0.16447526703872808,0.08134293726057627,0.043176545036480815,Log_RCR,Log_RCR_p,cs_core_reference_share,CS核心参考文献占比,OLS,15845,Log_RCR ~ HSS_Continuous * cs_core_reference_share + log_team_size + log_prior_knowledge + C(year) + C(arxiv_primary_category)
C(arxiv_primary_category)[T.eess.SY],-0.2507432185813567,0.08051749914521136,0.0018447840746000255,Log_RCR,Log_RCR_p,cs_core_reference_share,CS核心参考文献占比,OLS,15845,Log_RCR ~ HSS_Continuous * cs_core_reference_share + log_team_size + log_prior_knowledge + C(year) + C(arxiv_primary_category)
C(arxiv_primary_category)[T.gr-qc],-0.5173894323042213,0.08032212044897148,1.183519066969041e-10,Log_RCR,Log_RCR_p,cs_core_reference_share,CS核心参考文献占比,OLS,15845,Log_RCR ~ HSS_Continuous * cs_core_reference_share + log_team_size + log_prior_knowledge + C(year) + C(arxiv_primary_category)
C(arxiv_primary_category)[T.hep-ex],0.06814282761303889,0.2247015293096158,0.7616922634247119,Log_RCR,Log_RCR_p,cs_core_reference_share,CS核心参考文献占比,OLS,15845,Log_RCR ~ HSS_Continuous * cs_core_reference_share + log_team_size + log_prior_knowledge + C(year) + C(arxiv_primary_category)
C(arxiv_primary_category)[T.hep-lat],-0.05493286903356506,0.16556265874584755,0.7400440295966476,Log_RCR,Log_RCR_p,cs_core_reference_share,CS核心参考文献占比,OLS,15845,Log_RCR ~ HSS_Continuous * cs_core_reference_share + log_team_size + log_prior_knowledge + C(year) + C(arxiv_primary_category)
C(arxiv_primary_category)[T.hep-ph],0.17133984710028013,0.14425226002382646,0.23492037541218558,Log_RCR,Log_RCR_p,cs_core_reference_share,CS核心参考文献占比,OLS,15845,Log_RCR ~ HSS_Continuous * cs_core_reference_share + log_team_size + log_prior_knowledge + C(year) + C(arxiv_primary_category)
C(arxiv_primary_category)[T.hep-th],0.7671680986128881,0.0940821430950837,3.513909977115435e-16,Log_RCR,Log_RCR_p,cs_core_reference_share,CS核心参考文献占比,OLS,15845,Log_RCR ~ HSS_Continuous * cs_core_reference_share + log_team_size + log_prior_knowledge + C(year) + C(arxiv_primary_category)
C(arxiv_primary_category)[T.math-ph],-0.18243757575675495,0.07897640696889459,0.020886699113698032,Log_RCR,Log_RCR_p,cs_core_reference_share,CS核心参考文献占比,OLS,15845,Log_RCR ~ HSS_Continuous * cs_core_reference_share + log_team_size + log_prior_knowledge + C(year) + C(arxiv_primary_category)
C(arxiv_primary_category)[T.math.AG],-0.1365576829510943,0.08016367802948784,0.08847720307976494,Log_RCR,Log_RCR_p,cs_core_reference_share,CS核心参考文献占比,OLS,15845,Log_RCR ~ HSS_Continuous * cs_core_reference_share + log_team_size + log_prior_knowledge + C(year) + C(arxiv_primary_category)
C(arxiv_primary_category)[T.math.AP],-0.1933516085978975,0.08144241097404398,0.017592264681775077,Log_RCR,Log_RCR_p,cs_core_reference_share,CS核心参考文献占比,OLS,15845,Log_RCR ~ HSS_Continuous * cs_core_reference_share + log_team_size + log_prior_knowledge + C(year) + C(arxiv_primary_category)
C(arxiv_primary_category)[T.math.CO],-0.2015911066503318,0.08790804833191947,0.021836250810360815,Log_RCR,Log_RCR_p,cs_core_reference_share,CS核心参考文献占比,OLS,15845,Log_RCR ~ HSS_Continuous * cs_core_reference_share + log_team_size + log_prior_knowledge + C(year) + C(arxiv_primary_category)
C(arxiv_primary_category)[T.math.DS],-0.1944140961401822,0.09883734100524857,0.04918199026164125,Log_RCR,Log_RCR_p,cs_core_reference_share,CS核心参考文献占比,OLS,15845,Log_RCR ~ HSS_Continuous * cs_core_reference_share + log_team_size + log_prior_knowledge + C(year) + C(arxiv_primary_category)
C(arxiv_primary_category)[T.math.GM],-0.22425204257925227,0.08757352761492748,0.010445289913902889,Log_RCR,Log_RCR_p,cs_core_reference_share,CS核心参考文献占比,OLS,15845,Log_RCR ~ HSS_Continuous * cs_core_reference_share + log_team_size + log_prior_knowledge + C(year) + C(arxiv_primary_category)
C(arxiv_primary_category)[T.math.GR],-0.12728345809195696,0.08066537152840753,0.1145841177139238,Log_RCR,Log_RCR_p,cs_core_reference_share,CS核心参考文献占比,OLS,15845,Log_RCR ~ HSS_Continuous * cs_core_reference_share + log_team_size + log_prior_knowledge + C(year) + C(arxiv_primary_category)
C(arxiv_primary_category)[T.math.LO],-0.04758996636761843,0.08040590948467385,0.5539366387569784,Log_RCR,Log_RCR_p,cs_core_reference_share,CS核心参考文献占比,OLS,15845,Log_RCR ~ HSS_Continuous * cs_core_reference_share + log_team_size + log_prior_knowledge + C(year) + C(arxiv_primary_category)
C(arxiv_primary_category)[T.math.NA],-0.1615650434992396,0.08572480551829918,0.059471136287341665,Log_RCR,Log_RCR_p,cs_core_reference_share,CS核心参考文献占比,OLS,15845,Log_RCR ~ HSS_Continuous * cs_core_reference_share + log_team_size + log_prior_knowledge + C(year) + C(arxiv_primary_category)
C(arxiv_primary_category)[T.math.NT],-0.2831231536812684,0.1379153712814684,0.040084606659783084,Log_RCR,Log_RCR_p,cs_core_reference_share,CS核心参考文献占比,OLS,15845,Log_RCR ~ HSS_Continuous * cs_core_reference_share + log_team_size + log_prior_knowledge + C(year) + C(arxiv_primary_category)
C(arxiv_primary_category)[T.math.OC],-0.11166109778475045,0.08588020038493996,0.19353378222923834,Log_RCR,Log_RCR_p,cs_core_reference_share,CS核心参考文献占比,OLS,15845,Log_RCR ~ HSS_Continuous * cs_core_reference_share + log_team_size + log_prior_knowledge + C(year) + C(arxiv_primary_category)
C(arxiv_primary_category)[T.math.PR],-0.16896825647913602,0.08423101945892955,0.0448551948512331,Log_RCR,Log_RCR_p,cs_core_reference_share,CS核心参考文献占比,OLS,15845,Log_RCR ~ HSS_Continuous * cs_core_reference_share + log_team_size + log_prior_knowledge + C(year) + C(arxiv_primary_category)
C(arxiv_primary_category)[T.math.ST],-0.10807415537044021,0.09765320302679188,0.26841765171289833,Log_RCR,Log_RCR_p,cs_core_reference_share,CS核心参考文献占比,OLS,15845,Log_RCR ~ HSS_Continuous * cs_core_reference_share + log_team_size + log_prior_knowledge + C(year) + C(arxiv_primary_category)
C(arxiv_primary_category)[T.nlin.AO],-0.1527670250892108,0.08449853710399124,0.07061816058874493,Log_RCR,Log_RCR_p,cs_core_reference_share,CS核心参考文献占比,OLS,15845,Log_RCR ~ HSS_Continuous * cs_core_reference_share + log_team_size + log_prior_knowledge + C(year) + C(arxiv_primary_category)
C(arxiv_primary_category)[T.nlin.PS],-0.21496847563669022,0.07820649679916944,0.005982680435177809,Log_RCR,Log_RCR_p,cs_core_reference_share,CS核心参考文献占比,OLS,15845,Log_RCR ~ HSS_Continuous * cs_core_reference_share + log_team_size + log_prior_knowledge + C(year) + C(arxiv_primary_category)
C(arxiv_primary_category)[T.nucl-th],-0.21623496863714053,0.07903264026644971,0.006218704491303573,Log_RCR,Log_RCR_p,cs_core_reference_share,CS核心参考文献占比,OLS,15845,Log_RCR ~ HSS_Continuous * cs_core_reference_share + log_team_size + log_prior_knowledge + C(year) + C(arxiv_primary_category)
C(arxiv_primary_category)[T.physics.acc-ph],-0.12606671927618404,0.08435866635592819,0.1350676079230166,Log_RCR,Log_RCR_p,cs_core_reference_share,CS核心参考文献占比,OLS,15845,Log_RCR ~ HSS_Continuous * cs_core_reference_share + log_team_size + log_prior_knowledge + C(year) + C(arxiv_primary_category)
C(arxiv_primary_category)[T.physics.ao-ph],-0.0953610678660265,0.0929592555948637,0.3049683008256041,Log_RCR,Log_RCR_p,cs_core_reference_share,CS核心参考文献占比,OLS,15845,Log_RCR ~ HSS_Continuous * cs_core_reference_share + log_team_size + log_prior_knowledge + C(year) + C(arxiv_primary_category)
C(arxiv_primary_category)[T.physics.app-ph],-0.1372588930772535,0.09086454196818222,0.13089343539534906,Log_RCR,Log_RCR_p,cs_core_reference_share,CS核心参考文献占比,OLS,15845,Log_RCR ~ HSS_Continuous * cs_core_reference_share + log_team_size + log_prior_knowledge + C(year) + C(arxiv_primary_category)
C(arxiv_primary_category)[T.physics.atom-ph],-0.2762800456795004,0.07772671613308217,0.0003786904856499217,Log_RCR,Log_RCR_p,cs_core_reference_share,CS核心参考文献占比,OLS,15845,Log_RCR ~ HSS_Continuous * cs_core_reference_share + log_team_size + log_prior_knowledge + C(year) + C(arxiv_primary_category)
C(arxiv_primary_category)[T.physics.bio-ph],-0.2199238887163094,0.08227647984385032,0.0075179360760843856,Log_RCR,Log_RCR_p,cs_core_reference_share,CS核心参考文献占比,OLS,15845,Log_RCR ~ HSS_Continuous * cs_core_reference_share + log_team_size + log_prior_knowledge + C(year) + C(arxiv_primary_category)
C(arxiv_primary_category)[T.physics.chem-ph],-0.06310290252734672,0.13770963014808915,0.6467860679416049,Log_RCR,Log_RCR_p,cs_core_reference_share,CS核心参考文献占比,OLS,15845,Log_RCR ~ HSS_Continuous * cs_core_reference_share + log_team_size + log_prior_knowledge + C(year) + C(arxiv_primary_category)
C(arxiv_primary_category)[T.physics.comp-ph],0.025596397931207705,0.1277276779302716,0.8411691598812909,Log_RCR,Log_RCR_p,cs_core_reference_share,CS核心参考文献占比,OLS,15845,Log_RCR ~ HSS_Continuous * cs_core_reference_share + log_team_size + log_prior_knowledge + C(year) + C(arxiv_primary_category)
C(arxiv_primary_category)[T.physics.data-an],-0.03638589343144062,0.17792581836333504,0.8379625127946515,Log_RCR,Log_RCR_p,cs_core_reference_share,CS核心参考文献占比,OLS,15845,Log_RCR ~ HSS_Continuous * cs_core_reference_share + log_team_size + log_prior_knowledge + C(year) + C(arxiv_primary_category)
C(arxiv_primary_category)[T.physics.ed-ph],-0.11806664640673947,0.15601934359952999,0.44920346269279565,Log_RCR,Log_RCR_p,cs_core_reference_share,CS核心参考文献占比,OLS,15845,Log_RCR ~ HSS_Continuous * cs_core_reference_share + log_team_size + log_prior_knowledge + C(year) + C(arxiv_primary_category)
C(arxiv_primary_category)[T.physics.flu-dyn],-0.20615243489019885,0.11058037145957134,0.062282825506018394,Log_RCR,Log_RCR_p,cs_core_reference_share,CS核心参考文献占比,OLS,15845,Log_RCR ~ HSS_Continuous * cs_core_reference_share + log_team_size + log_prior_knowledge + C(year) + C(arxiv_primary_category)
C(arxiv_primary_category)[T.physics.geo-ph],0.0028162973896022213,0.18292931502220114,0.9877166137072616,Log_RCR,Log_RCR_p,cs_core_reference_share,CS核心参考文献占比,OLS,15845,Log_RCR ~ HSS_Continuous * cs_core_reference_share + log_team_size + log_prior_knowledge + C(year) + C(arxiv_primary_category)
C(arxiv_primary_category)[T.physics.ins-det],-0.2172265119284365,0.08834397306642358,0.013937434282932464,Log_RCR,Log_RCR_p,cs_core_reference_share,CS核心参考文献占比,OLS,15845,Log_RCR ~ HSS_Continuous * cs_core_reference_share + log_team_size + log_prior_knowledge + C(year) + C(arxiv_primary_category)
C(arxiv_primary_category)[T.physics.med-ph],-0.18079165576975517,0.09406237686272144,0.05460071818124447,Log_RCR,Log_RCR_p,cs_core_reference_share,CS核心参考文献占比,OLS,15845,Log_RCR ~ HSS_Continuous * cs_core_reference_share + log_team_size + log_prior_knowledge + C(year) + C(arxiv_primary_category)
C(arxiv_primary_category)[T.physics.optics],-0.20799195265585954,0.09956889156238549,0.03671446971851417,Log_RCR,Log_RCR_p,cs_core_reference_share,CS核心参考文献占比,OLS,15845,Log_RCR ~ HSS_Continuous * cs_core_reference_share + log_team_size + log_prior_knowledge + C(year) + C(arxiv_primary_category)
C(arxiv_primary_category)[T.physics.soc-ph],-0.21757918444685032,0.08902676213835306,0.01452643154696806,Log_RCR,Log_RCR_p,cs_core_reference_share,CS核心参考文献占比,OLS,15845,Log_RCR ~ HSS_Continuous * cs_core_reference_share + log_team_size + log_prior_knowledge + C(year) + C(arxiv_primary_category)
C(arxiv_primary_category)[T.physics.space-ph],-0.44928640859102764,0.23097735388119742,0.051756506329435285,Log_RCR,Log_RCR_p,cs_core_reference_share,CS核心参考文献占比,OLS,15845,Log_RCR ~ HSS_Continuous * cs_core_reference_share + log_team_size + log_prior_knowledge + C(year) + C(arxiv_primary_category)
C(arxiv_primary_category)[T.q-bio.BM],0.1214701694598798,0.1667400966453417,0.4663075354374847,Log_RCR,Log_RCR_p,cs_core_reference_share,CS核心参考文献占比,OLS,15845,Log_RCR ~ HSS_Continuous * cs_core_reference_share + log_team_size + log_prior_knowledge + C(year) + C(arxiv_primary_category)
C(arxiv_primary_category)[T.q-bio.GN],-0.13113543370541578,0.14639070720802447,0.3703645591849777,Log_RCR,Log_RCR_p,cs_core_reference_share,CS核心参考文献占比,OLS,15845,Log_RCR ~ HSS_Continuous * cs_core_reference_share + log_team_size + log_prior_knowledge + C(year) + C(arxiv_primary_category)
C(arxiv_primary_category)[T.q-bio.MN],-0.1988781982822104,0.09431249404409896,0.03496916419922472,Log_RCR,Log_RCR_p,cs_core_reference_share,CS核心参考文献占比,OLS,15845,Log_RCR ~ HSS_Continuous * cs_core_reference_share + log_team_size + log_prior_knowledge + C(year) + C(arxiv_primary_category)
C(arxiv_primary_category)[T.q-bio.NC],-0.23304867723691516,0.08200412574366585,0.004484357919778054,Log_RCR,Log_RCR_p,cs_core_reference_share,CS核心参考文献占比,OLS,15845,Log_RCR ~ HSS_Continuous * cs_core_reference_share + log_team_size + log_prior_knowledge + C(year) + C(arxiv_primary_category)
C(arxiv_primary_category)[T.q-bio.OT],0.29358252236429194,0.30372700789468743,0.33374404031302174,Log_RCR,Log_RCR_p,cs_core_reference_share,CS核心参考文献占比,OLS,15845,Log_RCR ~ HSS_Continuous * cs_core_reference_share + log_team_size + log_prior_knowledge + C(year) + C(arxiv_primary_category)
C(arxiv_primary_category)[T.q-bio.PE],0.056794589186715545,0.26806433040758365,0.8322090393264986,Log_RCR,Log_RCR_p,cs_core_reference_share,CS核心参考文献占比,OLS,15845,Log_RCR ~ HSS_Continuous * cs_core_reference_share + log_team_size + log_prior_knowledge + C(year) + C(arxiv_primary_category)
C(arxiv_primary_category)[T.q-bio.QM],-0.2039658389832991,0.08787653810457995,0.020284145333857067,Log_RCR,Log_RCR_p,cs_core_reference_share,CS核心参考文献占比,OLS,15845,Log_RCR ~ HSS_Continuous * cs_core_reference_share + log_team_size + log_prior_knowledge + C(year) + C(arxiv_primary_category)
C(arxiv_primary_category)[T.q-bio.TO],0.07567236736290091,0.19056046361719314,0.6912905961668547,Log_RCR,Log_RCR_p,cs_core_reference_share,CS核心参考文献占比,OLS,15845,Log_RCR ~ HSS_Continuous * cs_core_reference_share + log_team_size + log_prior_knowledge + C(year) + C(arxiv_primary_category)
C(arxiv_primary_category)[T.q-fin.CP],-0.17142674464590243,0.09168117671888851,0.061509656269880884,Log_RCR,Log_RCR_p,cs_core_reference_share,CS核心参考文献占比,OLS,15845,Log_RCR ~ HSS_Continuous * cs_core_reference_share + log_team_size + log_prior_knowledge + C(year) + C(arxiv_primary_category)
C(arxiv_primary_category)[T.q-fin.GN],-0.166964984407328,0.08151671625652283,0.04053746740610976,Log_RCR,Log_RCR_p,cs_core_reference_share,CS核心参考文献占比,OLS,15845,Log_RCR ~ HSS_Continuous * cs_core_reference_share + log_team_size + log_prior_knowledge + C(year) + C(arxiv_primary_category)
C(arxiv_primary_category)[T.q-fin.MF],-0.14669559291622997,0.14429794099588258,0.3093361485282161,Log_RCR,Log_RCR_p,cs_core_reference_share,CS核心参考文献占比,OLS,15845,Log_RCR ~ HSS_Continuous * cs_core_reference_share + log_team_size + log_prior_knowledge + C(year) + C(arxiv_primary_category)
C(arxiv_primary_category)[T.q-fin.PM],-0.34450308412619035,0.0964785593256398,0.0003559285686794246,Log_RCR,Log_RCR_p,cs_core_reference_share,CS核心参考文献占比,OLS,15845,Log_RCR ~ HSS_Continuous * cs_core_reference_share + log_team_size + log_prior_knowledge + C(year) + C(arxiv_primary_category)
C(arxiv_primary_category)[T.q-fin.PR],0.5496817576407826,0.101205908550748,5.593846629008865e-08,Log_RCR,Log_RCR_p,cs_core_reference_share,CS核心参考文献占比,OLS,15845,Log_RCR ~ HSS_Continuous * cs_core_reference_share + log_team_size + log_prior_knowledge + C(year) + C(arxiv_primary_category)
C(arxiv_primary_category)[T.q-fin.ST],-0.07314348152994406,0.10908031912739535,0.5025091511110835,Log_RCR,Log_RCR_p,cs_core_reference_share,CS核心参考文献占比,OLS,15845,Log_RCR ~ HSS_Continuous * cs_core_reference_share + log_team_size + log_prior_knowledge + C(year) + C(arxiv_primary_category)
C(arxiv_primary_category)[T.q-fin.TR],-0.08178191253652628,0.09831695702464195,0.4055111196073269,Log_RCR,Log_RCR_p,cs_core_reference_share,CS核心参考文献占比,OLS,15845,Log_RCR ~ HSS_Continuous * cs_core_reference_share + log_team_size + log_prior_knowledge + C(year) + C(arxiv_primary_category)
C(arxiv_primary_category)[T.quant-ph],-0.04369884424042421,0.0945381182548728,0.6439126765424064,Log_RCR,Log_RCR_p,cs_core_reference_share,CS核心参考文献占比,OLS,15845,Log_RCR ~ HSS_Continuous * cs_core_reference_share + log_team_size + log_prior_knowledge + C(year) + C(arxiv_primary_category)
C(arxiv_primary_category)[T.stat.AP],-0.17719831296585772,0.08368070929339258,0.03421296655948751,Log_RCR,Log_RCR_p,cs_core_reference_share,CS核心参考文献占比,OLS,15845,Log_RCR ~ HSS_Continuous * cs_core_reference_share + log_team_size + log_prior_knowledge + C(year) + C(arxiv_primary_category)
C(arxiv_primary_category)[T.stat.CO],0.10423138586818058,0.2957918232684274,0.7245526318125541,Log_RCR,Log_RCR_p,cs_core_reference_share,CS核心参考文献占比,OLS,15845,Log_RCR ~ HSS_Continuous * cs_core_reference_share + log_team_size + log_prior_knowledge + C(year) + C(arxiv_primary_category)
C(arxiv_primary_category)[T.stat.ME],-0.20685178372804375,0.09503152948099727,0.029505587548561984,Log_RCR,Log_RCR_p,cs_core_reference_share,CS核心参考文献占比,OLS,15845,Log_RCR ~ HSS_Continuous * cs_core_reference_share + log_team_size + log_prior_knowledge + C(year) + C(arxiv_primary_category)
C(arxiv_primary_category)[T.stat.ML],0.06736346558923421,0.08357149982736828,0.4202094790569063,Log_RCR,Log_RCR_p,cs_core_reference_share,CS核心参考文献占比,OLS,15845,Log_RCR ~ HSS_Continuous * cs_core_reference_share + log_team_size + log_prior_knowledge + C(year) + C(arxiv_primary_category)
HSS_Continuous,0.010267552019432927,0.007889486348355425,0.19311400749797014,Log_RCR,Log_RCR_p,cs_core_reference_share,CS核心参考文献占比,OLS,15845,Log_RCR ~ HSS_Continuous * cs_core_reference_share + log_team_size + log_prior_knowledge + C(year) + C(arxiv_primary_category)
cs_core_reference_share,0.12797254812435513,0.015512827157040682,1.591031854861126e-16,Log_RCR,Log_RCR_p,cs_core_reference_share,CS核心参考文献占比,OLS,15845,Log_RCR ~ HSS_Continuous * cs_core_reference_share + log_team_size + log_prior_knowledge + C(year) + C(arxiv_primary_category)
HSS_Continuous:cs_core_reference_share,-0.009555238154819573,0.0160035131998969,0.5504597899116215,Log_RCR,Log_RCR_p,cs_core_reference_share,CS核心参考文献占比,OLS,15845,Log_RCR ~ HSS_Continuous * cs_core_reference_share + log_team_size + log_prior_knowledge + C(year) + C(arxiv_primary_category)
log_team_size,0.13366498535898166,0.019832844435684487,1.5884822316192984e-11,Log_RCR,Log_RCR_p,cs_core_reference_share,CS核心参考文献占比,OLS,15845,Log_RCR ~ HSS_Continuous * cs_core_reference_share + log_team_size + log_prior_knowledge + C(year) + C(arxiv_primary_category)
log_prior_knowledge,0.06039392313264417,0.004923434110993539,1.3683810804225755e-34,Log_RCR,Log_RCR_p,cs_core_reference_share,CS核心参考文献占比,OLS,15845,Log_RCR ~ HSS_Continuous * cs_core_reference_share + log_team_size + log_prior_knowledge + C(year) + C(arxiv_primary_category)
Intercept,0.28240897246041535,0.1337218129090431,0.03469382399734142,Hit_Rate_10_year_cat,Hit{10}_p,reference_field_diversity,参考文献学科数量,OLS,56800,Hit_Rate_10_year_cat ~ HSS_Continuous * reference_field_diversity + log_team_size + log_prior_knowledge + C(year) + C(arxiv_primary_category)
C(year)[T.2015],-0.2004877847548179,0.09384239849694072,0.03264432078753774,Hit_Rate_10_year_cat,Hit{10}_p,reference_field_diversity,参考文献学科数量,OLS,56800,Hit_Rate_10_year_cat ~ HSS_Continuous * reference_field_diversity + log_team_size + log_prior_knowledge + C(year) + C(arxiv_primary_category)
C(year)[T.2016],-0.2747220315568081,0.08365889616508088,0.0010240476974659105,Hit_Rate_10_year_cat,Hit{10}_p,reference_field_diversity,参考文献学科数量,OLS,56800,Hit_Rate_10_year_cat ~ HSS_Continuous * reference_field_diversity + log_team_size + log_prior_knowledge + C(year) + C(arxiv_primary_category)
C(year)[T.2017],-0.28917374541988045,0.08189919271131571,0.00041422694948100436,Hit_Rate_10_year_cat,Hit{10}_p,reference_field_diversity,参考文献学科数量,OLS,56800,Hit_Rate_10_year_cat ~ HSS_Continuous * reference_field_diversity + log_team_size + log_prior_knowledge + C(year) + C(arxiv_primary_category)
C(year)[T.2018],-0.29757025151184546,0.08163794626673837,0.00026739259925562394,Hit_Rate_10_year_cat,Hit{10}_p,reference_field_diversity,参考文献学科数量,OLS,56800,Hit_Rate_10_year_cat ~ HSS_Continuous * reference_field_diversity + log_team_size + log_prior_knowledge + C(year) + C(arxiv_primary_category)
C(year)[T.2019],-0.30754338387872193,0.08154033875382001,0.00016215755114598252,Hit_Rate_10_year_cat,Hit{10}_p,reference_field_diversity,参考文献学科数量,OLS,56800,Hit_Rate_10_year_cat ~ HSS_Continuous * reference_field_diversity + log_team_size + log_prior_knowledge + C(year) + C(arxiv_primary_category)
C(year)[T.2020],-0.31070585109683346,0.08149185450587197,0.00013744423903189228,Hit_Rate_10_year_cat,Hit{10}_p,reference_field_diversity,参考文献学科数量,OLS,56800,Hit_Rate_10_year_cat ~ HSS_Continuous * reference_field_diversity + log_team_size + log_prior_knowledge + C(year) + C(arxiv_primary_category)
C(year)[T.2021],-0.3065559112311298,0.08145691372605825,0.0001676108512694571,Hit_Rate_10_year_cat,Hit{10}_p,reference_field_diversity,参考文献学科数量,OLS,56800,Hit_Rate_10_year_cat ~ HSS_Continuous * reference_field_diversity + log_team_size + log_prior_knowledge + C(year) + C(arxiv_primary_category)
C(year)[T.2022],-0.15509640476987516,0.08184847830201343,0.05810286142948221,Hit_Rate_10_year_cat,Hit{10}_p,reference_field_diversity,参考文献学科数量,OLS,56800,Hit_Rate_10_year_cat ~ HSS_Continuous * reference_field_diversity + log_team_size + log_prior_knowledge + C(year) + C(arxiv_primary_category)
C(year)[T.2023],-0.18369156324611957,0.08154076045042656,0.02427444047539596,Hit_Rate_10_year_cat,Hit{10}_p,reference_field_diversity,参考文献学科数量,OLS,56800,Hit_Rate_10_year_cat ~ HSS_Continuous * reference_field_diversity + log_team_size + log_prior_knowledge + C(year) + C(arxiv_primary_category)
C(year)[T.2024],-0.16014108641960761,0.08152026156448225,0.04947990694160559,Hit_Rate_10_year_cat,Hit{10}_p,reference_field_diversity,参考文献学科数量,OLS,56800,Hit_Rate_10_year_cat ~ HSS_Continuous * reference_field_diversity + log_team_size + log_prior_knowledge + C(year) + C(arxiv_primary_category)
C(year)[T.2025],0.5828977512405964,0.08147161974040751,8.391049237397414e-13,Hit_Rate_10_year_cat,Hit{10}_p,reference_field_diversity,参考文献学科数量,OLS,56800,Hit_Rate_10_year_cat ~ HSS_Continuous * reference_field_diversity + log_team_size + log_prior_knowledge + C(year) + C(arxiv_primary_category)
C(year)[T.2026],0.6360026432317003,0.08149308331527957,5.979678541704365e-15,Hit_Rate_10_year_cat,Hit{10}_p,reference_field_diversity,参考文献学科数量,OLS,56800,Hit_Rate_10_year_cat ~ HSS_Continuous * reference_field_diversity + log_team_size + log_prior_knowledge + C(year) + C(arxiv_primary_category)
C(arxiv_primary_category)[T.astro-ph.EP],0.002993608046953866,0.10594339373913216,0.9774574351182679,Hit_Rate_10_year_cat,Hit{10}_p,reference_field_diversity,参考文献学科数量,OLS,56800,Hit_Rate_10_year_cat ~ HSS_Continuous * reference_field_diversity + log_team_size + log_prior_knowledge + C(year) + C(arxiv_primary_category)
C(arxiv_primary_category)[T.astro-ph.GA],0.2233892626746536,0.2339356551386438,0.33961939386717444,Hit_Rate_10_year_cat,Hit{10}_p,reference_field_diversity,参考文献学科数量,OLS,56800,Hit_Rate_10_year_cat ~ HSS_Continuous * reference_field_diversity + log_team_size + log_prior_knowledge + C(year) + C(arxiv_primary_category)
C(arxiv_primary_category)[T.astro-ph.HE],0.5397478618790911,0.250219881699377,0.0309983234688395,Hit_Rate_10_year_cat,Hit{10}_p,reference_field_diversity,参考文献学科数量,OLS,56800,Hit_Rate_10_year_cat ~ HSS_Continuous * reference_field_diversity + log_team_size + log_prior_knowledge + C(year) + C(arxiv_primary_category)
C(arxiv_primary_category)[T.astro-ph.IM],0.10558246599091312,0.12099693091667292,0.3828786887906461,Hit_Rate_10_year_cat,Hit{10}_p,reference_field_diversity,参考文献学科数量,OLS,56800,Hit_Rate_10_year_cat ~ HSS_Continuous * reference_field_diversity + log_team_size + log_prior_knowledge + C(year) + C(arxiv_primary_category)
C(arxiv_primary_category)[T.astro-ph.SR],0.41865515312516877,0.2291098790868318,0.06765292331301699,Hit_Rate_10_year_cat,Hit{10}_p,reference_field_diversity,参考文献学科数量,OLS,56800,Hit_Rate_10_year_cat ~ HSS_Continuous * reference_field_diversity + log_team_size + log_prior_knowledge + C(year) + C(arxiv_primary_category)
C(arxiv_primary_category)[T.cond-mat.dis-nn],0.18620160413674972,0.15896005867155025,0.24144866956375444,Hit_Rate_10_year_cat,Hit{10}_p,reference_field_diversity,参考文献学科数量,OLS,56800,Hit_Rate_10_year_cat ~ HSS_Continuous * reference_field_diversity + log_team_size + log_prior_knowledge + C(year) + C(arxiv_primary_category)
C(arxiv_primary_category)[T.cond-mat.mes-hall],0.7824525613235616,0.10610170794724226,1.6489862240593878e-13,Hit_Rate_10_year_cat,Hit{10}_p,reference_field_diversity,参考文献学科数量,OLS,56800,Hit_Rate_10_year_cat ~ HSS_Continuous * reference_field_diversity + log_team_size + log_prior_knowledge + C(year) + C(arxiv_primary_category)
C(arxiv_primary_category)[T.cond-mat.mtrl-sci],-0.20813611834322848,0.11782736042485101,0.07732041495126474,Hit_Rate_10_year_cat,Hit{10}_p,reference_field_diversity,参考文献学科数量,OLS,56800,Hit_Rate_10_year_cat ~ HSS_Continuous * reference_field_diversity + log_team_size + log_prior_knowledge + C(year) + C(arxiv_primary_category)
C(arxiv_primary_category)[T.cond-mat.other],0.9353109313135,0.1060648656590645,1.1621909630323304e-18,Hit_Rate_10_year_cat,Hit{10}_p,reference_field_diversity,参考文献学科数量,OLS,56800,Hit_Rate_10_year_cat ~ HSS_Continuous * reference_field_diversity + log_team_size + log_prior_knowledge + C(year) + C(arxiv_primary_category)
C(arxiv_primary_category)[T.cond-mat.quant-gas],0.7932161363966105,0.1187046306672018,2.3527250133400446e-11,Hit_Rate_10_year_cat,Hit{10}_p,reference_field_diversity,参考文献学科数量,OLS,56800,Hit_Rate_10_year_cat ~ HSS_Continuous * reference_field_diversity + log_team_size + log_prior_knowledge + C(year) + C(arxiv_primary_category)
C(arxiv_primary_category)[T.cond-mat.soft],0.1630257295171597,0.21928969813676452,0.45722362471233924,Hit_Rate_10_year_cat,Hit{10}_p,reference_field_diversity,参考文献学科数量,OLS,56800,Hit_Rate_10_year_cat ~ HSS_Continuous * reference_field_diversity + log_team_size + log_prior_knowledge + C(year) + C(arxiv_primary_category)
C(arxiv_primary_category)[T.cond-mat.stat-mech],0.47917429627437574,0.18774749426820955,0.010703663769652512,Hit_Rate_10_year_cat,Hit{10}_p,reference_field_diversity,参考文献学科数量,OLS,56800,Hit_Rate_10_year_cat ~ HSS_Continuous * reference_field_diversity + log_team_size + log_prior_knowledge + C(year) + C(arxiv_primary_category)
C(arxiv_primary_category)[T.cond-mat.str-el],0.6066113687801838,0.2120964277707186,0.0042354285583872725,Hit_Rate_10_year_cat,Hit{10}_p,reference_field_diversity,参考文献学科数量,OLS,56800,Hit_Rate_10_year_cat ~ HSS_Continuous * reference_field_diversity + log_team_size + log_prior_knowledge + C(year) + C(arxiv_primary_category)
C(arxiv_primary_category)[T.cond-mat.supr-con],0.7785792142924298,0.10613948645325298,2.2100387315331927e-13,Hit_Rate_10_year_cat,Hit{10}_p,reference_field_diversity,参考文献学科数量,OLS,56800,Hit_Rate_10_year_cat ~ HSS_Continuous * reference_field_diversity + log_team_size + log_prior_knowledge + C(year) + C(arxiv_primary_category)
C(arxiv_primary_category)[T.cs.AI],-0.08967014646250984,0.10605333858313587,0.3978209517391935,Hit_Rate_10_year_cat,Hit{10}_p,reference_field_diversity,参考文献学科数量,OLS,56800,Hit_Rate_10_year_cat ~ HSS_Continuous * reference_field_diversity + log_team_size + log_prior_knowledge + C(year) + C(arxiv_primary_category)
C(arxiv_primary_category)[T.cs.AR],-0.05223828347890918,0.1077746762472224,0.6278898385846357,Hit_Rate_10_year_cat,Hit{10}_p,reference_field_diversity,参考文献学科数量,OLS,56800,Hit_Rate_10_year_cat ~ HSS_Continuous * reference_field_diversity + log_team_size + log_prior_knowledge + C(year) + C(arxiv_primary_category)
C(arxiv_primary_category)[T.cs.CC],0.4182726533471808,0.16463378933556133,0.011065466138825572,Hit_Rate_10_year_cat,Hit{10}_p,reference_field_diversity,参考文献学科数量,OLS,56800,Hit_Rate_10_year_cat ~ HSS_Continuous * reference_field_diversity + log_team_size + log_prior_knowledge + C(year) + C(arxiv_primary_category)
C(arxiv_primary_category)[T.cs.CE],-0.029873730987335534,0.11107713541316631,0.787971378188289,Hit_Rate_10_year_cat,Hit{10}_p,reference_field_diversity,参考文献学科数量,OLS,56800,Hit_Rate_10_year_cat ~ HSS_Continuous * reference_field_diversity + log_team_size + log_prior_knowledge + C(year) + C(arxiv_primary_category)
C(arxiv_primary_category)[T.cs.CG],0.42368283160816433,0.20035597276339312,0.03445975737770802,Hit_Rate_10_year_cat,Hit{10}_p,reference_field_diversity,参考文献学科数量,OLS,56800,Hit_Rate_10_year_cat ~ HSS_Continuous * reference_field_diversity + log_team_size + log_prior_knowledge + C(year) + C(arxiv_primary_category)
C(arxiv_primary_category)[T.cs.CL],-0.08629728990118334,0.10598057729867434,0.41548766968285067,Hit_Rate_10_year_cat,Hit{10}_p,reference_field_diversity,参考文献学科数量,OLS,56800,Hit_Rate_10_year_cat ~ HSS_Continuous * reference_field_diversity + log_team_size + log_prior_knowledge + C(year) + C(arxiv_primary_category)
C(arxiv_primary_category)[T.cs.CR],-0.07413320142267743,0.10617213540988597,0.4850296498500757,Hit_Rate_10_year_cat,Hit{10}_p,reference_field_diversity,参考文献学科数量,OLS,56800,Hit_Rate_10_year_cat ~ HSS_Continuous * reference_field_diversity + log_team_size + log_prior_knowledge + C(year) + C(arxiv_primary_category)
C(arxiv_primary_category)[T.cs.CV],-0.07522948882856804,0.10598869220887165,0.477835687922851,Hit_Rate_10_year_cat,Hit{10}_p,reference_field_diversity,参考文献学科数量,OLS,56800,Hit_Rate_10_year_cat ~ HSS_Continuous * reference_field_diversity + log_team_size + log_prior_knowledge + C(year) + C(arxiv_primary_category)
C(arxiv_primary_category)[T.cs.CY],-0.32346711541533824,0.10776729055698055,0.002686236231897675,Hit_Rate_10_year_cat,Hit{10}_p,reference_field_diversity,参考文献学科数量,OLS,56800,Hit_Rate_10_year_cat ~ HSS_Continuous * reference_field_diversity + log_team_size + log_prior_knowledge + C(year) + C(arxiv_primary_category)
C(arxiv_primary_category)[T.cs.DB],-0.07149704775668142,0.10816334320289582,0.5086059226859476,Hit_Rate_10_year_cat,Hit{10}_p,reference_field_diversity,参考文献学科数量,OLS,56800,Hit_Rate_10_year_cat ~ HSS_Continuous * reference_field_diversity + log_team_size + log_prior_knowledge + C(year) + C(arxiv_primary_category)
C(arxiv_primary_category)[T.cs.DC],-0.08926912228419291,0.10667325611290164,0.4026789546489893,Hit_Rate_10_year_cat,Hit{10}_p,reference_field_diversity,参考文献学科数量,OLS,56800,Hit_Rate_10_year_cat ~ HSS_Continuous * reference_field_diversity + log_team_size + log_prior_knowledge + C(year) + C(arxiv_primary_category)
C(arxiv_primary_category)[T.cs.DL],-0.026134902929130267,0.11567444962975895,0.8212520013734759,Hit_Rate_10_year_cat,Hit{10}_p,reference_field_diversity,参考文献学科数量,OLS,56800,Hit_Rate_10_year_cat ~ HSS_Continuous * reference_field_diversity + log_team_size + log_prior_knowledge + C(year) + C(arxiv_primary_category)
C(arxiv_primary_category)[T.cs.DM],0.3724419966097007,0.35846809116141004,0.29881297498374104,Hit_Rate_10_year_cat,Hit{10}_p,reference_field_diversity,参考文献学科数量,OLS,56800,Hit_Rate_10_year_cat ~ HSS_Continuous * reference_field_diversity + log_team_size + log_prior_knowledge + C(year) + C(arxiv_primary_category)
C(arxiv_primary_category)[T.cs.DS],0.12094568257953428,0.12584691554747146,0.33652501302874394,Hit_Rate_10_year_cat,Hit{10}_p,reference_field_diversity,参考文献学科数量,OLS,56800,Hit_Rate_10_year_cat ~ HSS_Continuous * reference_field_diversity + log_team_size + log_prior_knowledge + C(year) + C(arxiv_primary_category)
C(arxiv_primary_category)[T.cs.ET],0.04887854481215875,0.1279346548612707,0.7024178428730274,Hit_Rate_10_year_cat,Hit{10}_p,reference_field_diversity,参考文献学科数量,OLS,56800,Hit_Rate_10_year_cat ~ HSS_Continuous * reference_field_diversity + log_team_size + log_prior_knowledge + C(year) + C(arxiv_primary_category)
C(arxiv_primary_category)[T.cs.FL],-0.010068881604158308,0.21433435369090317,0.9625311991555868,Hit_Rate_10_year_cat,Hit{10}_p,reference_field_diversity,参考文献学科数量,OLS,56800,Hit_Rate_10_year_cat ~ HSS_Continuous * reference_field_diversity + log_team_size + log_prior_knowledge + C(year) + C(arxiv_primary_category)
C(arxiv_primary_category)[T.cs.GL],0.5138567027079556,0.21720246127907078,0.01799135743136236,Hit_Rate_10_year_cat,Hit{10}_p,reference_field_diversity,参考文献学科数量,OLS,56800,Hit_Rate_10_year_cat ~ HSS_Continuous * reference_field_diversity + log_team_size + log_prior_knowledge + C(year) + C(arxiv_primary_category)
C(arxiv_primary_category)[T.cs.GR],-0.03248823978057656,0.11246645973191116,0.772680497574115,Hit_Rate_10_year_cat,Hit{10}_p,reference_field_diversity,参考文献学科数量,OLS,56800,Hit_Rate_10_year_cat ~ HSS_Continuous * reference_field_diversity + log_team_size + log_prior_knowledge + C(year) + C(arxiv_primary_category)
C(arxiv_primary_category)[T.cs.GT],0.056119595371370484,0.12076984058530955,0.6421590562630819,Hit_Rate_10_year_cat,Hit{10}_p,reference_field_diversity,参考文献学科数量,OLS,56800,Hit_Rate_10_year_cat ~ HSS_Continuous * reference_field_diversity + log_team_size + log_prior_knowledge + C(year) + C(arxiv_primary_category)
C(arxiv_primary_category)[T.cs.HC],-0.28175766138964464,0.10722858521073614,0.008598053385072486,Hit_Rate_10_year_cat,Hit{10}_p,reference_field_diversity,参考文献学科数量,OLS,56800,Hit_Rate_10_year_cat ~ HSS_Continuous * reference_field_diversity + log_team_size + log_prior_knowledge + C(year) + C(arxiv_primary_category)
C(arxiv_primary_category)[T.cs.IR],-0.09451585278903846,0.10624763500978382,0.3736910365086442,Hit_Rate_10_year_cat,Hit{10}_p,reference_field_diversity,参考文献学科数量,OLS,56800,Hit_Rate_10_year_cat ~ HSS_Continuous * reference_field_diversity + log_team_size + log_prior_knowledge + C(year) + C(arxiv_primary_category)
C(arxiv_primary_category)[T.cs.IT],-0.03044315096001312,0.10636917259341845,0.7747228286201693,Hit_Rate_10_year_cat,Hit{10}_p,reference_field_diversity,参考文献学科数量,OLS,56800,Hit_Rate_10_year_cat ~ HSS_Continuous * reference_field_diversity + log_team_size + log_prior_knowledge + C(year) + C(arxiv_primary_category)
C(arxiv_primary_category)[T.cs.LG],-0.08314233923828286,0.1059857790836582,0.43276617636978865,Hit_Rate_10_year_cat,Hit{10}_p,reference_field_diversity,参考文献学科数量,OLS,56800,Hit_Rate_10_year_cat ~ HSS_Continuous * reference_field_diversity + log_team_size + log_prior_knowledge + C(year) + C(arxiv_primary_category)
C(arxiv_primary_category)[T.cs.LO],0.12527552316159257,0.129177966271311,0.3321510886647311,Hit_Rate_10_year_cat,Hit{10}_p,reference_field_diversity,参考文献学科数量,OLS,56800,Hit_Rate_10_year_cat ~ HSS_Continuous * reference_field_diversity + log_team_size + log_prior_knowledge + C(year) + C(arxiv_primary_category)
C(arxiv_primary_category)[T.cs.MA],-0.04143595008871543,0.10774201118003036,0.7005449867945235,Hit_Rate_10_year_cat,Hit{10}_p,reference_field_diversity,参考文献学科数量,OLS,56800,Hit_Rate_10_year_cat ~ HSS_Continuous * reference_field_diversity + log_team_size + log_prior_knowledge + C(year) + C(arxiv_primary_category)
C(arxiv_primary_category)[T.cs.MM],0.014104487135471376,0.11200103470064991,0.8997859439783653,Hit_Rate_10_year_cat,Hit{10}_p,reference_field_diversity,参考文献学科数量,OLS,56800,Hit_Rate_10_year_cat ~ HSS_Continuous * reference_field_diversity + log_team_size + log_prior_knowledge + C(year) + C(arxiv_primary_category)
C(arxiv_primary_category)[T.cs.MS],0.8323989968018402,0.10945274344831193,2.846849358879286e-14,Hit_Rate_10_year_cat,Hit{10}_p,reference_field_diversity,参考文献学科数量,OLS,56800,Hit_Rate_10_year_cat ~ HSS_Continuous * reference_field_diversity + log_team_size + log_prior_knowledge + C(year) + C(arxiv_primary_category)
C(arxiv_primary_category)[T.cs.NE],-0.06333336670320658,0.10810308254038478,0.5579690102689494,Hit_Rate_10_year_cat,Hit{10}_p,reference_field_diversity,参考文献学科数量,OLS,56800,Hit_Rate_10_year_cat ~ HSS_Continuous * reference_field_diversity + log_team_size + log_prior_knowledge + C(year) + C(arxiv_primary_category)
C(arxiv_primary_category)[T.cs.NI],-0.06192941354166911,0.10783380708222885,0.5657619347143835,Hit_Rate_10_year_cat,Hit{10}_p,reference_field_diversity,参考文献学科数量,OLS,56800,Hit_Rate_10_year_cat ~ HSS_Continuous * reference_field_diversity + log_team_size + log_prior_knowledge + C(year) + C(arxiv_primary_category)
C(arxiv_primary_category)[T.cs.OH],0.48509724016147177,0.2133883493382558,0.02300768264566796,Hit_Rate_10_year_cat,Hit{10}_p,reference_field_diversity,参考文献学科数量,OLS,56800,Hit_Rate_10_year_cat ~ HSS_Continuous * reference_field_diversity + log_team_size + log_prior_knowledge + C(year) + C(arxiv_primary_category)
C(arxiv_primary_category)[T.cs.OS],-0.411725929518281,0.18601736574705782,0.02687189808313246,Hit_Rate_10_year_cat,Hit{10}_p,reference_field_diversity,参考文献学科数量,OLS,56800,Hit_Rate_10_year_cat ~ HSS_Continuous * reference_field_diversity + log_team_size + log_prior_knowledge + C(year) + C(arxiv_primary_category)
C(arxiv_primary_category)[T.cs.PF],-0.013657294593220237,0.12402872779175447,0.9123189955831749,Hit_Rate_10_year_cat,Hit{10}_p,reference_field_diversity,参考文献学科数量,OLS,56800,Hit_Rate_10_year_cat ~ HSS_Continuous * reference_field_diversity + log_team_size + log_prior_knowledge + C(year) + C(arxiv_primary_category)
C(arxiv_primary_category)[T.cs.PL],0.03829748824417609,0.1143094435061828,0.7375998467556283,Hit_Rate_10_year_cat,Hit{10}_p,reference_field_diversity,参考文献学科数量,OLS,56800,Hit_Rate_10_year_cat ~ HSS_Continuous * reference_field_diversity + log_team_size + log_prior_knowledge + C(year) + C(arxiv_primary_category)
C(arxiv_primary_category)[T.cs.RO],-0.05657182905221505,0.10668648562994064,0.5959300308415109,Hit_Rate_10_year_cat,Hit{10}_p,reference_field_diversity,参考文献学科数量,OLS,56800,Hit_Rate_10_year_cat ~ HSS_Continuous * reference_field_diversity + log_team_size + log_prior_knowledge + C(year) + C(arxiv_primary_category)
C(arxiv_primary_category)[T.cs.SC],0.8275899751199526,0.1141309575417303,4.129995967268915e-13,Hit_Rate_10_year_cat,Hit{10}_p,reference_field_diversity,参考文献学科数量,OLS,56800,Hit_Rate_10_year_cat ~ HSS_Continuous * reference_field_diversity + log_team_size + log_prior_knowledge + C(year) + C(arxiv_primary_category)
C(arxiv_primary_category)[T.cs.SD],-0.025182927637413997,0.10694430073268833,0.8138384954508896,Hit_Rate_10_year_cat,Hit{10}_p,reference_field_diversity,参考文献学科数量,OLS,56800,Hit_Rate_10_year_cat ~ HSS_Continuous * reference_field_diversity + log_team_size + log_prior_knowledge + C(year) + C(arxiv_primary_category)
C(arxiv_primary_category)[T.cs.SE],-0.07101223949818504,0.10618356333769412,0.503643060661426,Hit_Rate_10_year_cat,Hit{10}_p,reference_field_diversity,参考文献学科数量,OLS,56800,Hit_Rate_10_year_cat ~ HSS_Continuous * reference_field_diversity + log_team_size + log_prior_knowledge + C(year) + C(arxiv_primary_category)
C(arxiv_primary_category)[T.cs.SI],-0.06116650576952396,0.10873460409524287,0.5737547885428949,Hit_Rate_10_year_cat,Hit{10}_p,reference_field_diversity,参考文献学科数量,OLS,56800,Hit_Rate_10_year_cat ~ HSS_Continuous * reference_field_diversity + log_team_size + log_prior_knowledge + C(year) + C(arxiv_primary_category)
C(arxiv_primary_category)[T.econ.EM],0.28553657133976695,0.16060687544027233,0.0754268186964151,Hit_Rate_10_year_cat,Hit{10}_p,reference_field_diversity,参考文献学科数量,OLS,56800,Hit_Rate_10_year_cat ~ HSS_Continuous * reference_field_diversity + log_team_size + log_prior_knowledge + C(year) + C(arxiv_primary_category)
C(arxiv_primary_category)[T.econ.GN],-0.05499423013799273,0.11616242909576704,0.6359097999565199,Hit_Rate_10_year_cat,Hit{10}_p,reference_field_diversity,参考文献学科数量,OLS,56800,Hit_Rate_10_year_cat ~ HSS_Continuous * reference_field_diversity + log_team_size + log_prior_knowledge + C(year) + C(arxiv_primary_category)
C(arxiv_primary_category)[T.econ.TH],-0.26660426590708136,0.29550270712188326,0.36694753707068506,Hit_Rate_10_year_cat,Hit{10}_p,reference_field_diversity,参考文献学科数量,OLS,56800,Hit_Rate_10_year_cat ~ HSS_Continuous * reference_field_diversity + log_team_size + log_prior_knowledge + C(year) + C(arxiv_primary_category)
C(arxiv_primary_category)[T.eess.AS],-0.05394280013446628,0.10666439486610807,0.6130500509463709,Hit_Rate_10_year_cat,Hit{10}_p,reference_field_diversity,参考文献学科数量,OLS,56800,Hit_Rate_10_year_cat ~ HSS_Continuous * reference_field_diversity + log_team_size + log_prior_knowledge + C(year) + C(arxiv_primary_category)
C(arxiv_primary_category)[T.eess.IV],-0.07485698823346452,0.10634619972176085,0.48149564735957173,Hit_Rate_10_year_cat,Hit{10}_p,reference_field_diversity,参考文献学科数量,OLS,56800,Hit_Rate_10_year_cat ~ HSS_Continuous * reference_field_diversity + log_team_size + log_prior_knowledge + C(year) + C(arxiv_primary_category)
C(arxiv_primary_category)[T.eess.SP],-0.05548705141635208,0.10684223446291422,0.6035262393749559,Hit_Rate_10_year_cat,Hit{10}_p,reference_field_diversity,参考文献学科数量,OLS,56800,Hit_Rate_10_year_cat ~ HSS_Continuous * reference_field_diversity + log_team_size + log_prior_knowledge + C(year) + C(arxiv_primary_category)
C(arxiv_primary_category)[T.eess.SY],-0.02736015834498117,0.10943246025962561,0.802572909236323,Hit_Rate_10_year_cat,Hit{10}_p,reference_field_diversity,参考文献学科数量,OLS,56800,Hit_Rate_10_year_cat ~ HSS_Continuous * reference_field_diversity + log_team_size + log_prior_knowledge + C(year) + C(arxiv_primary_category)
C(arxiv_primary_category)[T.gr-qc],0.2696396115771943,0.1819809872747493,0.13842250283812596,Hit_Rate_10_year_cat,Hit{10}_p,reference_field_diversity,参考文献学科数量,OLS,56800,Hit_Rate_10_year_cat ~ HSS_Continuous * reference_field_diversity + log_team_size + log_prior_knowledge + C(year) + C(arxiv_primary_category)
C(arxiv_primary_category)[T.hep-ex],-0.04942789884829896,0.18465427690789157,0.7889471383209061,Hit_Rate_10_year_cat,Hit{10}_p,reference_field_diversity,参考文献学科数量,OLS,56800,Hit_Rate_10_year_cat ~ HSS_Continuous * reference_field_diversity + log_team_size + log_prior_knowledge + C(year) + C(arxiv_primary_category)
C(arxiv_primary_category)[T.hep-lat],0.20200268996255505,0.1928100185361547,0.29478728486308126,Hit_Rate_10_year_cat,Hit{10}_p,reference_field_diversity,参考文献学科数量,OLS,56800,Hit_Rate_10_year_cat ~ HSS_Continuous * reference_field_diversity + log_team_size + log_prior_knowledge + C(year) + C(arxiv_primary_category)
C(arxiv_primary_category)[T.hep-ph],-0.1908108841089452,0.13860472451868916,0.16861894422004153,Hit_Rate_10_year_cat,Hit{10}_p,reference_field_diversity,参考文献学科数量,OLS,56800,Hit_Rate_10_year_cat ~ HSS_Continuous * reference_field_diversity + log_team_size + log_prior_knowledge + C(year) + C(arxiv_primary_category)
C(arxiv_primary_category)[T.hep-th],0.5127887755504633,0.24145957626617587,0.033694865422332465,Hit_Rate_10_year_cat,Hit{10}_p,reference_field_diversity,参考文献学科数量,OLS,56800,Hit_Rate_10_year_cat ~ HSS_Continuous * reference_field_diversity + log_team_size + log_prior_knowledge + C(year) + C(arxiv_primary_category)
C(arxiv_primary_category)[T.math-ph],0.8419321556679505,0.12539376384677697,1.889628289013358e-11,Hit_Rate_10_year_cat,Hit{10}_p,reference_field_diversity,参考文献学科数量,OLS,56800,Hit_Rate_10_year_cat ~ HSS_Continuous * reference_field_diversity + log_team_size + log_prior_knowledge + C(year) + C(arxiv_primary_category)
C(arxiv_primary_category)[T.math.AG],0.487125868855607,0.32786882547121765,0.1373494877391164,Hit_Rate_10_year_cat,Hit{10}_p,reference_field_diversity,参考文献学科数量,OLS,56800,Hit_Rate_10_year_cat ~ HSS_Continuous * reference_field_diversity + log_team_size + log_prior_knowledge + C(year) + C(arxiv_primary_category)
C(arxiv_primary_category)[T.math.AP],0.4832747479207611,0.14051851883446234,0.000583382996290367,Hit_Rate_10_year_cat,Hit{10}_p,reference_field_diversity,参考文献学科数量,OLS,56800,Hit_Rate_10_year_cat ~ HSS_Continuous * reference_field_diversity + log_team_size + log_prior_knowledge + C(year) + C(arxiv_primary_category)
C(arxiv_primary_category)[T.math.CO],0.8908108079329095,0.10653530098910217,6.184754696702041e-17,Hit_Rate_10_year_cat,Hit{10}_p,reference_field_diversity,参考文献学科数量,OLS,56800,Hit_Rate_10_year_cat ~ HSS_Continuous * reference_field_diversity + log_team_size + log_prior_knowledge + C(year) + C(arxiv_primary_category)
C(arxiv_primary_category)[T.math.CT],0.4825982804532415,0.3048128399305631,0.11336198906392715,Hit_Rate_10_year_cat,Hit{10}_p,reference_field_diversity,参考文献学科数量,OLS,56800,Hit_Rate_10_year_cat ~ HSS_Continuous * reference_field_diversity + log_team_size + log_prior_knowledge + C(year) + C(arxiv_primary_category)
C(arxiv_primary_category)[T.math.DG],0.7374159831861287,0.10600679819876228,3.4930470718190526e-12,Hit_Rate_10_year_cat,Hit{10}_p,reference_field_diversity,参考文献学科数量,OLS,56800,Hit_Rate_10_year_cat ~ HSS_Continuous * reference_field_diversity + log_team_size + log_prior_knowledge + C(year) + C(arxiv_primary_category)
C(arxiv_primary_category)[T.math.DS],0.4561276220304028,0.21915877138485268,0.03740959774116387,Hit_Rate_10_year_cat,Hit{10}_p,reference_field_diversity,参考文献学科数量,OLS,56800,Hit_Rate_10_year_cat ~ HSS_Continuous * reference_field_diversity + log_team_size + log_prior_knowledge + C(year) + C(arxiv_primary_category)
C(arxiv_primary_category)[T.math.FA],0.9297338445414409,0.10604634269050724,1.830975788886656e-18,Hit_Rate_10_year_cat,Hit{10}_p,reference_field_diversity,参考文献学科数量,OLS,56800,Hit_Rate_10_year_cat ~ HSS_Continuous * reference_field_diversity + log_team_size + log_prior_knowledge + C(year) + C(arxiv_primary_category)
C(arxiv_primary_category)[T.math.GM],0.8857951168037227,0.10739190613459769,1.6073301381229233e-16,Hit_Rate_10_year_cat,Hit{10}_p,reference_field_diversity,参考文献学科数量,OLS,56800,Hit_Rate_10_year_cat ~ HSS_Continuous * reference_field_diversity + log_team_size + log_prior_knowledge + C(year) + C(arxiv_primary_category)
C(arxiv_primary_category)[T.math.GR],0.9201390686533785,0.1063847311170136,5.187771252427183e-18,Hit_Rate_10_year_cat,Hit{10}_p,reference_field_diversity,参考文献学科数量,OLS,56800,Hit_Rate_10_year_cat ~ HSS_Continuous * reference_field_diversity + log_team_size + log_prior_knowledge + C(year) + C(arxiv_primary_category)
C(arxiv_primary_category)[T.math.GT],0.8721927193260579,0.10604754120773337,1.9593407770637537e-16,Hit_Rate_10_year_cat,Hit{10}_p,reference_field_diversity,参考文献学科数量,OLS,56800,Hit_Rate_10_year_cat ~ HSS_Continuous * reference_field_diversity + log_team_size + log_prior_knowledge + C(year) + C(arxiv_primary_category)
C(arxiv_primary_category)[T.math.HO],0.16963380859834282,0.17616274530774137,0.3355786183972359,Hit_Rate_10_year_cat,Hit{10}_p,reference_field_diversity,参考文献学科数量,OLS,56800,Hit_Rate_10_year_cat ~ HSS_Continuous * reference_field_diversity + log_team_size + log_prior_knowledge + C(year) + C(arxiv_primary_category)
C(arxiv_primary_category)[T.math.LO],0.899905594400339,0.10635861117406485,2.6497931592189463e-17,Hit_Rate_10_year_cat,Hit{10}_p,reference_field_diversity,参考文献学科数量,OLS,56800,Hit_Rate_10_year_cat ~ HSS_Continuous * reference_field_diversity + log_team_size + log_prior_knowledge + C(year) + C(arxiv_primary_category)
C(arxiv_primary_category)[T.math.NA],0.016536514598114962,0.11857099967724163,0.8890826440671158,Hit_Rate_10_year_cat,Hit{10}_p,reference_field_diversity,参考文献学科数量,OLS,56800,Hit_Rate_10_year_cat ~ HSS_Continuous * reference_field_diversity + log_team_size + log_prior_knowledge + C(year) + C(arxiv_primary_category)
C(arxiv_primary_category)[T.math.NT],0.8469114450016856,0.10792075072566396,4.243072974280112e-15,Hit_Rate_10_year_cat,Hit{10}_p,reference_field_diversity,参考文献学科数量,OLS,56800,Hit_Rate_10_year_cat ~ HSS_Continuous * reference_field_diversity + log_team_size + log_prior_knowledge + C(year) + C(arxiv_primary_category)
C(arxiv_primary_category)[T.math.OC],-0.027132444696276237,0.11160323776712498,0.8079161480029391,Hit_Rate_10_year_cat,Hit{10}_p,reference_field_diversity,参考文献学科数量,OLS,56800,Hit_Rate_10_year_cat ~ HSS_Continuous * reference_field_diversity + log_team_size + log_prior_knowledge + C(year) + C(arxiv_primary_category)
C(arxiv_primary_category)[T.math.PR],0.22845059723926453,0.14865727763484915,0.12435202736845942,Hit_Rate_10_year_cat,Hit{10}_p,reference_field_diversity,参考文献学科数量,OLS,56800,Hit_Rate_10_year_cat ~ HSS_Continuous * reference_field_diversity + log_team_size + log_prior_knowledge + C(year) + C(arxiv_primary_category)
C(arxiv_primary_category)[T.math.ST],0.1710219103558959,0.14277304503381016,0.23097209517913153,Hit_Rate_10_year_cat,Hit{10}_p,reference_field_diversity,参考文献学科数量,OLS,56800,Hit_Rate_10_year_cat ~ HSS_Continuous * reference_field_diversity + log_team_size + log_prior_knowledge + C(year) + C(arxiv_primary_category)
C(arxiv_primary_category)[T.nlin.AO],0.8007920299039751,0.10655152337695215,5.667734199869313e-14,Hit_Rate_10_year_cat,Hit{10}_p,reference_field_diversity,参考文献学科数量,OLS,56800,Hit_Rate_10_year_cat ~ HSS_Continuous * reference_field_diversity + log_team_size + log_prior_knowledge + C(year) + C(arxiv_primary_category)
C(arxiv_primary_category)[T.nlin.CD],-1.0520600597750658,0.10596036215402291,3.119633454439756e-23,Hit_Rate_10_year_cat,Hit{10}_p,reference_field_diversity,参考文献学科数量,OLS,56800,Hit_Rate_10_year_cat ~ HSS_Continuous * reference_field_diversity + log_team_size + log_prior_knowledge + C(year) + C(arxiv_primary_category)
C(arxiv_primary_category)[T.nlin.PS],0.5375251044848581,0.3080386590158512,0.08098620003586597,Hit_Rate_10_year_cat,Hit{10}_p,reference_field_diversity,参考文献学科数量,OLS,56800,Hit_Rate_10_year_cat ~ HSS_Continuous * reference_field_diversity + log_team_size + log_prior_knowledge + C(year) + C(arxiv_primary_category)
C(arxiv_primary_category)[T.nucl-ex],0.7102776491771153,0.10615040248308058,2.21289811997814e-11,Hit_Rate_10_year_cat,Hit{10}_p,reference_field_diversity,参考文献学科数量,OLS,56800,Hit_Rate_10_year_cat ~ HSS_Continuous * reference_field_diversity + log_team_size + log_prior_knowledge + C(year) + C(arxiv_primary_category)
C(arxiv_primary_category)[T.nucl-th],0.8928452476127862,0.10617523638503575,4.1293436300569126e-17,Hit_Rate_10_year_cat,Hit{10}_p,reference_field_diversity,参考文献学科数量,OLS,56800,Hit_Rate_10_year_cat ~ HSS_Continuous * reference_field_diversity + log_team_size + log_prior_knowledge + C(year) + C(arxiv_primary_category)
C(arxiv_primary_category)[T.physics.acc-ph],0.3663749846602851,0.22698646168561368,0.10650942844319564,Hit_Rate_10_year_cat,Hit{10}_p,reference_field_diversity,参考文献学科数量,OLS,56800,Hit_Rate_10_year_cat ~ HSS_Continuous * reference_field_diversity + log_team_size + log_prior_knowledge + C(year) + C(arxiv_primary_category)
C(arxiv_primary_category)[T.physics.ao-ph],0.046660564468981175,0.13478747899882587,0.7292083642377478,Hit_Rate_10_year_cat,Hit{10}_p,reference_field_diversity,参考文献学科数量,OLS,56800,Hit_Rate_10_year_cat ~ HSS_Continuous * reference_field_diversity + log_team_size + log_prior_knowledge + C(year) + C(arxiv_primary_category)
C(arxiv_primary_category)[T.physics.app-ph],0.19089827122924058,0.13555219765473134,0.15904201270331053,Hit_Rate_10_year_cat,Hit{10}_p,reference_field_diversity,参考文献学科数量,OLS,56800,Hit_Rate_10_year_cat ~ HSS_Continuous * reference_field_diversity + log_team_size + log_prior_knowledge + C(year) + C(arxiv_primary_category)
C(arxiv_primary_category)[T.physics.atom-ph],0.8293905859303622,0.10617956381513974,5.6642754215586715e-15,Hit_Rate_10_year_cat,Hit{10}_p,reference_field_diversity,参考文献学科数量,OLS,56800,Hit_Rate_10_year_cat ~ HSS_Continuous * reference_field_diversity + log_team_size + log_prior_knowledge + C(year) + C(arxiv_primary_category)
C(arxiv_primary_category)[T.physics.bio-ph],0.40943051482609993,0.21727493831421651,0.05951236975660484,Hit_Rate_10_year_cat,Hit{10}_p,reference_field_diversity,参考文献学科数量,OLS,56800,Hit_Rate_10_year_cat ~ HSS_Continuous * reference_field_diversity + log_team_size + log_prior_knowledge + C(year) + C(arxiv_primary_category)
C(arxiv_primary_category)[T.physics.chem-ph],-0.1633414822992454,0.1291373733523348,0.20591934108655374,Hit_Rate_10_year_cat,Hit{10}_p,reference_field_diversity,参考文献学科数量,OLS,56800,Hit_Rate_10_year_cat ~ HSS_Continuous * reference_field_diversity + log_team_size + log_prior_knowledge + C(year) + C(arxiv_primary_category)
C(arxiv_primary_category)[T.physics.comp-ph],-0.03165657777267741,0.1323267083594261,0.8109268936338748,Hit_Rate_10_year_cat,Hit{10}_p,reference_field_diversity,参考文献学科数量,OLS,56800,Hit_Rate_10_year_cat ~ HSS_Continuous * reference_field_diversity + log_team_size + log_prior_knowledge + C(year) + C(arxiv_primary_category)
C(arxiv_primary_category)[T.physics.data-an],0.31009303695620516,0.16982636859768302,0.06785905399157278,Hit_Rate_10_year_cat,Hit{10}_p,reference_field_diversity,参考文献学科数量,OLS,56800,Hit_Rate_10_year_cat ~ HSS_Continuous * reference_field_diversity + log_team_size + log_prior_knowledge + C(year) + C(arxiv_primary_category)
C(arxiv_primary_category)[T.physics.ed-ph],-0.008563742530313369,0.1261586167515981,0.9458805563276811,Hit_Rate_10_year_cat,Hit{10}_p,reference_field_diversity,参考文献学科数量,OLS,56800,Hit_Rate_10_year_cat ~ HSS_Continuous * reference_field_diversity + log_team_size + log_prior_knowledge + C(year) + C(arxiv_primary_category)
C(arxiv_primary_category)[T.physics.flu-dyn],0.07764710083439408,0.12962097360681252,0.549151598224623,Hit_Rate_10_year_cat,Hit{10}_p,reference_field_diversity,参考文献学科数量,OLS,56800,Hit_Rate_10_year_cat ~ HSS_Continuous * reference_field_diversity + log_team_size + log_prior_knowledge + C(year) + C(arxiv_primary_category)
C(arxiv_primary_category)[T.physics.geo-ph],0.19367801662976908,0.1288215577778105,0.13272054960805196,Hit_Rate_10_year_cat,Hit{10}_p,reference_field_diversity,参考文献学科数量,OLS,56800,Hit_Rate_10_year_cat ~ HSS_Continuous * reference_field_diversity + log_team_size + log_prior_knowledge + C(year) + C(arxiv_primary_category)
C(arxiv_primary_category)[T.physics.ins-det],0.2156014538543436,0.14824687224644342,0.14585188321168918,Hit_Rate_10_year_cat,Hit{10}_p,reference_field_diversity,参考文献学科数量,OLS,56800,Hit_Rate_10_year_cat ~ HSS_Continuous * reference_field_diversity + log_team_size + log_prior_knowledge + C(year) + C(arxiv_primary_category)
C(arxiv_primary_category)[T.physics.med-ph],-0.047977349446270974,0.1176910756921417,0.683527016702127,Hit_Rate_10_year_cat,Hit{10}_p,reference_field_diversity,参考文献学科数量,OLS,56800,Hit_Rate_10_year_cat ~ HSS_Continuous * reference_field_diversity + log_team_size + log_prior_knowledge + C(year) + C(arxiv_primary_category)
C(arxiv_primary_category)[T.physics.optics],0.16185764906368805,0.1361620698356787,0.23455254648992485,Hit_Rate_10_year_cat,Hit{10}_p,reference_field_diversity,参考文献学科数量,OLS,56800,Hit_Rate_10_year_cat ~ HSS_Continuous * reference_field_diversity + log_team_size + log_prior_knowledge + C(year) + C(arxiv_primary_category)
C(arxiv_primary_category)[T.physics.plasm-ph],0.07321823033403534,0.25541885054593766,0.7743730798884734,Hit_Rate_10_year_cat,Hit{10}_p,reference_field_diversity,参考文献学科数量,OLS,56800,Hit_Rate_10_year_cat ~ HSS_Continuous * reference_field_diversity + log_team_size + log_prior_knowledge + C(year) + C(arxiv_primary_category)
C(arxiv_primary_category)[T.physics.pop-ph],0.851225603473314,0.1062781188076422,1.1525497268421346e-15,Hit_Rate_10_year_cat,Hit{10}_p,reference_field_diversity,参考文献学科数量,OLS,56800,Hit_Rate_10_year_cat ~ HSS_Continuous * reference_field_diversity + log_team_size + log_prior_knowledge + C(year) + C(arxiv_primary_category)
C(arxiv_primary_category)[T.physics.soc-ph],0.0035215663336903014,0.1552190434559431,0.9818993706316935,Hit_Rate_10_year_cat,Hit{10}_p,reference_field_diversity,参考文献学科数量,OLS,56800,Hit_Rate_10_year_cat ~ HSS_Continuous * reference_field_diversity + log_team_size + log_prior_knowledge + C(year) + C(arxiv_primary_category)
C(arxiv_primary_category)[T.physics.space-ph],0.31916621418999347,0.2787165317178802,0.2521559752741319,Hit_Rate_10_year_cat,Hit{10}_p,reference_field_diversity,参考文献学科数量,OLS,56800,Hit_Rate_10_year_cat ~ HSS_Continuous * reference_field_diversity + log_team_size + log_prior_knowledge + C(year) + C(arxiv_primary_category)
C(arxiv_primary_category)[T.q-bio.BM],-0.13846905676262206,0.11406064276910693,0.22474961090525258,Hit_Rate_10_year_cat,Hit{10}_p,reference_field_diversity,参考文献学科数量,OLS,56800,Hit_Rate_10_year_cat ~ HSS_Continuous * reference_field_diversity + log_team_size + log_prior_knowledge + C(year) + C(arxiv_primary_category)
C(arxiv_primary_category)[T.q-bio.GN],-0.10177425331013437,0.12468607706568759,0.41436063716559723,Hit_Rate_10_year_cat,Hit{10}_p,reference_field_diversity,参考文献学科数量,OLS,56800,Hit_Rate_10_year_cat ~ HSS_Continuous * reference_field_diversity + log_team_size + log_prior_knowledge + C(year) + C(arxiv_primary_category)
C(arxiv_primary_category)[T.q-bio.MN],0.3158009149057611,0.1855079094339687,0.08868823664363186,Hit_Rate_10_year_cat,Hit{10}_p,reference_field_diversity,参考文献学科数量,OLS,56800,Hit_Rate_10_year_cat ~ HSS_Continuous * reference_field_diversity + log_team_size + log_prior_knowledge + C(year) + C(arxiv_primary_category)
C(arxiv_primary_category)[T.q-bio.NC],-0.06405786205189827,0.10954431671721626,0.5587046382183043,Hit_Rate_10_year_cat,Hit{10}_p,reference_field_diversity,参考文献学科数量,OLS,56800,Hit_Rate_10_year_cat ~ HSS_Continuous * reference_field_diversity + log_team_size + log_prior_knowledge + C(year) + C(arxiv_primary_category)
C(arxiv_primary_category)[T.q-bio.OT],0.009672866757264795,0.18993646810234485,0.959383806968697,Hit_Rate_10_year_cat,Hit{10}_p,reference_field_diversity,参考文献学科数量,OLS,56800,Hit_Rate_10_year_cat ~ HSS_Continuous * reference_field_diversity + log_team_size + log_prior_knowledge + C(year) + C(arxiv_primary_category)
C(arxiv_primary_category)[T.q-bio.PE],0.3309304869780513,0.2141758347304917,0.12231371587881949,Hit_Rate_10_year_cat,Hit{10}_p,reference_field_diversity,参考文献学科数量,OLS,56800,Hit_Rate_10_year_cat ~ HSS_Continuous * reference_field_diversity + log_team_size + log_prior_knowledge + C(year) + C(arxiv_primary_category)
C(arxiv_primary_category)[T.q-bio.QM],-0.12479448053886172,0.11521961786258945,0.2787636059119577,Hit_Rate_10_year_cat,Hit{10}_p,reference_field_diversity,参考文献学科数量,OLS,56800,Hit_Rate_10_year_cat ~ HSS_Continuous * reference_field_diversity + log_team_size + log_prior_knowledge + C(year) + C(arxiv_primary_category)
C(arxiv_primary_category)[T.q-bio.TO],0.5535094115848205,0.28887688527646765,0.055355711340344026,Hit_Rate_10_year_cat,Hit{10}_p,reference_field_diversity,参考文献学科数量,OLS,56800,Hit_Rate_10_year_cat ~ HSS_Continuous * reference_field_diversity + log_team_size + log_prior_knowledge + C(year) + C(arxiv_primary_category)
C(arxiv_primary_category)[T.q-fin.CP],0.08305336460323395,0.1401990790358358,0.553585487328225,Hit_Rate_10_year_cat,Hit{10}_p,reference_field_diversity,参考文献学科数量,OLS,56800,Hit_Rate_10_year_cat ~ HSS_Continuous * reference_field_diversity + log_team_size + log_prior_knowledge + C(year) + C(arxiv_primary_category)
C(arxiv_primary_category)[T.q-fin.GN],-0.26106360737439993,0.21066900877174602,0.21526692095832645,Hit_Rate_10_year_cat,Hit{10}_p,reference_field_diversity,参考文献学科数量,OLS,56800,Hit_Rate_10_year_cat ~ HSS_Continuous * reference_field_diversity + log_team_size + log_prior_knowledge + C(year) + C(arxiv_primary_category)
C(arxiv_primary_category)[T.q-fin.MF],0.41271629367061746,0.21675390347292578,0.05690005369279511,Hit_Rate_10_year_cat,Hit{10}_p,reference_field_diversity,参考文献学科数量,OLS,56800,Hit_Rate_10_year_cat ~ HSS_Continuous * reference_field_diversity + log_team_size + log_prior_knowledge + C(year) + C(arxiv_primary_category)
C(arxiv_primary_category)[T.q-fin.PM],0.21832113373578171,0.14992825715676933,0.14534543971617211,Hit_Rate_10_year_cat,Hit{10}_p,reference_field_diversity,参考文献学科数量,OLS,56800,Hit_Rate_10_year_cat ~ HSS_Continuous * reference_field_diversity + log_team_size + log_prior_knowledge + C(year) + C(arxiv_primary_category)
C(arxiv_primary_category)[T.q-fin.PR],0.8348611766238403,0.10671072963458665,5.133713712277342e-15,Hit_Rate_10_year_cat,Hit{10}_p,reference_field_diversity,参考文献学科数量,OLS,56800,Hit_Rate_10_year_cat ~ HSS_Continuous * reference_field_diversity + log_team_size + log_prior_knowledge + C(year) + C(arxiv_primary_category)
C(arxiv_primary_category)[T.q-fin.RM],-0.003352446485212379,0.1499322107452395,0.982160988569304,Hit_Rate_10_year_cat,Hit{10}_p,reference_field_diversity,参考文献学科数量,OLS,56800,Hit_Rate_10_year_cat ~ HSS_Continuous * reference_field_diversity + log_team_size + log_prior_knowledge + C(year) + C(arxiv_primary_category)
C(arxiv_primary_category)[T.q-fin.ST],0.057790828440778125,0.12116559799205917,0.6333924576960666,Hit_Rate_10_year_cat,Hit{10}_p,reference_field_diversity,参考文献学科数量,OLS,56800,Hit_Rate_10_year_cat ~ HSS_Continuous * reference_field_diversity + log_team_size + log_prior_knowledge + C(year) + C(arxiv_primary_category)
C(arxiv_primary_category)[T.q-fin.TR],-0.17253788412254908,0.1862620022439933,0.3542806362229436,Hit_Rate_10_year_cat,Hit{10}_p,reference_field_diversity,参考文献学科数量,OLS,56800,Hit_Rate_10_year_cat ~ HSS_Continuous * reference_field_diversity + log_team_size + log_prior_knowledge + C(year) + C(arxiv_primary_category)
C(arxiv_primary_category)[T.quant-ph],-0.025745229813312127,0.1085369213066482,0.8124996916683491,Hit_Rate_10_year_cat,Hit{10}_p,reference_field_diversity,参考文献学科数量,OLS,56800,Hit_Rate_10_year_cat ~ HSS_Continuous * reference_field_diversity + log_team_size + log_prior_knowledge + C(year) + C(arxiv_primary_category)
C(arxiv_primary_category)[T.stat.AP],0.005563166938014938,0.15439405603524103,0.9712566350182613,Hit_Rate_10_year_cat,Hit{10}_p,reference_field_diversity,参考文献学科数量,OLS,56800,Hit_Rate_10_year_cat ~ HSS_Continuous * reference_field_diversity + log_team_size + log_prior_knowledge + C(year) + C(arxiv_primary_category)
C(arxiv_primary_category)[T.stat.CO],0.2054343739140126,0.2253657797759761,0.3620005186631816,Hit_Rate_10_year_cat,Hit{10}_p,reference_field_diversity,参考文献学科数量,OLS,56800,Hit_Rate_10_year_cat ~ HSS_Continuous * reference_field_diversity + log_team_size + log_prior_knowledge + C(year) + C(arxiv_primary_category)
C(arxiv_primary_category)[T.stat.ME],0.175311412155017,0.13252607997912733,0.18588705462219213,Hit_Rate_10_year_cat,Hit{10}_p,reference_field_diversity,参考文献学科数量,OLS,56800,Hit_Rate_10_year_cat ~ HSS_Continuous * reference_field_diversity + log_team_size + log_prior_knowledge + C(year) + C(arxiv_primary_category)
C(arxiv_primary_category)[T.stat.ML],-0.058966868547678394,0.10681969748534315,0.5809329886066728,Hit_Rate_10_year_cat,Hit{10}_p,reference_field_diversity,参考文献学科数量,OLS,56800,Hit_Rate_10_year_cat ~ HSS_Continuous * reference_field_diversity + log_team_size + log_prior_knowledge + C(year) + C(arxiv_primary_category)
C(arxiv_primary_category)[T.stat.OT],-0.015007375920962351,0.10680201200254395,0.8882524271152674,Hit_Rate_10_year_cat,Hit{10}_p,reference_field_diversity,参考文献学科数量,OLS,56800,Hit_Rate_10_year_cat ~ HSS_Continuous * reference_field_diversity + log_team_size + log_prior_knowledge + C(year) + C(arxiv_primary_category)
HSS_Continuous,0.007127410365317884,0.0012447729319966826,1.029038438189148e-08,Hit_Rate_10_year_cat,Hit{10}_p,reference_field_diversity,参考文献学科数量,OLS,56800,Hit_Rate_10_year_cat ~ HSS_Continuous * reference_field_diversity + log_team_size + log_prior_knowledge + C(year) + C(arxiv_primary_category)
reference_field_diversity,0.017035698454256565,0.0013968703036746368,3.280007646959475e-34,Hit_Rate_10_year_cat,Hit{10}_p,reference_field_diversity,参考文献学科数量,OLS,56800,Hit_Rate_10_year_cat ~ HSS_Continuous * reference_field_diversity + log_team_size + log_prior_knowledge + C(year) + C(arxiv_primary_category)
HSS_Continuous:reference_field_diversity,-0.001492940462355789,0.0009369603379853394,0.11107339060787416,Hit_Rate_10_year_cat,Hit{10}_p,reference_field_diversity,参考文献学科数量,OLS,56800,Hit_Rate_10_year_cat ~ HSS_Continuous * reference_field_diversity + log_team_size + log_prior_knowledge + C(year) + C(arxiv_primary_category)
log_team_size,0.06046935155491274,0.0042804570072527675,2.5951394689324355e-45,Hit_Rate_10_year_cat,Hit{10}_p,reference_field_diversity,参考文献学科数量,OLS,56800,Hit_Rate_10_year_cat ~ HSS_Continuous * reference_field_diversity + log_team_size + log_prior_knowledge + C(year) + C(arxiv_primary_category)
log_prior_knowledge,0.019963902391406402,0.001534893439658045,1.1207474327198191e-38,Hit_Rate_10_year_cat,Hit{10}_p,reference_field_diversity,参考文献学科数量,OLS,56800,Hit_Rate_10_year_cat ~ HSS_Continuous * reference_field_diversity + log_team_size + log_prior_knowledge + C(year) + C(arxiv_primary_category)
Intercept,0.4508145385381143,0.16957835706477797,0.007850243320832104,Hit_Rate_10_year_cat,Hit{10}_p,reference_entropy,参考文献学科熵,OLS,15845,Hit_Rate_10_year_cat ~ HSS_Continuous * reference_entropy + log_team_size + log_prior_knowledge + C(year) + C(arxiv_primary_category)
C(year)[T.2015],-0.18007559674854753,0.0902869840789111,0.046099608099583064,Hit_Rate_10_year_cat,Hit{10}_p,reference_entropy,参考文献学科熵,OLS,15845,Hit_Rate_10_year_cat ~ HSS_Continuous * reference_entropy + log_team_size + log_prior_knowledge + C(year) + C(arxiv_primary_category)
C(year)[T.2016],-0.24110429999279784,0.08110671895361972,0.002952123073192685,Hit_Rate_10_year_cat,Hit{10}_p,reference_entropy,参考文献学科熵,OLS,15845,Hit_Rate_10_year_cat ~ HSS_Continuous * reference_entropy + log_team_size + log_prior_knowledge + C(year) + C(arxiv_primary_category)
C(year)[T.2017],-0.24683207610253818,0.07947607043817781,0.0018980299841969072,Hit_Rate_10_year_cat,Hit{10}_p,reference_entropy,参考文献学科熵,OLS,15845,Hit_Rate_10_year_cat ~ HSS_Continuous * reference_entropy + log_team_size + log_prior_knowledge + C(year) + C(arxiv_primary_category)
C(year)[T.2018],-0.2560131718159795,0.07912150519237025,0.0012134636156928304,Hit_Rate_10_year_cat,Hit{10}_p,reference_entropy,参考文献学科熵,OLS,15845,Hit_Rate_10_year_cat ~ HSS_Continuous * reference_entropy + log_team_size + log_prior_knowledge + C(year) + C(arxiv_primary_category)
C(year)[T.2019],-0.26535366018652196,0.0789901803635297,0.0007813321822904014,Hit_Rate_10_year_cat,Hit{10}_p,reference_entropy,参考文献学科熵,OLS,15845,Hit_Rate_10_year_cat ~ HSS_Continuous * reference_entropy + log_team_size + log_prior_knowledge + C(year) + C(arxiv_primary_category)
C(year)[T.2020],-0.2609600752253636,0.07895304215193212,0.0009488943277497255,Hit_Rate_10_year_cat,Hit{10}_p,reference_entropy,参考文献学科熵,OLS,15845,Hit_Rate_10_year_cat ~ HSS_Continuous * reference_entropy + log_team_size + log_prior_knowledge + C(year) + C(arxiv_primary_category)
C(year)[T.2021],-0.2542343179024298,0.07892587446245977,0.0012766467591751422,Hit_Rate_10_year_cat,Hit{10}_p,reference_entropy,参考文献学科熵,OLS,15845,Hit_Rate_10_year_cat ~ HSS_Continuous * reference_entropy + log_team_size + log_prior_knowledge + C(year) + C(arxiv_primary_category)
C(year)[T.2022],-0.13132059786613764,0.09991106866878834,0.1887200830829504,Hit_Rate_10_year_cat,Hit{10}_p,reference_entropy,参考文献学科熵,OLS,15845,Hit_Rate_10_year_cat ~ HSS_Continuous * reference_entropy + log_team_size + log_prior_knowledge + C(year) + C(arxiv_primary_category)
C(year)[T.2023],-0.27536551335675286,0.08212489596354337,0.0007993811395980305,Hit_Rate_10_year_cat,Hit{10}_p,reference_entropy,参考文献学科熵,OLS,15845,Hit_Rate_10_year_cat ~ HSS_Continuous * reference_entropy + log_team_size + log_prior_knowledge + C(year) + C(arxiv_primary_category)
C(year)[T.2024],0.006988793674600313,0.1222567765101295,0.9544138559411641,Hit_Rate_10_year_cat,Hit{10}_p,reference_entropy,参考文献学科熵,OLS,15845,Hit_Rate_10_year_cat ~ HSS_Continuous * reference_entropy + log_team_size + log_prior_knowledge + C(year) + C(arxiv_primary_category)
C(year)[T.2025],0.49571554887121827,0.10235533468053493,1.278388011622672e-06,Hit_Rate_10_year_cat,Hit{10}_p,reference_entropy,参考文献学科熵,OLS,15845,Hit_Rate_10_year_cat ~ HSS_Continuous * reference_entropy + log_team_size + log_prior_knowledge + C(year) + C(arxiv_primary_category)
C(arxiv_primary_category)[T.astro-ph.GA],0.21667268757153874,0.24810401247565333,0.3824919956133599,Hit_Rate_10_year_cat,Hit{10}_p,reference_entropy,参考文献学科熵,OLS,15845,Hit_Rate_10_year_cat ~ HSS_Continuous * reference_entropy + log_team_size + log_prior_knowledge + C(year) + C(arxiv_primary_category)
C(arxiv_primary_category)[T.astro-ph.HE],0.6357877017375743,0.14998186083673568,2.2442037692202637e-05,Hit_Rate_10_year_cat,Hit{10}_p,reference_entropy,参考文献学科熵,OLS,15845,Hit_Rate_10_year_cat ~ HSS_Continuous * reference_entropy + log_team_size + log_prior_knowledge + C(year) + C(arxiv_primary_category)
C(arxiv_primary_category)[T.astro-ph.IM],0.027311923636444135,0.1851588524741249,0.8827331474427613,Hit_Rate_10_year_cat,Hit{10}_p,reference_entropy,参考文献学科熵,OLS,15845,Hit_Rate_10_year_cat ~ HSS_Continuous * reference_entropy + log_team_size + log_prior_knowledge + C(year) + C(arxiv_primary_category)
C(arxiv_primary_category)[T.astro-ph.SR],0.6163924466437597,0.15035339219252225,4.1382105293547926e-05,Hit_Rate_10_year_cat,Hit{10}_p,reference_entropy,参考文献学科熵,OLS,15845,Hit_Rate_10_year_cat ~ HSS_Continuous * reference_entropy + log_team_size + log_prior_knowledge + C(year) + C(arxiv_primary_category)
C(arxiv_primary_category)[T.cond-mat.dis-nn],0.14079699469149903,0.2203581077905345,0.5228578752371804,Hit_Rate_10_year_cat,Hit{10}_p,reference_entropy,参考文献学科熵,OLS,15845,Hit_Rate_10_year_cat ~ HSS_Continuous * reference_entropy + log_team_size + log_prior_knowledge + C(year) + C(arxiv_primary_category)
C(arxiv_primary_category)[T.cond-mat.mes-hall],0.6587182420106231,0.1500537000895671,1.1341147343447182e-05,Hit_Rate_10_year_cat,Hit{10}_p,reference_entropy,参考文献学科熵,OLS,15845,Hit_Rate_10_year_cat ~ HSS_Continuous * reference_entropy + log_team_size + log_prior_knowledge + C(year) + C(arxiv_primary_category)
C(arxiv_primary_category)[T.cond-mat.mtrl-sci],-0.13446754562008217,0.18622857216925098,0.47025975899426387,Hit_Rate_10_year_cat,Hit{10}_p,reference_entropy,参考文献学科熵,OLS,15845,Hit_Rate_10_year_cat ~ HSS_Continuous * reference_entropy + log_team_size + log_prior_knowledge + C(year) + C(arxiv_primary_category)
C(arxiv_primary_category)[T.cond-mat.other],0.7644605740842911,0.149887898521905,3.392670921641507e-07,Hit_Rate_10_year_cat,Hit{10}_p,reference_entropy,参考文献学科熵,OLS,15845,Hit_Rate_10_year_cat ~ HSS_Continuous * reference_entropy + log_team_size + log_prior_knowledge + C(year) + C(arxiv_primary_category)
C(arxiv_primary_category)[T.cond-mat.soft],-0.013252089267520462,0.31838280006087694,0.9667991326647876,Hit_Rate_10_year_cat,Hit{10}_p,reference_entropy,参考文献学科熵,OLS,15845,Hit_Rate_10_year_cat ~ HSS_Continuous * reference_entropy + log_team_size + log_prior_knowledge + C(year) + C(arxiv_primary_category)
C(arxiv_primary_category)[T.cond-mat.stat-mech],0.3038427534143783,0.22337019888983217,0.17374595266121828,Hit_Rate_10_year_cat,Hit{10}_p,reference_entropy,参考文献学科熵,OLS,15845,Hit_Rate_10_year_cat ~ HSS_Continuous * reference_entropy + log_team_size + log_prior_knowledge + C(year) + C(arxiv_primary_category)
C(arxiv_primary_category)[T.cond-mat.str-el],0.6617498451645951,0.14979577535090055,9.976584152383418e-06,Hit_Rate_10_year_cat,Hit{10}_p,reference_entropy,参考文献学科熵,OLS,15845,Hit_Rate_10_year_cat ~ HSS_Continuous * reference_entropy + log_team_size + log_prior_knowledge + C(year) + C(arxiv_primary_category)
C(arxiv_primary_category)[T.cs.AI],-0.2240333218144294,0.151621296412146,0.13951894724688546,Hit_Rate_10_year_cat,Hit{10}_p,reference_entropy,参考文献学科熵,OLS,15845,Hit_Rate_10_year_cat ~ HSS_Continuous * reference_entropy + log_team_size + log_prior_knowledge + C(year) + C(arxiv_primary_category)
C(arxiv_primary_category)[T.cs.AR],-0.1305151425565818,0.17265672847084096,0.44969553540903373,Hit_Rate_10_year_cat,Hit{10}_p,reference_entropy,参考文献学科熵,OLS,15845,Hit_Rate_10_year_cat ~ HSS_Continuous * reference_entropy + log_team_size + log_prior_knowledge + C(year) + C(arxiv_primary_category)
C(arxiv_primary_category)[T.cs.CC],0.1835040731333706,0.29662405355925886,0.5361522814547368,Hit_Rate_10_year_cat,Hit{10}_p,reference_entropy,参考文献学科熵,OLS,15845,Hit_Rate_10_year_cat ~ HSS_Continuous * reference_entropy + log_team_size + log_prior_knowledge + C(year) + C(arxiv_primary_category)
C(arxiv_primary_category)[T.cs.CE],-0.004239288748928833,0.18530298995587166,0.9817479037411039,Hit_Rate_10_year_cat,Hit{10}_p,reference_entropy,参考文献学科熵,OLS,15845,Hit_Rate_10_year_cat ~ HSS_Continuous * reference_entropy + log_team_size + log_prior_knowledge + C(year) + C(arxiv_primary_category)
C(arxiv_primary_category)[T.cs.CG],0.44972723471960874,0.2315951979288195,0.05215311831872849,Hit_Rate_10_year_cat,Hit{10}_p,reference_entropy,参考文献学科熵,OLS,15845,Hit_Rate_10_year_cat ~ HSS_Continuous * reference_entropy + log_team_size + log_prior_knowledge + C(year) + C(arxiv_primary_category)
C(arxiv_primary_category)[T.cs.CL],-0.2716469034379117,0.1499675455744131,0.07008340019507717,Hit_Rate_10_year_cat,Hit{10}_p,reference_entropy,参考文献学科熵,OLS,15845,Hit_Rate_10_year_cat ~ HSS_Continuous * reference_entropy + log_team_size + log_prior_knowledge + C(year) + C(arxiv_primary_category)
C(arxiv_primary_category)[T.cs.CR],-0.20331928418361178,0.15253497688441808,0.18255297463623477,Hit_Rate_10_year_cat,Hit{10}_p,reference_entropy,参考文献学科熵,OLS,15845,Hit_Rate_10_year_cat ~ HSS_Continuous * reference_entropy + log_team_size + log_prior_knowledge + C(year) + C(arxiv_primary_category)
C(arxiv_primary_category)[T.cs.CV],-0.2661705850933253,0.1499457960828024,0.075879392543009,Hit_Rate_10_year_cat,Hit{10}_p,reference_entropy,参考文献学科熵,OLS,15845,Hit_Rate_10_year_cat ~ HSS_Continuous * reference_entropy + log_team_size + log_prior_knowledge + C(year) + C(arxiv_primary_category)
C(arxiv_primary_category)[T.cs.CY],-0.18011938503720018,0.1638138067504598,0.2715337888777285,Hit_Rate_10_year_cat,Hit{10}_p,reference_entropy,参考文献学科熵,OLS,15845,Hit_Rate_10_year_cat ~ HSS_Continuous * reference_entropy + log_team_size + log_prior_knowledge + C(year) + C(arxiv_primary_category)
C(arxiv_primary_category)[T.cs.DB],-0.0164353621069718,0.20566071211587422,0.9363049126998587,Hit_Rate_10_year_cat,Hit{10}_p,reference_entropy,参考文献学科熵,OLS,15845,Hit_Rate_10_year_cat ~ HSS_Continuous * reference_entropy + log_team_size + log_prior_knowledge + C(year) + C(arxiv_primary_category)
C(arxiv_primary_category)[T.cs.DC],-0.15908545601151192,0.16485108248805075,0.33453216818732134,Hit_Rate_10_year_cat,Hit{10}_p,reference_entropy,参考文献学科熵,OLS,15845,Hit_Rate_10_year_cat ~ HSS_Continuous * reference_entropy + log_team_size + log_prior_knowledge + C(year) + C(arxiv_primary_category)
C(arxiv_primary_category)[T.cs.DL],0.40124638606426016,0.25271757355470953,0.11234820021223392,Hit_Rate_10_year_cat,Hit{10}_p,reference_entropy,参考文献学科熵,OLS,15845,Hit_Rate_10_year_cat ~ HSS_Continuous * reference_entropy + log_team_size + log_prior_knowledge + C(year) + C(arxiv_primary_category)
C(arxiv_primary_category)[T.cs.DM],0.6991069998378334,0.15000664309006728,3.1543153798000235e-06,Hit_Rate_10_year_cat,Hit{10}_p,reference_entropy,参考文献学科熵,OLS,15845,Hit_Rate_10_year_cat ~ HSS_Continuous * reference_entropy + log_team_size + log_prior_knowledge + C(year) + C(arxiv_primary_category)
C(arxiv_primary_category)[T.cs.DS],0.018613440032697565,0.18053095367100946,0.917880533340202,Hit_Rate_10_year_cat,Hit{10}_p,reference_entropy,参考文献学科熵,OLS,15845,Hit_Rate_10_year_cat ~ HSS_Continuous * reference_entropy + log_team_size + log_prior_knowledge + C(year) + C(arxiv_primary_category)
C(arxiv_primary_category)[T.cs.ET],-0.0654663505905966,0.1997642467423488,0.7431248500088377,Hit_Rate_10_year_cat,Hit{10}_p,reference_entropy,参考文献学科熵,OLS,15845,Hit_Rate_10_year_cat ~ HSS_Continuous * reference_entropy + log_team_size + log_prior_knowledge + C(year) + C(arxiv_primary_category)
C(arxiv_primary_category)[T.cs.FL],0.6905590767319619,0.1503619526904445,4.376631218151444e-06,Hit_Rate_10_year_cat,Hit{10}_p,reference_entropy,参考文献学科熵,OLS,15845,Hit_Rate_10_year_cat ~ HSS_Continuous * reference_entropy + log_team_size + log_prior_knowledge + C(year) + C(arxiv_primary_category)
C(arxiv_primary_category)[T.cs.GR],-0.18580355436503415,0.1596747555368499,0.2445708942511191,Hit_Rate_10_year_cat,Hit{10}_p,reference_entropy,参考文献学科熵,OLS,15845,Hit_Rate_10_year_cat ~ HSS_Continuous * reference_entropy + log_team_size + log_prior_knowledge + C(year) + C(arxiv_primary_category)
C(arxiv_primary_category)[T.cs.GT],0.4471984328067486,0.23423579673200606,0.05623880140545313,Hit_Rate_10_year_cat,Hit{10}_p,reference_entropy,参考文献学科熵,OLS,15845,Hit_Rate_10_year_cat ~ HSS_Continuous * reference_entropy + log_team_size + log_prior_knowledge + C(year) + C(arxiv_primary_category)
C(arxiv_primary_category)[T.cs.HC],-0.24766385310280561,0.15649793266393616,0.11352690986226263,Hit_Rate_10_year_cat,Hit{10}_p,reference_entropy,参考文献学科熵,OLS,15845,Hit_Rate_10_year_cat ~ HSS_Continuous * reference_entropy + log_team_size + log_prior_knowledge + C(year) + C(arxiv_primary_category)
C(arxiv_primary_category)[T.cs.IR],-0.2586596408254138,0.15133695160512453,0.08742061040543551,Hit_Rate_10_year_cat,Hit{10}_p,reference_entropy,参考文献学科熵,OLS,15845,Hit_Rate_10_year_cat ~ HSS_Continuous * reference_entropy + log_team_size + log_prior_knowledge + C(year) + C(arxiv_primary_category)
C(arxiv_primary_category)[T.cs.IT],-0.1774534069146286,0.1504570598229876,0.23822742668801722,Hit_Rate_10_year_cat,Hit{10}_p,reference_entropy,参考文献学科熵,OLS,15845,Hit_Rate_10_year_cat ~ HSS_Continuous * reference_entropy + log_team_size + log_prior_knowledge + C(year) + C(arxiv_primary_category)
C(arxiv_primary_category)[T.cs.LG],-0.2587008346899675,0.1499496307420037,0.0844821470301308,Hit_Rate_10_year_cat,Hit{10}_p,reference_entropy,参考文献学科熵,OLS,15845,Hit_Rate_10_year_cat ~ HSS_Continuous * reference_entropy + log_team_size + log_prior_knowledge + C(year) + C(arxiv_primary_category)
C(arxiv_primary_category)[T.cs.LO],0.06246152125149931,0.20926803477700082,0.7653397622761252,Hit_Rate_10_year_cat,Hit{10}_p,reference_entropy,参考文献学科熵,OLS,15845,Hit_Rate_10_year_cat ~ HSS_Continuous * reference_entropy + log_team_size + log_prior_knowledge + C(year) + C(arxiv_primary_category)
C(arxiv_primary_category)[T.cs.MA],0.11057492059725114,0.2837580156067495,0.6967729344034611,Hit_Rate_10_year_cat,Hit{10}_p,reference_entropy,参考文献学科熵,OLS,15845,Hit_Rate_10_year_cat ~ HSS_Continuous * reference_entropy + log_team_size + log_prior_knowledge + C(year) + C(arxiv_primary_category)
C(arxiv_primary_category)[T.cs.MM],-0.1691015656378559,0.15958103299709922,0.2892995112806329,Hit_Rate_10_year_cat,Hit{10}_p,reference_entropy,参考文献学科熵,OLS,15845,Hit_Rate_10_year_cat ~ HSS_Continuous * reference_entropy + log_team_size + log_prior_knowledge + C(year) + C(arxiv_primary_category)
C(arxiv_primary_category)[T.cs.MS],0.6574686919717599,0.15561044137631125,2.388414036846904e-05,Hit_Rate_10_year_cat,Hit{10}_p,reference_entropy,参考文献学科熵,OLS,15845,Hit_Rate_10_year_cat ~ HSS_Continuous * reference_entropy + log_team_size + log_prior_knowledge + C(year) + C(arxiv_primary_category)
C(arxiv_primary_category)[T.cs.NE],-0.22585513531786086,0.15399334146491966,0.1424698751613628,Hit_Rate_10_year_cat,Hit{10}_p,reference_entropy,参考文献学科熵,OLS,15845,Hit_Rate_10_year_cat ~ HSS_Continuous * reference_entropy + log_team_size + log_prior_knowledge + C(year) + C(arxiv_primary_category)
C(arxiv_primary_category)[T.cs.NI],-0.1640178126882176,0.15899435402461604,0.302261789215308,Hit_Rate_10_year_cat,Hit{10}_p,reference_entropy,参考文献学科熵,OLS,15845,Hit_Rate_10_year_cat ~ HSS_Continuous * reference_entropy + log_team_size + log_prior_knowledge + C(year) + C(arxiv_primary_category)
C(arxiv_primary_category)[T.cs.OH],0.5928181574368901,0.15252162510934042,0.00010158231376200869,Hit_Rate_10_year_cat,Hit{10}_p,reference_entropy,参考文献学科熵,OLS,15845,Hit_Rate_10_year_cat ~ HSS_Continuous * reference_entropy + log_team_size + log_prior_knowledge + C(year) + C(arxiv_primary_category)
C(arxiv_primary_category)[T.cs.PF],0.6142822638150904,0.15022440888224642,4.330546983784836e-05,Hit_Rate_10_year_cat,Hit{10}_p,reference_entropy,参考文献学科熵,OLS,15845,Hit_Rate_10_year_cat ~ HSS_Continuous * reference_entropy + log_team_size + log_prior_knowledge + C(year) + C(arxiv_primary_category)
C(arxiv_primary_category)[T.cs.PL],-0.018710211192480317,0.18784302927033616,0.9206574750173753,Hit_Rate_10_year_cat,Hit{10}_p,reference_entropy,参考文献学科熵,OLS,15845,Hit_Rate_10_year_cat ~ HSS_Continuous * reference_entropy + log_team_size + log_prior_knowledge + C(year) + C(arxiv_primary_category)
C(arxiv_primary_category)[T.cs.RO],-0.21421050987522272,0.1538882535038197,0.16392621351515735,Hit_Rate_10_year_cat,Hit{10}_p,reference_entropy,参考文献学科熵,OLS,15845,Hit_Rate_10_year_cat ~ HSS_Continuous * reference_entropy + log_team_size + log_prior_knowledge + C(year) + C(arxiv_primary_category)
C(arxiv_primary_category)[T.cs.SC],0.7437597649681407,0.15005419397325936,7.173463141001404e-07,Hit_Rate_10_year_cat,Hit{10}_p,reference_entropy,参考文献学科熵,OLS,15845,Hit_Rate_10_year_cat ~ HSS_Continuous * reference_entropy + log_team_size + log_prior_knowledge + C(year) + C(arxiv_primary_category)
C(arxiv_primary_category)[T.cs.SD],-0.2499421680380097,0.15125566972268764,0.09844320464685331,Hit_Rate_10_year_cat,Hit{10}_p,reference_entropy,参考文献学科熵,OLS,15845,Hit_Rate_10_year_cat ~ HSS_Continuous * reference_entropy + log_team_size + log_prior_knowledge + C(year) + C(arxiv_primary_category)
C(arxiv_primary_category)[T.cs.SE],-0.24800458288683477,0.15376836157826562,0.106778116462653,Hit_Rate_10_year_cat,Hit{10}_p,reference_entropy,参考文献学科熵,OLS,15845,Hit_Rate_10_year_cat ~ HSS_Continuous * reference_entropy + log_team_size + log_prior_knowledge + C(year) + C(arxiv_primary_category)
C(arxiv_primary_category)[T.cs.SI],-0.223470729385043,0.15491639928022471,0.14915441420643322,Hit_Rate_10_year_cat,Hit{10}_p,reference_entropy,参考文献学科熵,OLS,15845,Hit_Rate_10_year_cat ~ HSS_Continuous * reference_entropy + log_team_size + log_prior_knowledge + C(year) + C(arxiv_primary_category)
C(arxiv_primary_category)[T.econ.EM],0.6499089850053918,0.15578677795260407,3.0222238429647163e-05,Hit_Rate_10_year_cat,Hit{10}_p,reference_entropy,参考文献学科熵,OLS,15845,Hit_Rate_10_year_cat ~ HSS_Continuous * reference_entropy + log_team_size + log_prior_knowledge + C(year) + C(arxiv_primary_category)
C(arxiv_primary_category)[T.econ.GN],0.7619324434182121,0.1531787654463723,6.553833340098091e-07,Hit_Rate_10_year_cat,Hit{10}_p,reference_entropy,参考文献学科熵,OLS,15845,Hit_Rate_10_year_cat ~ HSS_Continuous * reference_entropy + log_team_size + log_prior_knowledge + C(year) + C(arxiv_primary_category)
C(arxiv_primary_category)[T.eess.AS],-0.24973210636829393,0.15081457006959245,0.0977444087677434,Hit_Rate_10_year_cat,Hit{10}_p,reference_entropy,参考文献学科熵,OLS,15845,Hit_Rate_10_year_cat ~ HSS_Continuous * reference_entropy + log_team_size + log_prior_knowledge + C(year) + C(arxiv_primary_category)
C(arxiv_primary_category)[T.eess.IV],-0.25193214313346335,0.15036244768230742,0.09383635094517741,Hit_Rate_10_year_cat,Hit{10}_p,reference_entropy,参考文献学科熵,OLS,15845,Hit_Rate_10_year_cat ~ HSS_Continuous * reference_entropy + log_team_size + log_prior_knowledge + C(year) + C(arxiv_primary_category)
C(arxiv_primary_category)[T.eess.SP],-0.20013804936278887,0.1514470298737668,0.18633294372775833,Hit_Rate_10_year_cat,Hit{10}_p,reference_entropy,参考文献学科熵,OLS,15845,Hit_Rate_10_year_cat ~ HSS_Continuous * reference_entropy + log_team_size + log_prior_knowledge + C(year) + C(arxiv_primary_category)
C(arxiv_primary_category)[T.eess.SY],-0.11846035850985918,0.16429173573683206,0.47088698170287446,Hit_Rate_10_year_cat,Hit{10}_p,reference_entropy,参考文献学科熵,OLS,15845,Hit_Rate_10_year_cat ~ HSS_Continuous * reference_entropy + log_team_size + log_prior_knowledge + C(year) + C(arxiv_primary_category)
C(arxiv_primary_category)[T.gr-qc],0.5584823888105531,0.15027297147044252,0.0002020394529395268,Hit_Rate_10_year_cat,Hit{10}_p,reference_entropy,参考文献学科熵,OLS,15845,Hit_Rate_10_year_cat ~ HSS_Continuous * reference_entropy + log_team_size + log_prior_knowledge + C(year) + C(arxiv_primary_category)
C(arxiv_primary_category)[T.hep-ex],0.6269142709214293,0.15013511012236738,2.9711378855973307e-05,Hit_Rate_10_year_cat,Hit{10}_p,reference_entropy,参考文献学科熵,OLS,15845,Hit_Rate_10_year_cat ~ HSS_Continuous * reference_entropy + log_team_size + log_prior_knowledge + C(year) + C(arxiv_primary_category)
C(arxiv_primary_category)[T.hep-lat],0.42362214891610855,0.2555448687340273,0.09737375079612884,Hit_Rate_10_year_cat,Hit{10}_p,reference_entropy,参考文献学科熵,OLS,15845,Hit_Rate_10_year_cat ~ HSS_Continuous * reference_entropy + log_team_size + log_prior_knowledge + C(year) + C(arxiv_primary_category)
C(arxiv_primary_category)[T.hep-ph],-0.038725631598247046,0.20357810026195072,0.8491328698190772,Hit_Rate_10_year_cat,Hit{10}_p,reference_entropy,参考文献学科熵,OLS,15845,Hit_Rate_10_year_cat ~ HSS_Continuous * reference_entropy + log_team_size + log_prior_knowledge + C(year) + C(arxiv_primary_category)
C(arxiv_primary_category)[T.hep-th],0.7333195926622392,0.15068147480025704,1.1348447430163574e-06,Hit_Rate_10_year_cat,Hit{10}_p,reference_entropy,参考文献学科熵,OLS,15845,Hit_Rate_10_year_cat ~ HSS_Continuous * reference_entropy + log_team_size + log_prior_knowledge + C(year) + C(arxiv_primary_category)
C(arxiv_primary_category)[T.math-ph],0.7130894124584373,0.15010220641220529,2.0272129824798473e-06,Hit_Rate_10_year_cat,Hit{10}_p,reference_entropy,参考文献学科熵,OLS,15845,Hit_Rate_10_year_cat ~ HSS_Continuous * reference_entropy + log_team_size + log_prior_knowledge + C(year) + C(arxiv_primary_category)
C(arxiv_primary_category)[T.math.AG],0.7524053602012144,0.15011254210398997,5.379022102240391e-07,Hit_Rate_10_year_cat,Hit{10}_p,reference_entropy,参考文献学科熵,OLS,15845,Hit_Rate_10_year_cat ~ HSS_Continuous * reference_entropy + log_team_size + log_prior_knowledge + C(year) + C(arxiv_primary_category)
C(arxiv_primary_category)[T.math.AP],0.21356701677213236,0.1854586688036508,0.24950141178839513,Hit_Rate_10_year_cat,Hit{10}_p,reference_entropy,参考文献学科熵,OLS,15845,Hit_Rate_10_year_cat ~ HSS_Continuous * reference_entropy + log_team_size + log_prior_knowledge + C(year) + C(arxiv_primary_category)
C(arxiv_primary_category)[T.math.CO],0.7088650117741153,0.15012871478450696,2.338641814823027e-06,Hit_Rate_10_year_cat,Hit{10}_p,reference_entropy,参考文献学科熵,OLS,15845,Hit_Rate_10_year_cat ~ HSS_Continuous * reference_entropy + log_team_size + log_prior_knowledge + C(year) + C(arxiv_primary_category)
C(arxiv_primary_category)[T.math.DS],0.596099141844318,0.17217892585603456,0.0005359955201439665,Hit_Rate_10_year_cat,Hit{10}_p,reference_entropy,参考文献学科熵,OLS,15845,Hit_Rate_10_year_cat ~ HSS_Continuous * reference_entropy + log_team_size + log_prior_knowledge + C(year) + C(arxiv_primary_category)
C(arxiv_primary_category)[T.math.GM],0.698664328013611,0.15192096708048758,4.247947764786891e-06,Hit_Rate_10_year_cat,Hit{10}_p,reference_entropy,参考文献学科熵,OLS,15845,Hit_Rate_10_year_cat ~ HSS_Continuous * reference_entropy + log_team_size + log_prior_knowledge + C(year) + C(arxiv_primary_category)
C(arxiv_primary_category)[T.math.GR],0.7247152892929682,0.15031209546403926,1.4255155344795299e-06,Hit_Rate_10_year_cat,Hit{10}_p,reference_entropy,参考文献学科熵,OLS,15845,Hit_Rate_10_year_cat ~ HSS_Continuous * reference_entropy + log_team_size + log_prior_knowledge + C(year) + C(arxiv_primary_category)
C(arxiv_primary_category)[T.math.LO],0.7464653704342634,0.1502422335939716,6.750329614057789e-07,Hit_Rate_10_year_cat,Hit{10}_p,reference_entropy,参考文献学科熵,OLS,15845,Hit_Rate_10_year_cat ~ HSS_Continuous * reference_entropy + log_team_size + log_prior_knowledge + C(year) + C(arxiv_primary_category)
C(arxiv_primary_category)[T.math.NA],-0.12278325839734167,0.16605092871233895,0.45964512613441233,Hit_Rate_10_year_cat,Hit{10}_p,reference_entropy,参考文献学科熵,OLS,15845,Hit_Rate_10_year_cat ~ HSS_Continuous * reference_entropy + log_team_size + log_prior_knowledge + C(year) + C(arxiv_primary_category)
C(arxiv_primary_category)[T.math.NT],0.6461141970091392,0.1519694888261527,2.1224421939477968e-05,Hit_Rate_10_year_cat,Hit{10}_p,reference_entropy,参考文献学科熵,OLS,15845,Hit_Rate_10_year_cat ~ HSS_Continuous * reference_entropy + log_team_size + log_prior_knowledge + C(year) + C(arxiv_primary_category)
C(arxiv_primary_category)[T.math.OC],-0.16629249788341946,0.1592448655772807,0.2963666982165626,Hit_Rate_10_year_cat,Hit{10}_p,reference_entropy,参考文献学科熵,OLS,15845,Hit_Rate_10_year_cat ~ HSS_Continuous * reference_entropy + log_team_size + log_prior_knowledge + C(year) + C(arxiv_primary_category)
C(arxiv_primary_category)[T.math.PR],0.09328537784267826,0.20236183540397476,0.6448107597088684,Hit_Rate_10_year_cat,Hit{10}_p,reference_entropy,参考文献学科熵,OLS,15845,Hit_Rate_10_year_cat ~ HSS_Continuous * reference_entropy + log_team_size + log_prior_knowledge + C(year) + C(arxiv_primary_category)
C(arxiv_primary_category)[T.math.ST],0.07146826074109272,0.1917373246934834,0.7093416119943519,Hit_Rate_10_year_cat,Hit{10}_p,reference_entropy,参考文献学科熵,OLS,15845,Hit_Rate_10_year_cat ~ HSS_Continuous * reference_entropy + log_team_size + log_prior_knowledge + C(year) + C(arxiv_primary_category)
C(arxiv_primary_category)[T.nlin.AO],0.7101612587641887,0.15028022547086628,2.2945924300289472e-06,Hit_Rate_10_year_cat,Hit{10}_p,reference_entropy,参考文献学科熵,OLS,15845,Hit_Rate_10_year_cat ~ HSS_Continuous * reference_entropy + log_team_size + log_prior_knowledge + C(year) + C(arxiv_primary_category)
C(arxiv_primary_category)[T.nlin.PS],0.7082426395738386,0.14993328296301273,2.3157077341677955e-06,Hit_Rate_10_year_cat,Hit{10}_p,reference_entropy,参考文献学科熵,OLS,15845,Hit_Rate_10_year_cat ~ HSS_Continuous * reference_entropy + log_team_size + log_prior_knowledge + C(year) + C(arxiv_primary_category)
C(arxiv_primary_category)[T.nucl-th],0.6986650101003924,0.15008730877144677,3.238907470198702e-06,Hit_Rate_10_year_cat,Hit{10}_p,reference_entropy,参考文献学科熵,OLS,15845,Hit_Rate_10_year_cat ~ HSS_Continuous * reference_entropy + log_team_size + log_prior_knowledge + C(year) + C(arxiv_primary_category)
C(arxiv_primary_category)[T.physics.acc-ph],0.2801193454191849,0.2691009395904683,0.29790095802447814,Hit_Rate_10_year_cat,Hit{10}_p,reference_entropy,参考文献学科熵,OLS,15845,Hit_Rate_10_year_cat ~ HSS_Continuous * reference_entropy + log_team_size + log_prior_knowledge + C(year) + C(arxiv_primary_category)
C(arxiv_primary_category)[T.physics.ao-ph],-0.008310341809295492,0.21515528028672337,0.9691894845184432,Hit_Rate_10_year_cat,Hit{10}_p,reference_entropy,参考文献学科熵,OLS,15845,Hit_Rate_10_year_cat ~ HSS_Continuous * reference_entropy + log_team_size + log_prior_knowledge + C(year) + C(arxiv_primary_category)
C(arxiv_primary_category)[T.physics.app-ph],0.1047399934460751,0.19545019475074485,0.5920339092050447,Hit_Rate_10_year_cat,Hit{10}_p,reference_entropy,参考文献学科熵,OLS,15845,Hit_Rate_10_year_cat ~ HSS_Continuous * reference_entropy + log_team_size + log_prior_knowledge + C(year) + C(arxiv_primary_category)
C(arxiv_primary_category)[T.physics.atom-ph],0.6617134341665631,0.14986889987818316,1.0087846424658361e-05,Hit_Rate_10_year_cat,Hit{10}_p,reference_entropy,参考文献学科熵,OLS,15845,Hit_Rate_10_year_cat ~ HSS_Continuous * reference_entropy + log_team_size + log_prior_knowledge + C(year) + C(arxiv_primary_category)
C(arxiv_primary_category)[T.physics.bio-ph],0.35018085254966513,0.24433414593650277,0.15179933962718117,Hit_Rate_10_year_cat,Hit{10}_p,reference_entropy,参考文献学科熵,OLS,15845,Hit_Rate_10_year_cat ~ HSS_Continuous * reference_entropy + log_team_size + log_prior_knowledge + C(year) + C(arxiv_primary_category)
C(arxiv_primary_category)[T.physics.chem-ph],-0.02242041114698888,0.21485196606621543,0.916889352754975,Hit_Rate_10_year_cat,Hit{10}_p,reference_entropy,参考文献学科熵,OLS,15845,Hit_Rate_10_year_cat ~ HSS_Continuous * reference_entropy + log_team_size + log_prior_knowledge + C(year) + C(arxiv_primary_category)
C(arxiv_primary_category)[T.physics.comp-ph],-0.06997436221632598,0.1880853955276171,0.7098667426172975,Hit_Rate_10_year_cat,Hit{10}_p,reference_entropy,参考文献学科熵,OLS,15845,Hit_Rate_10_year_cat ~ HSS_Continuous * reference_entropy + log_team_size + log_prior_knowledge + C(year) + C(arxiv_primary_category)
C(arxiv_primary_category)[T.physics.data-an],0.07174392561786233,0.22471130200570358,0.7495206047006988,Hit_Rate_10_year_cat,Hit{10}_p,reference_entropy,参考文献学科熵,OLS,15845,Hit_Rate_10_year_cat ~ HSS_Continuous * reference_entropy + log_team_size + log_prior_knowledge + C(year) + C(arxiv_primary_category)
C(arxiv_primary_category)[T.physics.ed-ph],0.19532153517257805,0.4117767629555308,0.6352586051112576,Hit_Rate_10_year_cat,Hit{10}_p,reference_entropy,参考文献学科熵,OLS,15845,Hit_Rate_10_year_cat ~ HSS_Continuous * reference_entropy + log_team_size + log_prior_knowledge + C(year) + C(arxiv_primary_category)
C(arxiv_primary_category)[T.physics.flu-dyn],0.03388967456622825,0.22705490324151495,0.8813503546052948,Hit_Rate_10_year_cat,Hit{10}_p,reference_entropy,参考文献学科熵,OLS,15845,Hit_Rate_10_year_cat ~ HSS_Continuous * reference_entropy + log_team_size + log_prior_knowledge + C(year) + C(arxiv_primary_category)
C(arxiv_primary_category)[T.physics.geo-ph],0.055101341341859705,0.2036601461785101,0.7867330438160569,Hit_Rate_10_year_cat,Hit{10}_p,reference_entropy,参考文献学科熵,OLS,15845,Hit_Rate_10_year_cat ~ HSS_Continuous * reference_entropy + log_team_size + log_prior_knowledge + C(year) + C(arxiv_primary_category)
C(arxiv_primary_category)[T.physics.ins-det],-0.003388331656271375,0.21159850165239039,0.9872240022416292,Hit_Rate_10_year_cat,Hit{10}_p,reference_entropy,参考文献学科熵,OLS,15845,Hit_Rate_10_year_cat ~ HSS_Continuous * reference_entropy + log_team_size + log_prior_knowledge + C(year) + C(arxiv_primary_category)
C(arxiv_primary_category)[T.physics.med-ph],-0.16763496374255732,0.17041065618452858,0.3252572639628242,Hit_Rate_10_year_cat,Hit{10}_p,reference_entropy,参考文献学科熵,OLS,15845,Hit_Rate_10_year_cat ~ HSS_Continuous * reference_entropy + log_team_size + log_prior_knowledge + C(year) + C(arxiv_primary_category)
C(arxiv_primary_category)[T.physics.optics],0.05235258325558466,0.20122707018395403,0.7947351878036667,Hit_Rate_10_year_cat,Hit{10}_p,reference_entropy,参考文献学科熵,OLS,15845,Hit_Rate_10_year_cat ~ HSS_Continuous * reference_entropy + log_team_size + log_prior_knowledge + C(year) + C(arxiv_primary_category)
C(arxiv_primary_category)[T.physics.soc-ph],0.10795068058883073,0.21940212758678207,0.6227037687057997,Hit_Rate_10_year_cat,Hit{10}_p,reference_entropy,参考文献学科熵,OLS,15845,Hit_Rate_10_year_cat ~ HSS_Continuous * reference_entropy + log_team_size + log_prior_knowledge + C(year) + C(arxiv_primary_category)
C(arxiv_primary_category)[T.physics.space-ph],-0.048601229457966466,0.1635019733110305,0.7662744006702333,Hit_Rate_10_year_cat,Hit{10}_p,reference_entropy,参考文献学科熵,OLS,15845,Hit_Rate_10_year_cat ~ HSS_Continuous * reference_entropy + log_team_size + log_prior_knowledge + C(year) + C(arxiv_primary_category)
C(arxiv_primary_category)[T.q-bio.BM],-0.1008199229147972,0.17673976746091444,0.5683774263343135,Hit_Rate_10_year_cat,Hit{10}_p,reference_entropy,参考文献学科熵,OLS,15845,Hit_Rate_10_year_cat ~ HSS_Continuous * reference_entropy + log_team_size + log_prior_knowledge + C(year) + C(arxiv_primary_category)
C(arxiv_primary_category)[T.q-bio.GN],0.0819024945130909,0.23063307032035124,0.722499438809874,Hit_Rate_10_year_cat,Hit{10}_p,reference_entropy,参考文献学科熵,OLS,15845,Hit_Rate_10_year_cat ~ HSS_Continuous * reference_entropy + log_team_size + log_prior_knowledge + C(year) + C(arxiv_primary_category)
C(arxiv_primary_category)[T.q-bio.MN],0.35960835400075214,0.3100351228363924,0.24609134173030867,Hit_Rate_10_year_cat,Hit{10}_p,reference_entropy,参考文献学科熵,OLS,15845,Hit_Rate_10_year_cat ~ HSS_Continuous * reference_entropy + log_team_size + log_prior_knowledge + C(year) + C(arxiv_primary_category)
C(arxiv_primary_category)[T.q-bio.NC],-0.18539412856163462,0.15695917031387713,0.23753857364427222,Hit_Rate_10_year_cat,Hit{10}_p,reference_entropy,参考文献学科熵,OLS,15845,Hit_Rate_10_year_cat ~ HSS_Continuous * reference_entropy + log_team_size + log_prior_knowledge + C(year) + C(arxiv_primary_category)
C(arxiv_primary_category)[T.q-bio.OT],0.6884813807796388,0.15922521387093963,1.5326215334131807e-05,Hit_Rate_10_year_cat,Hit{10}_p,reference_entropy,参考文献学科熵,OLS,15845,Hit_Rate_10_year_cat ~ HSS_Continuous * reference_entropy + log_team_size + log_prior_knowledge + C(year) + C(arxiv_primary_category)
C(arxiv_primary_category)[T.q-bio.PE],0.2842597737258735,0.2796403486495949,0.30938222584694963,Hit_Rate_10_year_cat,Hit{10}_p,reference_entropy,参考文献学科熵,OLS,15845,Hit_Rate_10_year_cat ~ HSS_Continuous * reference_entropy + log_team_size + log_prior_knowledge + C(year) + C(arxiv_primary_category)
C(arxiv_primary_category)[T.q-bio.QM],-0.12490056685123259,0.16868634803618116,0.45903863857674443,Hit_Rate_10_year_cat,Hit{10}_p,reference_entropy,参考文献学科熵,OLS,15845,Hit_Rate_10_year_cat ~ HSS_Continuous * reference_entropy + log_team_size + log_prior_knowledge + C(year) + C(arxiv_primary_category)
C(arxiv_primary_category)[T.q-bio.TO],0.37383754296871846,0.3198323031955826,0.24246211169674814,Hit_Rate_10_year_cat,Hit{10}_p,reference_entropy,参考文献学科熵,OLS,15845,Hit_Rate_10_year_cat ~ HSS_Continuous * reference_entropy + log_team_size + log_prior_knowledge + C(year) + C(arxiv_primary_category)
C(arxiv_primary_category)[T.q-fin.CP],0.01578442855665177,0.2017056748858756,0.9376254057974843,Hit_Rate_10_year_cat,Hit{10}_p,reference_entropy,参考文献学科熵,OLS,15845,Hit_Rate_10_year_cat ~ HSS_Continuous * reference_entropy + log_team_size + log_prior_knowledge + C(year) + C(arxiv_primary_category)
C(arxiv_primary_category)[T.q-fin.GN],0.7291811115798128,0.15178113157986567,1.55401142308152e-06,Hit_Rate_10_year_cat,Hit{10}_p,reference_entropy,参考文献学科熵,OLS,15845,Hit_Rate_10_year_cat ~ HSS_Continuous * reference_entropy + log_team_size + log_prior_knowledge + C(year) + C(arxiv_primary_category)
C(arxiv_primary_category)[T.q-fin.MF],0.035126995580695826,0.30846596940047155,0.9093357701612357,Hit_Rate_10_year_cat,Hit{10}_p,reference_entropy,参考文献学科熵,OLS,15845,Hit_Rate_10_year_cat ~ HSS_Continuous * reference_entropy + log_team_size + log_prior_knowledge + C(year) + C(arxiv_primary_category)
C(arxiv_primary_category)[T.q-fin.PM],0.6846262678059138,0.153915310316719,8.664478872057106e-06,Hit_Rate_10_year_cat,Hit{10}_p,reference_entropy,参考文献学科熵,OLS,15845,Hit_Rate_10_year_cat ~ HSS_Continuous * reference_entropy + log_team_size + log_prior_knowledge + C(year) + C(arxiv_primary_category)
C(arxiv_primary_category)[T.q-fin.PR],0.7038627639115226,0.15573860594971903,6.198183566345966e-06,Hit_Rate_10_year_cat,Hit{10}_p,reference_entropy,参考文献学科熵,OLS,15845,Hit_Rate_10_year_cat ~ HSS_Continuous * reference_entropy + log_team_size + log_prior_knowledge + C(year) + C(arxiv_primary_category)
C(arxiv_primary_category)[T.q-fin.ST],0.12675794210709773,0.20963315977355576,0.5454012672131533,Hit_Rate_10_year_cat,Hit{10}_p,reference_entropy,参考文献学科熵,OLS,15845,Hit_Rate_10_year_cat ~ HSS_Continuous * reference_entropy + log_team_size + log_prior_knowledge + C(year) + C(arxiv_primary_category)
C(arxiv_primary_category)[T.q-fin.TR],0.7606334184517035,0.15820291301634948,1.5247758576221552e-06,Hit_Rate_10_year_cat,Hit{10}_p,reference_entropy,参考文献学科熵,OLS,15845,Hit_Rate_10_year_cat ~ HSS_Continuous * reference_entropy + log_team_size + log_prior_knowledge + C(year) + C(arxiv_primary_category)
C(arxiv_primary_category)[T.quant-ph],-0.15329566224704078,0.15566034860132513,0.32471805679874266,Hit_Rate_10_year_cat,Hit{10}_p,reference_entropy,参考文献学科熵,OLS,15845,Hit_Rate_10_year_cat ~ HSS_Continuous * reference_entropy + log_team_size + log_prior_knowledge + C(year) + C(arxiv_primary_category)
C(arxiv_primary_category)[T.stat.AP],0.2241413192293346,0.20736294821775336,0.2797357879012957,Hit_Rate_10_year_cat,Hit{10}_p,reference_entropy,参考文献学科熵,OLS,15845,Hit_Rate_10_year_cat ~ HSS_Continuous * reference_entropy + log_team_size + log_prior_knowledge + C(year) + C(arxiv_primary_category)
C(arxiv_primary_category)[T.stat.CO],0.09025891828522303,0.26596232423164945,0.7343330424504806,Hit_Rate_10_year_cat,Hit{10}_p,reference_entropy,参考文献学科熵,OLS,15845,Hit_Rate_10_year_cat ~ HSS_Continuous * reference_entropy + log_team_size + log_prior_knowledge + C(year) + C(arxiv_primary_category)
C(arxiv_primary_category)[T.stat.ME],0.16876172589347527,0.2085956591140614,0.41849353419951374,Hit_Rate_10_year_cat,Hit{10}_p,reference_entropy,参考文献学科熵,OLS,15845,Hit_Rate_10_year_cat ~ HSS_Continuous * reference_entropy + log_team_size + log_prior_knowledge + C(year) + C(arxiv_primary_category)
C(arxiv_primary_category)[T.stat.ML],-0.24573778401897675,0.1506706637391776,0.10289881841939481,Hit_Rate_10_year_cat,Hit{10}_p,reference_entropy,参考文献学科熵,OLS,15845,Hit_Rate_10_year_cat ~ HSS_Continuous * reference_entropy + log_team_size + log_prior_knowledge + C(year) + C(arxiv_primary_category)
HSS_Continuous,-0.003228482973809012,0.005175118899932588,0.532727997073349,Hit_Rate_10_year_cat,Hit{10}_p,reference_entropy,参考文献学科熵,OLS,15845,Hit_Rate_10_year_cat ~ HSS_Continuous * reference_entropy + log_team_size + log_prior_knowledge + C(year) + C(arxiv_primary_category)
reference_entropy,-0.0048437819853932645,0.007902249941887131,0.5399012104360317,Hit_Rate_10_year_cat,Hit{10}_p,reference_entropy,参考文献学科熵,OLS,15845,Hit_Rate_10_year_cat ~ HSS_Continuous * reference_entropy + log_team_size + log_prior_knowledge + C(year) + C(arxiv_primary_category)
HSS_Continuous:reference_entropy,0.0028728378521323426,0.006672613227228683,0.6668016823091195,Hit_Rate_10_year_cat,Hit{10}_p,reference_entropy,参考文献学科熵,OLS,15845,Hit_Rate_10_year_cat ~ HSS_Continuous * reference_entropy + log_team_size + log_prior_knowledge + C(year) + C(arxiv_primary_category)
log_team_size,0.05131630843662849,0.009489929298137438,6.392874771499899e-08,Hit_Rate_10_year_cat,Hit{10}_p,reference_entropy,参考文献学科熵,OLS,15845,Hit_Rate_10_year_cat ~ HSS_Continuous * reference_entropy + log_team_size + log_prior_knowledge + C(year) + C(arxiv_primary_category)
log_prior_knowledge,0.025775545774432647,0.0029208528117530574,1.0978856006912328e-18,Hit_Rate_10_year_cat,Hit{10}_p,reference_entropy,参考文献学科熵,OLS,15845,Hit_Rate_10_year_cat ~ HSS_Continuous * reference_entropy + log_team_size + log_prior_knowledge + C(year) + C(arxiv_primary_category)
Intercept,0.4489689691675928,0.16937751316730443,0.008032516104197654,Hit_Rate_10_year_cat,Hit{10}_p,hss_reference_share,HSS参考文献占比,OLS,15845,Hit_Rate_10_year_cat ~ HSS_Continuous * hss_reference_share + log_team_size + log_prior_knowledge + C(year) + C(arxiv_primary_category)
C(year)[T.2015],-0.18008482036978285,0.0900087620227018,0.04541959001591135,Hit_Rate_10_year_cat,Hit{10}_p,hss_reference_share,HSS参考文献占比,OLS,15845,Hit_Rate_10_year_cat ~ HSS_Continuous * hss_reference_share + log_team_size + log_prior_knowledge + C(year) + C(arxiv_primary_category)
C(year)[T.2016],-0.24074249760987682,0.08082140241615056,0.002894765431797293,Hit_Rate_10_year_cat,Hit{10}_p,hss_reference_share,HSS参考文献占比,OLS,15845,Hit_Rate_10_year_cat ~ HSS_Continuous * hss_reference_share + log_team_size + log_prior_knowledge + C(year) + C(arxiv_primary_category)
C(year)[T.2017],-0.24631200808966178,0.07917969692580322,0.0018658280381891516,Hit_Rate_10_year_cat,Hit{10}_p,hss_reference_share,HSS参考文献占比,OLS,15845,Hit_Rate_10_year_cat ~ HSS_Continuous * hss_reference_share + log_team_size + log_prior_knowledge + C(year) + C(arxiv_primary_category)
C(year)[T.2018],-0.25561516284444713,0.07882977797063374,0.0011843527922266645,Hit_Rate_10_year_cat,Hit{10}_p,hss_reference_share,HSS参考文献占比,OLS,15845,Hit_Rate_10_year_cat ~ HSS_Continuous * hss_reference_share + log_team_size + log_prior_knowledge + C(year) + C(arxiv_primary_category)
C(year)[T.2019],-0.2649926945211413,0.0786894737939105,0.0007583243274825041,Hit_Rate_10_year_cat,Hit{10}_p,hss_reference_share,HSS参考文献占比,OLS,15845,Hit_Rate_10_year_cat ~ HSS_Continuous * hss_reference_share + log_team_size + log_prior_knowledge + C(year) + C(arxiv_primary_category)
C(year)[T.2020],-0.2605205969081368,0.07865335482309227,0.0009254450132547866,Hit_Rate_10_year_cat,Hit{10}_p,hss_reference_share,HSS参考文献占比,OLS,15845,Hit_Rate_10_year_cat ~ HSS_Continuous * hss_reference_share + log_team_size + log_prior_knowledge + C(year) + C(arxiv_primary_category)
C(year)[T.2021],-0.2536808847588794,0.0786267224573773,0.0012536010439863539,Hit_Rate_10_year_cat,Hit{10}_p,hss_reference_share,HSS参考文献占比,OLS,15845,Hit_Rate_10_year_cat ~ HSS_Continuous * hss_reference_share + log_team_size + log_prior_knowledge + C(year) + C(arxiv_primary_category)
C(year)[T.2022],-0.13235041262081937,0.09964809793521567,0.18411930645192298,Hit_Rate_10_year_cat,Hit{10}_p,hss_reference_share,HSS参考文献占比,OLS,15845,Hit_Rate_10_year_cat ~ HSS_Continuous * hss_reference_share + log_team_size + log_prior_knowledge + C(year) + C(arxiv_primary_category)
C(year)[T.2023],-0.2751937076124991,0.08183186777259652,0.0007712379271584039,Hit_Rate_10_year_cat,Hit{10}_p,hss_reference_share,HSS参考文献占比,OLS,15845,Hit_Rate_10_year_cat ~ HSS_Continuous * hss_reference_share + log_team_size + log_prior_knowledge + C(year) + C(arxiv_primary_category)
C(year)[T.2024],0.0059147030473430395,0.1220524168732198,0.9613493620566597,Hit_Rate_10_year_cat,Hit{10}_p,hss_reference_share,HSS参考文献占比,OLS,15845,Hit_Rate_10_year_cat ~ HSS_Continuous * hss_reference_share + log_team_size + log_prior_knowledge + C(year) + C(arxiv_primary_category)
C(year)[T.2025],0.494869501623813,0.10233507814778,1.3262729479263478e-06,Hit_Rate_10_year_cat,Hit{10}_p,hss_reference_share,HSS参考文献占比,OLS,15845,Hit_Rate_10_year_cat ~ HSS_Continuous * hss_reference_share + log_team_size + log_prior_knowledge + C(year) + C(arxiv_primary_category)
C(arxiv_primary_category)[T.astro-ph.GA],0.21577071592499614,0.2487373845520986,0.38568785186456445,Hit_Rate_10_year_cat,Hit{10}_p,hss_reference_share,HSS参考文献占比,OLS,15845,Hit_Rate_10_year_cat ~ HSS_Continuous * hss_reference_share + log_team_size + log_prior_knowledge + C(year) + C(arxiv_primary_category)
C(arxiv_primary_category)[T.astro-ph.HE],0.6374678177819398,0.14987112666027463,2.1051153291162775e-05,Hit_Rate_10_year_cat,Hit{10}_p,hss_reference_share,HSS参考文献占比,OLS,15845,Hit_Rate_10_year_cat ~ HSS_Continuous * hss_reference_share + log_team_size + log_prior_knowledge + C(year) + C(arxiv_primary_category)
C(arxiv_primary_category)[T.astro-ph.IM],0.026137218651467897,0.1853030067374719,0.8878294642318614,Hit_Rate_10_year_cat,Hit{10}_p,hss_reference_share,HSS参考文献占比,OLS,15845,Hit_Rate_10_year_cat ~ HSS_Continuous * hss_reference_share + log_team_size + log_prior_knowledge + C(year) + C(arxiv_primary_category)
C(arxiv_primary_category)[T.astro-ph.SR],0.6150875546225859,0.1504622257520491,4.35133381319446e-05,Hit_Rate_10_year_cat,Hit{10}_p,hss_reference_share,HSS参考文献占比,OLS,15845,Hit_Rate_10_year_cat ~ HSS_Continuous * hss_reference_share + log_team_size + log_prior_knowledge + C(year) + C(arxiv_primary_category)
C(arxiv_primary_category)[T.cond-mat.dis-nn],0.13828069026407508,0.2203668688215306,0.5303301085858507,Hit_Rate_10_year_cat,Hit{10}_p,hss_reference_share,HSS参考文献占比,OLS,15845,Hit_Rate_10_year_cat ~ HSS_Continuous * hss_reference_share + log_team_size + log_prior_knowledge + C(year) + C(arxiv_primary_category)
C(arxiv_primary_category)[T.cond-mat.mes-hall],0.6549358144668217,0.150032122351983,1.2694612176949955e-05,Hit_Rate_10_year_cat,Hit{10}_p,hss_reference_share,HSS参考文献占比,OLS,15845,Hit_Rate_10_year_cat ~ HSS_Continuous * hss_reference_share + log_team_size + log_prior_knowledge + C(year) + C(arxiv_primary_category)
C(arxiv_primary_category)[T.cond-mat.mtrl-sci],-0.13567646468600808,0.18621705333962066,0.4662505856347341,Hit_Rate_10_year_cat,Hit{10}_p,hss_reference_share,HSS参考文献占比,OLS,15845,Hit_Rate_10_year_cat ~ HSS_Continuous * hss_reference_share + log_team_size + log_prior_knowledge + C(year) + C(arxiv_primary_category)
C(arxiv_primary_category)[T.cond-mat.other],0.7626724016759653,0.14988878294872066,3.613725817097479e-07,Hit_Rate_10_year_cat,Hit{10}_p,hss_reference_share,HSS参考文献占比,OLS,15845,Hit_Rate_10_year_cat ~ HSS_Continuous * hss_reference_share + log_team_size + log_prior_knowledge + C(year) + C(arxiv_primary_category)
C(arxiv_primary_category)[T.cond-mat.soft],-0.012784581906052694,0.31745920795558785,0.9678766162483733,Hit_Rate_10_year_cat,Hit{10}_p,hss_reference_share,HSS参考文献占比,OLS,15845,Hit_Rate_10_year_cat ~ HSS_Continuous * hss_reference_share + log_team_size + log_prior_knowledge + C(year) + C(arxiv_primary_category)
C(arxiv_primary_category)[T.cond-mat.stat-mech],0.3043757485744518,0.22358397997426083,0.17340353647356266,Hit_Rate_10_year_cat,Hit{10}_p,hss_reference_share,HSS参考文献占比,OLS,15845,Hit_Rate_10_year_cat ~ HSS_Continuous * hss_reference_share + log_team_size + log_prior_knowledge + C(year) + C(arxiv_primary_category)
C(arxiv_primary_category)[T.cond-mat.str-el],0.6607113677844998,0.1497902480815344,1.0293689418364099e-05,Hit_Rate_10_year_cat,Hit{10}_p,hss_reference_share,HSS参考文献占比,OLS,15845,Hit_Rate_10_year_cat ~ HSS_Continuous * hss_reference_share + log_team_size + log_prior_knowledge + C(year) + C(arxiv_primary_category)
C(arxiv_primary_category)[T.cs.AI],-0.22218498510151183,0.1516136215349964,0.142793143004778,Hit_Rate_10_year_cat,Hit{10}_p,hss_reference_share,HSS参考文献占比,OLS,15845,Hit_Rate_10_year_cat ~ HSS_Continuous * hss_reference_share + log_team_size + log_prior_knowledge + C(year) + C(arxiv_primary_category)
C(arxiv_primary_category)[T.cs.AR],-0.13102244984864272,0.17267045385736723,0.4479718263860696,Hit_Rate_10_year_cat,Hit{10}_p,hss_reference_share,HSS参考文献占比,OLS,15845,Hit_Rate_10_year_cat ~ HSS_Continuous * hss_reference_share + log_team_size + log_prior_knowledge + C(year) + C(arxiv_primary_category)
C(arxiv_primary_category)[T.cs.CC],0.18426295488504665,0.29679551075029,0.5347039486010134,Hit_Rate_10_year_cat,Hit{10}_p,hss_reference_share,HSS参考文献占比,OLS,15845,Hit_Rate_10_year_cat ~ HSS_Continuous * hss_reference_share + log_team_size + log_prior_knowledge + C(year) + C(arxiv_primary_category)
C(arxiv_primary_category)[T.cs.CE],-0.005003693762581165,0.1852925383959585,0.9784563109739711,Hit_Rate_10_year_cat,Hit{10}_p,hss_reference_share,HSS参考文献占比,OLS,15845,Hit_Rate_10_year_cat ~ HSS_Continuous * hss_reference_share + log_team_size + log_prior_knowledge + C(year) + C(arxiv_primary_category)
C(arxiv_primary_category)[T.cs.CG],0.45022788328611835,0.23189388141904685,0.052194569895626236,Hit_Rate_10_year_cat,Hit{10}_p,hss_reference_share,HSS参考文献占比,OLS,15845,Hit_Rate_10_year_cat ~ HSS_Continuous * hss_reference_share + log_team_size + log_prior_knowledge + C(year) + C(arxiv_primary_category)
C(arxiv_primary_category)[T.cs.CL],-0.2693694149781985,0.14993460113207435,0.07240241797892431,Hit_Rate_10_year_cat,Hit{10}_p,hss_reference_share,HSS参考文献占比,OLS,15845,Hit_Rate_10_year_cat ~ HSS_Continuous * hss_reference_share + log_team_size + log_prior_knowledge + C(year) + C(arxiv_primary_category)
C(arxiv_primary_category)[T.cs.CR],-0.201996495257691,0.15249143399946483,0.18529005541850085,Hit_Rate_10_year_cat,Hit{10}_p,hss_reference_share,HSS参考文献占比,OLS,15845,Hit_Rate_10_year_cat ~ HSS_Continuous * hss_reference_share + log_team_size + log_prior_knowledge + C(year) + C(arxiv_primary_category)
C(arxiv_primary_category)[T.cs.CV],-0.2654869362354447,0.14992637180580334,0.07659694287208015,Hit_Rate_10_year_cat,Hit{10}_p,hss_reference_share,HSS参考文献占比,OLS,15845,Hit_Rate_10_year_cat ~ HSS_Continuous * hss_reference_share + log_team_size + log_prior_knowledge + C(year) + C(arxiv_primary_category)
C(arxiv_primary_category)[T.cs.CY],-0.1789972144758825,0.163874197530051,0.2747081553652816,Hit_Rate_10_year_cat,Hit{10}_p,hss_reference_share,HSS参考文献占比,OLS,15845,Hit_Rate_10_year_cat ~ HSS_Continuous * hss_reference_share + log_team_size + log_prior_knowledge + C(year) + C(arxiv_primary_category)
C(arxiv_primary_category)[T.cs.DB],-0.013728547674881672,0.20559800887803453,0.9467618304002179,Hit_Rate_10_year_cat,Hit{10}_p,hss_reference_share,HSS参考文献占比,OLS,15845,Hit_Rate_10_year_cat ~ HSS_Continuous * hss_reference_share + log_team_size + log_prior_knowledge + C(year) + C(arxiv_primary_category)
C(arxiv_primary_category)[T.cs.DC],-0.15858599131988968,0.16482332453245357,0.33597051413944345,Hit_Rate_10_year_cat,Hit{10}_p,hss_reference_share,HSS参考文献占比,OLS,15845,Hit_Rate_10_year_cat ~ HSS_Continuous * hss_reference_share + log_team_size + log_prior_knowledge + C(year) + C(arxiv_primary_category)
C(arxiv_primary_category)[T.cs.DL],0.40647970011465845,0.2534801581036579,0.10880319175432734,Hit_Rate_10_year_cat,Hit{10}_p,hss_reference_share,HSS参考文献占比,OLS,15845,Hit_Rate_10_year_cat ~ HSS_Continuous * hss_reference_share + log_team_size + log_prior_knowledge + C(year) + C(arxiv_primary_category)
C(arxiv_primary_category)[T.cs.DM],0.6968426395256524,0.1499994379160411,3.3903196900850582e-06,Hit_Rate_10_year_cat,Hit{10}_p,hss_reference_share,HSS参考文献占比,OLS,15845,Hit_Rate_10_year_cat ~ HSS_Continuous * hss_reference_share + log_team_size + log_prior_knowledge + C(year) + C(arxiv_primary_category)
C(arxiv_primary_category)[T.cs.DS],0.01877272168116803,0.18053427960704635,0.9171818474117163,Hit_Rate_10_year_cat,Hit{10}_p,hss_reference_share,HSS参考文献占比,OLS,15845,Hit_Rate_10_year_cat ~ HSS_Continuous * hss_reference_share + log_team_size + log_prior_knowledge + C(year) + C(arxiv_primary_category)
C(arxiv_primary_category)[T.cs.ET],-0.06600310235130691,0.1998331496015139,0.741180049068937,Hit_Rate_10_year_cat,Hit{10}_p,hss_reference_share,HSS参考文献占比,OLS,15845,Hit_Rate_10_year_cat ~ HSS_Continuous * hss_reference_share + log_team_size + log_prior_knowledge + C(year) + C(arxiv_primary_category)
C(arxiv_primary_category)[T.cs.FL],0.6932703793580242,0.15022550917207672,3.933517346281246e-06,Hit_Rate_10_year_cat,Hit{10}_p,hss_reference_share,HSS参考文献占比,OLS,15845,Hit_Rate_10_year_cat ~ HSS_Continuous * hss_reference_share + log_team_size + log_prior_knowledge + C(year) + C(arxiv_primary_category)
C(arxiv_primary_category)[T.cs.GR],-0.18611173368771072,0.15966244090651788,0.24375291951888045,Hit_Rate_10_year_cat,Hit{10}_p,hss_reference_share,HSS参考文献占比,OLS,15845,Hit_Rate_10_year_cat ~ HSS_Continuous * hss_reference_share + log_team_size + log_prior_knowledge + C(year) + C(arxiv_primary_category)
C(arxiv_primary_category)[T.cs.GT],0.4394661264050528,0.23523947378269303,0.061739090559108714,Hit_Rate_10_year_cat,Hit{10}_p,hss_reference_share,HSS参考文献占比,OLS,15845,Hit_Rate_10_year_cat ~ HSS_Continuous * hss_reference_share + log_team_size + log_prior_knowledge + C(year) + C(arxiv_primary_category)
C(arxiv_primary_category)[T.cs.HC],-0.24470903831114327,0.15652851813821558,0.11797002422993652,Hit_Rate_10_year_cat,Hit{10}_p,hss_reference_share,HSS参考文献占比,OLS,15845,Hit_Rate_10_year_cat ~ HSS_Continuous * hss_reference_share + log_team_size + log_prior_knowledge + C(year) + C(arxiv_primary_category)
C(arxiv_primary_category)[T.cs.IR],-0.2564092283246599,0.15130430619979277,0.09014009745360758,Hit_Rate_10_year_cat,Hit{10}_p,hss_reference_share,HSS参考文献占比,OLS,15845,Hit_Rate_10_year_cat ~ HSS_Continuous * hss_reference_share + log_team_size + log_prior_knowledge + C(year) + C(arxiv_primary_category)
C(arxiv_primary_category)[T.cs.IT],-0.177645414262498,0.15044996645418998,0.23769778301906097,Hit_Rate_10_year_cat,Hit{10}_p,hss_reference_share,HSS参考文献占比,OLS,15845,Hit_Rate_10_year_cat ~ HSS_Continuous * hss_reference_share + log_team_size + log_prior_knowledge + C(year) + C(arxiv_primary_category)
C(arxiv_primary_category)[T.cs.LG],-0.25773912825424977,0.14993936865688845,0.0856224437211307,Hit_Rate_10_year_cat,Hit{10}_p,hss_reference_share,HSS参考文献占比,OLS,15845,Hit_Rate_10_year_cat ~ HSS_Continuous * hss_reference_share + log_team_size + log_prior_knowledge + C(year) + C(arxiv_primary_category)
C(arxiv_primary_category)[T.cs.LO],0.06462224949228057,0.2089738207975994,0.7571419343779279,Hit_Rate_10_year_cat,Hit{10}_p,hss_reference_share,HSS参考文献占比,OLS,15845,Hit_Rate_10_year_cat ~ HSS_Continuous * hss_reference_share + log_team_size + log_prior_knowledge + C(year) + C(arxiv_primary_category)
C(arxiv_primary_category)[T.cs.MA],0.1126924079876292,0.2843688482271131,0.6918914222419108,Hit_Rate_10_year_cat,Hit{10}_p,hss_reference_share,HSS参考文献占比,OLS,15845,Hit_Rate_10_year_cat ~ HSS_Continuous * hss_reference_share + log_team_size + log_prior_knowledge + C(year) + C(arxiv_primary_category)
C(arxiv_primary_category)[T.cs.MM],-0.16800467417299392,0.15954844660379772,0.29234053275520877,Hit_Rate_10_year_cat,Hit{10}_p,hss_reference_share,HSS参考文献占比,OLS,15845,Hit_Rate_10_year_cat ~ HSS_Continuous * hss_reference_share + log_team_size + log_prior_knowledge + C(year) + C(arxiv_primary_category)
C(arxiv_primary_category)[T.cs.MS],0.6583440136169327,0.15549809799265277,2.2980051329166144e-05,Hit_Rate_10_year_cat,Hit{10}_p,hss_reference_share,HSS参考文献占比,OLS,15845,Hit_Rate_10_year_cat ~ HSS_Continuous * hss_reference_share + log_team_size + log_prior_knowledge + C(year) + C(arxiv_primary_category)
C(arxiv_primary_category)[T.cs.NE],-0.22467751331196964,0.15397237815056888,0.1445082476373942,Hit_Rate_10_year_cat,Hit{10}_p,hss_reference_share,HSS参考文献占比,OLS,15845,Hit_Rate_10_year_cat ~ HSS_Continuous * hss_reference_share + log_team_size + log_prior_knowledge + C(year) + C(arxiv_primary_category)
C(arxiv_primary_category)[T.cs.NI],-0.16387635466002234,0.1589759706138536,0.3026230406554694,Hit_Rate_10_year_cat,Hit{10}_p,hss_reference_share,HSS参考文献占比,OLS,15845,Hit_Rate_10_year_cat ~ HSS_Continuous * hss_reference_share + log_team_size + log_prior_knowledge + C(year) + C(arxiv_primary_category)
C(arxiv_primary_category)[T.cs.OH],0.5941695499400774,0.15245318920932102,9.723492498989201e-05,Hit_Rate_10_year_cat,Hit{10}_p,hss_reference_share,HSS参考文献占比,OLS,15845,Hit_Rate_10_year_cat ~ HSS_Continuous * hss_reference_share + log_team_size + log_prior_knowledge + C(year) + C(arxiv_primary_category)
C(arxiv_primary_category)[T.cs.PF],0.614203224245541,0.1502088017104076,4.332438893939169e-05,Hit_Rate_10_year_cat,Hit{10}_p,hss_reference_share,HSS参考文献占比,OLS,15845,Hit_Rate_10_year_cat ~ HSS_Continuous * hss_reference_share + log_team_size + log_prior_knowledge + C(year) + C(arxiv_primary_category)
C(arxiv_primary_category)[T.cs.PL],-0.016994632973281278,0.18777347478149894,0.9278850971626861,Hit_Rate_10_year_cat,Hit{10}_p,hss_reference_share,HSS参考文献占比,OLS,15845,Hit_Rate_10_year_cat ~ HSS_Continuous * hss_reference_share + log_team_size + log_prior_knowledge + C(year) + C(arxiv_primary_category)
C(arxiv_primary_category)[T.cs.RO],-0.21391019478285242,0.15388522458354464,0.1645096728439316,Hit_Rate_10_year_cat,Hit{10}_p,hss_reference_share,HSS参考文献占比,OLS,15845,Hit_Rate_10_year_cat ~ HSS_Continuous * hss_reference_share + log_team_size + log_prior_knowledge + C(year) + C(arxiv_primary_category)
C(arxiv_primary_category)[T.cs.SC],0.7438588733399035,0.15004579040649488,7.138922823410144e-07,Hit_Rate_10_year_cat,Hit{10}_p,hss_reference_share,HSS参考文献占比,OLS,15845,Hit_Rate_10_year_cat ~ HSS_Continuous * hss_reference_share + log_team_size + log_prior_knowledge + C(year) + C(arxiv_primary_category)
C(arxiv_primary_category)[T.cs.SD],-0.2483982908581284,0.15121629199592154,0.10045146931235345,Hit_Rate_10_year_cat,Hit{10}_p,hss_reference_share,HSS参考文献占比,OLS,15845,Hit_Rate_10_year_cat ~ HSS_Continuous * hss_reference_share + log_team_size + log_prior_knowledge + C(year) + C(arxiv_primary_category)
C(arxiv_primary_category)[T.cs.SE],-0.2458017398510623,0.1537102010628722,0.10979295423648863,Hit_Rate_10_year_cat,Hit{10}_p,hss_reference_share,HSS参考文献占比,OLS,15845,Hit_Rate_10_year_cat ~ HSS_Continuous * hss_reference_share + log_team_size + log_prior_knowledge + C(year) + C(arxiv_primary_category)
C(arxiv_primary_category)[T.cs.SI],-0.2208548440247856,0.15484811065145374,0.15379111155810457,Hit_Rate_10_year_cat,Hit{10}_p,hss_reference_share,HSS参考文献占比,OLS,15845,Hit_Rate_10_year_cat ~ HSS_Continuous * hss_reference_share + log_team_size + log_prior_knowledge + C(year) + C(arxiv_primary_category)
C(arxiv_primary_category)[T.econ.EM],0.6275099543905982,0.16057401090936102,9.309516060386772e-05,Hit_Rate_10_year_cat,Hit{10}_p,hss_reference_share,HSS参考文献占比,OLS,15845,Hit_Rate_10_year_cat ~ HSS_Continuous * hss_reference_share + log_team_size + log_prior_knowledge + C(year) + C(arxiv_primary_category)
C(arxiv_primary_category)[T.econ.GN],0.7552703444721209,0.1524656162661868,7.281195197754914e-07,Hit_Rate_10_year_cat,Hit{10}_p,hss_reference_share,HSS参考文献占比,OLS,15845,Hit_Rate_10_year_cat ~ HSS_Continuous * hss_reference_share + log_team_size + log_prior_knowledge + C(year) + C(arxiv_primary_category)
C(arxiv_primary_category)[T.eess.AS],-0.2479869063913102,0.15076621454806016,0.10000198168955557,Hit_Rate_10_year_cat,Hit{10}_p,hss_reference_share,HSS参考文献占比,OLS,15845,Hit_Rate_10_year_cat ~ HSS_Continuous * hss_reference_share + log_team_size + log_prior_knowledge + C(year) + C(arxiv_primary_category)
C(arxiv_primary_category)[T.eess.IV],-0.252846512238744,0.15036327280127543,0.09265206670609218,Hit_Rate_10_year_cat,Hit{10}_p,hss_reference_share,HSS参考文献占比,OLS,15845,Hit_Rate_10_year_cat ~ HSS_Continuous * hss_reference_share + log_team_size + log_prior_knowledge + C(year) + C(arxiv_primary_category)
C(arxiv_primary_category)[T.eess.SP],-0.2002258693830788,0.1514437758928654,0.18613033971773307,Hit_Rate_10_year_cat,Hit{10}_p,hss_reference_share,HSS参考文献占比,OLS,15845,Hit_Rate_10_year_cat ~ HSS_Continuous * hss_reference_share + log_team_size + log_prior_knowledge + C(year) + C(arxiv_primary_category)
C(arxiv_primary_category)[T.eess.SY],-0.11821000983946499,0.16430425292325204,0.47185876903211577,Hit_Rate_10_year_cat,Hit{10}_p,hss_reference_share,HSS参考文献占比,OLS,15845,Hit_Rate_10_year_cat ~ HSS_Continuous * hss_reference_share + log_team_size + log_prior_knowledge + C(year) + C(arxiv_primary_category)
C(arxiv_primary_category)[T.gr-qc],0.5573201473550848,0.15027457970011457,0.00020834351923765856,Hit_Rate_10_year_cat,Hit{10}_p,hss_reference_share,HSS参考文献占比,OLS,15845,Hit_Rate_10_year_cat ~ HSS_Continuous * hss_reference_share + log_team_size + log_prior_knowledge + C(year) + C(arxiv_primary_category)
C(arxiv_primary_category)[T.hep-ex],0.624522439745675,0.15014264931497814,3.189069874780569e-05,Hit_Rate_10_year_cat,Hit{10}_p,hss_reference_share,HSS参考文献占比,OLS,15845,Hit_Rate_10_year_cat ~ HSS_Continuous * hss_reference_share + log_team_size + log_prior_knowledge + C(year) + C(arxiv_primary_category)
C(arxiv_primary_category)[T.hep-lat],0.4225714707709016,0.2560975636916528,0.09893455807029869,Hit_Rate_10_year_cat,Hit{10}_p,hss_reference_share,HSS参考文献占比,OLS,15845,Hit_Rate_10_year_cat ~ HSS_Continuous * hss_reference_share + log_team_size + log_prior_knowledge + C(year) + C(arxiv_primary_category)
C(arxiv_primary_category)[T.hep-ph],-0.03988277832168316,0.203601441802319,0.8446989867380326,Hit_Rate_10_year_cat,Hit{10}_p,hss_reference_share,HSS参考文献占比,OLS,15845,Hit_Rate_10_year_cat ~ HSS_Continuous * hss_reference_share + log_team_size + log_prior_knowledge + C(year) + C(arxiv_primary_category)
C(arxiv_primary_category)[T.hep-th],0.7334917873118922,0.15070977702149732,1.1335332246019152e-06,Hit_Rate_10_year_cat,Hit{10}_p,hss_reference_share,HSS参考文献占比,OLS,15845,Hit_Rate_10_year_cat ~ HSS_Continuous * hss_reference_share + log_team_size + log_prior_knowledge + C(year) + C(arxiv_primary_category)
C(arxiv_primary_category)[T.math-ph],0.7146822422014122,0.15000854583884998,1.8953213427153617e-06,Hit_Rate_10_year_cat,Hit{10}_p,hss_reference_share,HSS参考文献占比,OLS,15845,Hit_Rate_10_year_cat ~ HSS_Continuous * hss_reference_share + log_team_size + log_prior_knowledge + C(year) + C(arxiv_primary_category)
C(arxiv_primary_category)[T.math.AG],0.7532948699992804,0.1500541589552903,5.163027876564791e-07,Hit_Rate_10_year_cat,Hit{10}_p,hss_reference_share,HSS参考文献占比,OLS,15845,Hit_Rate_10_year_cat ~ HSS_Continuous * hss_reference_share + log_team_size + log_prior_knowledge + C(year) + C(arxiv_primary_category)
C(arxiv_primary_category)[T.math.AP],0.21226702237274458,0.1855392844649346,0.2526011048036242,Hit_Rate_10_year_cat,Hit{10}_p,hss_reference_share,HSS参考文献占比,OLS,15845,Hit_Rate_10_year_cat ~ HSS_Continuous * hss_reference_share + log_team_size + log_prior_knowledge + C(year) + C(arxiv_primary_category)
C(arxiv_primary_category)[T.math.CO],0.7081174307069182,0.15010762155019772,2.3887980588626377e-06,Hit_Rate_10_year_cat,Hit{10}_p,hss_reference_share,HSS参考文献占比,OLS,15845,Hit_Rate_10_year_cat ~ HSS_Continuous * hss_reference_share + log_team_size + log_prior_knowledge + C(year) + C(arxiv_primary_category)
C(arxiv_primary_category)[T.math.DS],0.5946932767221935,0.1710818373470964,0.0005088102056195866,Hit_Rate_10_year_cat,Hit{10}_p,hss_reference_share,HSS参考文献占比,OLS,15845,Hit_Rate_10_year_cat ~ HSS_Continuous * hss_reference_share + log_team_size + log_prior_knowledge + C(year) + C(arxiv_primary_category)
C(arxiv_primary_category)[T.math.GM],0.7010451460228334,0.15162123170650738,3.770262110603628e-06,Hit_Rate_10_year_cat,Hit{10}_p,hss_reference_share,HSS参考文献占比,OLS,15845,Hit_Rate_10_year_cat ~ HSS_Continuous * hss_reference_share + log_team_size + log_prior_knowledge + C(year) + C(arxiv_primary_category)
C(arxiv_primary_category)[T.math.GR],0.7261521125687799,0.1502284087157701,1.340496527820708e-06,Hit_Rate_10_year_cat,Hit{10}_p,hss_reference_share,HSS参考文献占比,OLS,15845,Hit_Rate_10_year_cat ~ HSS_Continuous * hss_reference_share + log_team_size + log_prior_knowledge + C(year) + C(arxiv_primary_category)
C(arxiv_primary_category)[T.math.LO],0.7483895237527669,0.15025856944837457,6.336195164646025e-07,Hit_Rate_10_year_cat,Hit{10}_p,hss_reference_share,HSS参考文献占比,OLS,15845,Hit_Rate_10_year_cat ~ HSS_Continuous * hss_reference_share + log_team_size + log_prior_knowledge + C(year) + C(arxiv_primary_category)
C(arxiv_primary_category)[T.math.NA],-0.12225748168205006,0.16613092535245466,0.46178520586550165,Hit_Rate_10_year_cat,Hit{10}_p,hss_reference_share,HSS参考文献占比,OLS,15845,Hit_Rate_10_year_cat ~ HSS_Continuous * hss_reference_share + log_team_size + log_prior_knowledge + C(year) + C(arxiv_primary_category)
C(arxiv_primary_category)[T.math.NT],0.647887060360964,0.15187788194851334,1.9914961201445795e-05,Hit_Rate_10_year_cat,Hit{10}_p,hss_reference_share,HSS参考文献占比,OLS,15845,Hit_Rate_10_year_cat ~ HSS_Continuous * hss_reference_share + log_team_size + log_prior_knowledge + C(year) + C(arxiv_primary_category)
C(arxiv_primary_category)[T.math.OC],-0.16846642699917394,0.15945908252171656,0.290745836367592,Hit_Rate_10_year_cat,Hit{10}_p,hss_reference_share,HSS参考文献占比,OLS,15845,Hit_Rate_10_year_cat ~ HSS_Continuous * hss_reference_share + log_team_size + log_prior_knowledge + C(year) + C(arxiv_primary_category)
C(arxiv_primary_category)[T.math.PR],0.09393496669839871,0.2025832022189822,0.642872828055666,Hit_Rate_10_year_cat,Hit{10}_p,hss_reference_share,HSS参考文献占比,OLS,15845,Hit_Rate_10_year_cat ~ HSS_Continuous * hss_reference_share + log_team_size + log_prior_knowledge + C(year) + C(arxiv_primary_category)
C(arxiv_primary_category)[T.math.ST],0.06810411494102478,0.19208167084579755,0.7229206601540319,Hit_Rate_10_year_cat,Hit{10}_p,hss_reference_share,HSS参考文献占比,OLS,15845,Hit_Rate_10_year_cat ~ HSS_Continuous * hss_reference_share + log_team_size + log_prior_knowledge + C(year) + C(arxiv_primary_category)
C(arxiv_primary_category)[T.nlin.AO],0.7127439900526379,0.150149429437172,2.065602975882509e-06,Hit_Rate_10_year_cat,Hit{10}_p,hss_reference_share,HSS参考文献占比,OLS,15845,Hit_Rate_10_year_cat ~ HSS_Continuous * hss_reference_share + log_team_size + log_prior_knowledge + C(year) + C(arxiv_primary_category)
C(arxiv_primary_category)[T.nlin.PS],0.703188776691938,0.14983255574002355,2.6901148434969373e-06,Hit_Rate_10_year_cat,Hit{10}_p,hss_reference_share,HSS参考文献占比,OLS,15845,Hit_Rate_10_year_cat ~ HSS_Continuous * hss_reference_share + log_team_size + log_prior_knowledge + C(year) + C(arxiv_primary_category)
C(arxiv_primary_category)[T.nucl-th],0.7002793511735869,0.14999908530103961,3.0332192398367055e-06,Hit_Rate_10_year_cat,Hit{10}_p,hss_reference_share,HSS参考文献占比,OLS,15845,Hit_Rate_10_year_cat ~ HSS_Continuous * hss_reference_share + log_team_size + log_prior_knowledge + C(year) + C(arxiv_primary_category)
C(arxiv_primary_category)[T.physics.acc-ph],0.2800249433294804,0.26864642247384163,0.29724711872887033,Hit_Rate_10_year_cat,Hit{10}_p,hss_reference_share,HSS参考文献占比,OLS,15845,Hit_Rate_10_year_cat ~ HSS_Continuous * hss_reference_share + log_team_size + log_prior_knowledge + C(year) + C(arxiv_primary_category)
C(arxiv_primary_category)[T.physics.ao-ph],-0.009421082220812463,0.21529628033857956,0.9650967597118815,Hit_Rate_10_year_cat,Hit{10}_p,hss_reference_share,HSS参考文献占比,OLS,15845,Hit_Rate_10_year_cat ~ HSS_Continuous * hss_reference_share + log_team_size + log_prior_knowledge + C(year) + C(arxiv_primary_category)
C(arxiv_primary_category)[T.physics.app-ph],0.10357021219399454,0.1954053808094844,0.596092911333969,Hit_Rate_10_year_cat,Hit{10}_p,hss_reference_share,HSS参考文献占比,OLS,15845,Hit_Rate_10_year_cat ~ HSS_Continuous * hss_reference_share + log_team_size + log_prior_knowledge + C(year) + C(arxiv_primary_category)
C(arxiv_primary_category)[T.physics.atom-ph],0.6580402750543463,0.14984492431418486,1.1258415782948718e-05,Hit_Rate_10_year_cat,Hit{10}_p,hss_reference_share,HSS参考文献占比,OLS,15845,Hit_Rate_10_year_cat ~ HSS_Continuous * hss_reference_share + log_team_size + log_prior_knowledge + C(year) + C(arxiv_primary_category)
C(arxiv_primary_category)[T.physics.bio-ph],0.3484193094162181,0.24411361435695775,0.15349822352423656,Hit_Rate_10_year_cat,Hit{10}_p,hss_reference_share,HSS参考文献占比,OLS,15845,Hit_Rate_10_year_cat ~ HSS_Continuous * hss_reference_share + log_team_size + log_prior_knowledge + C(year) + C(arxiv_primary_category)
C(arxiv_primary_category)[T.physics.chem-ph],-0.02422788230436557,0.2146183746585818,0.9101191904460654,Hit_Rate_10_year_cat,Hit{10}_p,hss_reference_share,HSS参考文献占比,OLS,15845,Hit_Rate_10_year_cat ~ HSS_Continuous * hss_reference_share + log_team_size + log_prior_knowledge + C(year) + C(arxiv_primary_category)
C(arxiv_primary_category)[T.physics.comp-ph],-0.07133673356407604,0.18816844845256492,0.7046054187929103,Hit_Rate_10_year_cat,Hit{10}_p,hss_reference_share,HSS参考文献占比,OLS,15845,Hit_Rate_10_year_cat ~ HSS_Continuous * hss_reference_share + log_team_size + log_prior_knowledge + C(year) + C(arxiv_primary_category)
C(arxiv_primary_category)[T.physics.data-an],0.07181926067396598,0.2248129018242025,0.7493759278574403,Hit_Rate_10_year_cat,Hit{10}_p,hss_reference_share,HSS参考文献占比,OLS,15845,Hit_Rate_10_year_cat ~ HSS_Continuous * hss_reference_share + log_team_size + log_prior_knowledge + C(year) + C(arxiv_primary_category)
C(arxiv_primary_category)[T.physics.ed-ph],0.20797862373911952,0.4167382760207057,0.6177350539219078,Hit_Rate_10_year_cat,Hit{10}_p,hss_reference_share,HSS参考文献占比,OLS,15845,Hit_Rate_10_year_cat ~ HSS_Continuous * hss_reference_share + log_team_size + log_prior_knowledge + C(year) + C(arxiv_primary_category)
C(arxiv_primary_category)[T.physics.flu-dyn],0.029764755172176343,0.22709052904060908,0.8957199345611779,Hit_Rate_10_year_cat,Hit{10}_p,hss_reference_share,HSS参考文献占比,OLS,15845,Hit_Rate_10_year_cat ~ HSS_Continuous * hss_reference_share + log_team_size + log_prior_knowledge + C(year) + C(arxiv_primary_category)
C(arxiv_primary_category)[T.physics.geo-ph],0.053950910776228295,0.2036536826872444,0.7910749600239277,Hit_Rate_10_year_cat,Hit{10}_p,hss_reference_share,HSS参考文献占比,OLS,15845,Hit_Rate_10_year_cat ~ HSS_Continuous * hss_reference_share + log_team_size + log_prior_knowledge + C(year) + C(arxiv_primary_category)
C(arxiv_primary_category)[T.physics.ins-det],-0.004332821720685906,0.21146572942904077,0.9836529082592395,Hit_Rate_10_year_cat,Hit{10}_p,hss_reference_share,HSS参考文献占比,OLS,15845,Hit_Rate_10_year_cat ~ HSS_Continuous * hss_reference_share + log_team_size + log_prior_knowledge + C(year) + C(arxiv_primary_category)
C(arxiv_primary_category)[T.physics.med-ph],-0.17006976029975418,0.17041969747039412,0.31830524599024645,Hit_Rate_10_year_cat,Hit{10}_p,hss_reference_share,HSS参考文献占比,OLS,15845,Hit_Rate_10_year_cat ~ HSS_Continuous * hss_reference_share + log_team_size + log_prior_knowledge + C(year) + C(arxiv_primary_category)
C(arxiv_primary_category)[T.physics.optics],0.05003787940943716,0.20128284233293842,0.8036741871440829,Hit_Rate_10_year_cat,Hit{10}_p,hss_reference_share,HSS参考文献占比,OLS,15845,Hit_Rate_10_year_cat ~ HSS_Continuous * hss_reference_share + log_team_size + log_prior_knowledge + C(year) + C(arxiv_primary_category)
C(arxiv_primary_category)[T.physics.soc-ph],0.11441879168854094,0.21957328136831136,0.6022997924136143,Hit_Rate_10_year_cat,Hit{10}_p,hss_reference_share,HSS参考文献占比,OLS,15845,Hit_Rate_10_year_cat ~ HSS_Continuous * hss_reference_share + log_team_size + log_prior_knowledge + C(year) + C(arxiv_primary_category)
C(arxiv_primary_category)[T.physics.space-ph],-0.05054111814656578,0.16364910057839935,0.7574444953798543,Hit_Rate_10_year_cat,Hit{10}_p,hss_reference_share,HSS参考文献占比,OLS,15845,Hit_Rate_10_year_cat ~ HSS_Continuous * hss_reference_share + log_team_size + log_prior_knowledge + C(year) + C(arxiv_primary_category)
C(arxiv_primary_category)[T.q-bio.BM],-0.10209065076316681,0.17687277469859528,0.5638055592193705,Hit_Rate_10_year_cat,Hit{10}_p,hss_reference_share,HSS参考文献占比,OLS,15845,Hit_Rate_10_year_cat ~ HSS_Continuous * hss_reference_share + log_team_size + log_prior_knowledge + C(year) + C(arxiv_primary_category)
C(arxiv_primary_category)[T.q-bio.GN],0.07975321763781723,0.2303423863966754,0.7291640857709104,Hit_Rate_10_year_cat,Hit{10}_p,hss_reference_share,HSS参考文献占比,OLS,15845,Hit_Rate_10_year_cat ~ HSS_Continuous * hss_reference_share + log_team_size + log_prior_knowledge + C(year) + C(arxiv_primary_category)
C(arxiv_primary_category)[T.q-bio.MN],0.36109589675178777,0.30994187014851277,0.24400120819003446,Hit_Rate_10_year_cat,Hit{10}_p,hss_reference_share,HSS参考文献占比,OLS,15845,Hit_Rate_10_year_cat ~ HSS_Continuous * hss_reference_share + log_team_size + log_prior_knowledge + C(year) + C(arxiv_primary_category)
C(arxiv_primary_category)[T.q-bio.NC],-0.18556388082776532,0.1569567432356041,0.237102042437643,Hit_Rate_10_year_cat,Hit{10}_p,hss_reference_share,HSS参考文献占比,OLS,15845,Hit_Rate_10_year_cat ~ HSS_Continuous * hss_reference_share + log_team_size + log_prior_knowledge + C(year) + C(arxiv_primary_category)
C(arxiv_primary_category)[T.q-bio.OT],0.6875177359588469,0.1590620540221372,1.543942238250137e-05,Hit_Rate_10_year_cat,Hit{10}_p,hss_reference_share,HSS参考文献占比,OLS,15845,Hit_Rate_10_year_cat ~ HSS_Continuous * hss_reference_share + log_team_size + log_prior_knowledge + C(year) + C(arxiv_primary_category)
C(arxiv_primary_category)[T.q-bio.PE],0.2840531044670921,0.2787996846503472,0.3082775123705902,Hit_Rate_10_year_cat,Hit{10}_p,hss_reference_share,HSS参考文献占比,OLS,15845,Hit_Rate_10_year_cat ~ HSS_Continuous * hss_reference_share + log_team_size + log_prior_knowledge + C(year) + C(arxiv_primary_category)
C(arxiv_primary_category)[T.q-bio.QM],-0.12544972617054148,0.168674493101177,0.45703465093508855,Hit_Rate_10_year_cat,Hit{10}_p,hss_reference_share,HSS参考文献占比,OLS,15845,Hit_Rate_10_year_cat ~ HSS_Continuous * hss_reference_share + log_team_size + log_prior_knowledge + C(year) + C(arxiv_primary_category)
C(arxiv_primary_category)[T.q-bio.TO],0.3737756660607542,0.31929073547676945,0.24174205163995632,Hit_Rate_10_year_cat,Hit{10}_p,hss_reference_share,HSS参考文献占比,OLS,15845,Hit_Rate_10_year_cat ~ HSS_Continuous * hss_reference_share + log_team_size + log_prior_knowledge + C(year) + C(arxiv_primary_category)
C(arxiv_primary_category)[T.q-fin.CP],0.006470121353450792,0.20421063037009454,0.974724399301641,Hit_Rate_10_year_cat,Hit{10}_p,hss_reference_share,HSS参考文献占比,OLS,15845,Hit_Rate_10_year_cat ~ HSS_Continuous * hss_reference_share + log_team_size + log_prior_knowledge + C(year) + C(arxiv_primary_category)
C(arxiv_primary_category)[T.q-fin.GN],0.7252025100385356,0.15242799624129902,1.958377317900704e-06,Hit_Rate_10_year_cat,Hit{10}_p,hss_reference_share,HSS参考文献占比,OLS,15845,Hit_Rate_10_year_cat ~ HSS_Continuous * hss_reference_share + log_team_size + log_prior_knowledge + C(year) + C(arxiv_primary_category)
C(arxiv_primary_category)[T.q-fin.MF],0.018408416048208365,0.3173975454297997,0.9537502386600434,Hit_Rate_10_year_cat,Hit{10}_p,hss_reference_share,HSS参考文献占比,OLS,15845,Hit_Rate_10_year_cat ~ HSS_Continuous * hss_reference_share + log_team_size + log_prior_knowledge + C(year) + C(arxiv_primary_category)
C(arxiv_primary_category)[T.q-fin.PM],0.6492507245564779,0.16333885122004466,7.041766412368308e-05,Hit_Rate_10_year_cat,Hit{10}_p,hss_reference_share,HSS参考文献占比,OLS,15845,Hit_Rate_10_year_cat ~ HSS_Continuous * hss_reference_share + log_team_size + log_prior_knowledge + C(year) + C(arxiv_primary_category)
C(arxiv_primary_category)[T.q-fin.PR],0.7072934015970516,0.15375709656428685,4.223490652108876e-06,Hit_Rate_10_year_cat,Hit{10}_p,hss_reference_share,HSS参考文献占比,OLS,15845,Hit_Rate_10_year_cat ~ HSS_Continuous * hss_reference_share + log_team_size + log_prior_knowledge + C(year) + C(arxiv_primary_category)
C(arxiv_primary_category)[T.q-fin.ST],0.12118358358976702,0.20895457552591531,0.5619471178949409,Hit_Rate_10_year_cat,Hit{10}_p,hss_reference_share,HSS参考文献占比,OLS,15845,Hit_Rate_10_year_cat ~ HSS_Continuous * hss_reference_share + log_team_size + log_prior_knowledge + C(year) + C(arxiv_primary_category)
C(arxiv_primary_category)[T.q-fin.TR],0.6998938405582134,0.17087639639947655,4.205185995277672e-05,Hit_Rate_10_year_cat,Hit{10}_p,hss_reference_share,HSS参考文献占比,OLS,15845,Hit_Rate_10_year_cat ~ HSS_Continuous * hss_reference_share + log_team_size + log_prior_knowledge + C(year) + C(arxiv_primary_category)
C(arxiv_primary_category)[T.quant-ph],-0.15329486195030997,0.15564476627407442,0.324672146637201,Hit_Rate_10_year_cat,Hit{10}_p,hss_reference_share,HSS参考文献占比,OLS,15845,Hit_Rate_10_year_cat ~ HSS_Continuous * hss_reference_share + log_team_size + log_prior_knowledge + C(year) + C(arxiv_primary_category)
C(arxiv_primary_category)[T.stat.AP],0.22586579928103748,0.20761008034044773,0.2766248104458222,Hit_Rate_10_year_cat,Hit{10}_p,hss_reference_share,HSS参考文献占比,OLS,15845,Hit_Rate_10_year_cat ~ HSS_Continuous * hss_reference_share + log_team_size + log_prior_knowledge + C(year) + C(arxiv_primary_category)
C(arxiv_primary_category)[T.stat.CO],0.09214799637121626,0.26595390144132175,0.7289811967988074,Hit_Rate_10_year_cat,Hit{10}_p,hss_reference_share,HSS参考文献占比,OLS,15845,Hit_Rate_10_year_cat ~ HSS_Continuous * hss_reference_share + log_team_size + log_prior_knowledge + C(year) + C(arxiv_primary_category)
C(arxiv_primary_category)[T.stat.ME],0.1682194112209151,0.20853733381394027,0.41986050097201943,Hit_Rate_10_year_cat,Hit{10}_p,hss_reference_share,HSS参考文献占比,OLS,15845,Hit_Rate_10_year_cat ~ HSS_Continuous * hss_reference_share + log_team_size + log_prior_knowledge + C(year) + C(arxiv_primary_category)
C(arxiv_primary_category)[T.stat.ML],-0.24512546493136286,0.15066458416838807,0.10374529307859413,Hit_Rate_10_year_cat,Hit{10}_p,hss_reference_share,HSS参考文献占比,OLS,15845,Hit_Rate_10_year_cat ~ HSS_Continuous * hss_reference_share + log_team_size + log_prior_knowledge + C(year) + C(arxiv_primary_category)
HSS_Continuous,-0.0034458422347265153,0.004073230286683153,0.39756789025865646,Hit_Rate_10_year_cat,Hit{10}_p,hss_reference_share,HSS参考文献占比,OLS,15845,Hit_Rate_10_year_cat ~ HSS_Continuous * hss_reference_share + log_team_size + log_prior_knowledge + C(year) + C(arxiv_primary_category)
hss_reference_share,-0.043978085082650144,0.037664041040696,0.24295153469638986,Hit_Rate_10_year_cat,Hit{10}_p,hss_reference_share,HSS参考文献占比,OLS,15845,Hit_Rate_10_year_cat ~ HSS_Continuous * hss_reference_share + log_team_size + log_prior_knowledge + C(year) + C(arxiv_primary_category)
HSS_Continuous:hss_reference_share,0.015662116076011725,0.01317972372398706,0.23469580380709532,Hit_Rate_10_year_cat,Hit{10}_p,hss_reference_share,HSS参考文献占比,OLS,15845,Hit_Rate_10_year_cat ~ HSS_Continuous * hss_reference_share + log_team_size + log_prior_knowledge + C(year) + C(arxiv_primary_category)
log_team_size,0.05123258378279504,0.00946446081386666,6.192419326315928e-08,Hit_Rate_10_year_cat,Hit{10}_p,hss_reference_share,HSS参考文献占比,OLS,15845,Hit_Rate_10_year_cat ~ HSS_Continuous * hss_reference_share + log_team_size + log_prior_knowledge + C(year) + C(arxiv_primary_category)
log_prior_knowledge,0.025737106311707746,0.0029085910008452955,8.858361499470896e-19,Hit_Rate_10_year_cat,Hit{10}_p,hss_reference_share,HSS参考文献占比,OLS,15845,Hit_Rate_10_year_cat ~ HSS_Continuous * hss_reference_share + log_team_size + log_prior_knowledge + C(year) + C(arxiv_primary_category)
Intercept,0.43998566797045485,0.1706330301420224,0.009921616210328749,Hit_Rate_10_year_cat,Hit{10}_p,cs_core_reference_share,CS核心参考文献占比,OLS,15845,Hit_Rate_10_year_cat ~ HSS_Continuous * cs_core_reference_share + log_team_size + log_prior_knowledge + C(year) + C(arxiv_primary_category)
C(year)[T.2015],-0.1782992141927565,0.08991332973640168,0.04736608621284632,Hit_Rate_10_year_cat,Hit{10}_p,cs_core_reference_share,CS核心参考文献占比,OLS,15845,Hit_Rate_10_year_cat ~ HSS_Continuous * cs_core_reference_share + log_team_size + log_prior_knowledge + C(year) + C(arxiv_primary_category)
C(year)[T.2016],-0.23927514067437453,0.0806606575304332,0.003012674407221113,Hit_Rate_10_year_cat,Hit{10}_p,cs_core_reference_share,CS核心参考文献占比,OLS,15845,Hit_Rate_10_year_cat ~ HSS_Continuous * cs_core_reference_share + log_team_size + log_prior_knowledge + C(year) + C(arxiv_primary_category)
C(year)[T.2017],-0.24919403919585975,0.07903534543768294,0.0016163266359326468,Hit_Rate_10_year_cat,Hit{10}_p,cs_core_reference_share,CS核心参考文献占比,OLS,15845,Hit_Rate_10_year_cat ~ HSS_Continuous * cs_core_reference_share + log_team_size + log_prior_knowledge + C(year) + C(arxiv_primary_category)
C(year)[T.2018],-0.259164070223006,0.07868548567989635,0.0009888831411377643,Hit_Rate_10_year_cat,Hit{10}_p,cs_core_reference_share,CS核心参考文献占比,OLS,15845,Hit_Rate_10_year_cat ~ HSS_Continuous * cs_core_reference_share + log_team_size + log_prior_knowledge + C(year) + C(arxiv_primary_category)
C(year)[T.2019],-0.26909683040882654,0.07854588146483514,0.0006125794163479644,Hit_Rate_10_year_cat,Hit{10}_p,cs_core_reference_share,CS核心参考文献占比,OLS,15845,Hit_Rate_10_year_cat ~ HSS_Continuous * cs_core_reference_share + log_team_size + log_prior_knowledge + C(year) + C(arxiv_primary_category)
C(year)[T.2020],-0.2639986244383814,0.07850618545450185,0.000771632752920626,Hit_Rate_10_year_cat,Hit{10}_p,cs_core_reference_share,CS核心参考文献占比,OLS,15845,Hit_Rate_10_year_cat ~ HSS_Continuous * cs_core_reference_share + log_team_size + log_prior_knowledge + C(year) + C(arxiv_primary_category)
C(year)[T.2021],-0.2563538571007741,0.07847793279180892,0.0010885792999011388,Hit_Rate_10_year_cat,Hit{10}_p,cs_core_reference_share,CS核心参考文献占比,OLS,15845,Hit_Rate_10_year_cat ~ HSS_Continuous * cs_core_reference_share + log_team_size + log_prior_knowledge + C(year) + C(arxiv_primary_category)
C(year)[T.2022],-0.13533063580366078,0.09953583111662391,0.17395106751369815,Hit_Rate_10_year_cat,Hit{10}_p,cs_core_reference_share,CS核心参考文献占比,OLS,15845,Hit_Rate_10_year_cat ~ HSS_Continuous * cs_core_reference_share + log_team_size + log_prior_knowledge + C(year) + C(arxiv_primary_category)
C(year)[T.2023],-0.27631467748718397,0.08170877171212726,0.0007203837240369787,Hit_Rate_10_year_cat,Hit{10}_p,cs_core_reference_share,CS核心参考文献占比,OLS,15845,Hit_Rate_10_year_cat ~ HSS_Continuous * cs_core_reference_share + log_team_size + log_prior_knowledge + C(year) + C(arxiv_primary_category)
C(year)[T.2024],0.007234413766154635,0.121920588483908,0.9526836141464446,Hit_Rate_10_year_cat,Hit{10}_p,cs_core_reference_share,CS核心参考文献占比,OLS,15845,Hit_Rate_10_year_cat ~ HSS_Continuous * cs_core_reference_share + log_team_size + log_prior_knowledge + C(year) + C(arxiv_primary_category)
C(year)[T.2025],0.49529919907660014,0.10270005104108737,1.4157491506939108e-06,Hit_Rate_10_year_cat,Hit{10}_p,cs_core_reference_share,CS核心参考文献占比,OLS,15845,Hit_Rate_10_year_cat ~ HSS_Continuous * cs_core_reference_share + log_team_size + log_prior_knowledge + C(year) + C(arxiv_primary_category)
C(arxiv_primary_category)[T.astro-ph.GA],0.2148491314379609,0.2541014710022881,0.3978178130257406,Hit_Rate_10_year_cat,Hit{10}_p,cs_core_reference_share,CS核心参考文献占比,OLS,15845,Hit_Rate_10_year_cat ~ HSS_Continuous * cs_core_reference_share + log_team_size + log_prior_knowledge + C(year) + C(arxiv_primary_category)
C(arxiv_primary_category)[T.astro-ph.HE],0.6496103900853022,0.1513714229136766,1.774705797955282e-05,Hit_Rate_10_year_cat,Hit{10}_p,cs_core_reference_share,CS核心参考文献占比,OLS,15845,Hit_Rate_10_year_cat ~ HSS_Continuous * cs_core_reference_share + log_team_size + log_prior_knowledge + C(year) + C(arxiv_primary_category)
C(arxiv_primary_category)[T.astro-ph.IM],0.020970979731210315,0.18557203964866895,0.9100248336270012,Hit_Rate_10_year_cat,Hit{10}_p,cs_core_reference_share,CS核心参考文献占比,OLS,15845,Hit_Rate_10_year_cat ~ HSS_Continuous * cs_core_reference_share + log_team_size + log_prior_knowledge + C(year) + C(arxiv_primary_category)
C(arxiv_primary_category)[T.astro-ph.SR],0.6229329962757587,0.15211684322479085,4.219944497008111e-05,Hit_Rate_10_year_cat,Hit{10}_p,cs_core_reference_share,CS核心参考文献占比,OLS,15845,Hit_Rate_10_year_cat ~ HSS_Continuous * cs_core_reference_share + log_team_size + log_prior_knowledge + C(year) + C(arxiv_primary_category)
C(arxiv_primary_category)[T.cond-mat.dis-nn],0.14597552252075,0.22173231732871412,0.5103189018494525,Hit_Rate_10_year_cat,Hit{10}_p,cs_core_reference_share,CS核心参考文献占比,OLS,15845,Hit_Rate_10_year_cat ~ HSS_Continuous * cs_core_reference_share + log_team_size + log_prior_knowledge + C(year) + C(arxiv_primary_category)
C(arxiv_primary_category)[T.cond-mat.mes-hall],0.665257691455837,0.151527062911885,1.1316543667635433e-05,Hit_Rate_10_year_cat,Hit{10}_p,cs_core_reference_share,CS核心参考文献占比,OLS,15845,Hit_Rate_10_year_cat ~ HSS_Continuous * cs_core_reference_share + log_team_size + log_prior_knowledge + C(year) + C(arxiv_primary_category)
C(arxiv_primary_category)[T.cond-mat.mtrl-sci],-0.13591903237124967,0.18789697753662668,0.4694526111944737,Hit_Rate_10_year_cat,Hit{10}_p,cs_core_reference_share,CS核心参考文献占比,OLS,15845,Hit_Rate_10_year_cat ~ HSS_Continuous * cs_core_reference_share + log_team_size + log_prior_knowledge + C(year) + C(arxiv_primary_category)
C(arxiv_primary_category)[T.cond-mat.other],0.7482855017051278,0.15137101700518957,7.677690126150882e-07,Hit_Rate_10_year_cat,Hit{10}_p,cs_core_reference_share,CS核心参考文献占比,OLS,15845,Hit_Rate_10_year_cat ~ HSS_Continuous * cs_core_reference_share + log_team_size + log_prior_knowledge + C(year) + C(arxiv_primary_category)
C(arxiv_primary_category)[T.cond-mat.soft],-0.0013686589791827106,0.31780061763963374,0.9965637936738307,Hit_Rate_10_year_cat,Hit{10}_p,cs_core_reference_share,CS核心参考文献占比,OLS,15845,Hit_Rate_10_year_cat ~ HSS_Continuous * cs_core_reference_share + log_team_size + log_prior_knowledge + C(year) + C(arxiv_primary_category)
C(arxiv_primary_category)[T.cond-mat.stat-mech],0.29716585356854164,0.22689568916463299,0.19029649419894945,Hit_Rate_10_year_cat,Hit{10}_p,cs_core_reference_share,CS核心参考文献占比,OLS,15845,Hit_Rate_10_year_cat ~ HSS_Continuous * cs_core_reference_share + log_team_size + log_prior_knowledge + C(year) + C(arxiv_primary_category)
C(arxiv_primary_category)[T.cond-mat.str-el],0.6598485520355933,0.15127311295331086,1.288974374610345e-05,Hit_Rate_10_year_cat,Hit{10}_p,cs_core_reference_share,CS核心参考文献占比,OLS,15845,Hit_Rate_10_year_cat ~ HSS_Continuous * cs_core_reference_share + log_team_size + log_prior_knowledge + C(year) + C(arxiv_primary_category)
C(arxiv_primary_category)[T.cs.AI],-0.25246137751206865,0.1530846860574713,0.09911454361568407,Hit_Rate_10_year_cat,Hit{10}_p,cs_core_reference_share,CS核心参考文献占比,OLS,15845,Hit_Rate_10_year_cat ~ HSS_Continuous * cs_core_reference_share + log_team_size + log_prior_knowledge + C(year) + C(arxiv_primary_category)
C(arxiv_primary_category)[T.cs.AR],-0.1562163851823228,0.17439292152842661,0.3703742742974705,Hit_Rate_10_year_cat,Hit{10}_p,cs_core_reference_share,CS核心参考文献占比,OLS,15845,Hit_Rate_10_year_cat ~ HSS_Continuous * cs_core_reference_share + log_team_size + log_prior_knowledge + C(year) + C(arxiv_primary_category)
C(arxiv_primary_category)[T.cs.CC],0.14639335875720186,0.29693251095413437,0.621999188187923,Hit_Rate_10_year_cat,Hit{10}_p,cs_core_reference_share,CS核心参考文献占比,OLS,15845,Hit_Rate_10_year_cat ~ HSS_Continuous * cs_core_reference_share + log_team_size + log_prior_knowledge + C(year) + C(arxiv_primary_category)
C(arxiv_primary_category)[T.cs.CE],-0.01163522506970921,0.18633699889296165,0.9502109764507877,Hit_Rate_10_year_cat,Hit{10}_p,cs_core_reference_share,CS核心参考文献占比,OLS,15845,Hit_Rate_10_year_cat ~ HSS_Continuous * cs_core_reference_share + log_team_size + log_prior_knowledge + C(year) + C(arxiv_primary_category)
C(arxiv_primary_category)[T.cs.CG],0.4183020566007132,0.23291353978073367,0.07250179685984726,Hit_Rate_10_year_cat,Hit{10}_p,cs_core_reference_share,CS核心参考文献占比,OLS,15845,Hit_Rate_10_year_cat ~ HSS_Continuous * cs_core_reference_share + log_team_size + log_prior_knowledge + C(year) + C(arxiv_primary_category)
C(arxiv_primary_category)[T.cs.CL],-0.3059209033203454,0.15149850590263944,0.04345606822402176,Hit_Rate_10_year_cat,Hit{10}_p,cs_core_reference_share,CS核心参考文献占比,OLS,15845,Hit_Rate_10_year_cat ~ HSS_Continuous * cs_core_reference_share + log_team_size + log_prior_knowledge + C(year) + C(arxiv_primary_category)
C(arxiv_primary_category)[T.cs.CR],-0.2342119515790419,0.153962986921194,0.12820402447846282,Hit_Rate_10_year_cat,Hit{10}_p,cs_core_reference_share,CS核心参考文献占比,OLS,15845,Hit_Rate_10_year_cat ~ HSS_Continuous * cs_core_reference_share + log_team_size + log_prior_knowledge + C(year) + C(arxiv_primary_category)
C(arxiv_primary_category)[T.cs.CV],-0.2935201202824042,0.1514364903327013,0.05259406368269204,Hit_Rate_10_year_cat,Hit{10}_p,cs_core_reference_share,CS核心参考文献占比,OLS,15845,Hit_Rate_10_year_cat ~ HSS_Continuous * cs_core_reference_share + log_team_size + log_prior_knowledge + C(year) + C(arxiv_primary_category)
C(arxiv_primary_category)[T.cs.CY],-0.2032793418217767,0.16517396704955664,0.2184356757486794,Hit_Rate_10_year_cat,Hit{10}_p,cs_core_reference_share,CS核心参考文献占比,OLS,15845,Hit_Rate_10_year_cat ~ HSS_Continuous * cs_core_reference_share + log_team_size + log_prior_knowledge + C(year) + C(arxiv_primary_category)
C(arxiv_primary_category)[T.cs.DB],-0.05050286316249336,0.2065583290202234,0.8068460323894828,Hit_Rate_10_year_cat,Hit{10}_p,cs_core_reference_share,CS核心参考文献占比,OLS,15845,Hit_Rate_10_year_cat ~ HSS_Continuous * cs_core_reference_share + log_team_size + log_prior_knowledge + C(year) + C(arxiv_primary_category)
C(arxiv_primary_category)[T.cs.DC],-0.19013640216062389,0.16617604883889964,0.2525462744747292,Hit_Rate_10_year_cat,Hit{10}_p,cs_core_reference_share,CS核心参考文献占比,OLS,15845,Hit_Rate_10_year_cat ~ HSS_Continuous * cs_core_reference_share + log_team_size + log_prior_knowledge + C(year) + C(arxiv_primary_category)
C(arxiv_primary_category)[T.cs.DL],0.3808148479990872,0.25333546028531384,0.13278647613335104,Hit_Rate_10_year_cat,Hit{10}_p,cs_core_reference_share,CS核心参考文献占比,OLS,15845,Hit_Rate_10_year_cat ~ HSS_Continuous * cs_core_reference_share + log_team_size + log_prior_knowledge + C(year) + C(arxiv_primary_category)
C(arxiv_primary_category)[T.cs.DM],0.698876623543675,0.15148241820960998,3.9578718650675515e-06,Hit_Rate_10_year_cat,Hit{10}_p,cs_core_reference_share,CS核心参考文献占比,OLS,15845,Hit_Rate_10_year_cat ~ HSS_Continuous * cs_core_reference_share + log_team_size + log_prior_knowledge + C(year) + C(arxiv_primary_category)
C(arxiv_primary_category)[T.cs.DS],-0.011980036087154387,0.18129402574075398,0.9473135766044763,Hit_Rate_10_year_cat,Hit{10}_p,cs_core_reference_share,CS核心参考文献占比,OLS,15845,Hit_Rate_10_year_cat ~ HSS_Continuous * cs_core_reference_share + log_team_size + log_prior_knowledge + C(year) + C(arxiv_primary_category)
C(arxiv_primary_category)[T.cs.ET],-0.08058147238142897,0.19871596581172188,0.6851020735999269,Hit_Rate_10_year_cat,Hit{10}_p,cs_core_reference_share,CS核心参考文献占比,OLS,15845,Hit_Rate_10_year_cat ~ HSS_Continuous * cs_core_reference_share + log_team_size + log_prior_knowledge + C(year) + C(arxiv_primary_category)
C(arxiv_primary_category)[T.cs.FL],0.6555519487173199,0.151738788778179,1.5584114600355652e-05,Hit_Rate_10_year_cat,Hit{10}_p,cs_core_reference_share,CS核心参考文献占比,OLS,15845,Hit_Rate_10_year_cat ~ HSS_Continuous * cs_core_reference_share + log_team_size + log_prior_knowledge + C(year) + C(arxiv_primary_category)
C(arxiv_primary_category)[T.cs.GR],-0.2038991776380872,0.16115357347797268,0.2057825716520918,Hit_Rate_10_year_cat,Hit{10}_p,cs_core_reference_share,CS核心参考文献占比,OLS,15845,Hit_Rate_10_year_cat ~ HSS_Continuous * cs_core_reference_share + log_team_size + log_prior_knowledge + C(year) + C(arxiv_primary_category)
C(arxiv_primary_category)[T.cs.GT],0.4226098453299815,0.2350036859485045,0.07212764868648924,Hit_Rate_10_year_cat,Hit{10}_p,cs_core_reference_share,CS核心参考文献占比,OLS,15845,Hit_Rate_10_year_cat ~ HSS_Continuous * cs_core_reference_share + log_team_size + log_prior_knowledge + C(year) + C(arxiv_primary_category)
C(arxiv_primary_category)[T.cs.HC],-0.2653580795115842,0.15793989700242442,0.09293384746782851,Hit_Rate_10_year_cat,Hit{10}_p,cs_core_reference_share,CS核心参考文献占比,OLS,15845,Hit_Rate_10_year_cat ~ HSS_Continuous * cs_core_reference_share + log_team_size + log_prior_knowledge + C(year) + C(arxiv_primary_category)
C(arxiv_primary_category)[T.cs.IR],-0.29268051175417803,0.15283730632251788,0.05549494837361569,Hit_Rate_10_year_cat,Hit{10}_p,cs_core_reference_share,CS核心参考文献占比,OLS,15845,Hit_Rate_10_year_cat ~ HSS_Continuous * cs_core_reference_share + log_team_size + log_prior_knowledge + C(year) + C(arxiv_primary_category)
C(arxiv_primary_category)[T.cs.IT],-0.19289557356651296,0.1519394911637364,0.2042431102755805,Hit_Rate_10_year_cat,Hit{10}_p,cs_core_reference_share,CS核心参考文献占比,OLS,15845,Hit_Rate_10_year_cat ~ HSS_Continuous * cs_core_reference_share + log_team_size + log_prior_knowledge + C(year) + C(arxiv_primary_category)
C(arxiv_primary_category)[T.cs.LG],-0.2841993452817225,0.15144240509051876,0.060570647931220065,Hit_Rate_10_year_cat,Hit{10}_p,cs_core_reference_share,CS核心参考文献占比,OLS,15845,Hit_Rate_10_year_cat ~ HSS_Continuous * cs_core_reference_share + log_team_size + log_prior_knowledge + C(year) + C(arxiv_primary_category)
C(arxiv_primary_category)[T.cs.LO],0.029723734008683743,0.21073241832708603,0.887830718753749,Hit_Rate_10_year_cat,Hit{10}_p,cs_core_reference_share,CS核心参考文献占比,OLS,15845,Hit_Rate_10_year_cat ~ HSS_Continuous * cs_core_reference_share + log_team_size + log_prior_knowledge + C(year) + C(arxiv_primary_category)
C(arxiv_primary_category)[T.cs.MA],0.09387879635028987,0.28734324225582614,0.743884904564173,Hit_Rate_10_year_cat,Hit{10}_p,cs_core_reference_share,CS核心参考文献占比,OLS,15845,Hit_Rate_10_year_cat ~ HSS_Continuous * cs_core_reference_share + log_team_size + log_prior_knowledge + C(year) + C(arxiv_primary_category)
C(arxiv_primary_category)[T.cs.MM],-0.20113216626037173,0.1609615833792204,0.21145802900993693,Hit_Rate_10_year_cat,Hit{10}_p,cs_core_reference_share,CS核心参考文献占比,OLS,15845,Hit_Rate_10_year_cat ~ HSS_Continuous * cs_core_reference_share + log_team_size + log_prior_knowledge + C(year) + C(arxiv_primary_category)
C(arxiv_primary_category)[T.cs.MS],0.6214629358951934,0.1569515771159082,7.508046841414922e-05,Hit_Rate_10_year_cat,Hit{10}_p,cs_core_reference_share,CS核心参考文献占比,OLS,15845,Hit_Rate_10_year_cat ~ HSS_Continuous * cs_core_reference_share + log_team_size + log_prior_knowledge + C(year) + C(arxiv_primary_category)
C(arxiv_primary_category)[T.cs.NE],-0.24586738272404435,0.15533987549085967,0.11347376767318963,Hit_Rate_10_year_cat,Hit{10}_p,cs_core_reference_share,CS核心参考文献占比,OLS,15845,Hit_Rate_10_year_cat ~ HSS_Continuous * cs_core_reference_share + log_team_size + log_prior_knowledge + C(year) + C(arxiv_primary_category)
C(arxiv_primary_category)[T.cs.NI],-0.18278018990024644,0.16051824956421212,0.25483334768748866,Hit_Rate_10_year_cat,Hit{10}_p,cs_core_reference_share,CS核心参考文献占比,OLS,15845,Hit_Rate_10_year_cat ~ HSS_Continuous * cs_core_reference_share + log_team_size + log_prior_knowledge + C(year) + C(arxiv_primary_category)
C(arxiv_primary_category)[T.cs.OH],0.5961002824051689,0.1527280768037618,9.500102138413353e-05,Hit_Rate_10_year_cat,Hit{10}_p,cs_core_reference_share,CS核心参考文献占比,OLS,15845,Hit_Rate_10_year_cat ~ HSS_Continuous * cs_core_reference_share + log_team_size + log_prior_knowledge + C(year) + C(arxiv_primary_category)
C(arxiv_primary_category)[T.cs.PF],0.5794427616402759,0.15176855516927876,0.00013457235148317656,Hit_Rate_10_year_cat,Hit{10}_p,cs_core_reference_share,CS核心参考文献占比,OLS,15845,Hit_Rate_10_year_cat ~ HSS_Continuous * cs_core_reference_share + log_team_size + log_prior_knowledge + C(year) + C(arxiv_primary_category)
C(arxiv_primary_category)[T.cs.PL],-0.053583132824542676,0.18970478683058717,0.7775943752685609,Hit_Rate_10_year_cat,Hit{10}_p,cs_core_reference_share,CS核心参考文献占比,OLS,15845,Hit_Rate_10_year_cat ~ HSS_Continuous * cs_core_reference_share + log_team_size + log_prior_knowledge + C(year) + C(arxiv_primary_category)
C(arxiv_primary_category)[T.cs.RO],-0.23137571119471803,0.15528829076539516,0.13623074147261666,Hit_Rate_10_year_cat,Hit{10}_p,cs_core_reference_share,CS核心参考文献占比,OLS,15845,Hit_Rate_10_year_cat ~ HSS_Continuous * cs_core_reference_share + log_team_size + log_prior_knowledge + C(year) + C(arxiv_primary_category)
C(arxiv_primary_category)[T.cs.SC],0.7074903900077809,0.15160160262027936,3.0596581514498465e-06,Hit_Rate_10_year_cat,Hit{10}_p,cs_core_reference_share,CS核心参考文献占比,OLS,15845,Hit_Rate_10_year_cat ~ HSS_Continuous * cs_core_reference_share + log_team_size + log_prior_knowledge + C(year) + C(arxiv_primary_category)
C(arxiv_primary_category)[T.cs.SD],-0.28079716932994325,0.15273771127112135,0.06599947390345705,Hit_Rate_10_year_cat,Hit{10}_p,cs_core_reference_share,CS核心参考文献占比,OLS,15845,Hit_Rate_10_year_cat ~ HSS_Continuous * cs_core_reference_share + log_team_size + log_prior_knowledge + C(year) + C(arxiv_primary_category)
C(arxiv_primary_category)[T.cs.SE],-0.28343357564497174,0.1553040475897745,0.06799744510689043,Hit_Rate_10_year_cat,Hit{10}_p,cs_core_reference_share,CS核心参考文献占比,OLS,15845,Hit_Rate_10_year_cat ~ HSS_Continuous * cs_core_reference_share + log_team_size + log_prior_knowledge + C(year) + C(arxiv_primary_category)
C(arxiv_primary_category)[T.cs.SI],-0.23510698991972762,0.15627051056194147,0.13245595510049354,Hit_Rate_10_year_cat,Hit{10}_p,cs_core_reference_share,CS核心参考文献占比,OLS,15845,Hit_Rate_10_year_cat ~ HSS_Continuous * cs_core_reference_share + log_team_size + log_prior_knowledge + C(year) + C(arxiv_primary_category)
C(arxiv_primary_category)[T.econ.EM],0.6248070762482141,0.16025938377313617,9.67009936787008e-05,Hit_Rate_10_year_cat,Hit{10}_p,cs_core_reference_share,CS核心参考文献占比,OLS,15845,Hit_Rate_10_year_cat ~ HSS_Continuous * cs_core_reference_share + log_team_size + log_prior_knowledge + C(year) + C(arxiv_primary_category)
C(arxiv_primary_category)[T.econ.GN],0.7373111749157274,0.15299251888261195,1.4408955648536083e-06,Hit_Rate_10_year_cat,Hit{10}_p,cs_core_reference_share,CS核心参考文献占比,OLS,15845,Hit_Rate_10_year_cat ~ HSS_Continuous * cs_core_reference_share + log_team_size + log_prior_knowledge + C(year) + C(arxiv_primary_category)
C(arxiv_primary_category)[T.eess.AS],-0.28353349816615175,0.15232350731591834,0.06268908015134657,Hit_Rate_10_year_cat,Hit{10}_p,cs_core_reference_share,CS核心参考文献占比,OLS,15845,Hit_Rate_10_year_cat ~ HSS_Continuous * cs_core_reference_share + log_team_size + log_prior_knowledge + C(year) + C(arxiv_primary_category)
C(arxiv_primary_category)[T.eess.IV],-0.2689356475176631,0.151835903124773,0.0765231840636281,Hit_Rate_10_year_cat,Hit{10}_p,cs_core_reference_share,CS核心参考文献占比,OLS,15845,Hit_Rate_10_year_cat ~ HSS_Continuous * cs_core_reference_share + log_team_size + log_prior_knowledge + C(year) + C(arxiv_primary_category)
C(arxiv_primary_category)[T.eess.SP],-0.20686431470529412,0.1529054053140279,0.1760905218981882,Hit_Rate_10_year_cat,Hit{10}_p,cs_core_reference_share,CS核心参考文献占比,OLS,15845,Hit_Rate_10_year_cat ~ HSS_Continuous * cs_core_reference_share + log_team_size + log_prior_knowledge + C(year) + C(arxiv_primary_category)
C(arxiv_primary_category)[T.eess.SY],-0.11538296845276341,0.16571047739392933,0.48624564693423156,Hit_Rate_10_year_cat,Hit{10}_p,cs_core_reference_share,CS核心参考文献占比,OLS,15845,Hit_Rate_10_year_cat ~ HSS_Continuous * cs_core_reference_share + log_team_size + log_prior_knowledge + C(year) + C(arxiv_primary_category)
C(arxiv_primary_category)[T.gr-qc],0.5362002471212782,0.15177785136629626,0.00041118900524844736,Hit_Rate_10_year_cat,Hit{10}_p,cs_core_reference_share,CS核心参考文献占比,OLS,15845,Hit_Rate_10_year_cat ~ HSS_Continuous * cs_core_reference_share + log_team_size + log_prior_knowledge + C(year) + C(arxiv_primary_category)
C(arxiv_primary_category)[T.hep-ex],0.6168748809976807,0.1520523050944765,4.9708929992018025e-05,Hit_Rate_10_year_cat,Hit{10}_p,cs_core_reference_share,CS核心参考文献占比,OLS,15845,Hit_Rate_10_year_cat ~ HSS_Continuous * cs_core_reference_share + log_team_size + log_prior_knowledge + C(year) + C(arxiv_primary_category)
C(arxiv_primary_category)[T.hep-lat],0.42425721069446143,0.2550868468797579,0.09627494387395315,Hit_Rate_10_year_cat,Hit{10}_p,cs_core_reference_share,CS核心参考文献占比,OLS,15845,Hit_Rate_10_year_cat ~ HSS_Continuous * cs_core_reference_share + log_team_size + log_prior_knowledge + C(year) + C(arxiv_primary_category)
C(arxiv_primary_category)[T.hep-ph],-0.04410204285807288,0.20552067090302184,0.8300894113293552,Hit_Rate_10_year_cat,Hit{10}_p,cs_core_reference_share,CS核心参考文献占比,OLS,15845,Hit_Rate_10_year_cat ~ HSS_Continuous * cs_core_reference_share + log_team_size + log_prior_knowledge + C(year) + C(arxiv_primary_category)
C(arxiv_primary_category)[T.hep-th],0.7398533371506325,0.15257303873237338,1.2397612648325047e-06,Hit_Rate_10_year_cat,Hit{10}_p,cs_core_reference_share,CS核心参考文献占比,OLS,15845,Hit_Rate_10_year_cat ~ HSS_Continuous * cs_core_reference_share + log_team_size + log_prior_knowledge + C(year) + C(arxiv_primary_category)
C(arxiv_primary_category)[T.math-ph],0.7267704467778584,0.1515181357938673,1.6138908046855245e-06,Hit_Rate_10_year_cat,Hit{10}_p,cs_core_reference_share,CS核心参考文献占比,OLS,15845,Hit_Rate_10_year_cat ~ HSS_Continuous * cs_core_reference_share + log_team_size + log_prior_knowledge + C(year) + C(arxiv_primary_category)
C(arxiv_primary_category)[T.math.AG],0.7129419034825183,0.15163859919107653,2.5814859121961367e-06,Hit_Rate_10_year_cat,Hit{10}_p,cs_core_reference_share,CS核心参考文献占比,OLS,15845,Hit_Rate_10_year_cat ~ HSS_Continuous * cs_core_reference_share + log_team_size + log_prior_knowledge + C(year) + C(arxiv_primary_category)
C(arxiv_primary_category)[T.math.AP],0.21711509744391672,0.18703584630359815,0.24571478954795534,Hit_Rate_10_year_cat,Hit{10}_p,cs_core_reference_share,CS核心参考文献占比,OLS,15845,Hit_Rate_10_year_cat ~ HSS_Continuous * cs_core_reference_share + log_team_size + log_prior_knowledge + C(year) + C(arxiv_primary_category)
C(arxiv_primary_category)[T.math.CO],0.6812601681762791,0.1520068572781702,7.4025597931503045e-06,Hit_Rate_10_year_cat,Hit{10}_p,cs_core_reference_share,CS核心参考文献占比,OLS,15845,Hit_Rate_10_year_cat ~ HSS_Continuous * cs_core_reference_share + log_team_size + log_prior_knowledge + C(year) + C(arxiv_primary_category)
C(arxiv_primary_category)[T.math.DS],0.5762436146900907,0.17655107946739335,0.0010989313715347834,Hit_Rate_10_year_cat,Hit{10}_p,cs_core_reference_share,CS核心参考文献占比,OLS,15845,Hit_Rate_10_year_cat ~ HSS_Continuous * cs_core_reference_share + log_team_size + log_prior_knowledge + C(year) + C(arxiv_primary_category)
C(arxiv_primary_category)[T.math.GM],0.6808396579398154,0.15373749310109813,9.4853044321115e-06,Hit_Rate_10_year_cat,Hit{10}_p,cs_core_reference_share,CS核心参考文献占比,OLS,15845,Hit_Rate_10_year_cat ~ HSS_Continuous * cs_core_reference_share + log_team_size + log_prior_knowledge + C(year) + C(arxiv_primary_category)
C(arxiv_primary_category)[T.math.GR],0.7382875088377586,0.15173609776411323,1.1410875928685735e-06,Hit_Rate_10_year_cat,Hit{10}_p,cs_core_reference_share,CS核心参考文献占比,OLS,15845,Hit_Rate_10_year_cat ~ HSS_Continuous * cs_core_reference_share + log_team_size + log_prior_knowledge + C(year) + C(arxiv_primary_category)
C(arxiv_primary_category)[T.math.LO],0.7445821197406339,0.15171464358187667,9.211301474224366e-07,Hit_Rate_10_year_cat,Hit{10}_p,cs_core_reference_share,CS核心参考文献占比,OLS,15845,Hit_Rate_10_year_cat ~ HSS_Continuous * cs_core_reference_share + log_team_size + log_prior_knowledge + C(year) + C(arxiv_primary_category)
C(arxiv_primary_category)[T.math.NA],-0.12585043597239026,0.16745807835315324,0.4523313592561047,Hit_Rate_10_year_cat,Hit{10}_p,cs_core_reference_share,CS核心参考文献占比,OLS,15845,Hit_Rate_10_year_cat ~ HSS_Continuous * cs_core_reference_share + log_team_size + log_prior_knowledge + C(year) + C(arxiv_primary_category)
C(arxiv_primary_category)[T.math.NT],0.6304329193696463,0.15317057371427295,3.856916490369845e-05,Hit_Rate_10_year_cat,Hit{10}_p,cs_core_reference_share,CS核心参考文献占比,OLS,15845,Hit_Rate_10_year_cat ~ HSS_Continuous * cs_core_reference_share + log_team_size + log_prior_knowledge + C(year) + C(arxiv_primary_category)
C(arxiv_primary_category)[T.math.OC],-0.17414505975527497,0.16082064412969238,0.2788738342257474,Hit_Rate_10_year_cat,Hit{10}_p,cs_core_reference_share,CS核心参考文献占比,OLS,15845,Hit_Rate_10_year_cat ~ HSS_Continuous * cs_core_reference_share + log_team_size + log_prior_knowledge + C(year) + C(arxiv_primary_category)
C(arxiv_primary_category)[T.math.PR],0.08140686866743196,0.2042714509702312,0.690244717855267,Hit_Rate_10_year_cat,Hit{10}_p,cs_core_reference_share,CS核心参考文献占比,OLS,15845,Hit_Rate_10_year_cat ~ HSS_Continuous * cs_core_reference_share + log_team_size + log_prior_knowledge + C(year) + C(arxiv_primary_category)
C(arxiv_primary_category)[T.math.ST],0.051083437513689434,0.19362297817988752,0.7919113656874003,Hit_Rate_10_year_cat,Hit{10}_p,cs_core_reference_share,CS核心参考文献占比,OLS,15845,Hit_Rate_10_year_cat ~ HSS_Continuous * cs_core_reference_share + log_team_size + log_prior_knowledge + C(year) + C(arxiv_primary_category)
C(arxiv_primary_category)[T.nlin.AO],0.7058437316169848,0.15152523476113083,3.188954270952358e-06,Hit_Rate_10_year_cat,Hit{10}_p,cs_core_reference_share,CS核心参考文献占比,OLS,15845,Hit_Rate_10_year_cat ~ HSS_Continuous * cs_core_reference_share + log_team_size + log_prior_knowledge + C(year) + C(arxiv_primary_category)
C(arxiv_primary_category)[T.nlin.PS],0.7032047473280552,0.1513149554624553,3.3632130715631388e-06,Hit_Rate_10_year_cat,Hit{10}_p,cs_core_reference_share,CS核心参考文献占比,OLS,15845,Hit_Rate_10_year_cat ~ HSS_Continuous * cs_core_reference_share + log_team_size + log_prior_knowledge + C(year) + C(arxiv_primary_category)
C(arxiv_primary_category)[T.nucl-th],0.7129693464888467,0.15151287873319774,2.530356871885168e-06,Hit_Rate_10_year_cat,Hit{10}_p,cs_core_reference_share,CS核心参考文献占比,OLS,15845,Hit_Rate_10_year_cat ~ HSS_Continuous * cs_core_reference_share + log_team_size + log_prior_knowledge + C(year) + C(arxiv_primary_category)
C(arxiv_primary_category)[T.physics.acc-ph],0.2918702935330915,0.2696290164418584,0.2790355490444646,Hit_Rate_10_year_cat,Hit{10}_p,cs_core_reference_share,CS核心参考文献占比,OLS,15845,Hit_Rate_10_year_cat ~ HSS_Continuous * cs_core_reference_share + log_team_size + log_prior_knowledge + C(year) + C(arxiv_primary_category)
C(arxiv_primary_category)[T.physics.ao-ph],-0.004848498951489405,0.21664482378255914,0.9821448789823622,Hit_Rate_10_year_cat,Hit{10}_p,cs_core_reference_share,CS核心参考文献占比,OLS,15845,Hit_Rate_10_year_cat ~ HSS_Continuous * cs_core_reference_share + log_team_size + log_prior_knowledge + C(year) + C(arxiv_primary_category)
C(arxiv_primary_category)[T.physics.app-ph],0.11420910202758394,0.19649708238166952,0.5610885279373714,Hit_Rate_10_year_cat,Hit{10}_p,cs_core_reference_share,CS核心参考文献占比,OLS,15845,Hit_Rate_10_year_cat ~ HSS_Continuous * cs_core_reference_share + log_team_size + log_prior_knowledge + C(year) + C(arxiv_primary_category)
C(arxiv_primary_category)[T.physics.atom-ph],0.6699247318569417,0.15134437281976268,9.577770901186926e-06,Hit_Rate_10_year_cat,Hit{10}_p,cs_core_reference_share,CS核心参考文献占比,OLS,15845,Hit_Rate_10_year_cat ~ HSS_Continuous * cs_core_reference_share + log_team_size + log_prior_knowledge + C(year) + C(arxiv_primary_category)
C(arxiv_primary_category)[T.physics.bio-ph],0.3470053156676017,0.24705333359572837,0.16014723779454187,Hit_Rate_10_year_cat,Hit{10}_p,cs_core_reference_share,CS核心参考文献占比,OLS,15845,Hit_Rate_10_year_cat ~ HSS_Continuous * cs_core_reference_share + log_team_size + log_prior_knowledge + C(year) + C(arxiv_primary_category)
C(arxiv_primary_category)[T.physics.chem-ph],-0.038636509806441496,0.21488315642837208,0.8573076900411962,Hit_Rate_10_year_cat,Hit{10}_p,cs_core_reference_share,CS核心参考文献占比,OLS,15845,Hit_Rate_10_year_cat ~ HSS_Continuous * cs_core_reference_share + log_team_size + log_prior_knowledge + C(year) + C(arxiv_primary_category)
C(arxiv_primary_category)[T.physics.comp-ph],-0.07593452777799273,0.188395219773568,0.6869042791063108,Hit_Rate_10_year_cat,Hit{10}_p,cs_core_reference_share,CS核心参考文献占比,OLS,15845,Hit_Rate_10_year_cat ~ HSS_Continuous * cs_core_reference_share + log_team_size + log_prior_knowledge + C(year) + C(arxiv_primary_category)
C(arxiv_primary_category)[T.physics.data-an],0.061965149242763806,0.22455626099588777,0.7825904066429841,Hit_Rate_10_year_cat,Hit{10}_p,cs_core_reference_share,CS核心参考文献占比,OLS,15845,Hit_Rate_10_year_cat ~ HSS_Continuous * cs_core_reference_share + log_team_size + log_prior_knowledge + C(year) + C(arxiv_primary_category)
C(arxiv_primary_category)[T.physics.ed-ph],0.1982140276313326,0.4170044336631805,0.6345529582454479,Hit_Rate_10_year_cat,Hit{10}_p,cs_core_reference_share,CS核心参考文献占比,OLS,15845,Hit_Rate_10_year_cat ~ HSS_Continuous * cs_core_reference_share + log_team_size + log_prior_knowledge + C(year) + C(arxiv_primary_category)
C(arxiv_primary_category)[T.physics.flu-dyn],0.03119405946589063,0.22839524711354434,0.8913633515009549,Hit_Rate_10_year_cat,Hit{10}_p,cs_core_reference_share,CS核心参考文献占比,OLS,15845,Hit_Rate_10_year_cat ~ HSS_Continuous * cs_core_reference_share + log_team_size + log_prior_knowledge + C(year) + C(arxiv_primary_category)
C(arxiv_primary_category)[T.physics.geo-ph],0.04985959889087453,0.20486642879431624,0.8077140324043183,Hit_Rate_10_year_cat,Hit{10}_p,cs_core_reference_share,CS核心参考文献占比,OLS,15845,Hit_Rate_10_year_cat ~ HSS_Continuous * cs_core_reference_share + log_team_size + log_prior_knowledge + C(year) + C(arxiv_primary_category)
C(arxiv_primary_category)[T.physics.ins-det],0.0013180098286825583,0.21262614819353673,0.995054169171235,Hit_Rate_10_year_cat,Hit{10}_p,cs_core_reference_share,CS核心参考文献占比,OLS,15845,Hit_Rate_10_year_cat ~ HSS_Continuous * cs_core_reference_share + log_team_size + log_prior_knowledge + C(year) + C(arxiv_primary_category)
C(arxiv_primary_category)[T.physics.med-ph],-0.16834316606542576,0.17197962990633578,0.3276514989355399,Hit_Rate_10_year_cat,Hit{10}_p,cs_core_reference_share,CS核心参考文献占比,OLS,15845,Hit_Rate_10_year_cat ~ HSS_Continuous * cs_core_reference_share + log_team_size + log_prior_knowledge + C(year) + C(arxiv_primary_category)
C(arxiv_primary_category)[T.physics.optics],0.05306699288578989,0.20187155532246845,0.7926468962210207,Hit_Rate_10_year_cat,Hit{10}_p,cs_core_reference_share,CS核心参考文献占比,OLS,15845,Hit_Rate_10_year_cat ~ HSS_Continuous * cs_core_reference_share + log_team_size + log_prior_knowledge + C(year) + C(arxiv_primary_category)
C(arxiv_primary_category)[T.physics.soc-ph],0.09712650916374287,0.22016229381136568,0.6590981171351028,Hit_Rate_10_year_cat,Hit{10}_p,cs_core_reference_share,CS核心参考文献占比,OLS,15845,Hit_Rate_10_year_cat ~ HSS_Continuous * cs_core_reference_share + log_team_size + log_prior_knowledge + C(year) + C(arxiv_primary_category)
C(arxiv_primary_category)[T.physics.space-ph],-0.04293815768534637,0.16531469508141397,0.7950675145257481,Hit_Rate_10_year_cat,Hit{10}_p,cs_core_reference_share,CS核心参考文献占比,OLS,15845,Hit_Rate_10_year_cat ~ HSS_Continuous * cs_core_reference_share + log_team_size + log_prior_knowledge + C(year) + C(arxiv_primary_category)
C(arxiv_primary_category)[T.q-bio.BM],-0.11424883247569492,0.1780685118444706,0.521132658433894,Hit_Rate_10_year_cat,Hit{10}_p,cs_core_reference_share,CS核心参考文献占比,OLS,15845,Hit_Rate_10_year_cat ~ HSS_Continuous * cs_core_reference_share + log_team_size + log_prior_knowledge + C(year) + C(arxiv_primary_category)
C(arxiv_primary_category)[T.q-bio.GN],0.07915397209017987,0.231662922369753,0.7325937237100475,Hit_Rate_10_year_cat,Hit{10}_p,cs_core_reference_share,CS核心参考文献占比,OLS,15845,Hit_Rate_10_year_cat ~ HSS_Continuous * cs_core_reference_share + log_team_size + log_prior_knowledge + C(year) + C(arxiv_primary_category)
C(arxiv_primary_category)[T.q-bio.MN],0.361169898463692,0.3083014696611266,0.24140472900246868,Hit_Rate_10_year_cat,Hit{10}_p,cs_core_reference_share,CS核心参考文献占比,OLS,15845,Hit_Rate_10_year_cat ~ HSS_Continuous * cs_core_reference_share + log_team_size + log_prior_knowledge + C(year) + C(arxiv_primary_category)
C(arxiv_primary_category)[T.q-bio.NC],-0.18604810862766774,0.15833973028318704,0.23999743061930567,Hit_Rate_10_year_cat,Hit{10}_p,cs_core_reference_share,CS核心参考文献占比,OLS,15845,Hit_Rate_10_year_cat ~ HSS_Continuous * cs_core_reference_share + log_team_size + log_prior_knowledge + C(year) + C(arxiv_primary_category)
C(arxiv_primary_category)[T.q-bio.OT],0.6670611149870809,0.160169385303521,3.117308727153441e-05,Hit_Rate_10_year_cat,Hit{10}_p,cs_core_reference_share,CS核心参考文献占比,OLS,15845,Hit_Rate_10_year_cat ~ HSS_Continuous * cs_core_reference_share + log_team_size + log_prior_knowledge + C(year) + C(arxiv_primary_category)
C(arxiv_primary_category)[T.q-bio.PE],0.28611345971060037,0.28203823330823785,0.31036845856400785,Hit_Rate_10_year_cat,Hit{10}_p,cs_core_reference_share,CS核心参考文献占比,OLS,15845,Hit_Rate_10_year_cat ~ HSS_Continuous * cs_core_reference_share + log_team_size + log_prior_knowledge + C(year) + C(arxiv_primary_category)
C(arxiv_primary_category)[T.q-bio.QM],-0.13652825416890432,0.17006637153230436,0.42209383958194524,Hit_Rate_10_year_cat,Hit{10}_p,cs_core_reference_share,CS核心参考文献占比,OLS,15845,Hit_Rate_10_year_cat ~ HSS_Continuous * cs_core_reference_share + log_team_size + log_prior_knowledge + C(year) + C(arxiv_primary_category)
C(arxiv_primary_category)[T.q-bio.TO],0.38577095546961954,0.31993726732374106,0.2279059488237536,Hit_Rate_10_year_cat,Hit{10}_p,cs_core_reference_share,CS核心参考文献占比,OLS,15845,Hit_Rate_10_year_cat ~ HSS_Continuous * cs_core_reference_share + log_team_size + log_prior_knowledge + C(year) + C(arxiv_primary_category)
C(arxiv_primary_category)[T.q-fin.CP],-0.007896968703813356,0.2031204493714888,0.9689874531514079,Hit_Rate_10_year_cat,Hit{10}_p,cs_core_reference_share,CS核心参考文献占比,OLS,15845,Hit_Rate_10_year_cat ~ HSS_Continuous * cs_core_reference_share + log_team_size + log_prior_knowledge + C(year) + C(arxiv_primary_category)
C(arxiv_primary_category)[T.q-fin.GN],0.7140586948520273,0.1525341579709525,2.850564848463641e-06,Hit_Rate_10_year_cat,Hit{10}_p,cs_core_reference_share,CS核心参考文献占比,OLS,15845,Hit_Rate_10_year_cat ~ HSS_Continuous * cs_core_reference_share + log_team_size + log_prior_knowledge + C(year) + C(arxiv_primary_category)
C(arxiv_primary_category)[T.q-fin.MF],-0.0016607811190872896,0.3070075513426178,0.9956838027432249,Hit_Rate_10_year_cat,Hit{10}_p,cs_core_reference_share,CS核心参考文献占比,OLS,15845,Hit_Rate_10_year_cat ~ HSS_Continuous * cs_core_reference_share + log_team_size + log_prior_knowledge + C(year) + C(arxiv_primary_category)
C(arxiv_primary_category)[T.q-fin.PM],0.6585575611279231,0.1565817843087975,2.6011693687587365e-05,Hit_Rate_10_year_cat,Hit{10}_p,cs_core_reference_share,CS核心参考文献占比,OLS,15845,Hit_Rate_10_year_cat ~ HSS_Continuous * cs_core_reference_share + log_team_size + log_prior_knowledge + C(year) + C(arxiv_primary_category)
C(arxiv_primary_category)[T.q-fin.PR],0.6536956922688785,0.159555265695827,4.1856417760653064e-05,Hit_Rate_10_year_cat,Hit{10}_p,cs_core_reference_share,CS核心参考文献占比,OLS,15845,Hit_Rate_10_year_cat ~ HSS_Continuous * cs_core_reference_share + log_team_size + log_prior_knowledge + C(year) + C(arxiv_primary_category)
C(arxiv_primary_category)[T.q-fin.ST],0.10268773866074436,0.21123304180511585,0.6268715743066012,Hit_Rate_10_year_cat,Hit{10}_p,cs_core_reference_share,CS核心参考文献占比,OLS,15845,Hit_Rate_10_year_cat ~ HSS_Continuous * cs_core_reference_share + log_team_size + log_prior_knowledge + C(year) + C(arxiv_primary_category)
C(arxiv_primary_category)[T.q-fin.TR],0.7268988453661724,0.15882000596732168,4.719799463383626e-06,Hit_Rate_10_year_cat,Hit{10}_p,cs_core_reference_share,CS核心参考文献占比,OLS,15845,Hit_Rate_10_year_cat ~ HSS_Continuous * cs_core_reference_share + log_team_size + log_prior_knowledge + C(year) + C(arxiv_primary_category)
C(arxiv_primary_category)[T.quant-ph],-0.17675863784962342,0.15707494537081765,0.2604559917583239,Hit_Rate_10_year_cat,Hit{10}_p,cs_core_reference_share,CS核心参考文献占比,OLS,15845,Hit_Rate_10_year_cat ~ HSS_Continuous * cs_core_reference_share + log_team_size + log_prior_knowledge + C(year) + C(arxiv_primary_category)
C(arxiv_primary_category)[T.stat.AP],0.22049117964182233,0.20803549238197258,0.28920242812938624,Hit_Rate_10_year_cat,Hit{10}_p,cs_core_reference_share,CS核心参考文献占比,OLS,15845,Hit_Rate_10_year_cat ~ HSS_Continuous * cs_core_reference_share + log_team_size + log_prior_knowledge + C(year) + C(arxiv_primary_category)
C(arxiv_primary_category)[T.stat.CO],0.0860103010840235,0.2694102969849449,0.7495339505863055,Hit_Rate_10_year_cat,Hit{10}_p,cs_core_reference_share,CS核心参考文献占比,OLS,15845,Hit_Rate_10_year_cat ~ HSS_Continuous * cs_core_reference_share + log_team_size + log_prior_knowledge + C(year) + C(arxiv_primary_category)
C(arxiv_primary_category)[T.stat.ME],0.1633700249693152,0.21051725775692945,0.4377247731331909,Hit_Rate_10_year_cat,Hit{10}_p,cs_core_reference_share,CS核心参考文献占比,OLS,15845,Hit_Rate_10_year_cat ~ HSS_Continuous * cs_core_reference_share + log_team_size + log_prior_knowledge + C(year) + C(arxiv_primary_category)
C(arxiv_primary_category)[T.stat.ML],-0.26826889508459306,0.1521572507984487,0.07788313073747165,Hit_Rate_10_year_cat,Hit{10}_p,cs_core_reference_share,CS核心参考文献占比,OLS,15845,Hit_Rate_10_year_cat ~ HSS_Continuous * cs_core_reference_share + log_team_size + log_prior_knowledge + C(year) + C(arxiv_primary_category)
HSS_Continuous,0.004736458023378314,0.006240247609863249,0.44784200371544347,Hit_Rate_10_year_cat,Hit{10}_p,cs_core_reference_share,CS核心参考文献占比,OLS,15845,Hit_Rate_10_year_cat ~ HSS_Continuous * cs_core_reference_share + log_team_size + log_prior_knowledge + C(year) + C(arxiv_primary_category)
cs_core_reference_share,0.05399803082818935,0.009494911539333567,1.2925308838931225e-08,Hit_Rate_10_year_cat,Hit{10}_p,cs_core_reference_share,CS核心参考文献占比,OLS,15845,Hit_Rate_10_year_cat ~ HSS_Continuous * cs_core_reference_share + log_team_size + log_prior_knowledge + C(year) + C(arxiv_primary_category)
HSS_Continuous:cs_core_reference_share,-0.007710167938474726,0.00932760018532751,0.4084654205768772,Hit_Rate_10_year_cat,Hit{10}_p,cs_core_reference_share,CS核心参考文献占比,OLS,15845,Hit_Rate_10_year_cat ~ HSS_Continuous * cs_core_reference_share + log_team_size + log_prior_knowledge + C(year) + C(arxiv_primary_category)
log_team_size,0.05299369207698177,0.009470747872629557,2.1997046606819376e-08,Hit_Rate_10_year_cat,Hit{10}_p,cs_core_reference_share,CS核心参考文献占比,OLS,15845,Hit_Rate_10_year_cat ~ HSS_Continuous * cs_core_reference_share + log_team_size + log_prior_knowledge + C(year) + C(arxiv_primary_category)
log_prior_knowledge,0.02466174219263599,0.0029183828529843053,2.901022792125049e-17,Hit_Rate_10_year_cat,Hit{10}_p,cs_core_reference_share,CS核心参考文献占比,OLS,15845,Hit_Rate_10_year_cat ~ HSS_Continuous * cs_core_reference_share + log_team_size + log_prior_knowledge + C(year) + C(arxiv_primary_category)
Intercept,4.5525155410045315,1.193208407555303,0.00013598642400746016,Citation_Field_Diversity,Citation_Field_Diversity_p,reference_field_diversity,参考文献学科数量,OLS,56755,Citation_Field_Diversity ~ HSS_Continuous * reference_field_diversity + log_team_size + log_prior_knowledge + C(year) + C(arxiv_primary_category)
C(year)[T.2015],1.4009448206848314,1.1191232299405123,0.21063416487368314,Citation_Field_Diversity,Citation_Field_Diversity_p,reference_field_diversity,参考文献学科数量,OLS,56755,Citation_Field_Diversity ~ HSS_Continuous * reference_field_diversity + log_team_size + log_prior_knowledge + C(year) + C(arxiv_primary_category)
C(year)[T.2016],1.2852045583330132,0.999123458132186,0.19832719041135705,Citation_Field_Diversity,Citation_Field_Diversity_p,reference_field_diversity,参考文献学科数量,OLS,56755,Citation_Field_Diversity ~ HSS_Continuous * reference_field_diversity + log_team_size + log_prior_knowledge + C(year) + C(arxiv_primary_category)
C(year)[T.2017],-1.3800585350303798,0.9707427299541659,0.15512724375531772,Citation_Field_Diversity,Citation_Field_Diversity_p,reference_field_diversity,参考文献学科数量,OLS,56755,Citation_Field_Diversity ~ HSS_Continuous * reference_field_diversity + log_team_size + log_prior_knowledge + C(year) + C(arxiv_primary_category)
C(year)[T.2018],-2.2494115215414623,0.9666514364038611,0.01996451485209806,Citation_Field_Diversity,Citation_Field_Diversity_p,reference_field_diversity,参考文献学科数量,OLS,56755,Citation_Field_Diversity ~ HSS_Continuous * reference_field_diversity + log_team_size + log_prior_knowledge + C(year) + C(arxiv_primary_category)
C(year)[T.2019],-2.595226431185209,0.9652274059130791,0.007172651004327618,Citation_Field_Diversity,Citation_Field_Diversity_p,reference_field_diversity,参考文献学科数量,OLS,56755,Citation_Field_Diversity ~ HSS_Continuous * reference_field_diversity + log_team_size + log_prior_knowledge + C(year) + C(arxiv_primary_category)
C(year)[T.2020],-3.649252021036539,0.9639550489385265,0.00015327177281857058,Citation_Field_Diversity,Citation_Field_Diversity_p,reference_field_diversity,参考文献学科数量,OLS,56755,Citation_Field_Diversity ~ HSS_Continuous * reference_field_diversity + log_team_size + log_prior_knowledge + C(year) + C(arxiv_primary_category)
C(year)[T.2021],-4.585629967557311,0.963342940402126,1.9347592878134954e-06,Citation_Field_Diversity,Citation_Field_Diversity_p,reference_field_diversity,参考文献学科数量,OLS,56755,Citation_Field_Diversity ~ HSS_Continuous * reference_field_diversity + log_team_size + log_prior_knowledge + C(year) + C(arxiv_primary_category)
C(year)[T.2022],-2.004993374489136,0.967151687288488,0.038163819526353074,Citation_Field_Diversity,Citation_Field_Diversity_p,reference_field_diversity,参考文献学科数量,OLS,56755,Citation_Field_Diversity ~ HSS_Continuous * reference_field_diversity + log_team_size + log_prior_knowledge + C(year) + C(arxiv_primary_category)
C(year)[T.2023],-3.0092137310294267,0.9637226724371314,0.0017932862510507018,Citation_Field_Diversity,Citation_Field_Diversity_p,reference_field_diversity,参考文献学科数量,OLS,56755,Citation_Field_Diversity ~ HSS_Continuous * reference_field_diversity + log_team_size + log_prior_knowledge + C(year) + C(arxiv_primary_category)
C(year)[T.2024],-6.072941437133478,0.9629180498462512,2.848446655252145e-10,Citation_Field_Diversity,Citation_Field_Diversity_p,reference_field_diversity,参考文献学科数量,OLS,56755,Citation_Field_Diversity ~ HSS_Continuous * reference_field_diversity + log_team_size + log_prior_knowledge + C(year) + C(arxiv_primary_category)
C(year)[T.2025],-7.880978591411565,0.9626812292195709,2.6895886592846547e-16,Citation_Field_Diversity,Citation_Field_Diversity_p,reference_field_diversity,参考文献学科数量,OLS,56755,Citation_Field_Diversity ~ HSS_Continuous * reference_field_diversity + log_team_size + log_prior_knowledge + C(year) + C(arxiv_primary_category)
C(year)[T.2026],-7.85274742036598,0.9628416409455591,3.4686542935246213e-16,Citation_Field_Diversity,Citation_Field_Diversity_p,reference_field_diversity,参考文献学科数量,OLS,56755,Citation_Field_Diversity ~ HSS_Continuous * reference_field_diversity + log_team_size + log_prior_knowledge + C(year) + C(arxiv_primary_category)
C(arxiv_primary_category)[T.astro-ph.EP],1.597154322341336,0.7036471285223255,0.02321833430714008,Citation_Field_Diversity,Citation_Field_Diversity_p,reference_field_diversity,参考文献学科数量,OLS,56755,Citation_Field_Diversity ~ HSS_Continuous * reference_field_diversity + log_team_size + log_prior_knowledge + C(year) + C(arxiv_primary_category)
C(arxiv_primary_category)[T.astro-ph.GA],-0.9361838524995681,1.0608111811010628,0.377497315493724,Citation_Field_Diversity,Citation_Field_Diversity_p,reference_field_diversity,参考文献学科数量,OLS,56755,Citation_Field_Diversity ~ HSS_Continuous * reference_field_diversity + log_team_size + log_prior_knowledge + C(year) + C(arxiv_primary_category)
C(arxiv_primary_category)[T.astro-ph.HE],-1.0473056682249207,1.1734455894790554,0.37212249093884975,Citation_Field_Diversity,Citation_Field_Diversity_p,reference_field_diversity,参考文献学科数量,OLS,56755,Citation_Field_Diversity ~ HSS_Continuous * reference_field_diversity + log_team_size + log_prior_knowledge + C(year) + C(arxiv_primary_category)
C(arxiv_primary_category)[T.astro-ph.IM],-0.564877070311868,0.7807665419208742,0.46937867150766166,Citation_Field_Diversity,Citation_Field_Diversity_p,reference_field_diversity,参考文献学科数量,OLS,56755,Citation_Field_Diversity ~ HSS_Continuous * reference_field_diversity + log_team_size + log_prior_knowledge + C(year) + C(arxiv_primary_category)
C(arxiv_primary_category)[T.astro-ph.SR],-0.8244607889705701,1.2691258915724026,0.5159319951888727,Citation_Field_Diversity,Citation_Field_Diversity_p,reference_field_diversity,参考文献学科数量,OLS,56755,Citation_Field_Diversity ~ HSS_Continuous * reference_field_diversity + log_team_size + log_prior_knowledge + C(year) + C(arxiv_primary_category)
C(arxiv_primary_category)[T.cond-mat.dis-nn],0.8445892366335866,1.2107389141049472,0.48543886723385943,Citation_Field_Diversity,Citation_Field_Diversity_p,reference_field_diversity,参考文献学科数量,OLS,56755,Citation_Field_Diversity ~ HSS_Continuous * reference_field_diversity + log_team_size + log_prior_knowledge + C(year) + C(arxiv_primary_category)
C(arxiv_primary_category)[T.cond-mat.mes-hall],-1.103084646065942,0.7072487959955266,0.11883457001596666,Citation_Field_Diversity,Citation_Field_Diversity_p,reference_field_diversity,参考文献学科数量,OLS,56755,Citation_Field_Diversity ~ HSS_Continuous * reference_field_diversity + log_team_size + log_prior_knowledge + C(year) + C(arxiv_primary_category)
C(arxiv_primary_category)[T.cond-mat.mtrl-sci],1.6061849721101957,0.7882289250041296,0.04157856148740345,Citation_Field_Diversity,Citation_Field_Diversity_p,reference_field_diversity,参考文献学科数量,OLS,56755,Citation_Field_Diversity ~ HSS_Continuous * reference_field_diversity + log_team_size + log_prior_knowledge + C(year) + C(arxiv_primary_category)
C(arxiv_primary_category)[T.cond-mat.other],-1.5312812532911741,0.7073628668478124,0.030404941551455563,Citation_Field_Diversity,Citation_Field_Diversity_p,reference_field_diversity,参考文献学科数量,OLS,56755,Citation_Field_Diversity ~ HSS_Continuous * reference_field_diversity + log_team_size + log_prior_knowledge + C(year) + C(arxiv_primary_category)
C(arxiv_primary_category)[T.cond-mat.quant-gas],-2.2157162887497153,1.3218009812141363,0.09368221409671655,Citation_Field_Diversity,Citation_Field_Diversity_p,reference_field_diversity,参考文献学科数量,OLS,56755,Citation_Field_Diversity ~ HSS_Continuous * reference_field_diversity + log_team_size + log_prior_knowledge + C(year) + C(arxiv_primary_category)
C(arxiv_primary_category)[T.cond-mat.soft],-0.9456084609954774,1.294136176773355,0.4649703671100398,Citation_Field_Diversity,Citation_Field_Diversity_p,reference_field_diversity,参考文献学科数量,OLS,56755,Citation_Field_Diversity ~ HSS_Continuous * reference_field_diversity + log_team_size + log_prior_knowledge + C(year) + C(arxiv_primary_category)
C(arxiv_primary_category)[T.cond-mat.stat-mech],-0.33390746596193327,0.9739312492916067,0.7317150649978765,Citation_Field_Diversity,Citation_Field_Diversity_p,reference_field_diversity,参考文献学科数量,OLS,56755,Citation_Field_Diversity ~ HSS_Continuous * reference_field_diversity + log_team_size + log_prior_knowledge + C(year) + C(arxiv_primary_category)
C(arxiv_primary_category)[T.cond-mat.str-el],-0.5971124525794471,0.8105155566270182,0.4613005727567143,Citation_Field_Diversity,Citation_Field_Diversity_p,reference_field_diversity,参考文献学科数量,OLS,56755,Citation_Field_Diversity ~ HSS_Continuous * reference_field_diversity + log_team_size + log_prior_knowledge + C(year) + C(arxiv_primary_category)
C(arxiv_primary_category)[T.cond-mat.supr-con],-1.7051591054825859,0.707512863595189,0.01594923894468001,Citation_Field_Diversity,Citation_Field_Diversity_p,reference_field_diversity,参考文献学科数量,OLS,56755,Citation_Field_Diversity ~ HSS_Continuous * reference_field_diversity + log_team_size + log_prior_knowledge + C(year) + C(arxiv_primary_category)
C(arxiv_primary_category)[T.cs.AI],1.2355826214142225,0.7054378232890011,0.07985780276155109,Citation_Field_Diversity,Citation_Field_Diversity_p,reference_field_diversity,参考文献学科数量,OLS,56755,Citation_Field_Diversity ~ HSS_Continuous * reference_field_diversity + log_team_size + log_prior_knowledge + C(year) + C(arxiv_primary_category)
C(arxiv_primary_category)[T.cs.AR],0.5520580240961158,0.7149360218518245,0.44000887997358673,Citation_Field_Diversity,Citation_Field_Diversity_p,reference_field_diversity,参考文献学科数量,OLS,56755,Citation_Field_Diversity ~ HSS_Continuous * reference_field_diversity + log_team_size + log_prior_knowledge + C(year) + C(arxiv_primary_category)
C(arxiv_primary_category)[T.cs.CC],-1.0015329913852544,1.0585288650874884,0.3440692391502077,Citation_Field_Diversity,Citation_Field_Diversity_p,reference_field_diversity,参考文献学科数量,OLS,56755,Citation_Field_Diversity ~ HSS_Continuous * reference_field_diversity + log_team_size + log_prior_knowledge + C(year) + C(arxiv_primary_category)
C(arxiv_primary_category)[T.cs.CE],1.377249905607004,0.7526581396684707,0.0672726880248468,Citation_Field_Diversity,Citation_Field_Diversity_p,reference_field_diversity,参考文献学科数量,OLS,56755,Citation_Field_Diversity ~ HSS_Continuous * reference_field_diversity + log_team_size + log_prior_knowledge + C(year) + C(arxiv_primary_category)
C(arxiv_primary_category)[T.cs.CG],1.013132916658156,1.4126588645311995,0.47326206336204824,Citation_Field_Diversity,Citation_Field_Diversity_p,reference_field_diversity,参考文献学科数量,OLS,56755,Citation_Field_Diversity ~ HSS_Continuous * reference_field_diversity + log_team_size + log_prior_knowledge + C(year) + C(arxiv_primary_category)
C(arxiv_primary_category)[T.cs.CL],1.0619140696142777,0.7042544512142734,0.13159146963625243,Citation_Field_Diversity,Citation_Field_Diversity_p,reference_field_diversity,参考文献学科数量,OLS,56755,Citation_Field_Diversity ~ HSS_Continuous * reference_field_diversity + log_team_size + log_prior_knowledge + C(year) + C(arxiv_primary_category)
C(arxiv_primary_category)[T.cs.CR],0.96290986732751,0.7061340960316854,0.17268215897697936,Citation_Field_Diversity,Citation_Field_Diversity_p,reference_field_diversity,参考文献学科数量,OLS,56755,Citation_Field_Diversity ~ HSS_Continuous * reference_field_diversity + log_team_size + log_prior_knowledge + C(year) + C(arxiv_primary_category)
C(arxiv_primary_category)[T.cs.CV],1.0986237239564953,0.7045075495887687,0.11889681733001173,Citation_Field_Diversity,Citation_Field_Diversity_p,reference_field_diversity,参考文献学科数量,OLS,56755,Citation_Field_Diversity ~ HSS_Continuous * reference_field_diversity + log_team_size + log_prior_knowledge + C(year) + C(arxiv_primary_category)
C(arxiv_primary_category)[T.cs.CY],2.297861114151386,0.7147559250259014,0.001304948744682277,Citation_Field_Diversity,Citation_Field_Diversity_p,reference_field_diversity,参考文献学科数量,OLS,56755,Citation_Field_Diversity ~ HSS_Continuous * reference_field_diversity + log_team_size + log_prior_knowledge + C(year) + C(arxiv_primary_category)
C(arxiv_primary_category)[T.cs.DB],0.6191721947490394,0.7219531250307104,0.3910940986048773,Citation_Field_Diversity,Citation_Field_Diversity_p,reference_field_diversity,参考文献学科数量,OLS,56755,Citation_Field_Diversity ~ HSS_Continuous * reference_field_diversity + log_team_size + log_prior_knowledge + C(year) + C(arxiv_primary_category)
C(arxiv_primary_category)[T.cs.DC],0.574125820571515,0.7106696948731351,0.41916777705021124,Citation_Field_Diversity,Citation_Field_Diversity_p,reference_field_diversity,参考文献学科数量,OLS,56755,Citation_Field_Diversity ~ HSS_Continuous * reference_field_diversity + log_team_size + log_prior_knowledge + C(year) + C(arxiv_primary_category)
C(arxiv_primary_category)[T.cs.DL],1.5280204328943157,0.8296649185360429,0.06551436044265385,Citation_Field_Diversity,Citation_Field_Diversity_p,reference_field_diversity,参考文献学科数量,OLS,56755,Citation_Field_Diversity ~ HSS_Continuous * reference_field_diversity + log_team_size + log_prior_knowledge + C(year) + C(arxiv_primary_category)
C(arxiv_primary_category)[T.cs.DM],-1.1807510794660274,1.5490308822443144,0.44590992748133107,Citation_Field_Diversity,Citation_Field_Diversity_p,reference_field_diversity,参考文献学科数量,OLS,56755,Citation_Field_Diversity ~ HSS_Continuous * reference_field_diversity + log_team_size + log_prior_knowledge + C(year) + C(arxiv_primary_category)
C(arxiv_primary_category)[T.cs.DS],-1.4447664270960499,0.8569555853385878,0.09180944083636104,Citation_Field_Diversity,Citation_Field_Diversity_p,reference_field_diversity,参考文献学科数量,OLS,56755,Citation_Field_Diversity ~ HSS_Continuous * reference_field_diversity + log_team_size + log_prior_knowledge + C(year) + C(arxiv_primary_category)
C(arxiv_primary_category)[T.cs.ET],0.9357753369075662,0.8909840499755698,0.2935932105170299,Citation_Field_Diversity,Citation_Field_Diversity_p,reference_field_diversity,参考文献学科数量,OLS,56755,Citation_Field_Diversity ~ HSS_Continuous * reference_field_diversity + log_team_size + log_prior_knowledge + C(year) + C(arxiv_primary_category)
C(arxiv_primary_category)[T.cs.FL],-0.2912586799420387,0.8911763938511812,0.7438002877895964,Citation_Field_Diversity,Citation_Field_Diversity_p,reference_field_diversity,参考文献学科数量,OLS,56755,Citation_Field_Diversity ~ HSS_Continuous * reference_field_diversity + log_team_size + log_prior_knowledge + C(year) + C(arxiv_primary_category)
C(arxiv_primary_category)[T.cs.GL],4.758799979850565,2.7731498907352656,0.08615710790361425,Citation_Field_Diversity,Citation_Field_Diversity_p,reference_field_diversity,参考文献学科数量,OLS,56755,Citation_Field_Diversity ~ HSS_Continuous * reference_field_diversity + log_team_size + log_prior_knowledge + C(year) + C(arxiv_primary_category)
C(arxiv_primary_category)[T.cs.GR],0.8269887290804735,0.8060397579483323,0.30489629898074033,Citation_Field_Diversity,Citation_Field_Diversity_p,reference_field_diversity,参考文献学科数量,OLS,56755,Citation_Field_Diversity ~ HSS_Continuous * reference_field_diversity + log_team_size + log_prior_knowledge + C(year) + C(arxiv_primary_category)
C(arxiv_primary_category)[T.cs.GT],-0.033862282456083755,0.8212540403086045,0.9671106170141734,Citation_Field_Diversity,Citation_Field_Diversity_p,reference_field_diversity,参考文献学科数量,OLS,56755,Citation_Field_Diversity ~ HSS_Continuous * reference_field_diversity + log_team_size + log_prior_knowledge + C(year) + C(arxiv_primary_category)
C(arxiv_primary_category)[T.cs.HC],1.121932436819036,0.7098206199256332,0.11397276040688674,Citation_Field_Diversity,Citation_Field_Diversity_p,reference_field_diversity,参考文献学科数量,OLS,56755,Citation_Field_Diversity ~ HSS_Continuous * reference_field_diversity + log_team_size + log_prior_knowledge + C(year) + C(arxiv_primary_category)
C(arxiv_primary_category)[T.cs.IR],0.7410776639497151,0.7082281531180967,0.2953843918961111,Citation_Field_Diversity,Citation_Field_Diversity_p,reference_field_diversity,参考文献学科数量,OLS,56755,Citation_Field_Diversity ~ HSS_Continuous * reference_field_diversity + log_team_size + log_prior_knowledge + C(year) + C(arxiv_primary_category)
C(arxiv_primary_category)[T.cs.IT],-2.58443713004974,0.7076507530712318,0.00026006759714905335,Citation_Field_Diversity,Citation_Field_Diversity_p,reference_field_diversity,参考文献学科数量,OLS,56755,Citation_Field_Diversity ~ HSS_Continuous * reference_field_diversity + log_team_size + log_prior_knowledge + C(year) + C(arxiv_primary_category)
C(arxiv_primary_category)[T.cs.LG],1.3912615174882672,0.7046802723153397,0.04834582577171813,Citation_Field_Diversity,Citation_Field_Diversity_p,reference_field_diversity,参考文献学科数量,OLS,56755,Citation_Field_Diversity ~ HSS_Continuous * reference_field_diversity + log_team_size + log_prior_knowledge + C(year) + C(arxiv_primary_category)
C(arxiv_primary_category)[T.cs.LO],0.15057705205442895,0.9143054701734404,0.8691879158818304,Citation_Field_Diversity,Citation_Field_Diversity_p,reference_field_diversity,参考文献学科数量,OLS,56755,Citation_Field_Diversity ~ HSS_Continuous * reference_field_diversity + log_team_size + log_prior_knowledge + C(year) + C(arxiv_primary_category)
C(arxiv_primary_category)[T.cs.MA],1.423529942123646,0.7257472758071921,0.049824472895733926,Citation_Field_Diversity,Citation_Field_Diversity_p,reference_field_diversity,参考文献学科数量,OLS,56755,Citation_Field_Diversity ~ HSS_Continuous * reference_field_diversity + log_team_size + log_prior_knowledge + C(year) + C(arxiv_primary_category)
C(arxiv_primary_category)[T.cs.MM],-0.7455360480136647,0.7666997025770005,0.3308533709594337,Citation_Field_Diversity,Citation_Field_Diversity_p,reference_field_diversity,参考文献学科数量,OLS,56755,Citation_Field_Diversity ~ HSS_Continuous * reference_field_diversity + log_team_size + log_prior_knowledge + C(year) + C(arxiv_primary_category)
C(arxiv_primary_category)[T.cs.MS],-0.4293883337982541,1.0640506467626174,0.6865500914261047,Citation_Field_Diversity,Citation_Field_Diversity_p,reference_field_diversity,参考文献学科数量,OLS,56755,Citation_Field_Diversity ~ HSS_Continuous * reference_field_diversity + log_team_size + log_prior_knowledge + C(year) + C(arxiv_primary_category)
C(arxiv_primary_category)[T.cs.NE],0.7919783267023309,0.747621189579934,0.28944904680208783,Citation_Field_Diversity,Citation_Field_Diversity_p,reference_field_diversity,参考文献学科数量,OLS,56755,Citation_Field_Diversity ~ HSS_Continuous * reference_field_diversity + log_team_size + log_prior_knowledge + C(year) + C(arxiv_primary_category)
C(arxiv_primary_category)[T.cs.NI],-0.4107867619473377,0.721426310844103,0.5690784904189317,Citation_Field_Diversity,Citation_Field_Diversity_p,reference_field_diversity,参考文献学科数量,OLS,56755,Citation_Field_Diversity ~ HSS_Continuous * reference_field_diversity + log_team_size + log_prior_knowledge + C(year) + C(arxiv_primary_category)
C(arxiv_primary_category)[T.cs.OH],0.2916582993972577,1.8290050900277608,0.8733042531252093,Citation_Field_Diversity,Citation_Field_Diversity_p,reference_field_diversity,参考文献学科数量,OLS,56755,Citation_Field_Diversity ~ HSS_Continuous * reference_field_diversity + log_team_size + log_prior_knowledge + C(year) + C(arxiv_primary_category)
C(arxiv_primary_category)[T.cs.OS],1.127414622244103,0.7257752041556188,0.12032910954821537,Citation_Field_Diversity,Citation_Field_Diversity_p,reference_field_diversity,参考文献学科数量,OLS,56755,Citation_Field_Diversity ~ HSS_Continuous * reference_field_diversity + log_team_size + log_prior_knowledge + C(year) + C(arxiv_primary_category)
C(arxiv_primary_category)[T.cs.PF],0.1591913291911133,0.8174602446518143,0.8455973375736776,Citation_Field_Diversity,Citation_Field_Diversity_p,reference_field_diversity,参考文献学科数量,OLS,56755,Citation_Field_Diversity ~ HSS_Continuous * reference_field_diversity + log_team_size + log_prior_knowledge + C(year) + C(arxiv_primary_category)
C(arxiv_primary_category)[T.cs.PL],-0.003968511465143876,0.7595629604795792,0.9958312874821569,Citation_Field_Diversity,Citation_Field_Diversity_p,reference_field_diversity,参考文献学科数量,OLS,56755,Citation_Field_Diversity ~ HSS_Continuous * reference_field_diversity + log_team_size + log_prior_knowledge + C(year) + C(arxiv_primary_category)
C(arxiv_primary_category)[T.cs.RO],0.7323254853782528,0.711638322066688,0.30344688970940115,Citation_Field_Diversity,Citation_Field_Diversity_p,reference_field_diversity,参考文献学科数量,OLS,56755,Citation_Field_Diversity ~ HSS_Continuous * reference_field_diversity + log_team_size + log_prior_knowledge + C(year) + C(arxiv_primary_category)
C(arxiv_primary_category)[T.cs.SC],-1.9230422702806742,1.036781876695525,0.06362214036105174,Citation_Field_Diversity,Citation_Field_Diversity_p,reference_field_diversity,参考文献学科数量,OLS,56755,Citation_Field_Diversity ~ HSS_Continuous * reference_field_diversity + log_team_size + log_prior_knowledge + C(year) + C(arxiv_primary_category)
C(arxiv_primary_category)[T.cs.SD],0.37725279049169297,0.7183726562485602,0.5994795102518413,Citation_Field_Diversity,Citation_Field_Diversity_p,reference_field_diversity,参考文献学科数量,OLS,56755,Citation_Field_Diversity ~ HSS_Continuous * reference_field_diversity + log_team_size + log_prior_knowledge + C(year) + C(arxiv_primary_category)
C(arxiv_primary_category)[T.cs.SE],0.938937515577183,0.7061265109142549,0.1836166241786954,Citation_Field_Diversity,Citation_Field_Diversity_p,reference_field_diversity,参考文献学科数量,OLS,56755,Citation_Field_Diversity ~ HSS_Continuous * reference_field_diversity + log_team_size + log_prior_knowledge + C(year) + C(arxiv_primary_category)
C(arxiv_primary_category)[T.cs.SI],0.054310125300990664,0.7461586881612439,0.9419761781981443,Citation_Field_Diversity,Citation_Field_Diversity_p,reference_field_diversity,参考文献学科数量,OLS,56755,Citation_Field_Diversity ~ HSS_Continuous * reference_field_diversity + log_team_size + log_prior_knowledge + C(year) + C(arxiv_primary_category)
C(arxiv_primary_category)[T.econ.EM],0.08533422656960364,1.0661246056829883,0.9362042392051217,Citation_Field_Diversity,Citation_Field_Diversity_p,reference_field_diversity,参考文献学科数量,OLS,56755,Citation_Field_Diversity ~ HSS_Continuous * reference_field_diversity + log_team_size + log_prior_knowledge + C(year) + C(arxiv_primary_category)
C(arxiv_primary_category)[T.econ.GN],2.375297507818625,0.8710393923606493,0.00639190245170816,Citation_Field_Diversity,Citation_Field_Diversity_p,reference_field_diversity,参考文献学科数量,OLS,56755,Citation_Field_Diversity ~ HSS_Continuous * reference_field_diversity + log_team_size + log_prior_knowledge + C(year) + C(arxiv_primary_category)
C(arxiv_primary_category)[T.econ.TH],-0.17033830595370383,1.0767003368205172,0.8742960476116002,Citation_Field_Diversity,Citation_Field_Diversity_p,reference_field_diversity,参考文献学科数量,OLS,56755,Citation_Field_Diversity ~ HSS_Continuous * reference_field_diversity + log_team_size + log_prior_knowledge + C(year) + C(arxiv_primary_category)
C(arxiv_primary_category)[T.eess.AS],0.06783505650815078,0.7156172074537561,0.9244797414455121,Citation_Field_Diversity,Citation_Field_Diversity_p,reference_field_diversity,参考文献学科数量,OLS,56755,Citation_Field_Diversity ~ HSS_Continuous * reference_field_diversity + log_team_size + log_prior_knowledge + C(year) + C(arxiv_primary_category)
C(arxiv_primary_category)[T.eess.IV],0.1041939297119865,0.7110677505239492,0.8835017076227965,Citation_Field_Diversity,Citation_Field_Diversity_p,reference_field_diversity,参考文献学科数量,OLS,56755,Citation_Field_Diversity ~ HSS_Continuous * reference_field_diversity + log_team_size + log_prior_knowledge + C(year) + C(arxiv_primary_category)
C(arxiv_primary_category)[T.eess.SP],-1.0481979827515635,0.717427362706696,0.1440014394017755,Citation_Field_Diversity,Citation_Field_Diversity_p,reference_field_diversity,参考文献学科数量,OLS,56755,Citation_Field_Diversity ~ HSS_Continuous * reference_field_diversity + log_team_size + log_prior_knowledge + C(year) + C(arxiv_primary_category)
C(arxiv_primary_category)[T.eess.SY],-0.13417329128888544,0.7420055105048962,0.856504786177587,Citation_Field_Diversity,Citation_Field_Diversity_p,reference_field_diversity,参考文献学科数量,OLS,56755,Citation_Field_Diversity ~ HSS_Continuous * reference_field_diversity + log_team_size + log_prior_knowledge + C(year) + C(arxiv_primary_category)
C(arxiv_primary_category)[T.gr-qc],-0.06627047803568631,1.0480831201160845,0.9495832174807931,Citation_Field_Diversity,Citation_Field_Diversity_p,reference_field_diversity,参考文献学科数量,OLS,56755,Citation_Field_Diversity ~ HSS_Continuous * reference_field_diversity + log_team_size + log_prior_knowledge + C(year) + C(arxiv_primary_category)
C(arxiv_primary_category)[T.hep-ex],0.7381440080487274,1.1025994701398005,0.5032033801866626,Citation_Field_Diversity,Citation_Field_Diversity_p,reference_field_diversity,参考文献学科数量,OLS,56755,Citation_Field_Diversity ~ HSS_Continuous * reference_field_diversity + log_team_size + log_prior_knowledge + C(year) + C(arxiv_primary_category)
C(arxiv_primary_category)[T.hep-lat],-0.8241274688509566,1.1413241578463826,0.4702452285659101,Citation_Field_Diversity,Citation_Field_Diversity_p,reference_field_diversity,参考文献学科数量,OLS,56755,Citation_Field_Diversity ~ HSS_Continuous * reference_field_diversity + log_team_size + log_prior_knowledge + C(year) + C(arxiv_primary_category)
C(arxiv_primary_category)[T.hep-ph],1.1858137690531632,0.9097679680676208,0.19242991036943013,Citation_Field_Diversity,Citation_Field_Diversity_p,reference_field_diversity,参考文献学科数量,OLS,56755,Citation_Field_Diversity ~ HSS_Continuous * reference_field_diversity + log_team_size + log_prior_knowledge + C(year) + C(arxiv_primary_category)
C(arxiv_primary_category)[T.hep-th],3.0292149326356634,1.7666444025402637,0.08640545865683796,Citation_Field_Diversity,Citation_Field_Diversity_p,reference_field_diversity,参考文献学科数量,OLS,56755,Citation_Field_Diversity ~ HSS_Continuous * reference_field_diversity + log_team_size + log_prior_knowledge + C(year) + C(arxiv_primary_category)
C(arxiv_primary_category)[T.math-ph],0.343416694975468,1.7206001521106613,0.8418002898266955,Citation_Field_Diversity,Citation_Field_Diversity_p,reference_field_diversity,参考文献学科数量,OLS,56755,Citation_Field_Diversity ~ HSS_Continuous * reference_field_diversity + log_team_size + log_prior_knowledge + C(year) + C(arxiv_primary_category)
C(arxiv_primary_category)[T.math.AG],0.0846593726079198,1.5579027534506904,0.9566627792569875,Citation_Field_Diversity,Citation_Field_Diversity_p,reference_field_diversity,参考文献学科数量,OLS,56755,Citation_Field_Diversity ~ HSS_Continuous * reference_field_diversity + log_team_size + log_prior_knowledge + C(year) + C(arxiv_primary_category)
C(arxiv_primary_category)[T.math.AP],-2.695143710458567,0.8674446604489282,0.0018900144700595037,Citation_Field_Diversity,Citation_Field_Diversity_p,reference_field_diversity,参考文献学科数量,OLS,56755,Citation_Field_Diversity ~ HSS_Continuous * reference_field_diversity + log_team_size + log_prior_knowledge + C(year) + C(arxiv_primary_category)
C(arxiv_primary_category)[T.math.CO],-3.328547105173922,1.1587452564611422,0.004071809603492018,Citation_Field_Diversity,Citation_Field_Diversity_p,reference_field_diversity,参考文献学科数量,OLS,56755,Citation_Field_Diversity ~ HSS_Continuous * reference_field_diversity + log_team_size + log_prior_knowledge + C(year) + C(arxiv_primary_category)
C(arxiv_primary_category)[T.math.CT],0.42311028877711043,1.7420721831937842,0.8081002285162123,Citation_Field_Diversity,Citation_Field_Diversity_p,reference_field_diversity,参考文献学科数量,OLS,56755,Citation_Field_Diversity ~ HSS_Continuous * reference_field_diversity + log_team_size + log_prior_knowledge + C(year) + C(arxiv_primary_category)
C(arxiv_primary_category)[T.math.DG],-0.3740004675600054,0.7039795115937283,0.5952343758091145,Citation_Field_Diversity,Citation_Field_Diversity_p,reference_field_diversity,参考文献学科数量,OLS,56755,Citation_Field_Diversity ~ HSS_Continuous * reference_field_diversity + log_team_size + log_prior_knowledge + C(year) + C(arxiv_primary_category)
C(arxiv_primary_category)[T.math.DS],-2.6109127252797224,1.4031551866628946,0.06278032391178834,Citation_Field_Diversity,Citation_Field_Diversity_p,reference_field_diversity,参考文献学科数量,OLS,56755,Citation_Field_Diversity ~ HSS_Continuous * reference_field_diversity + log_team_size + log_prior_knowledge + C(year) + C(arxiv_primary_category)
C(arxiv_primary_category)[T.math.FA],-2.153976420733302,0.7057515280252684,0.0022729768210041942,Citation_Field_Diversity,Citation_Field_Diversity_p,reference_field_diversity,参考文献学科数量,OLS,56755,Citation_Field_Diversity ~ HSS_Continuous * reference_field_diversity + log_team_size + log_prior_knowledge + C(year) + C(arxiv_primary_category)
C(arxiv_primary_category)[T.math.GM],-5.018806533215537,1.957815591191256,0.010363089400452052,Citation_Field_Diversity,Citation_Field_Diversity_p,reference_field_diversity,参考文献学科数量,OLS,56755,Citation_Field_Diversity ~ HSS_Continuous * reference_field_diversity + log_team_size + log_prior_knowledge + C(year) + C(arxiv_primary_category)
C(arxiv_primary_category)[T.math.GR],-0.5759127613334274,0.7160631868013904,0.42123733249389006,Citation_Field_Diversity,Citation_Field_Diversity_p,reference_field_diversity,参考文献学科数量,OLS,56755,Citation_Field_Diversity ~ HSS_Continuous * reference_field_diversity + log_team_size + log_prior_knowledge + C(year) + C(arxiv_primary_category)
C(arxiv_primary_category)[T.math.GT],1.0197740493230276,0.7056412832184034,0.1484091713089556,Citation_Field_Diversity,Citation_Field_Diversity_p,reference_field_diversity,参考文献学科数量,OLS,56755,Citation_Field_Diversity ~ HSS_Continuous * reference_field_diversity + log_team_size + log_prior_knowledge + C(year) + C(arxiv_primary_category)
C(arxiv_primary_category)[T.math.HO],1.7138789565024661,0.7597693166299606,0.024083874172382398,Citation_Field_Diversity,Citation_Field_Diversity_p,reference_field_diversity,参考文献学科数量,OLS,56755,Citation_Field_Diversity ~ HSS_Continuous * reference_field_diversity + log_team_size + log_prior_knowledge + C(year) + C(arxiv_primary_category)
C(arxiv_primary_category)[T.math.LO],-0.20610588236818092,0.7157712921034576,0.7733855057389393,Citation_Field_Diversity,Citation_Field_Diversity_p,reference_field_diversity,参考文献学科数量,OLS,56755,Citation_Field_Diversity ~ HSS_Continuous * reference_field_diversity + log_team_size + log_prior_knowledge + C(year) + C(arxiv_primary_category)
C(arxiv_primary_category)[T.math.NA],-0.9096301558745323,0.8768328778266813,0.2995474974795188,Citation_Field_Diversity,Citation_Field_Diversity_p,reference_field_diversity,参考文献学科数量,OLS,56755,Citation_Field_Diversity ~ HSS_Continuous * reference_field_diversity + log_team_size + log_prior_knowledge + C(year) + C(arxiv_primary_category)
C(arxiv_primary_category)[T.math.NT],-5.570326066031461,0.7822684033564038,1.0735295655531048e-12,Citation_Field_Diversity,Citation_Field_Diversity_p,reference_field_diversity,参考文献学科数量,OLS,56755,Citation_Field_Diversity ~ HSS_Continuous * reference_field_diversity + log_team_size + log_prior_knowledge + C(year) + C(arxiv_primary_category)
C(arxiv_primary_category)[T.math.OC],0.39592559767179614,0.8001991336690868,0.6207527147954278,Citation_Field_Diversity,Citation_Field_Diversity_p,reference_field_diversity,参考文献学科数量,OLS,56755,Citation_Field_Diversity ~ HSS_Continuous * reference_field_diversity + log_team_size + log_prior_knowledge + C(year) + C(arxiv_primary_category)
C(arxiv_primary_category)[T.math.PR],-1.9328293678113473,0.841873888676009,0.0216835626132324,Citation_Field_Diversity,Citation_Field_Diversity_p,reference_field_diversity,参考文献学科数量,OLS,56755,Citation_Field_Diversity ~ HSS_Continuous * reference_field_diversity + log_team_size + log_prior_knowledge + C(year) + C(arxiv_primary_category)
C(arxiv_primary_category)[T.math.ST],-0.78711283138782,1.0620160540090249,0.4586027054872386,Citation_Field_Diversity,Citation_Field_Diversity_p,reference_field_diversity,参考文献学科数量,OLS,56755,Citation_Field_Diversity ~ HSS_Continuous * reference_field_diversity + log_team_size + log_prior_knowledge + C(year) + C(arxiv_primary_category)
C(arxiv_primary_category)[T.nlin.AO],-3.0143377670910696,1.0791178646089647,0.005216762535249268,Citation_Field_Diversity,Citation_Field_Diversity_p,reference_field_diversity,参考文献学科数量,OLS,56755,Citation_Field_Diversity ~ HSS_Continuous * reference_field_diversity + log_team_size + log_prior_knowledge + C(year) + C(arxiv_primary_category)
C(arxiv_primary_category)[T.nlin.CD],0.9751862828404101,0.7036511138508144,0.16577908828492627,Citation_Field_Diversity,Citation_Field_Diversity_p,reference_field_diversity,参考文献学科数量,OLS,56755,Citation_Field_Diversity ~ HSS_Continuous * reference_field_diversity + log_team_size + log_prior_knowledge + C(year) + C(arxiv_primary_category)
C(arxiv_primary_category)[T.nlin.PS],-3.2799344638782566,1.0869515914822923,0.0025482414541236915,Citation_Field_Diversity,Citation_Field_Diversity_p,reference_field_diversity,参考文献学科数量,OLS,56755,Citation_Field_Diversity ~ HSS_Continuous * reference_field_diversity + log_team_size + log_prior_knowledge + C(year) + C(arxiv_primary_category)
C(arxiv_primary_category)[T.nucl-ex],-4.622038304818361,0.7073791022974816,6.402188541951749e-11,Citation_Field_Diversity,Citation_Field_Diversity_p,reference_field_diversity,参考文献学科数量,OLS,56755,Citation_Field_Diversity ~ HSS_Continuous * reference_field_diversity + log_team_size + log_prior_knowledge + C(year) + C(arxiv_primary_category)
C(arxiv_primary_category)[T.nucl-th],-4.153820424799074,0.7102924586919663,4.973917434870711e-09,Citation_Field_Diversity,Citation_Field_Diversity_p,reference_field_diversity,参考文献学科数量,OLS,56755,Citation_Field_Diversity ~ HSS_Continuous * reference_field_diversity + log_team_size + log_prior_knowledge + C(year) + C(arxiv_primary_category)
C(arxiv_primary_category)[T.physics.acc-ph],-0.6848793761888154,0.8593146860397558,0.4254472658576114,Citation_Field_Diversity,Citation_Field_Diversity_p,reference_field_diversity,参考文献学科数量,OLS,56755,Citation_Field_Diversity ~ HSS_Continuous * reference_field_diversity + log_team_size + log_prior_knowledge + C(year) + C(arxiv_primary_category)
C(arxiv_primary_category)[T.physics.ao-ph],2.9908456460517887,0.9840557608520502,0.0023712461420961795,Citation_Field_Diversity,Citation_Field_Diversity_p,reference_field_diversity,参考文献学科数量,OLS,56755,Citation_Field_Diversity ~ HSS_Continuous * reference_field_diversity + log_team_size + log_prior_knowledge + C(year) + C(arxiv_primary_category)
C(arxiv_primary_category)[T.physics.app-ph],-0.21285729409332527,0.9132077544568452,0.815693476786058,Citation_Field_Diversity,Citation_Field_Diversity_p,reference_field_diversity,参考文献学科数量,OLS,56755,Citation_Field_Diversity ~ HSS_Continuous * reference_field_diversity + log_team_size + log_prior_knowledge + C(year) + C(arxiv_primary_category)
C(arxiv_primary_category)[T.physics.atom-ph],-0.6945553631676755,2.598443911309579,0.7892407627767246,Citation_Field_Diversity,Citation_Field_Diversity_p,reference_field_diversity,参考文献学科数量,OLS,56755,Citation_Field_Diversity ~ HSS_Continuous * reference_field_diversity + log_team_size + log_prior_knowledge + C(year) + C(arxiv_primary_category)
C(arxiv_primary_category)[T.physics.bio-ph],-2.5802409119642395,0.9742344622763437,0.008085452929806093,Citation_Field_Diversity,Citation_Field_Diversity_p,reference_field_diversity,参考文献学科数量,OLS,56755,Citation_Field_Diversity ~ HSS_Continuous * reference_field_diversity + log_team_size + log_prior_knowledge + C(year) + C(arxiv_primary_category)
C(arxiv_primary_category)[T.physics.chem-ph],2.0908925140735217,0.9770405626175983,0.03235264021672565,Citation_Field_Diversity,Citation_Field_Diversity_p,reference_field_diversity,参考文献学科数量,OLS,56755,Citation_Field_Diversity ~ HSS_Continuous * reference_field_diversity + log_team_size + log_prior_knowledge + C(year) + C(arxiv_primary_category)
C(arxiv_primary_category)[T.physics.comp-ph],-0.060981908053999306,0.8972868666554972,0.9458154420909615,Citation_Field_Diversity,Citation_Field_Diversity_p,reference_field_diversity,参考文献学科数量,OLS,56755,Citation_Field_Diversity ~ HSS_Continuous * reference_field_diversity + log_team_size + log_prior_knowledge + C(year) + C(arxiv_primary_category)
C(arxiv_primary_category)[T.physics.data-an],0.8080320985516765,1.2504496727112857,0.5181542308435214,Citation_Field_Diversity,Citation_Field_Diversity_p,reference_field_diversity,参考文献学科数量,OLS,56755,Citation_Field_Diversity ~ HSS_Continuous * reference_field_diversity + log_team_size + log_prior_knowledge + C(year) + C(arxiv_primary_category)
C(arxiv_primary_category)[T.physics.ed-ph],2.182964557992559,0.9493280401032562,0.021477475737272614,Citation_Field_Diversity,Citation_Field_Diversity_p,reference_field_diversity,参考文献学科数量,OLS,56755,Citation_Field_Diversity ~ HSS_Continuous * reference_field_diversity + log_team_size + log_prior_knowledge + C(year) + C(arxiv_primary_category)
C(arxiv_primary_category)[T.physics.flu-dyn],-0.7046262599655496,0.8565650787537092,0.4107249883594485,Citation_Field_Diversity,Citation_Field_Diversity_p,reference_field_diversity,参考文献学科数量,OLS,56755,Citation_Field_Diversity ~ HSS_Continuous * reference_field_diversity + log_team_size + log_prior_knowledge + C(year) + C(arxiv_primary_category)
C(arxiv_primary_category)[T.physics.geo-ph],1.340668147856104,0.9280585966878053,0.14857187810888026,Citation_Field_Diversity,Citation_Field_Diversity_p,reference_field_diversity,参考文献学科数量,OLS,56755,Citation_Field_Diversity ~ HSS_Continuous * reference_field_diversity + log_team_size + log_prior_knowledge + C(year) + C(arxiv_primary_category)
C(arxiv_primary_category)[T.physics.ins-det],-0.7796411370099383,0.9563968216708282,0.41496594754697635,Citation_Field_Diversity,Citation_Field_Diversity_p,reference_field_diversity,参考文献学科数量,OLS,56755,Citation_Field_Diversity ~ HSS_Continuous * reference_field_diversity + log_team_size + log_prior_knowledge + C(year) + C(arxiv_primary_category)
C(arxiv_primary_category)[T.physics.med-ph],-0.21503239395892798,0.8364449085966374,0.7971178130829055,Citation_Field_Diversity,Citation_Field_Diversity_p,reference_field_diversity,参考文献学科数量,OLS,56755,Citation_Field_Diversity ~ HSS_Continuous * reference_field_diversity + log_team_size + log_prior_knowledge + C(year) + C(arxiv_primary_category)
C(arxiv_primary_category)[T.physics.optics],-1.1198181612778475,0.8947270156411085,0.21072468879466788,Citation_Field_Diversity,Citation_Field_Diversity_p,reference_field_diversity,参考文献学科数量,OLS,56755,Citation_Field_Diversity ~ HSS_Continuous * reference_field_diversity + log_team_size + log_prior_knowledge + C(year) + C(arxiv_primary_category)
C(arxiv_primary_category)[T.physics.plasm-ph],-0.4263651675879324,1.3636182123275948,0.7545299072740164,Citation_Field_Diversity,Citation_Field_Diversity_p,reference_field_diversity,参考文献学科数量,OLS,56755,Citation_Field_Diversity ~ HSS_Continuous * reference_field_diversity + log_team_size + log_prior_knowledge + C(year) + C(arxiv_primary_category)
C(arxiv_primary_category)[T.physics.pop-ph],6.719176789826705,0.7117045718695423,3.693675885204798e-21,Citation_Field_Diversity,Citation_Field_Diversity_p,reference_field_diversity,参考文献学科数量,OLS,56755,Citation_Field_Diversity ~ HSS_Continuous * reference_field_diversity + log_team_size + log_prior_knowledge + C(year) + C(arxiv_primary_category)
C(arxiv_primary_category)[T.physics.soc-ph],-0.7778465036259702,0.9077326910397864,0.39149384435899814,Citation_Field_Diversity,Citation_Field_Diversity_p,reference_field_diversity,参考文献学科数量,OLS,56755,Citation_Field_Diversity ~ HSS_Continuous * reference_field_diversity + log_team_size + log_prior_knowledge + C(year) + C(arxiv_primary_category)
C(arxiv_primary_category)[T.physics.space-ph],1.5387084253783017,1.1917323854505322,0.19665075095307416,Citation_Field_Diversity,Citation_Field_Diversity_p,reference_field_diversity,参考文献学科数量,OLS,56755,Citation_Field_Diversity ~ HSS_Continuous * reference_field_diversity + log_team_size + log_prior_knowledge + C(year) + C(arxiv_primary_category)
C(arxiv_primary_category)[T.q-bio.BM],2.173417107591167,0.8211630238079428,0.008126827544973046,Citation_Field_Diversity,Citation_Field_Diversity_p,reference_field_diversity,参考文献学科数量,OLS,56755,Citation_Field_Diversity ~ HSS_Continuous * reference_field_diversity + log_team_size + log_prior_knowledge + C(year) + C(arxiv_primary_category)
C(arxiv_primary_category)[T.q-bio.GN],0.8702789540012777,0.85118553033302,0.30657668720857,Citation_Field_Diversity,Citation_Field_Diversity_p,reference_field_diversity,参考文献学科数量,OLS,56755,Citation_Field_Diversity ~ HSS_Continuous * reference_field_diversity + log_team_size + log_prior_knowledge + C(year) + C(arxiv_primary_category)
C(arxiv_primary_category)[T.q-bio.MN],-1.828279120693275,1.4743699403280768,0.21496024334457742,Citation_Field_Diversity,Citation_Field_Diversity_p,reference_field_diversity,参考文献学科数量,OLS,56755,Citation_Field_Diversity ~ HSS_Continuous * reference_field_diversity + log_team_size + log_prior_knowledge + C(year) + C(arxiv_primary_category)
C(arxiv_primary_category)[T.q-bio.NC],-1.5438692280448405,0.7544702940672946,0.04072729831011864,Citation_Field_Diversity,Citation_Field_Diversity_p,reference_field_diversity,参考文献学科数量,OLS,56755,Citation_Field_Diversity ~ HSS_Continuous * reference_field_diversity + log_team_size + log_prior_knowledge + C(year) + C(arxiv_primary_category)
C(arxiv_primary_category)[T.q-bio.OT],0.7796363394916063,1.1687623435855952,0.5047328631869481,Citation_Field_Diversity,Citation_Field_Diversity_p,reference_field_diversity,参考文献学科数量,OLS,56755,Citation_Field_Diversity ~ HSS_Continuous * reference_field_diversity + log_team_size + log_prior_knowledge + C(year) + C(arxiv_primary_category)
C(arxiv_primary_category)[T.q-bio.PE],-1.6912486689110924,1.6666926637301154,0.31023294108612987,Citation_Field_Diversity,Citation_Field_Diversity_p,reference_field_diversity,参考文献学科数量,OLS,56755,Citation_Field_Diversity ~ HSS_Continuous * reference_field_diversity + log_team_size + log_prior_knowledge + C(year) + C(arxiv_primary_category)
C(arxiv_primary_category)[T.q-bio.QM],1.6634047338014972,0.8004095560413541,0.03769167890573594,Citation_Field_Diversity,Citation_Field_Diversity_p,reference_field_diversity,参考文献学科数量,OLS,56755,Citation_Field_Diversity ~ HSS_Continuous * reference_field_diversity + log_team_size + log_prior_knowledge + C(year) + C(arxiv_primary_category)
C(arxiv_primary_category)[T.q-bio.TO],0.45480295108023516,2.628302735971093,0.8626195540512088,Citation_Field_Diversity,Citation_Field_Diversity_p,reference_field_diversity,参考文献学科数量,OLS,56755,Citation_Field_Diversity ~ HSS_Continuous * reference_field_diversity + log_team_size + log_prior_knowledge + C(year) + C(arxiv_primary_category)
C(arxiv_primary_category)[T.q-fin.CP],0.34578005015616,0.7828185213152894,0.6586978880383818,Citation_Field_Diversity,Citation_Field_Diversity_p,reference_field_diversity,参考文献学科数量,OLS,56755,Citation_Field_Diversity ~ HSS_Continuous * reference_field_diversity + log_team_size + log_prior_knowledge + C(year) + C(arxiv_primary_category)
C(arxiv_primary_category)[T.q-fin.GN],1.8312900789056334,1.0641652503260506,0.08527441233113364,Citation_Field_Diversity,Citation_Field_Diversity_p,reference_field_diversity,参考文献学科数量,OLS,56755,Citation_Field_Diversity ~ HSS_Continuous * reference_field_diversity + log_team_size + log_prior_knowledge + C(year) + C(arxiv_primary_category)
C(arxiv_primary_category)[T.q-fin.MF],-1.44551963344761,1.4794571263955243,0.3285390295861187,Citation_Field_Diversity,Citation_Field_Diversity_p,reference_field_diversity,参考文献学科数量,OLS,56755,Citation_Field_Diversity ~ HSS_Continuous * reference_field_diversity + log_team_size + log_prior_knowledge + C(year) + C(arxiv_primary_category)
C(arxiv_primary_category)[T.q-fin.PM],0.09965658401539025,0.8826601945940578,0.9101060206886316,Citation_Field_Diversity,Citation_Field_Diversity_p,reference_field_diversity,参考文献学科数量,OLS,56755,Citation_Field_Diversity ~ HSS_Continuous * reference_field_diversity + log_team_size + log_prior_knowledge + C(year) + C(arxiv_primary_category)
C(arxiv_primary_category)[T.q-fin.PR],7.925768476898928,0.7169528130836259,2.0780424160037534e-28,Citation_Field_Diversity,Citation_Field_Diversity_p,reference_field_diversity,参考文献学科数量,OLS,56755,Citation_Field_Diversity ~ HSS_Continuous * reference_field_diversity + log_team_size + log_prior_knowledge + C(year) + C(arxiv_primary_category)
C(arxiv_primary_category)[T.q-fin.RM],2.0225799581096893,1.0629683359984667,0.05707109178417088,Citation_Field_Diversity,Citation_Field_Diversity_p,reference_field_diversity,参考文献学科数量,OLS,56755,Citation_Field_Diversity ~ HSS_Continuous * reference_field_diversity + log_team_size + log_prior_knowledge + C(year) + C(arxiv_primary_category)
C(arxiv_primary_category)[T.q-fin.ST],1.1386314695769086,0.8510223458025002,0.18091039126478092,Citation_Field_Diversity,Citation_Field_Diversity_p,reference_field_diversity,参考文献学科数量,OLS,56755,Citation_Field_Diversity ~ HSS_Continuous * reference_field_diversity + log_team_size + log_prior_knowledge + C(year) + C(arxiv_primary_category)
C(arxiv_primary_category)[T.q-fin.TR],1.5131294739687906,0.9176527323184194,0.09916546969782307,Citation_Field_Diversity,Citation_Field_Diversity_p,reference_field_diversity,参考文献学科数量,OLS,56755,Citation_Field_Diversity ~ HSS_Continuous * reference_field_diversity + log_team_size + log_prior_knowledge + C(year) + C(arxiv_primary_category)
C(arxiv_primary_category)[T.quant-ph],-0.03644325591543303,0.7336332086202435,0.9603813504238164,Citation_Field_Diversity,Citation_Field_Diversity_p,reference_field_diversity,参考文献学科数量,OLS,56755,Citation_Field_Diversity ~ HSS_Continuous * reference_field_diversity + log_team_size + log_prior_knowledge + C(year) + C(arxiv_primary_category)
C(arxiv_primary_category)[T.stat.AP],0.22650623624338342,0.8968185003511923,0.8006032833315269,Citation_Field_Diversity,Citation_Field_Diversity_p,reference_field_diversity,参考文献学科数量,OLS,56755,Citation_Field_Diversity ~ HSS_Continuous * reference_field_diversity + log_team_size + log_prior_knowledge + C(year) + C(arxiv_primary_category)
C(arxiv_primary_category)[T.stat.CO],-0.12867053074841986,2.7304487160425976,0.9624141467292653,Citation_Field_Diversity,Citation_Field_Diversity_p,reference_field_diversity,参考文献学科数量,OLS,56755,Citation_Field_Diversity ~ HSS_Continuous * reference_field_diversity + log_team_size + log_prior_knowledge + C(year) + C(arxiv_primary_category)
C(arxiv_primary_category)[T.stat.ME],-0.8715087735746825,0.943727090875401,0.3557595029077527,Citation_Field_Diversity,Citation_Field_Diversity_p,reference_field_diversity,参考文献学科数量,OLS,56755,Citation_Field_Diversity ~ HSS_Continuous * reference_field_diversity + log_team_size + log_prior_knowledge + C(year) + C(arxiv_primary_category)
C(arxiv_primary_category)[T.stat.ML],1.882055284599672,0.7258273176842951,0.009514846884755752,Citation_Field_Diversity,Citation_Field_Diversity_p,reference_field_diversity,参考文献学科数量,OLS,56755,Citation_Field_Diversity ~ HSS_Continuous * reference_field_diversity + log_team_size + log_prior_knowledge + C(year) + C(arxiv_primary_category)
C(arxiv_primary_category)[T.stat.OT],1.2214665040850408,0.7320159929859159,0.09519000964756066,Citation_Field_Diversity,Citation_Field_Diversity_p,reference_field_diversity,参考文献学科数量,OLS,56755,Citation_Field_Diversity ~ HSS_Continuous * reference_field_diversity + log_team_size + log_prior_knowledge + C(year) + C(arxiv_primary_category)
HSS_Continuous,0.12609620889848963,0.010759915459967968,1.017824853110544e-31,Citation_Field_Diversity,Citation_Field_Diversity_p,reference_field_diversity,参考文献学科数量,OLS,56755,Citation_Field_Diversity ~ HSS_Continuous * reference_field_diversity + log_team_size + log_prior_knowledge + C(year) + C(arxiv_primary_category)
reference_field_diversity,0.45965673292101245,0.01822231667582153,2.134172833804275e-140,Citation_Field_Diversity,Citation_Field_Diversity_p,reference_field_diversity,参考文献学科数量,OLS,56755,Citation_Field_Diversity ~ HSS_Continuous * reference_field_diversity + log_team_size + log_prior_knowledge + C(year) + C(arxiv_primary_category)
HSS_Continuous:reference_field_diversity,-0.07039399853785554,0.00978839190721179,6.404602553639333e-13,Citation_Field_Diversity,Citation_Field_Diversity_p,reference_field_diversity,参考文献学科数量,OLS,56755,Citation_Field_Diversity ~ HSS_Continuous * reference_field_diversity + log_team_size + log_prior_knowledge + C(year) + C(arxiv_primary_category)
log_team_size,0.527389193920867,0.04524742322844694,2.1467617509835434e-31,Citation_Field_Diversity,Citation_Field_Diversity_p,reference_field_diversity,参考文献学科数量,OLS,56755,Citation_Field_Diversity ~ HSS_Continuous * reference_field_diversity + log_team_size + log_prior_knowledge + C(year) + C(arxiv_primary_category)
log_prior_knowledge,0.41711248767355125,0.016658641431281405,2.3118266575732716e-138,Citation_Field_Diversity,Citation_Field_Diversity_p,reference_field_diversity,参考文献学科数量,OLS,56755,Citation_Field_Diversity ~ HSS_Continuous * reference_field_diversity + log_team_size + log_prior_knowledge + C(year) + C(arxiv_primary_category)
Intercept,5.3666862239547415,1.3309804823885059,5.5273614768621254e-05,Citation_Field_Diversity,Citation_Field_Diversity_p,reference_entropy,参考文献学科熵,OLS,15843,Citation_Field_Diversity ~ HSS_Continuous * reference_entropy + log_team_size + log_prior_knowledge + C(year) + C(arxiv_primary_category)
C(year)[T.2015],0.9354409312614094,1.0688639303415262,0.3814797417169262,Citation_Field_Diversity,Citation_Field_Diversity_p,reference_entropy,参考文献学科熵,OLS,15843,Citation_Field_Diversity ~ HSS_Continuous * reference_entropy + log_team_size + log_prior_knowledge + C(year) + C(arxiv_primary_category)
C(year)[T.2016],0.8154406330925775,0.9375714075303491,0.3844440948538833,Citation_Field_Diversity,Citation_Field_Diversity_p,reference_entropy,参考文献学科熵,OLS,15843,Citation_Field_Diversity ~ HSS_Continuous * reference_entropy + log_team_size + log_prior_knowledge + C(year) + C(arxiv_primary_category)
C(year)[T.2017],-1.037381727544896,0.9078754450887397,0.2531849206275647,Citation_Field_Diversity,Citation_Field_Diversity_p,reference_entropy,参考文献学科熵,OLS,15843,Citation_Field_Diversity ~ HSS_Continuous * reference_entropy + log_team_size + log_prior_knowledge + C(year) + C(arxiv_primary_category)
C(year)[T.2018],-2.039314749403118,0.9036799089332349,0.02402819006390506,Citation_Field_Diversity,Citation_Field_Diversity_p,reference_entropy,参考文献学科熵,OLS,15843,Citation_Field_Diversity ~ HSS_Continuous * reference_entropy + log_team_size + log_prior_knowledge + C(year) + C(arxiv_primary_category)
C(year)[T.2019],-2.403905710516405,0.9018756338341593,0.007688503375675591,Citation_Field_Diversity,Citation_Field_Diversity_p,reference_entropy,参考文献学科熵,OLS,15843,Citation_Field_Diversity ~ HSS_Continuous * reference_entropy + log_team_size + log_prior_knowledge + C(year) + C(arxiv_primary_category)
C(year)[T.2020],-3.335527878524905,0.9004911420411503,0.00021212524583634932,Citation_Field_Diversity,Citation_Field_Diversity_p,reference_entropy,参考文献学科熵,OLS,15843,Citation_Field_Diversity ~ HSS_Continuous * reference_entropy + log_team_size + log_prior_knowledge + C(year) + C(arxiv_primary_category)
C(year)[T.2021],-4.4779213212512765,0.9001495977427117,6.536858496268941e-07,Citation_Field_Diversity,Citation_Field_Diversity_p,reference_entropy,参考文献学科熵,OLS,15843,Citation_Field_Diversity ~ HSS_Continuous * reference_entropy + log_team_size + log_prior_knowledge + C(year) + C(arxiv_primary_category)
C(year)[T.2022],-3.1813119165098596,1.1068526580744371,0.00405057002596001,Citation_Field_Diversity,Citation_Field_Diversity_p,reference_entropy,参考文献学科熵,OLS,15843,Citation_Field_Diversity ~ HSS_Continuous * reference_entropy + log_team_size + log_prior_knowledge + C(year) + C(arxiv_primary_category)
C(year)[T.2023],-4.189150686146013,0.9327770830776877,7.087213609911625e-06,Citation_Field_Diversity,Citation_Field_Diversity_p,reference_entropy,参考文献学科熵,OLS,15843,Citation_Field_Diversity ~ HSS_Continuous * reference_entropy + log_team_size + log_prior_knowledge + C(year) + C(arxiv_primary_category)
C(year)[T.2024],-5.597152885759355,1.1909621422657497,2.6055669131397022e-06,Citation_Field_Diversity,Citation_Field_Diversity_p,reference_entropy,参考文献学科熵,OLS,15843,Citation_Field_Diversity ~ HSS_Continuous * reference_entropy + log_team_size + log_prior_knowledge + C(year) + C(arxiv_primary_category)
C(year)[T.2025],-8.304817199648232,0.9439289941821504,1.3910537680585516e-18,Citation_Field_Diversity,Citation_Field_Diversity_p,reference_entropy,参考文献学科熵,OLS,15843,Citation_Field_Diversity ~ HSS_Continuous * reference_entropy + log_team_size + log_prior_knowledge + C(year) + C(arxiv_primary_category)
C(arxiv_primary_category)[T.astro-ph.GA],-2.5391118986136934,1.2116308959311535,0.03611635614174906,Citation_Field_Diversity,Citation_Field_Diversity_p,reference_entropy,参考文献学科熵,OLS,15843,Citation_Field_Diversity ~ HSS_Continuous * reference_entropy + log_team_size + log_prior_knowledge + C(year) + C(arxiv_primary_category)
C(arxiv_primary_category)[T.astro-ph.HE],-5.460167381053374,0.9773216250008632,2.3120068337117386e-08,Citation_Field_Diversity,Citation_Field_Diversity_p,reference_entropy,参考文献学科熵,OLS,15843,Citation_Field_Diversity ~ HSS_Continuous * reference_entropy + log_team_size + log_prior_knowledge + C(year) + C(arxiv_primary_category)
C(arxiv_primary_category)[T.astro-ph.IM],-1.5259438653135926,1.2492068767350206,0.2218853567367971,Citation_Field_Diversity,Citation_Field_Diversity_p,reference_entropy,参考文献学科熵,OLS,15843,Citation_Field_Diversity ~ HSS_Continuous * reference_entropy + log_team_size + log_prior_knowledge + C(year) + C(arxiv_primary_category)
C(arxiv_primary_category)[T.astro-ph.SR],-3.2980216764682933,1.2059354280360348,0.006241355506477805,Citation_Field_Diversity,Citation_Field_Diversity_p,reference_entropy,参考文献学科熵,OLS,15843,Citation_Field_Diversity ~ HSS_Continuous * reference_entropy + log_team_size + log_prior_knowledge + C(year) + C(arxiv_primary_category)
C(arxiv_primary_category)[T.cond-mat.dis-nn],0.4950913366542123,1.705968853808184,0.7716546377126313,Citation_Field_Diversity,Citation_Field_Diversity_p,reference_entropy,参考文献学科熵,OLS,15843,Citation_Field_Diversity ~ HSS_Continuous * reference_entropy + log_team_size + log_prior_knowledge + C(year) + C(arxiv_primary_category)
C(arxiv_primary_category)[T.cond-mat.mes-hall],-0.7312915655730055,0.9798332973304177,0.4554603390587567,Citation_Field_Diversity,Citation_Field_Diversity_p,reference_entropy,参考文献学科熵,OLS,15843,Citation_Field_Diversity ~ HSS_Continuous * reference_entropy + log_team_size + log_prior_knowledge + C(year) + C(arxiv_primary_category)
C(arxiv_primary_category)[T.cond-mat.mtrl-sci],-1.4178420010625876,1.3064561467204563,0.27780739672854227,Citation_Field_Diversity,Citation_Field_Diversity_p,reference_entropy,参考文献学科熵,OLS,15843,Citation_Field_Diversity ~ HSS_Continuous * reference_entropy + log_team_size + log_prior_knowledge + C(year) + C(arxiv_primary_category)
C(arxiv_primary_category)[T.cond-mat.other],-1.9914701268199873,0.9789151236808057,0.041914863450837565,Citation_Field_Diversity,Citation_Field_Diversity_p,reference_entropy,参考文献学科熵,OLS,15843,Citation_Field_Diversity ~ HSS_Continuous * reference_entropy + log_team_size + log_prior_knowledge + C(year) + C(arxiv_primary_category)
C(arxiv_primary_category)[T.cond-mat.soft],-3.023780076954662,2.044767520119877,0.13919666952816617,Citation_Field_Diversity,Citation_Field_Diversity_p,reference_entropy,参考文献学科熵,OLS,15843,Citation_Field_Diversity ~ HSS_Continuous * reference_entropy + log_team_size + log_prior_knowledge + C(year) + C(arxiv_primary_category)
C(arxiv_primary_category)[T.cond-mat.stat-mech],-1.5535756212517375,1.200751598018841,0.19572208155163384,Citation_Field_Diversity,Citation_Field_Diversity_p,reference_entropy,参考文献学科熵,OLS,15843,Citation_Field_Diversity ~ HSS_Continuous * reference_entropy + log_team_size + log_prior_knowledge + C(year) + C(arxiv_primary_category)
C(arxiv_primary_category)[T.cond-mat.str-el],-0.12815611608811248,0.9749647569933643,0.8954217724766231,Citation_Field_Diversity,Citation_Field_Diversity_p,reference_entropy,参考文献学科熵,OLS,15843,Citation_Field_Diversity ~ HSS_Continuous * reference_entropy + log_team_size + log_prior_knowledge + C(year) + C(arxiv_primary_category)
C(arxiv_primary_category)[T.cs.AI],-0.24347541934604844,1.017682504921728,0.8109156347024881,Citation_Field_Diversity,Citation_Field_Diversity_p,reference_entropy,参考文献学科熵,OLS,15843,Citation_Field_Diversity ~ HSS_Continuous * reference_entropy + log_team_size + log_prior_knowledge + C(year) + C(arxiv_primary_category)
C(arxiv_primary_category)[T.cs.AR],-2.0265668674274946,1.1328801828597288,0.0736369636349429,Citation_Field_Diversity,Citation_Field_Diversity_p,reference_entropy,参考文献学科熵,OLS,15843,Citation_Field_Diversity ~ HSS_Continuous * reference_entropy + log_team_size + log_prior_knowledge + C(year) + C(arxiv_primary_category)
C(arxiv_primary_category)[T.cs.CC],-3.683763926411934,1.445940577122202,0.010844833381405477,Citation_Field_Diversity,Citation_Field_Diversity_p,reference_entropy,参考文献学科熵,OLS,15843,Citation_Field_Diversity ~ HSS_Continuous * reference_entropy + log_team_size + log_prior_knowledge + C(year) + C(arxiv_primary_category)
C(arxiv_primary_category)[T.cs.CE],-0.3367523166923023,1.3005365597941483,0.7956866489835678,Citation_Field_Diversity,Citation_Field_Diversity_p,reference_entropy,参考文献学科熵,OLS,15843,Citation_Field_Diversity ~ HSS_Continuous * reference_entropy + log_team_size + log_prior_knowledge + C(year) + C(arxiv_primary_category)
C(arxiv_primary_category)[T.cs.CG],0.30582255722780005,1.6320871410263513,0.8513617088082782,Citation_Field_Diversity,Citation_Field_Diversity_p,reference_entropy,参考文献学科熵,OLS,15843,Citation_Field_Diversity ~ HSS_Continuous * reference_entropy + log_team_size + log_prior_knowledge + C(year) + C(arxiv_primary_category)
C(arxiv_primary_category)[T.cs.CL],-0.15469994667159082,0.9794134284795925,0.8744949144492052,Citation_Field_Diversity,Citation_Field_Diversity_p,reference_entropy,参考文献学科熵,OLS,15843,Citation_Field_Diversity ~ HSS_Continuous * reference_entropy + log_team_size + log_prior_knowledge + C(year) + C(arxiv_primary_category)
C(arxiv_primary_category)[T.cs.CR],-0.86202380150839,1.0232043701909177,0.3995222917851806,Citation_Field_Diversity,Citation_Field_Diversity_p,reference_entropy,参考文献学科熵,OLS,15843,Citation_Field_Diversity ~ HSS_Continuous * reference_entropy + log_team_size + log_prior_knowledge + C(year) + C(arxiv_primary_category)
C(arxiv_primary_category)[T.cs.CV],0.3524415454110156,0.9791285841413161,0.7188813082842797,Citation_Field_Diversity,Citation_Field_Diversity_p,reference_entropy,参考文献学科熵,OLS,15843,Citation_Field_Diversity ~ HSS_Continuous * reference_entropy + log_team_size + log_prior_knowledge + C(year) + C(arxiv_primary_category)
C(arxiv_primary_category)[T.cs.CY],1.2060724742898188,1.2388601607310246,0.3302879759372357,Citation_Field_Diversity,Citation_Field_Diversity_p,reference_entropy,参考文献学科熵,OLS,15843,Citation_Field_Diversity ~ HSS_Continuous * reference_entropy + log_team_size + log_prior_knowledge + C(year) + C(arxiv_primary_category)
C(arxiv_primary_category)[T.cs.DB],-1.4791442538512876,1.3534501279992035,0.2744511373085615,Citation_Field_Diversity,Citation_Field_Diversity_p,reference_entropy,参考文献学科熵,OLS,15843,Citation_Field_Diversity ~ HSS_Continuous * reference_entropy + log_team_size + log_prior_knowledge + C(year) + C(arxiv_primary_category)
C(arxiv_primary_category)[T.cs.DC],-0.5344987416622462,1.217500257546992,0.6606519375145425,Citation_Field_Diversity,Citation_Field_Diversity_p,reference_entropy,参考文献学科熵,OLS,15843,Citation_Field_Diversity ~ HSS_Continuous * reference_entropy + log_team_size + log_prior_knowledge + C(year) + C(arxiv_primary_category)
C(arxiv_primary_category)[T.cs.DL],-5.477665080429726,1.091754925980607,5.240193521349284e-07,Citation_Field_Diversity,Citation_Field_Diversity_p,reference_entropy,参考文献学科熵,OLS,15843,Citation_Field_Diversity ~ HSS_Continuous * reference_entropy + log_team_size + log_prior_knowledge + C(year) + C(arxiv_primary_category)
C(arxiv_primary_category)[T.cs.DM],-3.611866198438998,0.9810722608234109,0.00023182066920459475,Citation_Field_Diversity,Citation_Field_Diversity_p,reference_entropy,参考文献学科熵,OLS,15843,Citation_Field_Diversity ~ HSS_Continuous * reference_entropy + log_team_size + log_prior_knowledge + C(year) + C(arxiv_primary_category)
C(arxiv_primary_category)[T.cs.DS],-2.65394850313328,1.195012767093144,0.026360873301454514,Citation_Field_Diversity,Citation_Field_Diversity_p,reference_entropy,参考文献学科熵,OLS,15843,Citation_Field_Diversity ~ HSS_Continuous * reference_entropy + log_team_size + log_prior_knowledge + C(year) + C(arxiv_primary_category)
C(arxiv_primary_category)[T.cs.ET],-0.5061772670560972,1.5787527132350792,0.7484995448934308,Citation_Field_Diversity,Citation_Field_Diversity_p,reference_entropy,参考文献学科熵,OLS,15843,Citation_Field_Diversity ~ HSS_Continuous * reference_entropy + log_team_size + log_prior_knowledge + C(year) + C(arxiv_primary_category)
C(arxiv_primary_category)[T.cs.FL],-0.10982605540979948,1.811549050648111,0.9516574698922065,Citation_Field_Diversity,Citation_Field_Diversity_p,reference_entropy,参考文献学科熵,OLS,15843,Citation_Field_Diversity ~ HSS_Continuous * reference_entropy + log_team_size + log_prior_knowledge + C(year) + C(arxiv_primary_category)
C(arxiv_primary_category)[T.cs.GR],0.33841031479925443,1.130033918557004,0.7645820953162077,Citation_Field_Diversity,Citation_Field_Diversity_p,reference_entropy,参考文献学科熵,OLS,15843,Citation_Field_Diversity ~ HSS_Continuous * reference_entropy + log_team_size + log_prior_knowledge + C(year) + C(arxiv_primary_category)
C(arxiv_primary_category)[T.cs.GT],-2.6193018097408034,2.350536405022035,0.26513242757529554,Citation_Field_Diversity,Citation_Field_Diversity_p,reference_entropy,参考文献学科熵,OLS,15843,Citation_Field_Diversity ~ HSS_Continuous * reference_entropy + log_team_size + log_prior_knowledge + C(year) + C(arxiv_primary_category)
C(arxiv_primary_category)[T.cs.HC],-2.3607306259756484,1.0817343534557067,0.029083189280788322,Citation_Field_Diversity,Citation_Field_Diversity_p,reference_entropy,参考文献学科熵,OLS,15843,Citation_Field_Diversity ~ HSS_Continuous * reference_entropy + log_team_size + log_prior_knowledge + C(year) + C(arxiv_primary_category)
C(arxiv_primary_category)[T.cs.IR],-0.3087886730512538,1.0215639864383739,0.762445852736504,Citation_Field_Diversity,Citation_Field_Diversity_p,reference_entropy,参考文献学科熵,OLS,15843,Citation_Field_Diversity ~ HSS_Continuous * reference_entropy + log_team_size + log_prior_knowledge + C(year) + C(arxiv_primary_category)
C(arxiv_primary_category)[T.cs.IT],-3.861012173515903,0.9807201096187442,8.253566300092942e-05,Citation_Field_Diversity,Citation_Field_Diversity_p,reference_entropy,参考文献学科熵,OLS,15843,Citation_Field_Diversity ~ HSS_Continuous * reference_entropy + log_team_size + log_prior_knowledge + C(year) + C(arxiv_primary_category)
C(arxiv_primary_category)[T.cs.LG],0.9257177649770134,0.9801574136264397,0.3449355221222392,Citation_Field_Diversity,Citation_Field_Diversity_p,reference_entropy,参考文献学科熵,OLS,15843,Citation_Field_Diversity ~ HSS_Continuous * reference_entropy + log_team_size + log_prior_knowledge + C(year) + C(arxiv_primary_category)
C(arxiv_primary_category)[T.cs.LO],-1.341508556330296,1.472796616762722,0.36237020649768503,Citation_Field_Diversity,Citation_Field_Diversity_p,reference_entropy,参考文献学科熵,OLS,15843,Citation_Field_Diversity ~ HSS_Continuous * reference_entropy + log_team_size + log_prior_knowledge + C(year) + C(arxiv_primary_category)
C(arxiv_primary_category)[T.cs.MA],-0.1228601846902911,2.5374024702310116,0.9613817850475651,Citation_Field_Diversity,Citation_Field_Diversity_p,reference_entropy,参考文献学科熵,OLS,15843,Citation_Field_Diversity ~ HSS_Continuous * reference_entropy + log_team_size + log_prior_knowledge + C(year) + C(arxiv_primary_category)
C(arxiv_primary_category)[T.cs.MM],-2.4621849516344665,1.1175536758214002,0.02758124203660494,Citation_Field_Diversity,Citation_Field_Diversity_p,reference_entropy,参考文献学科熵,OLS,15843,Citation_Field_Diversity ~ HSS_Continuous * reference_entropy + log_team_size + log_prior_knowledge + C(year) + C(arxiv_primary_category)
C(arxiv_primary_category)[T.cs.MS],-2.0220531352762507,1.6457591655046884,0.21920508039131703,Citation_Field_Diversity,Citation_Field_Diversity_p,reference_entropy,参考文献学科熵,OLS,15843,Citation_Field_Diversity ~ HSS_Continuous * reference_entropy + log_team_size + log_prior_knowledge + C(year) + C(arxiv_primary_category)
C(arxiv_primary_category)[T.cs.NE],-0.43021640055804,1.0838476634755547,0.691415850660805,Citation_Field_Diversity,Citation_Field_Diversity_p,reference_entropy,参考文献学科熵,OLS,15843,Citation_Field_Diversity ~ HSS_Continuous * reference_entropy + log_team_size + log_prior_knowledge + C(year) + C(arxiv_primary_category)
C(arxiv_primary_category)[T.cs.NI],-3.176534433093996,1.063001434373795,0.0028056232552255644,Citation_Field_Diversity,Citation_Field_Diversity_p,reference_entropy,参考文献学科熵,OLS,15843,Citation_Field_Diversity ~ HSS_Continuous * reference_entropy + log_team_size + log_prior_knowledge + C(year) + C(arxiv_primary_category)
C(arxiv_primary_category)[T.cs.OH],3.859623551112395,2.9907244570139135,0.1968662481206811,Citation_Field_Diversity,Citation_Field_Diversity_p,reference_entropy,参考文献学科熵,OLS,15843,Citation_Field_Diversity ~ HSS_Continuous * reference_entropy + log_team_size + log_prior_knowledge + C(year) + C(arxiv_primary_category)
C(arxiv_primary_category)[T.cs.PF],-7.2231876968396955,0.9847784225436178,2.2199404568364925e-13,Citation_Field_Diversity,Citation_Field_Diversity_p,reference_entropy,参考文献学科熵,OLS,15843,Citation_Field_Diversity ~ HSS_Continuous * reference_entropy + log_team_size + log_prior_knowledge + C(year) + C(arxiv_primary_category)
C(arxiv_primary_category)[T.cs.PL],-2.6363333573182253,1.33402525642723,0.0481293594587049,Citation_Field_Diversity,Citation_Field_Diversity_p,reference_entropy,参考文献学科熵,OLS,15843,Citation_Field_Diversity ~ HSS_Continuous * reference_entropy + log_team_size + log_prior_knowledge + C(year) + C(arxiv_primary_category)
C(arxiv_primary_category)[T.cs.RO],-0.8339039796062317,1.0569566075539787,0.43013124127060454,Citation_Field_Diversity,Citation_Field_Diversity_p,reference_entropy,参考文献学科熵,OLS,15843,Citation_Field_Diversity ~ HSS_Continuous * reference_entropy + log_team_size + log_prior_knowledge + C(year) + C(arxiv_primary_category)
C(arxiv_primary_category)[T.cs.SC],-0.6229692315571649,0.9822797779811152,0.5259453941644234,Citation_Field_Diversity,Citation_Field_Diversity_p,reference_entropy,参考文献学科熵,OLS,15843,Citation_Field_Diversity ~ HSS_Continuous * reference_entropy + log_team_size + log_prior_knowledge + C(year) + C(arxiv_primary_category)
C(arxiv_primary_category)[T.cs.SD],-0.7345398840009986,1.0085742793384396,0.4664328529740235,Citation_Field_Diversity,Citation_Field_Diversity_p,reference_entropy,参考文献学科熵,OLS,15843,Citation_Field_Diversity ~ HSS_Continuous * reference_entropy + log_team_size + log_prior_knowledge + C(year) + C(arxiv_primary_category)
C(arxiv_primary_category)[T.cs.SE],-0.7986494214116203,1.0676083504168312,0.4544158782534127,Citation_Field_Diversity,Citation_Field_Diversity_p,reference_entropy,参考文献学科熵,OLS,15843,Citation_Field_Diversity ~ HSS_Continuous * reference_entropy + log_team_size + log_prior_knowledge + C(year) + C(arxiv_primary_category)
C(arxiv_primary_category)[T.cs.SI],-1.7831522299714537,1.0692166557976468,0.0953716522604492,Citation_Field_Diversity,Citation_Field_Diversity_p,reference_entropy,参考文献学科熵,OLS,15843,Citation_Field_Diversity ~ HSS_Continuous * reference_entropy + log_team_size + log_prior_knowledge + C(year) + C(arxiv_primary_category)
C(arxiv_primary_category)[T.econ.EM],-2.1223641087429534,2.431188551920938,0.3826773136535221,Citation_Field_Diversity,Citation_Field_Diversity_p,reference_entropy,参考文献学科熵,OLS,15843,Citation_Field_Diversity ~ HSS_Continuous * reference_entropy + log_team_size + log_prior_knowledge + C(year) + C(arxiv_primary_category)
C(arxiv_primary_category)[T.econ.GN],2.0403473858309717,1.0456965872260546,0.0510350551584254,Citation_Field_Diversity,Citation_Field_Diversity_p,reference_entropy,参考文献学科熵,OLS,15843,Citation_Field_Diversity ~ HSS_Continuous * reference_entropy + log_team_size + log_prior_knowledge + C(year) + C(arxiv_primary_category)
C(arxiv_primary_category)[T.eess.AS],-1.3069135900529594,0.9954513447940407,0.1892215493169207,Citation_Field_Diversity,Citation_Field_Diversity_p,reference_entropy,参考文献学科熵,OLS,15843,Citation_Field_Diversity ~ HSS_Continuous * reference_entropy + log_team_size + log_prior_knowledge + C(year) + C(arxiv_primary_category)
C(arxiv_primary_category)[T.eess.IV],-1.084311936220442,0.9890125548293203,0.27292208797860873,Citation_Field_Diversity,Citation_Field_Diversity_p,reference_entropy,参考文献学科熵,OLS,15843,Citation_Field_Diversity ~ HSS_Continuous * reference_entropy + log_team_size + log_prior_knowledge + C(year) + C(arxiv_primary_category)
C(arxiv_primary_category)[T.eess.SP],-2.3687277800226334,1.0048368038198192,0.018407086525135216,Citation_Field_Diversity,Citation_Field_Diversity_p,reference_entropy,参考文献学科熵,OLS,15843,Citation_Field_Diversity ~ HSS_Continuous * reference_entropy + log_team_size + log_prior_knowledge + C(year) + C(arxiv_primary_category)
C(arxiv_primary_category)[T.eess.SY],-2.7543837374160653,1.1083054122640221,0.012947107862559192,Citation_Field_Diversity,Citation_Field_Diversity_p,reference_entropy,参考文献学科熵,OLS,15843,Citation_Field_Diversity ~ HSS_Continuous * reference_entropy + log_team_size + log_prior_knowledge + C(year) + C(arxiv_primary_category)
C(arxiv_primary_category)[T.gr-qc],-3.859900963117095,0.9832866949237912,8.65464634585277e-05,Citation_Field_Diversity,Citation_Field_Diversity_p,reference_entropy,参考文献学科熵,OLS,15843,Citation_Field_Diversity ~ HSS_Continuous * reference_entropy + log_team_size + log_prior_knowledge + C(year) + C(arxiv_primary_category)
C(arxiv_primary_category)[T.hep-ex],2.638075099715747,1.5618246592995984,0.09120062760008414,Citation_Field_Diversity,Citation_Field_Diversity_p,reference_entropy,参考文献学科熵,OLS,15843,Citation_Field_Diversity ~ HSS_Continuous * reference_entropy + log_team_size + log_prior_knowledge + C(year) + C(arxiv_primary_category)
C(arxiv_primary_category)[T.hep-lat],0.0940601924035288,1.7154847952446457,0.9562738249941224,Citation_Field_Diversity,Citation_Field_Diversity_p,reference_entropy,参考文献学科熵,OLS,15843,Citation_Field_Diversity ~ HSS_Continuous * reference_entropy + log_team_size + log_prior_knowledge + C(year) + C(arxiv_primary_category)
C(arxiv_primary_category)[T.hep-ph],1.7067878698277485,1.5354038348565038,0.2663009367834238,Citation_Field_Diversity,Citation_Field_Diversity_p,reference_entropy,参考文献学科熵,OLS,15843,Citation_Field_Diversity ~ HSS_Continuous * reference_entropy + log_team_size + log_prior_knowledge + C(year) + C(arxiv_primary_category)
C(arxiv_primary_category)[T.hep-th],5.676683138707464,1.2562984800813983,6.225622968840081e-06,Citation_Field_Diversity,Citation_Field_Diversity_p,reference_entropy,参考文献学科熵,OLS,15843,Citation_Field_Diversity ~ HSS_Continuous * reference_entropy + log_team_size + log_prior_knowledge + C(year) + C(arxiv_primary_category)
C(arxiv_primary_category)[T.math-ph],-5.095599613034102,0.9820924631548804,2.119798490178829e-07,Citation_Field_Diversity,Citation_Field_Diversity_p,reference_entropy,参考文献学科熵,OLS,15843,Citation_Field_Diversity ~ HSS_Continuous * reference_entropy + log_team_size + log_prior_knowledge + C(year) + C(arxiv_primary_category)
C(arxiv_primary_category)[T.math.AG],-2.326117200794651,0.9832154196160507,0.017989867638073375,Citation_Field_Diversity,Citation_Field_Diversity_p,reference_entropy,参考文献学科熵,OLS,15843,Citation_Field_Diversity ~ HSS_Continuous * reference_entropy + log_team_size + log_prior_knowledge + C(year) + C(arxiv_primary_category)
C(arxiv_primary_category)[T.math.AP],-3.2533554591778495,1.1960273078215016,0.0065255315591066475,Citation_Field_Diversity,Citation_Field_Diversity_p,reference_entropy,参考文献学科熵,OLS,15843,Citation_Field_Diversity ~ HSS_Continuous * reference_entropy + log_team_size + log_prior_knowledge + C(year) + C(arxiv_primary_category)
C(arxiv_primary_category)[T.math.CO],-4.028401877981828,1.4978204616225386,0.0071557179385697035,Citation_Field_Diversity,Citation_Field_Diversity_p,reference_entropy,参考文献学科熵,OLS,15843,Citation_Field_Diversity ~ HSS_Continuous * reference_entropy + log_team_size + log_prior_knowledge + C(year) + C(arxiv_primary_category)
C(arxiv_primary_category)[T.math.DS],-5.181345740174467,1.534913278098987,0.000736387932709432,Citation_Field_Diversity,Citation_Field_Diversity_p,reference_entropy,参考文献学科熵,OLS,15843,Citation_Field_Diversity ~ HSS_Continuous * reference_entropy + log_team_size + log_prior_knowledge + C(year) + C(arxiv_primary_category)
C(arxiv_primary_category)[T.math.GM],-7.929993889826371,1.0372772706488553,2.0893099660360585e-14,Citation_Field_Diversity,Citation_Field_Diversity_p,reference_entropy,参考文献学科熵,OLS,15843,Citation_Field_Diversity ~ HSS_Continuous * reference_entropy + log_team_size + log_prior_knowledge + C(year) + C(arxiv_primary_category)
C(arxiv_primary_category)[T.math.GR],-1.7943880479590069,0.9875224199056067,0.06920783990357442,Citation_Field_Diversity,Citation_Field_Diversity_p,reference_entropy,参考文献学科熵,OLS,15843,Citation_Field_Diversity ~ HSS_Continuous * reference_entropy + log_team_size + log_prior_knowledge + C(year) + C(arxiv_primary_category)
C(arxiv_primary_category)[T.math.LO],-0.36380017608932763,0.9867395436585938,0.7123594275273597,Citation_Field_Diversity,Citation_Field_Diversity_p,reference_entropy,参考文献学科熵,OLS,15843,Citation_Field_Diversity ~ HSS_Continuous * reference_entropy + log_team_size + log_prior_knowledge + C(year) + C(arxiv_primary_category)
C(arxiv_primary_category)[T.math.NA],-1.434101089203171,1.2208025295227487,0.2401067742632198,Citation_Field_Diversity,Citation_Field_Diversity_p,reference_entropy,参考文献学科熵,OLS,15843,Citation_Field_Diversity ~ HSS_Continuous * reference_entropy + log_team_size + log_prior_knowledge + C(year) + C(arxiv_primary_category)
C(arxiv_primary_category)[T.math.NT],-7.142873182962715,1.0224726680120306,2.830723663480179e-12,Citation_Field_Diversity,Citation_Field_Diversity_p,reference_entropy,参考文献学科熵,OLS,15843,Citation_Field_Diversity ~ HSS_Continuous * reference_entropy + log_team_size + log_prior_knowledge + C(year) + C(arxiv_primary_category)
C(arxiv_primary_category)[T.math.OC],-0.5077001428095483,1.1140132900463964,0.6485771313408343,Citation_Field_Diversity,Citation_Field_Diversity_p,reference_entropy,参考文献学科熵,OLS,15843,Citation_Field_Diversity ~ HSS_Continuous * reference_entropy + log_team_size + log_prior_knowledge + C(year) + C(arxiv_primary_category)
C(arxiv_primary_category)[T.math.PR],-2.914858721010572,1.2064718298916908,0.015691247643866424,Citation_Field_Diversity,Citation_Field_Diversity_p,reference_entropy,参考文献学科熵,OLS,15843,Citation_Field_Diversity ~ HSS_Continuous * reference_entropy + log_team_size + log_prior_knowledge + C(year) + C(arxiv_primary_category)
C(arxiv_primary_category)[T.math.ST],-1.6868990254158092,1.4111768377231897,0.23193680919363435,Citation_Field_Diversity,Citation_Field_Diversity_p,reference_entropy,参考文献学科熵,OLS,15843,Citation_Field_Diversity ~ HSS_Continuous * reference_entropy + log_team_size + log_prior_knowledge + C(year) + C(arxiv_primary_category)
C(arxiv_primary_category)[T.nlin.AO],-2.2482248533780576,1.2885146486987336,0.08101637872157834,Citation_Field_Diversity,Citation_Field_Diversity_p,reference_entropy,参考文献学科熵,OLS,15843,Citation_Field_Diversity ~ HSS_Continuous * reference_entropy + log_team_size + log_prior_knowledge + C(year) + C(arxiv_primary_category)
C(arxiv_primary_category)[T.nlin.PS],-5.358949584006931,0.9810944120851112,4.702274623688013e-08,Citation_Field_Diversity,Citation_Field_Diversity_p,reference_entropy,参考文献学科熵,OLS,15843,Citation_Field_Diversity ~ HSS_Continuous * reference_entropy + log_team_size + log_prior_knowledge + C(year) + C(arxiv_primary_category)
C(arxiv_primary_category)[T.nucl-th],-5.477823416310616,0.9817936836024007,2.413443675415826e-08,Citation_Field_Diversity,Citation_Field_Diversity_p,reference_entropy,参考文献学科熵,OLS,15843,Citation_Field_Diversity ~ HSS_Continuous * reference_entropy + log_team_size + log_prior_knowledge + C(year) + C(arxiv_primary_category)
C(arxiv_primary_category)[T.physics.acc-ph],-2.111616102887437,1.0242849311505122,0.03925045867331325,Citation_Field_Diversity,Citation_Field_Diversity_p,reference_entropy,参考文献学科熵,OLS,15843,Citation_Field_Diversity ~ HSS_Continuous * reference_entropy + log_team_size + log_prior_knowledge + C(year) + C(arxiv_primary_category)
C(arxiv_primary_category)[T.physics.ao-ph],1.0641754821947036,1.6005928893437462,0.5061379263800578,Citation_Field_Diversity,Citation_Field_Diversity_p,reference_entropy,参考文献学科熵,OLS,15843,Citation_Field_Diversity ~ HSS_Continuous * reference_entropy + log_team_size + log_prior_knowledge + C(year) + C(arxiv_primary_category)
C(arxiv_primary_category)[T.physics.app-ph],-1.388293655733371,1.2215399353359397,0.25574273634933176,Citation_Field_Diversity,Citation_Field_Diversity_p,reference_entropy,参考文献学科熵,OLS,15843,Citation_Field_Diversity ~ HSS_Continuous * reference_entropy + log_team_size + log_prior_knowledge + C(year) + C(arxiv_primary_category)
C(arxiv_primary_category)[T.physics.atom-ph],-5.067246621457298,0.9769458936415509,2.1391046117979282e-07,Citation_Field_Diversity,Citation_Field_Diversity_p,reference_entropy,参考文献学科熵,OLS,15843,Citation_Field_Diversity ~ HSS_Continuous * reference_entropy + log_team_size + log_prior_knowledge + C(year) + C(arxiv_primary_category)
C(arxiv_primary_category)[T.physics.bio-ph],-3.050128237906975,1.1509118672138283,0.008044793993137902,Citation_Field_Diversity,Citation_Field_Diversity_p,reference_entropy,参考文献学科熵,OLS,15843,Citation_Field_Diversity ~ HSS_Continuous * reference_entropy + log_team_size + log_prior_knowledge + C(year) + C(arxiv_primary_category)
C(arxiv_primary_category)[T.physics.chem-ph],0.5724562936650277,1.8238772461025934,0.753621466067907,Citation_Field_Diversity,Citation_Field_Diversity_p,reference_entropy,参考文献学科熵,OLS,15843,Citation_Field_Diversity ~ HSS_Continuous * reference_entropy + log_team_size + log_prior_knowledge + C(year) + C(arxiv_primary_category)
C(arxiv_primary_category)[T.physics.comp-ph],0.36735998237201106,1.4851936610255145,0.8046387572606287,Citation_Field_Diversity,Citation_Field_Diversity_p,reference_entropy,参考文献学科熵,OLS,15843,Citation_Field_Diversity ~ HSS_Continuous * reference_entropy + log_team_size + log_prior_knowledge + C(year) + C(arxiv_primary_category)
C(arxiv_primary_category)[T.physics.data-an],0.1726021507766519,1.6764874884928749,0.9179989787419978,Citation_Field_Diversity,Citation_Field_Diversity_p,reference_entropy,参考文献学科熵,OLS,15843,Citation_Field_Diversity ~ HSS_Continuous * reference_entropy + log_team_size + log_prior_knowledge + C(year) + C(arxiv_primary_category)
C(arxiv_primary_category)[T.physics.ed-ph],-1.789213117833106,1.9638714468012943,0.36226150788771827,Citation_Field_Diversity,Citation_Field_Diversity_p,reference_entropy,参考文献学科熵,OLS,15843,Citation_Field_Diversity ~ HSS_Continuous * reference_entropy + log_team_size + log_prior_knowledge + C(year) + C(arxiv_primary_category)
C(arxiv_primary_category)[T.physics.flu-dyn],-2.1232445564555524,1.5309498293339605,0.16547818662339386,Citation_Field_Diversity,Citation_Field_Diversity_p,reference_entropy,参考文献学科熵,OLS,15843,Citation_Field_Diversity ~ HSS_Continuous * reference_entropy + log_team_size + log_prior_knowledge + C(year) + C(arxiv_primary_category)
C(arxiv_primary_category)[T.physics.geo-ph],-0.4046820865891957,1.5616292649789216,0.7955264924334804,Citation_Field_Diversity,Citation_Field_Diversity_p,reference_entropy,参考文献学科熵,OLS,15843,Citation_Field_Diversity ~ HSS_Continuous * reference_entropy + log_team_size + log_prior_knowledge + C(year) + C(arxiv_primary_category)
C(arxiv_primary_category)[T.physics.ins-det],-3.3890816819927645,1.2477686064094975,0.006605318508754107,Citation_Field_Diversity,Citation_Field_Diversity_p,reference_entropy,参考文献学科熵,OLS,15843,Citation_Field_Diversity ~ HSS_Continuous * reference_entropy + log_team_size + log_prior_knowledge + C(year) + C(arxiv_primary_category)
C(arxiv_primary_category)[T.physics.med-ph],-0.6986928682568885,1.1588325966371222,0.5465564454617189,Citation_Field_Diversity,Citation_Field_Diversity_p,reference_entropy,参考文献学科熵,OLS,15843,Citation_Field_Diversity ~ HSS_Continuous * reference_entropy + log_team_size + log_prior_knowledge + C(year) + C(arxiv_primary_category)
C(arxiv_primary_category)[T.physics.optics],-2.7284274804839996,1.3071244948728833,0.036856427567441535,Citation_Field_Diversity,Citation_Field_Diversity_p,reference_entropy,参考文献学科熵,OLS,15843,Citation_Field_Diversity ~ HSS_Continuous * reference_entropy + log_team_size + log_prior_knowledge + C(year) + C(arxiv_primary_category)
C(arxiv_primary_category)[T.physics.soc-ph],-3.4250901474805406,1.4999134717689029,0.0223994526742953,Citation_Field_Diversity,Citation_Field_Diversity_p,reference_entropy,参考文献学科熵,OLS,15843,Citation_Field_Diversity ~ HSS_Continuous * reference_entropy + log_team_size + log_prior_knowledge + C(year) + C(arxiv_primary_category)
C(arxiv_primary_category)[T.physics.space-ph],0.9018640141285134,1.0235637367218617,0.378262636755449,Citation_Field_Diversity,Citation_Field_Diversity_p,reference_entropy,参考文献学科熵,OLS,15843,Citation_Field_Diversity ~ HSS_Continuous * reference_entropy + log_team_size + log_prior_knowledge + C(year) + C(arxiv_primary_category)
C(arxiv_primary_category)[T.q-bio.BM],0.9110532843165005,1.4955702169562215,0.5424131921346742,Citation_Field_Diversity,Citation_Field_Diversity_p,reference_entropy,参考文献学科熵,OLS,15843,Citation_Field_Diversity ~ HSS_Continuous * reference_entropy + log_team_size + log_prior_knowledge + C(year) + C(arxiv_primary_category)
C(arxiv_primary_category)[T.q-bio.GN],-1.491824499167379,1.744372973108132,0.39242878064139153,Citation_Field_Diversity,Citation_Field_Diversity_p,reference_entropy,参考文献学科熵,OLS,15843,Citation_Field_Diversity ~ HSS_Continuous * reference_entropy + log_team_size + log_prior_knowledge + C(year) + C(arxiv_primary_category)
C(arxiv_primary_category)[T.q-bio.MN],-6.444453613424529,1.1705219889949794,3.678635308169947e-08,Citation_Field_Diversity,Citation_Field_Diversity_p,reference_entropy,参考文献学科熵,OLS,15843,Citation_Field_Diversity ~ HSS_Continuous * reference_entropy + log_team_size + log_prior_knowledge + C(year) + C(arxiv_primary_category)
C(arxiv_primary_category)[T.q-bio.NC],-2.66905479146345,1.0620509828117186,0.011967078562633042,Citation_Field_Diversity,Citation_Field_Diversity_p,reference_entropy,参考文献学科熵,OLS,15843,Citation_Field_Diversity ~ HSS_Continuous * reference_entropy + log_team_size + log_prior_knowledge + C(year) + C(arxiv_primary_category)
C(arxiv_primary_category)[T.q-bio.OT],-0.0013083983815844295,2.9963539913135886,0.9996515929566746,Citation_Field_Diversity,Citation_Field_Diversity_p,reference_entropy,参考文献学科熵,OLS,15843,Citation_Field_Diversity ~ HSS_Continuous * reference_entropy + log_team_size + log_prior_knowledge + C(year) + C(arxiv_primary_category)
C(arxiv_primary_category)[T.q-bio.PE],-0.8368692739101692,2.631367098524789,0.7504576849817259,Citation_Field_Diversity,Citation_Field_Diversity_p,reference_entropy,参考文献学科熵,OLS,15843,Citation_Field_Diversity ~ HSS_Continuous * reference_entropy + log_team_size + log_prior_knowledge + C(year) + C(arxiv_primary_category)
C(arxiv_primary_category)[T.q-bio.QM],-1.1893250017770451,1.2208024573981997,0.3299494178680672,Citation_Field_Diversity,Citation_Field_Diversity_p,reference_entropy,参考文献学科熵,OLS,15843,Citation_Field_Diversity ~ HSS_Continuous * reference_entropy + log_team_size + log_prior_knowledge + C(year) + C(arxiv_primary_category)
C(arxiv_primary_category)[T.q-bio.TO],-0.47450974152438435,3.331512012275596,0.8867397780755158,Citation_Field_Diversity,Citation_Field_Diversity_p,reference_entropy,参考文献学科熵,OLS,15843,Citation_Field_Diversity ~ HSS_Continuous * reference_entropy + log_team_size + log_prior_knowledge + C(year) + C(arxiv_primary_category)
C(arxiv_primary_category)[T.q-fin.CP],-1.909964452519169,1.3343095289338092,0.15230835427576184,Citation_Field_Diversity,Citation_Field_Diversity_p,reference_entropy,参考文献学科熵,OLS,15843,Citation_Field_Diversity ~ HSS_Continuous * reference_entropy + log_team_size + log_prior_knowledge + C(year) + C(arxiv_primary_category)
C(arxiv_primary_category)[T.q-fin.GN],-4.419314959862639,1.0149966909939188,1.3366406483168531e-05,Citation_Field_Diversity,Citation_Field_Diversity_p,reference_entropy,参考文献学科熵,OLS,15843,Citation_Field_Diversity ~ HSS_Continuous * reference_entropy + log_team_size + log_prior_knowledge + C(year) + C(arxiv_primary_category)
C(arxiv_primary_category)[T.q-fin.MF],-2.027062479927104,2.347184907473756,0.38779979913794094,Citation_Field_Diversity,Citation_Field_Diversity_p,reference_entropy,参考文献学科熵,OLS,15843,Citation_Field_Diversity ~ HSS_Continuous * reference_entropy + log_team_size + log_prior_knowledge + C(year) + C(arxiv_primary_category)
C(arxiv_primary_category)[T.q-fin.PM],-7.290844954699921,1.0585141965299572,5.665770417974143e-12,Citation_Field_Diversity,Citation_Field_Diversity_p,reference_entropy,参考文献学科熵,OLS,15843,Citation_Field_Diversity ~ HSS_Continuous * reference_entropy + log_team_size + log_prior_knowledge + C(year) + C(arxiv_primary_category)
C(arxiv_primary_category)[T.q-fin.PR],7.678189239193092,1.1350274201335744,1.3352942836491827e-11,Citation_Field_Diversity,Citation_Field_Diversity_p,reference_entropy,参考文献学科熵,OLS,15843,Citation_Field_Diversity ~ HSS_Continuous * reference_entropy + log_team_size + log_prior_knowledge + C(year) + C(arxiv_primary_category)
C(arxiv_primary_category)[T.q-fin.ST],0.8161941578818922,1.7467608271777704,0.640312767723612,Citation_Field_Diversity,Citation_Field_Diversity_p,reference_entropy,参考文献学科熵,OLS,15843,Citation_Field_Diversity ~ HSS_Continuous * reference_entropy + log_team_size + log_prior_knowledge + C(year) + C(arxiv_primary_category)
C(arxiv_primary_category)[T.q-fin.TR],-0.49289693205372126,1.1413490034757474,0.6658470202249862,Citation_Field_Diversity,Citation_Field_Diversity_p,reference_entropy,参考文献学科熵,OLS,15843,Citation_Field_Diversity ~ HSS_Continuous * reference_entropy + log_team_size + log_prior_knowledge + C(year) + C(arxiv_primary_category)
C(arxiv_primary_category)[T.quant-ph],-0.7213673390380732,1.0446855585381298,0.48987261243672087,Citation_Field_Diversity,Citation_Field_Diversity_p,reference_entropy,参考文献学科熵,OLS,15843,Citation_Field_Diversity ~ HSS_Continuous * reference_entropy + log_team_size + log_prior_knowledge + C(year) + C(arxiv_primary_category)
C(arxiv_primary_category)[T.stat.AP],-1.7727872440908208,1.20047059584223,0.13974438574499665,Citation_Field_Diversity,Citation_Field_Diversity_p,reference_entropy,参考文献学科熵,OLS,15843,Citation_Field_Diversity ~ HSS_Continuous * reference_entropy + log_team_size + log_prior_knowledge + C(year) + C(arxiv_primary_category)
C(arxiv_primary_category)[T.stat.CO],-0.3664557688402802,3.143522284968784,0.9071969358317505,Citation_Field_Diversity,Citation_Field_Diversity_p,reference_entropy,参考文献学科熵,OLS,15843,Citation_Field_Diversity ~ HSS_Continuous * reference_entropy + log_team_size + log_prior_knowledge + C(year) + C(arxiv_primary_category)
C(arxiv_primary_category)[T.stat.ME],-3.9095407164034226,1.3363276978676946,0.0034380886763698613,Citation_Field_Diversity,Citation_Field_Diversity_p,reference_entropy,参考文献学科熵,OLS,15843,Citation_Field_Diversity ~ HSS_Continuous * reference_entropy + log_team_size + log_prior_knowledge + C(year) + C(arxiv_primary_category)
C(arxiv_primary_category)[T.stat.ML],1.3167427841048653,1.0007160342322035,0.1882409691839344,Citation_Field_Diversity,Citation_Field_Diversity_p,reference_entropy,参考文献学科熵,OLS,15843,Citation_Field_Diversity ~ HSS_Continuous * reference_entropy + log_team_size + log_prior_knowledge + C(year) + C(arxiv_primary_category)
HSS_Continuous,-0.08777628617564112,0.06978856961991467,0.2084836725251875,Citation_Field_Diversity,Citation_Field_Diversity_p,reference_entropy,参考文献学科熵,OLS,15843,Citation_Field_Diversity ~ HSS_Continuous * reference_entropy + log_team_size + log_prior_knowledge + C(year) + C(arxiv_primary_category)
reference_entropy,0.05342774450864286,0.10509846404603518,0.6112016376347309,Citation_Field_Diversity,Citation_Field_Diversity_p,reference_entropy,参考文献学科熵,OLS,15843,Citation_Field_Diversity ~ HSS_Continuous * reference_entropy + log_team_size + log_prior_knowledge + C(year) + C(arxiv_primary_category)
HSS_Continuous:reference_entropy,0.19238452420016136,0.07778836758541655,0.013391720781209232,Citation_Field_Diversity,Citation_Field_Diversity_p,reference_entropy,参考文献学科熵,OLS,15843,Citation_Field_Diversity ~ HSS_Continuous * reference_entropy + log_team_size + log_prior_knowledge + C(year) + C(arxiv_primary_category)
log_team_size,0.7476465443544598,0.12054047244028906,5.558999626272129e-10,Citation_Field_Diversity,Citation_Field_Diversity_p,reference_entropy,参考文献学科熵,OLS,15843,Citation_Field_Diversity ~ HSS_Continuous * reference_entropy + log_team_size + log_prior_knowledge + C(year) + C(arxiv_primary_category)
log_prior_knowledge,0.6830111149767909,0.039412783930340235,2.8086450078509983e-67,Citation_Field_Diversity,Citation_Field_Diversity_p,reference_entropy,参考文献学科熵,OLS,15843,Citation_Field_Diversity ~ HSS_Continuous * reference_entropy + log_team_size + log_prior_knowledge + C(year) + C(arxiv_primary_category)
Intercept,5.331509511349294,1.3339151995140246,6.418067652509334e-05,Citation_Field_Diversity,Citation_Field_Diversity_p,hss_reference_share,HSS参考文献占比,OLS,15843,Citation_Field_Diversity ~ HSS_Continuous * hss_reference_share + log_team_size + log_prior_knowledge + C(year) + C(arxiv_primary_category)
C(year)[T.2015],0.9655558138722667,1.0714919243859833,0.36751806463833925,Citation_Field_Diversity,Citation_Field_Diversity_p,hss_reference_share,HSS参考文献占比,OLS,15843,Citation_Field_Diversity ~ HSS_Continuous * hss_reference_share + log_team_size + log_prior_knowledge + C(year) + C(arxiv_primary_category)
C(year)[T.2016],0.8635588736490108,0.9386686581781939,0.3575818292614742,Citation_Field_Diversity,Citation_Field_Diversity_p,hss_reference_share,HSS参考文献占比,OLS,15843,Citation_Field_Diversity ~ HSS_Continuous * hss_reference_share + log_team_size + log_prior_knowledge + C(year) + C(arxiv_primary_category)
C(year)[T.2017],-0.9755468276959832,0.9087197652355828,0.2830289949690007,Citation_Field_Diversity,Citation_Field_Diversity_p,hss_reference_share,HSS参考文献占比,OLS,15843,Citation_Field_Diversity ~ HSS_Continuous * hss_reference_share + log_team_size + log_prior_knowledge + C(year) + C(arxiv_primary_category)
C(year)[T.2018],-1.9731620821155207,0.904623199510773,0.029168793612330997,Citation_Field_Diversity,Citation_Field_Diversity_p,hss_reference_share,HSS参考文献占比,OLS,15843,Citation_Field_Diversity ~ HSS_Continuous * hss_reference_share + log_team_size + log_prior_knowledge + C(year) + C(arxiv_primary_category)
C(year)[T.2019],-2.3364447315753276,0.9027805501641287,0.009651987388590026,Citation_Field_Diversity,Citation_Field_Diversity_p,hss_reference_share,HSS参考文献占比,OLS,15843,Citation_Field_Diversity ~ HSS_Continuous * hss_reference_share + log_team_size + log_prior_knowledge + C(year) + C(arxiv_primary_category)
C(year)[T.2020],-3.2657966467258692,0.9014106283828696,0.00029122338984599453,Citation_Field_Diversity,Citation_Field_Diversity_p,hss_reference_share,HSS参考文献占比,OLS,15843,Citation_Field_Diversity ~ HSS_Continuous * hss_reference_share + log_team_size + log_prior_knowledge + C(year) + C(arxiv_primary_category)
C(year)[T.2021],-4.407249266898046,0.9010040372464715,1.0007715609275203e-06,Citation_Field_Diversity,Citation_Field_Diversity_p,hss_reference_share,HSS参考文献占比,OLS,15843,Citation_Field_Diversity ~ HSS_Continuous * hss_reference_share + log_team_size + log_prior_knowledge + C(year) + C(arxiv_primary_category)
C(year)[T.2022],-3.114822403169661,1.1060649614049192,0.004860603757509926,Citation_Field_Diversity,Citation_Field_Diversity_p,hss_reference_share,HSS参考文献占比,OLS,15843,Citation_Field_Diversity ~ HSS_Continuous * hss_reference_share + log_team_size + log_prior_knowledge + C(year) + C(arxiv_primary_category)
C(year)[T.2023],-4.041298340963062,0.9323142266580582,1.4596198006491507e-05,Citation_Field_Diversity,Citation_Field_Diversity_p,hss_reference_share,HSS参考文献占比,OLS,15843,Citation_Field_Diversity ~ HSS_Continuous * hss_reference_share + log_team_size + log_prior_knowledge + C(year) + C(arxiv_primary_category)
C(year)[T.2024],-5.457086932195932,1.1863058827446435,4.223544090412212e-06,Citation_Field_Diversity,Citation_Field_Diversity_p,hss_reference_share,HSS参考文献占比,OLS,15843,Citation_Field_Diversity ~ HSS_Continuous * hss_reference_share + log_team_size + log_prior_knowledge + C(year) + C(arxiv_primary_category)
C(year)[T.2025],-8.182716047375186,0.9441475594475582,4.445256652804769e-18,Citation_Field_Diversity,Citation_Field_Diversity_p,hss_reference_share,HSS参考文献占比,OLS,15843,Citation_Field_Diversity ~ HSS_Continuous * hss_reference_share + log_team_size + log_prior_knowledge + C(year) + C(arxiv_primary_category)
C(arxiv_primary_category)[T.astro-ph.GA],-2.5574437932803074,1.2129871512206523,0.03499770951969922,Citation_Field_Diversity,Citation_Field_Diversity_p,hss_reference_share,HSS参考文献占比,OLS,15843,Citation_Field_Diversity ~ HSS_Continuous * hss_reference_share + log_team_size + log_prior_knowledge + C(year) + C(arxiv_primary_category)
C(arxiv_primary_category)[T.astro-ph.HE],-5.496509983074991,0.9802687497675232,2.056901632471632e-08,Citation_Field_Diversity,Citation_Field_Diversity_p,hss_reference_share,HSS参考文献占比,OLS,15843,Citation_Field_Diversity ~ HSS_Continuous * hss_reference_share + log_team_size + log_prior_knowledge + C(year) + C(arxiv_primary_category)
C(arxiv_primary_category)[T.astro-ph.IM],-1.51991063882551,1.250757886254281,0.2242929741159151,Citation_Field_Diversity,Citation_Field_Diversity_p,hss_reference_share,HSS参考文献占比,OLS,15843,Citation_Field_Diversity ~ HSS_Continuous * hss_reference_share + log_team_size + log_prior_knowledge + C(year) + C(arxiv_primary_category)
C(arxiv_primary_category)[T.astro-ph.SR],-3.298398667538678,1.2147400003798063,0.006621326481642605,Citation_Field_Diversity,Citation_Field_Diversity_p,hss_reference_share,HSS参考文献占比,OLS,15843,Citation_Field_Diversity ~ HSS_Continuous * hss_reference_share + log_team_size + log_prior_knowledge + C(year) + C(arxiv_primary_category)
C(arxiv_primary_category)[T.cond-mat.dis-nn],0.5122222385029052,1.7095455694284993,0.7644633699715162,Citation_Field_Diversity,Citation_Field_Diversity_p,hss_reference_share,HSS参考文献占比,OLS,15843,Citation_Field_Diversity ~ HSS_Continuous * hss_reference_share + log_team_size + log_prior_knowledge + C(year) + C(arxiv_primary_category)
C(arxiv_primary_category)[T.cond-mat.mes-hall],-0.713431294523227,0.9828791301463717,0.4679254428032493,Citation_Field_Diversity,Citation_Field_Diversity_p,hss_reference_share,HSS参考文献占比,OLS,15843,Citation_Field_Diversity ~ HSS_Continuous * hss_reference_share + log_team_size + log_prior_knowledge + C(year) + C(arxiv_primary_category)
C(arxiv_primary_category)[T.cond-mat.mtrl-sci],-1.410258326446688,1.3110108023802847,0.282060080312457,Citation_Field_Diversity,Citation_Field_Diversity_p,hss_reference_share,HSS参考文献占比,OLS,15843,Citation_Field_Diversity ~ HSS_Continuous * hss_reference_share + log_team_size + log_prior_knowledge + C(year) + C(arxiv_primary_category)
C(arxiv_primary_category)[T.cond-mat.other],-1.9885875538830533,0.9834413922853164,0.04316909788609632,Citation_Field_Diversity,Citation_Field_Diversity_p,hss_reference_share,HSS参考文献占比,OLS,15843,Citation_Field_Diversity ~ HSS_Continuous * hss_reference_share + log_team_size + log_prior_knowledge + C(year) + C(arxiv_primary_category)
C(arxiv_primary_category)[T.cond-mat.soft],-3.050940374720485,2.046542612098516,0.13601983162188563,Citation_Field_Diversity,Citation_Field_Diversity_p,hss_reference_share,HSS参考文献占比,OLS,15843,Citation_Field_Diversity ~ HSS_Continuous * hss_reference_share + log_team_size + log_prior_knowledge + C(year) + C(arxiv_primary_category)
C(arxiv_primary_category)[T.cond-mat.stat-mech],-1.579513844345558,1.2090910490519502,0.19142857023136584,Citation_Field_Diversity,Citation_Field_Diversity_p,hss_reference_share,HSS参考文献占比,OLS,15843,Citation_Field_Diversity ~ HSS_Continuous * hss_reference_share + log_team_size + log_prior_knowledge + C(year) + C(arxiv_primary_category)
C(arxiv_primary_category)[T.cond-mat.str-el],-0.10246218399424696,0.9790467682877867,0.9166495345604929,Citation_Field_Diversity,Citation_Field_Diversity_p,hss_reference_share,HSS参考文献占比,OLS,15843,Citation_Field_Diversity ~ HSS_Continuous * hss_reference_share + log_team_size + log_prior_knowledge + C(year) + C(arxiv_primary_category)
C(arxiv_primary_category)[T.cs.AI],-0.22427648015051166,1.0220040091145859,0.8263012773688856,Citation_Field_Diversity,Citation_Field_Diversity_p,hss_reference_share,HSS参考文献占比,OLS,15843,Citation_Field_Diversity ~ HSS_Continuous * hss_reference_share + log_team_size + log_prior_knowledge + C(year) + C(arxiv_primary_category)
C(arxiv_primary_category)[T.cs.AR],-2.0370012381124845,1.136299568753536,0.07302696072654553,Citation_Field_Diversity,Citation_Field_Diversity_p,hss_reference_share,HSS参考文献占比,OLS,15843,Citation_Field_Diversity ~ HSS_Continuous * hss_reference_share + log_team_size + log_prior_knowledge + C(year) + C(arxiv_primary_category)
C(arxiv_primary_category)[T.cs.CC],-3.7059116155052414,1.445801160146891,0.010370524466992463,Citation_Field_Diversity,Citation_Field_Diversity_p,hss_reference_share,HSS参考文献占比,OLS,15843,Citation_Field_Diversity ~ HSS_Continuous * hss_reference_share + log_team_size + log_prior_knowledge + C(year) + C(arxiv_primary_category)
C(arxiv_primary_category)[T.cs.CE],-0.3093395039684219,1.3038693958233554,0.8124649373802818,Citation_Field_Diversity,Citation_Field_Diversity_p,hss_reference_share,HSS参考文献占比,OLS,15843,Citation_Field_Diversity ~ HSS_Continuous * hss_reference_share + log_team_size + log_prior_knowledge + C(year) + C(arxiv_primary_category)
C(arxiv_primary_category)[T.cs.CG],0.3357571327785814,1.6481485483870018,0.8385740616381806,Citation_Field_Diversity,Citation_Field_Diversity_p,hss_reference_share,HSS参考文献占比,OLS,15843,Citation_Field_Diversity ~ HSS_Continuous * hss_reference_share + log_team_size + log_prior_knowledge + C(year) + C(arxiv_primary_category)
C(arxiv_primary_category)[T.cs.CL],-0.1591343698629738,0.9838194442239274,0.8715014680895864,Citation_Field_Diversity,Citation_Field_Diversity_p,hss_reference_share,HSS参考文献占比,OLS,15843,Citation_Field_Diversity ~ HSS_Continuous * hss_reference_share + log_team_size + log_prior_knowledge + C(year) + C(arxiv_primary_category)
C(arxiv_primary_category)[T.cs.CR],-0.8906148816235427,1.027150812816472,0.3859019359048399,Citation_Field_Diversity,Citation_Field_Diversity_p,hss_reference_share,HSS参考文献占比,OLS,15843,Citation_Field_Diversity ~ HSS_Continuous * hss_reference_share + log_team_size + log_prior_knowledge + C(year) + C(arxiv_primary_category)
C(arxiv_primary_category)[T.cs.CV],0.34459802350066854,0.9836011186055984,0.7260811023096565,Citation_Field_Diversity,Citation_Field_Diversity_p,hss_reference_share,HSS参考文献占比,OLS,15843,Citation_Field_Diversity ~ HSS_Continuous * hss_reference_share + log_team_size + log_prior_knowledge + C(year) + C(arxiv_primary_category)
C(arxiv_primary_category)[T.cs.CY],1.293006077640481,1.2341039425669575,0.29476363626627344,Citation_Field_Diversity,Citation_Field_Diversity_p,hss_reference_share,HSS参考文献占比,OLS,15843,Citation_Field_Diversity ~ HSS_Continuous * hss_reference_share + log_team_size + log_prior_knowledge + C(year) + C(arxiv_primary_category)
C(arxiv_primary_category)[T.cs.DB],-1.4500308153242896,1.357911425153015,0.28559313015082344,Citation_Field_Diversity,Citation_Field_Diversity_p,hss_reference_share,HSS参考文献占比,OLS,15843,Citation_Field_Diversity ~ HSS_Continuous * hss_reference_share + log_team_size + log_prior_knowledge + C(year) + C(arxiv_primary_category)
C(arxiv_primary_category)[T.cs.DC],-0.5343705171059998,1.222234071470223,0.6619605065853675,Citation_Field_Diversity,Citation_Field_Diversity_p,hss_reference_share,HSS参考文献占比,OLS,15843,Citation_Field_Diversity ~ HSS_Continuous * hss_reference_share + log_team_size + log_prior_knowledge + C(year) + C(arxiv_primary_category)
C(arxiv_primary_category)[T.cs.DL],-5.244337492463295,1.1535089253338187,5.4565772281053755e-06,Citation_Field_Diversity,Citation_Field_Diversity_p,hss_reference_share,HSS参考文献占比,OLS,15843,Citation_Field_Diversity ~ HSS_Continuous * hss_reference_share + log_team_size + log_prior_knowledge + C(year) + C(arxiv_primary_category)
C(arxiv_primary_category)[T.cs.DM],-3.5993764311590453,0.9850602241814272,0.00025822061565746433,Citation_Field_Diversity,Citation_Field_Diversity_p,hss_reference_share,HSS参考文献占比,OLS,15843,Citation_Field_Diversity ~ HSS_Continuous * hss_reference_share + log_team_size + log_prior_knowledge + C(year) + C(arxiv_primary_category)
C(arxiv_primary_category)[T.cs.DS],-2.6365948474671295,1.197922445326391,0.027737941861842256,Citation_Field_Diversity,Citation_Field_Diversity_p,hss_reference_share,HSS参考文献占比,OLS,15843,Citation_Field_Diversity ~ HSS_Continuous * hss_reference_share + log_team_size + log_prior_knowledge + C(year) + C(arxiv_primary_category)
C(arxiv_primary_category)[T.cs.ET],-0.5154837059827299,1.585705427452779,0.7451192912490341,Citation_Field_Diversity,Citation_Field_Diversity_p,hss_reference_share,HSS参考文献占比,OLS,15843,Citation_Field_Diversity ~ HSS_Continuous * hss_reference_share + log_team_size + log_prior_knowledge + C(year) + C(arxiv_primary_category)
C(arxiv_primary_category)[T.cs.FL],-0.08373682320180159,1.8418361898367994,0.9637376496525251,Citation_Field_Diversity,Citation_Field_Diversity_p,hss_reference_share,HSS参考文献占比,OLS,15843,Citation_Field_Diversity ~ HSS_Continuous * hss_reference_share + log_team_size + log_prior_knowledge + C(year) + C(arxiv_primary_category)
C(arxiv_primary_category)[T.cs.GR],0.33580970219346395,1.1339591592356735,0.7671238163285413,Citation_Field_Diversity,Citation_Field_Diversity_p,hss_reference_share,HSS参考文献占比,OLS,15843,Citation_Field_Diversity ~ HSS_Continuous * hss_reference_share + log_team_size + log_prior_knowledge + C(year) + C(arxiv_primary_category)
C(arxiv_primary_category)[T.cs.GT],-2.760884795310551,2.7023659205562653,0.3069443670144323,Citation_Field_Diversity,Citation_Field_Diversity_p,hss_reference_share,HSS参考文献占比,OLS,15843,Citation_Field_Diversity ~ HSS_Continuous * hss_reference_share + log_team_size + log_prior_knowledge + C(year) + C(arxiv_primary_category)
C(arxiv_primary_category)[T.cs.HC],-2.2641581408707565,1.087640344617057,0.03736843230635976,Citation_Field_Diversity,Citation_Field_Diversity_p,hss_reference_share,HSS参考文献占比,OLS,15843,Citation_Field_Diversity ~ HSS_Continuous * hss_reference_share + log_team_size + log_prior_knowledge + C(year) + C(arxiv_primary_category)
C(arxiv_primary_category)[T.cs.IR],-0.3217959424479873,1.0256839326910179,0.753720098696932,Citation_Field_Diversity,Citation_Field_Diversity_p,hss_reference_share,HSS参考文献占比,OLS,15843,Citation_Field_Diversity ~ HSS_Continuous * hss_reference_share + log_team_size + log_prior_knowledge + C(year) + C(arxiv_primary_category)
C(arxiv_primary_category)[T.cs.IT],-3.850436496214212,0.9852476694876066,9.302868071985797e-05,Citation_Field_Diversity,Citation_Field_Diversity_p,hss_reference_share,HSS参考文献占比,OLS,15843,Citation_Field_Diversity ~ HSS_Continuous * hss_reference_share + log_team_size + log_prior_knowledge + C(year) + C(arxiv_primary_category)
C(arxiv_primary_category)[T.cs.LG],0.9395959386261715,0.9847370296509517,0.3400030418580168,Citation_Field_Diversity,Citation_Field_Diversity_p,hss_reference_share,HSS参考文献占比,OLS,15843,Citation_Field_Diversity ~ HSS_Continuous * hss_reference_share + log_team_size + log_prior_knowledge + C(year) + C(arxiv_primary_category)
C(arxiv_primary_category)[T.cs.LO],-1.3189702221710944,1.4774835919031561,0.37201037472484677,Citation_Field_Diversity,Citation_Field_Diversity_p,hss_reference_share,HSS参考文献占比,OLS,15843,Citation_Field_Diversity ~ HSS_Continuous * hss_reference_share + log_team_size + log_prior_knowledge + C(year) + C(arxiv_primary_category)
C(arxiv_primary_category)[T.cs.MA],-0.06581125757890037,2.5431341473581965,0.9793546375545286,Citation_Field_Diversity,Citation_Field_Diversity_p,hss_reference_share,HSS参考文献占比,OLS,15843,Citation_Field_Diversity ~ HSS_Continuous * hss_reference_share + log_team_size + log_prior_knowledge + C(year) + C(arxiv_primary_category)
C(arxiv_primary_category)[T.cs.MM],-2.4741215912231,1.1209583276232398,0.02730368013216016,Citation_Field_Diversity,Citation_Field_Diversity_p,hss_reference_share,HSS参考文献占比,OLS,15843,Citation_Field_Diversity ~ HSS_Continuous * hss_reference_share + log_team_size + log_prior_knowledge + C(year) + C(arxiv_primary_category)
C(arxiv_primary_category)[T.cs.MS],-2.0514921162925264,1.6586953817641064,0.21615738663424278,Citation_Field_Diversity,Citation_Field_Diversity_p,hss_reference_share,HSS参考文献占比,OLS,15843,Citation_Field_Diversity ~ HSS_Continuous * hss_reference_share + log_team_size + log_prior_knowledge + C(year) + C(arxiv_primary_category)
C(arxiv_primary_category)[T.cs.NE],-0.41555124670361415,1.0880567611430352,0.7025202901012627,Citation_Field_Diversity,Citation_Field_Diversity_p,hss_reference_share,HSS参考文献占比,OLS,15843,Citation_Field_Diversity ~ HSS_Continuous * hss_reference_share + log_team_size + log_prior_knowledge + C(year) + C(arxiv_primary_category)
C(arxiv_primary_category)[T.cs.NI],-3.1727576099391532,1.0669441609646642,0.0029424538686485917,Citation_Field_Diversity,Citation_Field_Diversity_p,hss_reference_share,HSS参考文献占比,OLS,15843,Citation_Field_Diversity ~ HSS_Continuous * hss_reference_share + log_team_size + log_prior_knowledge + C(year) + C(arxiv_primary_category)
C(arxiv_primary_category)[T.cs.OH],3.967062093777172,2.895647374473266,0.17068418602254454,Citation_Field_Diversity,Citation_Field_Diversity_p,hss_reference_share,HSS参考文献占比,OLS,15843,Citation_Field_Diversity ~ HSS_Continuous * hss_reference_share + log_team_size + log_prior_knowledge + C(year) + C(arxiv_primary_category)
C(arxiv_primary_category)[T.cs.PF],-7.227127118034545,0.9892784372345184,2.7633418131537654e-13,Citation_Field_Diversity,Citation_Field_Diversity_p,hss_reference_share,HSS参考文献占比,OLS,15843,Citation_Field_Diversity ~ HSS_Continuous * hss_reference_share + log_team_size + log_prior_knowledge + C(year) + C(arxiv_primary_category)
C(arxiv_primary_category)[T.cs.PL],-2.6518127961567894,1.3373294439587002,0.047376742601055566,Citation_Field_Diversity,Citation_Field_Diversity_p,hss_reference_share,HSS参考文献占比,OLS,15843,Citation_Field_Diversity ~ HSS_Continuous * hss_reference_share + log_team_size + log_prior_knowledge + C(year) + C(arxiv_primary_category)
C(arxiv_primary_category)[T.cs.RO],-0.8091717490289922,1.0609133724154864,0.44563495372823314,Citation_Field_Diversity,Citation_Field_Diversity_p,hss_reference_share,HSS参考文献占比,OLS,15843,Citation_Field_Diversity ~ HSS_Continuous * hss_reference_share + log_team_size + log_prior_knowledge + C(year) + C(arxiv_primary_category)
C(arxiv_primary_category)[T.cs.SC],-0.614771828440449,0.9867977697611736,0.5332866409224962,Citation_Field_Diversity,Citation_Field_Diversity_p,hss_reference_share,HSS参考文献占比,OLS,15843,Citation_Field_Diversity ~ HSS_Continuous * hss_reference_share + log_team_size + log_prior_knowledge + C(year) + C(arxiv_primary_category)
C(arxiv_primary_category)[T.cs.SD],-0.754386897258855,1.012519105443171,0.4562357996101989,Citation_Field_Diversity,Citation_Field_Diversity_p,hss_reference_share,HSS参考文献占比,OLS,15843,Citation_Field_Diversity ~ HSS_Continuous * hss_reference_share + log_team_size + log_prior_knowledge + C(year) + C(arxiv_primary_category)
C(arxiv_primary_category)[T.cs.SE],-0.8181627969836998,1.0714210841551797,0.44509137453113035,Citation_Field_Diversity,Citation_Field_Diversity_p,hss_reference_share,HSS参考文献占比,OLS,15843,Citation_Field_Diversity ~ HSS_Continuous * hss_reference_share + log_team_size + log_prior_knowledge + C(year) + C(arxiv_primary_category)
C(arxiv_primary_category)[T.cs.SI],-1.6325147542084875,1.0712934733426343,0.12754054310879273,Citation_Field_Diversity,Citation_Field_Diversity_p,hss_reference_share,HSS参考文献占比,OLS,15843,Citation_Field_Diversity ~ HSS_Continuous * hss_reference_share + log_team_size + log_prior_knowledge + C(year) + C(arxiv_primary_category)
C(arxiv_primary_category)[T.econ.EM],-2.786655788227065,2.697434621749714,0.30156819172789373,Citation_Field_Diversity,Citation_Field_Diversity_p,hss_reference_share,HSS参考文献占比,OLS,15843,Citation_Field_Diversity ~ HSS_Continuous * hss_reference_share + log_team_size + log_prior_knowledge + C(year) + C(arxiv_primary_category)
C(arxiv_primary_category)[T.econ.GN],2.268266970205094,1.0440461762550834,0.029812438319419734,Citation_Field_Diversity,Citation_Field_Diversity_p,hss_reference_share,HSS参考文献占比,OLS,15843,Citation_Field_Diversity ~ HSS_Continuous * hss_reference_share + log_team_size + log_prior_knowledge + C(year) + C(arxiv_primary_category)
C(arxiv_primary_category)[T.eess.AS],-1.3276581058751993,0.9994627450271748,0.1840553172750088,Citation_Field_Diversity,Citation_Field_Diversity_p,hss_reference_share,HSS参考文献占比,OLS,15843,Citation_Field_Diversity ~ HSS_Continuous * hss_reference_share + log_team_size + log_prior_knowledge + C(year) + C(arxiv_primary_category)
C(arxiv_primary_category)[T.eess.IV],-1.0758306742326045,0.9934545350220454,0.2788444300935541,Citation_Field_Diversity,Citation_Field_Diversity_p,hss_reference_share,HSS参考文献占比,OLS,15843,Citation_Field_Diversity ~ HSS_Continuous * hss_reference_share + log_team_size + log_prior_knowledge + C(year) + C(arxiv_primary_category)
C(arxiv_primary_category)[T.eess.SP],-2.35272999471556,1.0094819329443563,0.01977281976143879,Citation_Field_Diversity,Citation_Field_Diversity_p,hss_reference_share,HSS参考文献占比,OLS,15843,Citation_Field_Diversity ~ HSS_Continuous * hss_reference_share + log_team_size + log_prior_knowledge + C(year) + C(arxiv_primary_category)
C(arxiv_primary_category)[T.eess.SY],-2.7331702939949323,1.1116947292073984,0.01394947308209752,Citation_Field_Diversity,Citation_Field_Diversity_p,hss_reference_share,HSS参考文献占比,OLS,15843,Citation_Field_Diversity ~ HSS_Continuous * hss_reference_share + log_team_size + log_prior_knowledge + C(year) + C(arxiv_primary_category)
C(arxiv_primary_category)[T.gr-qc],-3.8502958055456644,0.9877051696048503,9.690083884683658e-05,Citation_Field_Diversity,Citation_Field_Diversity_p,hss_reference_share,HSS参考文献占比,OLS,15843,Citation_Field_Diversity ~ HSS_Continuous * hss_reference_share + log_team_size + log_prior_knowledge + C(year) + C(arxiv_primary_category)
C(arxiv_primary_category)[T.hep-ex],2.652302176495036,1.5626115707101993,0.0896300951343373,Citation_Field_Diversity,Citation_Field_Diversity_p,hss_reference_share,HSS参考文献占比,OLS,15843,Citation_Field_Diversity ~ HSS_Continuous * hss_reference_share + log_team_size + log_prior_knowledge + C(year) + C(arxiv_primary_category)
C(arxiv_primary_category)[T.hep-lat],0.1434570312528408,1.7326490319312997,0.9340134642931445,Citation_Field_Diversity,Citation_Field_Diversity_p,hss_reference_share,HSS参考文献占比,OLS,15843,Citation_Field_Diversity ~ HSS_Continuous * hss_reference_share + log_team_size + log_prior_knowledge + C(year) + C(arxiv_primary_category)
C(arxiv_primary_category)[T.hep-ph],1.7086329626130485,1.542296984058132,0.2679268126352995,Citation_Field_Diversity,Citation_Field_Diversity_p,hss_reference_share,HSS参考文献占比,OLS,15843,Citation_Field_Diversity ~ HSS_Continuous * hss_reference_share + log_team_size + log_prior_knowledge + C(year) + C(arxiv_primary_category)
C(arxiv_primary_category)[T.hep-th],5.66084463146219,1.2600069309821211,7.032280742844566e-06,Citation_Field_Diversity,Citation_Field_Diversity_p,hss_reference_share,HSS参考文献占比,OLS,15843,Citation_Field_Diversity ~ HSS_Continuous * hss_reference_share + log_team_size + log_prior_knowledge + C(year) + C(arxiv_primary_category)
C(arxiv_primary_category)[T.math-ph],-5.1284824359897465,0.9852159322811186,1.935374605854896e-07,Citation_Field_Diversity,Citation_Field_Diversity_p,hss_reference_share,HSS参考文献占比,OLS,15843,Citation_Field_Diversity ~ HSS_Continuous * hss_reference_share + log_team_size + log_prior_knowledge + C(year) + C(arxiv_primary_category)
C(arxiv_primary_category)[T.math.AG],-2.3518702033429646,0.9869892021582755,0.017178106117390315,Citation_Field_Diversity,Citation_Field_Diversity_p,hss_reference_share,HSS参考文献占比,OLS,15843,Citation_Field_Diversity ~ HSS_Continuous * hss_reference_share + log_team_size + log_prior_knowledge + C(year) + C(arxiv_primary_category)
C(arxiv_primary_category)[T.math.AP],-3.227565320221197,1.2044117415154847,0.007366931419261991,Citation_Field_Diversity,Citation_Field_Diversity_p,hss_reference_share,HSS参考文献占比,OLS,15843,Citation_Field_Diversity ~ HSS_Continuous * hss_reference_share + log_team_size + log_prior_knowledge + C(year) + C(arxiv_primary_category)
C(arxiv_primary_category)[T.math.CO],-4.024863117895429,1.4983698922700064,0.007227820119038555,Citation_Field_Diversity,Citation_Field_Diversity_p,hss_reference_share,HSS参考文献占比,OLS,15843,Citation_Field_Diversity ~ HSS_Continuous * hss_reference_share + log_team_size + log_prior_knowledge + C(year) + C(arxiv_primary_category)
C(arxiv_primary_category)[T.math.DS],-5.092048939860555,1.5135850737046783,0.0007675743177200202,Citation_Field_Diversity,Citation_Field_Diversity_p,hss_reference_share,HSS参考文献占比,OLS,15843,Citation_Field_Diversity ~ HSS_Continuous * hss_reference_share + log_team_size + log_prior_knowledge + C(year) + C(arxiv_primary_category)
C(arxiv_primary_category)[T.math.GM],-8.205938302113955,1.033437570227224,2.014821382933416e-15,Citation_Field_Diversity,Citation_Field_Diversity_p,hss_reference_share,HSS参考文献占比,OLS,15843,Citation_Field_Diversity ~ HSS_Continuous * hss_reference_share + log_team_size + log_prior_knowledge + C(year) + C(arxiv_primary_category)
C(arxiv_primary_category)[T.math.GR],-1.820379452931726,0.9907719913816784,0.06616054594081136,Citation_Field_Diversity,Citation_Field_Diversity_p,hss_reference_share,HSS参考文献占比,OLS,15843,Citation_Field_Diversity ~ HSS_Continuous * hss_reference_share + log_team_size + log_prior_knowledge + C(year) + C(arxiv_primary_category)
C(arxiv_primary_category)[T.math.LO],-0.2942491606407567,0.9915174462929504,0.7666447842132933,Citation_Field_Diversity,Citation_Field_Diversity_p,hss_reference_share,HSS参考文献占比,OLS,15843,Citation_Field_Diversity ~ HSS_Continuous * hss_reference_share + log_team_size + log_prior_knowledge + C(year) + C(arxiv_primary_category)
C(arxiv_primary_category)[T.math.NA],-1.3453816810566348,1.2244213471636622,0.27185976447488325,Citation_Field_Diversity,Citation_Field_Diversity_p,hss_reference_share,HSS参考文献占比,OLS,15843,Citation_Field_Diversity ~ HSS_Continuous * hss_reference_share + log_team_size + log_prior_knowledge + C(year) + C(arxiv_primary_category)
C(arxiv_primary_category)[T.math.NT],-7.154075947382879,1.025617067071839,3.050299905089905e-12,Citation_Field_Diversity,Citation_Field_Diversity_p,hss_reference_share,HSS参考文献占比,OLS,15843,Citation_Field_Diversity ~ HSS_Continuous * hss_reference_share + log_team_size + log_prior_knowledge + C(year) + C(arxiv_primary_category)
C(arxiv_primary_category)[T.math.OC],-0.4937064965992405,1.125788088819539,0.6609926993912401,Citation_Field_Diversity,Citation_Field_Diversity_p,hss_reference_share,HSS参考文献占比,OLS,15843,Citation_Field_Diversity ~ HSS_Continuous * hss_reference_share + log_team_size + log_prior_knowledge + C(year) + C(arxiv_primary_category)
C(arxiv_primary_category)[T.math.PR],-2.7703808309763747,1.2440865123717575,0.02595801082459538,Citation_Field_Diversity,Citation_Field_Diversity_p,hss_reference_share,HSS参考文献占比,OLS,15843,Citation_Field_Diversity ~ HSS_Continuous * hss_reference_share + log_team_size + log_prior_knowledge + C(year) + C(arxiv_primary_category)
C(arxiv_primary_category)[T.math.ST],-1.8207353599855363,1.4552605026668952,0.21088321992604064,Citation_Field_Diversity,Citation_Field_Diversity_p,hss_reference_share,HSS参考文献占比,OLS,15843,Citation_Field_Diversity ~ HSS_Continuous * hss_reference_share + log_team_size + log_prior_knowledge + C(year) + C(arxiv_primary_category)
C(arxiv_primary_category)[T.nlin.AO],-1.89502143359165,1.2229914018228052,0.12126230677305745,Citation_Field_Diversity,Citation_Field_Diversity_p,hss_reference_share,HSS参考文献占比,OLS,15843,Citation_Field_Diversity ~ HSS_Continuous * hss_reference_share + log_team_size + log_prior_knowledge + C(year) + C(arxiv_primary_category)
C(arxiv_primary_category)[T.nlin.PS],-5.316110444507677,0.9814603044888481,6.076636212645934e-08,Citation_Field_Diversity,Citation_Field_Diversity_p,hss_reference_share,HSS参考文献占比,OLS,15843,Citation_Field_Diversity ~ HSS_Continuous * hss_reference_share + log_team_size + log_prior_knowledge + C(year) + C(arxiv_primary_category)
C(arxiv_primary_category)[T.nucl-th],-5.508661020757134,0.9850317481377691,2.2399213311129504e-08,Citation_Field_Diversity,Citation_Field_Diversity_p,hss_reference_share,HSS参考文献占比,OLS,15843,Citation_Field_Diversity ~ HSS_Continuous * hss_reference_share + log_team_size + log_prior_knowledge + C(year) + C(arxiv_primary_category)
C(arxiv_primary_category)[T.physics.acc-ph],-2.128737180018781,1.0266280830005403,0.03812361138377513,Citation_Field_Diversity,Citation_Field_Diversity_p,hss_reference_share,HSS参考文献占比,OLS,15843,Citation_Field_Diversity ~ HSS_Continuous * hss_reference_share + log_team_size + log_prior_knowledge + C(year) + C(arxiv_primary_category)
C(arxiv_primary_category)[T.physics.ao-ph],1.0731484578713797,1.6120847775344316,0.5056093688105778,Citation_Field_Diversity,Citation_Field_Diversity_p,hss_reference_share,HSS参考文献占比,OLS,15843,Citation_Field_Diversity ~ HSS_Continuous * hss_reference_share + log_team_size + log_prior_knowledge + C(year) + C(arxiv_primary_category)
C(arxiv_primary_category)[T.physics.app-ph],-1.3895828733375968,1.2238107592527947,0.2561844430907999,Citation_Field_Diversity,Citation_Field_Diversity_p,hss_reference_share,HSS参考文献占比,OLS,15843,Citation_Field_Diversity ~ HSS_Continuous * hss_reference_share + log_team_size + log_prior_knowledge + C(year) + C(arxiv_primary_category)
C(arxiv_primary_category)[T.physics.atom-ph],-5.045714235896124,0.979869256208323,2.613559045260315e-07,Citation_Field_Diversity,Citation_Field_Diversity_p,hss_reference_share,HSS参考文献占比,OLS,15843,Citation_Field_Diversity ~ HSS_Continuous * hss_reference_share + log_team_size + log_prior_knowledge + C(year) + C(arxiv_primary_category)
C(arxiv_primary_category)[T.physics.bio-ph],-3.081489617251935,1.1453028651652448,0.007133527914973771,Citation_Field_Diversity,Citation_Field_Diversity_p,hss_reference_share,HSS参考文献占比,OLS,15843,Citation_Field_Diversity ~ HSS_Continuous * hss_reference_share + log_team_size + log_prior_knowledge + C(year) + C(arxiv_primary_category)
C(arxiv_primary_category)[T.physics.chem-ph],0.6469905249491805,1.8294733339636238,0.7236023123437728,Citation_Field_Diversity,Citation_Field_Diversity_p,hss_reference_share,HSS参考文献占比,OLS,15843,Citation_Field_Diversity ~ HSS_Continuous * hss_reference_share + log_team_size + log_prior_knowledge + C(year) + C(arxiv_primary_category)
C(arxiv_primary_category)[T.physics.comp-ph],0.4116370042581887,1.4929137449912075,0.7827575626978218,Citation_Field_Diversity,Citation_Field_Diversity_p,hss_reference_share,HSS参考文献占比,OLS,15843,Citation_Field_Diversity ~ HSS_Continuous * hss_reference_share + log_team_size + log_prior_knowledge + C(year) + C(arxiv_primary_category)
C(arxiv_primary_category)[T.physics.data-an],0.20967806061582514,1.6822664035184083,0.9008083828888991,Citation_Field_Diversity,Citation_Field_Diversity_p,hss_reference_share,HSS参考文献占比,OLS,15843,Citation_Field_Diversity ~ HSS_Continuous * hss_reference_share + log_team_size + log_prior_knowledge + C(year) + C(arxiv_primary_category)
C(arxiv_primary_category)[T.physics.ed-ph],-1.4615000299822387,1.9402392116313283,0.45129510206507106,Citation_Field_Diversity,Citation_Field_Diversity_p,hss_reference_share,HSS参考文献占比,OLS,15843,Citation_Field_Diversity ~ HSS_Continuous * hss_reference_share + log_team_size + log_prior_knowledge + C(year) + C(arxiv_primary_category)
C(arxiv_primary_category)[T.physics.flu-dyn],-2.090185866718816,1.5305537803126132,0.1720519026559405,Citation_Field_Diversity,Citation_Field_Diversity_p,hss_reference_share,HSS参考文献占比,OLS,15843,Citation_Field_Diversity ~ HSS_Continuous * hss_reference_share + log_team_size + log_prior_knowledge + C(year) + C(arxiv_primary_category)
C(arxiv_primary_category)[T.physics.geo-ph],-0.4123190303991222,1.565629896768788,0.7922757068686633,Citation_Field_Diversity,Citation_Field_Diversity_p,hss_reference_share,HSS参考文献占比,OLS,15843,Citation_Field_Diversity ~ HSS_Continuous * hss_reference_share + log_team_size + log_prior_knowledge + C(year) + C(arxiv_primary_category)
C(arxiv_primary_category)[T.physics.ins-det],-3.3805203598907787,1.247072674374803,0.0067128280762344065,Citation_Field_Diversity,Citation_Field_Diversity_p,hss_reference_share,HSS参考文献占比,OLS,15843,Citation_Field_Diversity ~ HSS_Continuous * hss_reference_share + log_team_size + log_prior_knowledge + C(year) + C(arxiv_primary_category)
C(arxiv_primary_category)[T.physics.med-ph],-0.6772771648807688,1.1622289770675585,0.5600684278973602,Citation_Field_Diversity,Citation_Field_Diversity_p,hss_reference_share,HSS参考文献占比,OLS,15843,Citation_Field_Diversity ~ HSS_Continuous * hss_reference_share + log_team_size + log_prior_knowledge + C(year) + C(arxiv_primary_category)
C(arxiv_primary_category)[T.physics.optics],-2.695297609132209,1.307177923773921,0.03921525804509891,Citation_Field_Diversity,Citation_Field_Diversity_p,hss_reference_share,HSS参考文献占比,OLS,15843,Citation_Field_Diversity ~ HSS_Continuous * hss_reference_share + log_team_size + log_prior_knowledge + C(year) + C(arxiv_primary_category)
C(arxiv_primary_category)[T.physics.soc-ph],-3.0689531659414424,1.4863625334315667,0.03894754470038111,Citation_Field_Diversity,Citation_Field_Diversity_p,hss_reference_share,HSS参考文献占比,OLS,15843,Citation_Field_Diversity ~ HSS_Continuous * hss_reference_share + log_team_size + log_prior_knowledge + C(year) + C(arxiv_primary_category)
C(arxiv_primary_category)[T.physics.space-ph],0.8641609878070471,1.0302497908914925,0.401588380469145,Citation_Field_Diversity,Citation_Field_Diversity_p,hss_reference_share,HSS参考文献占比,OLS,15843,Citation_Field_Diversity ~ HSS_Continuous * hss_reference_share + log_team_size + log_prior_knowledge + C(year) + C(arxiv_primary_category)
C(arxiv_primary_category)[T.q-bio.BM],0.9568966560304614,1.4953720415692264,0.5222340979750647,Citation_Field_Diversity,Citation_Field_Diversity_p,hss_reference_share,HSS参考文献占比,OLS,15843,Citation_Field_Diversity ~ HSS_Continuous * hss_reference_share + log_team_size + log_prior_knowledge + C(year) + C(arxiv_primary_category)
C(arxiv_primary_category)[T.q-bio.GN],-1.4469686850341639,1.7478452668495181,0.40775059963833427,Citation_Field_Diversity,Citation_Field_Diversity_p,hss_reference_share,HSS参考文献占比,OLS,15843,Citation_Field_Diversity ~ HSS_Continuous * hss_reference_share + log_team_size + log_prior_knowledge + C(year) + C(arxiv_primary_category)
C(arxiv_primary_category)[T.q-bio.MN],-6.323167479723811,1.2079853885426608,1.6545582494201016e-07,Citation_Field_Diversity,Citation_Field_Diversity_p,hss_reference_share,HSS参考文献占比,OLS,15843,Citation_Field_Diversity ~ HSS_Continuous * hss_reference_share + log_team_size + log_prior_knowledge + C(year) + C(arxiv_primary_category)
C(arxiv_primary_category)[T.q-bio.NC],-2.5894536682597,1.06635983856901,0.015169315765506291,Citation_Field_Diversity,Citation_Field_Diversity_p,hss_reference_share,HSS参考文献占比,OLS,15843,Citation_Field_Diversity ~ HSS_Continuous * hss_reference_share + log_team_size + log_prior_knowledge + C(year) + C(arxiv_primary_category)
C(arxiv_primary_category)[T.q-bio.OT],0.03706638080900485,3.0227946725587382,0.9902163543897375,Citation_Field_Diversity,Citation_Field_Diversity_p,hss_reference_share,HSS参考文献占比,OLS,15843,Citation_Field_Diversity ~ HSS_Continuous * hss_reference_share + log_team_size + log_prior_knowledge + C(year) + C(arxiv_primary_category)
C(arxiv_primary_category)[T.q-bio.PE],-0.712464270074989,2.599980898992359,0.7840640781777519,Citation_Field_Diversity,Citation_Field_Diversity_p,hss_reference_share,HSS参考文献占比,OLS,15843,Citation_Field_Diversity ~ HSS_Continuous * hss_reference_share + log_team_size + log_prior_knowledge + C(year) + C(arxiv_primary_category)
C(arxiv_primary_category)[T.q-bio.QM],-1.1406850243678193,1.2241636544510588,0.35143595465194644,Citation_Field_Diversity,Citation_Field_Diversity_p,hss_reference_share,HSS参考文献占比,OLS,15843,Citation_Field_Diversity ~ HSS_Continuous * hss_reference_share + log_team_size + log_prior_knowledge + C(year) + C(arxiv_primary_category)
C(arxiv_primary_category)[T.q-bio.TO],-0.4842375872473704,3.3518129341994154,0.8851290681940973,Citation_Field_Diversity,Citation_Field_Diversity_p,hss_reference_share,HSS参考文献占比,OLS,15843,Citation_Field_Diversity ~ HSS_Continuous * hss_reference_share + log_team_size + log_prior_knowledge + C(year) + C(arxiv_primary_category)
C(arxiv_primary_category)[T.q-fin.CP],-2.3786790768024213,1.4483700178551695,0.10052484434348925,Citation_Field_Diversity,Citation_Field_Diversity_p,hss_reference_share,HSS参考文献占比,OLS,15843,Citation_Field_Diversity ~ HSS_Continuous * hss_reference_share + log_team_size + log_prior_knowledge + C(year) + C(arxiv_primary_category)
C(arxiv_primary_category)[T.q-fin.GN],-4.247057192985562,1.0428263877417332,4.6483102104096684e-05,Citation_Field_Diversity,Citation_Field_Diversity_p,hss_reference_share,HSS参考文献占比,OLS,15843,Citation_Field_Diversity ~ HSS_Continuous * hss_reference_share + log_team_size + log_prior_knowledge + C(year) + C(arxiv_primary_category)
C(arxiv_primary_category)[T.q-fin.MF],-2.7063207952661656,2.5057185838223415,0.28011646103695564,Citation_Field_Diversity,Citation_Field_Diversity_p,hss_reference_share,HSS参考文献占比,OLS,15843,Citation_Field_Diversity ~ HSS_Continuous * hss_reference_share + log_team_size + log_prior_knowledge + C(year) + C(arxiv_primary_category)
C(arxiv_primary_category)[T.q-fin.PM],-7.779877376655276,1.3263329854776447,4.472296418933443e-09,Citation_Field_Diversity,Citation_Field_Diversity_p,hss_reference_share,HSS参考文献占比,OLS,15843,Citation_Field_Diversity ~ HSS_Continuous * hss_reference_share + log_team_size + log_prior_knowledge + C(year) + C(arxiv_primary_category)
C(arxiv_primary_category)[T.q-fin.PR],7.01389096633394,1.0918155297783083,1.3268487133662705e-10,Citation_Field_Diversity,Citation_Field_Diversity_p,hss_reference_share,HSS参考文献占比,OLS,15843,Citation_Field_Diversity ~ HSS_Continuous * hss_reference_share + log_team_size + log_prior_knowledge + C(year) + C(arxiv_primary_category)
C(arxiv_primary_category)[T.q-fin.ST],0.6307669795104323,1.77218640828864,0.7218960854239669,Citation_Field_Diversity,Citation_Field_Diversity_p,hss_reference_share,HSS参考文献占比,OLS,15843,Citation_Field_Diversity ~ HSS_Continuous * hss_reference_share + log_team_size + log_prior_knowledge + C(year) + C(arxiv_primary_category)
C(arxiv_primary_category)[T.q-fin.TR],-1.3193937857365818,1.4054805932552494,0.3478595252521165,Citation_Field_Diversity,Citation_Field_Diversity_p,hss_reference_share,HSS参考文献占比,OLS,15843,Citation_Field_Diversity ~ HSS_Continuous * hss_reference_share + log_team_size + log_prior_knowledge + C(year) + C(arxiv_primary_category)
C(arxiv_primary_category)[T.quant-ph],-0.7187116567369894,1.0490917222246756,0.49329350039781916,Citation_Field_Diversity,Citation_Field_Diversity_p,hss_reference_share,HSS参考文献占比,OLS,15843,Citation_Field_Diversity ~ HSS_Continuous * hss_reference_share + log_team_size + log_prior_knowledge + C(year) + C(arxiv_primary_category)
C(arxiv_primary_category)[T.stat.AP],-1.6529914899591782,1.203266260653066,0.16951815625507105,Citation_Field_Diversity,Citation_Field_Diversity_p,hss_reference_share,HSS参考文献占比,OLS,15843,Citation_Field_Diversity ~ HSS_Continuous * hss_reference_share + log_team_size + log_prior_knowledge + C(year) + C(arxiv_primary_category)
C(arxiv_primary_category)[T.stat.CO],-0.36744870422254916,3.1436139049391207,0.9069493212969185,Citation_Field_Diversity,Citation_Field_Diversity_p,hss_reference_share,HSS参考文献占比,OLS,15843,Citation_Field_Diversity ~ HSS_Continuous * hss_reference_share + log_team_size + log_prior_knowledge + C(year) + C(arxiv_primary_category)
C(arxiv_primary_category)[T.stat.ME],-3.8378237563846693,1.3349244737212715,0.0040410812670890915,Citation_Field_Diversity,Citation_Field_Diversity_p,hss_reference_share,HSS参考文献占比,OLS,15843,Citation_Field_Diversity ~ HSS_Continuous * hss_reference_share + log_team_size + log_prior_knowledge + C(year) + C(arxiv_primary_category)
C(arxiv_primary_category)[T.stat.ML],1.3355851381538384,1.0052485317215782,0.1839760517178538,Citation_Field_Diversity,Citation_Field_Diversity_p,hss_reference_share,HSS参考文献占比,OLS,15843,Citation_Field_Diversity ~ HSS_Continuous * hss_reference_share + log_team_size + log_prior_knowledge + C(year) + C(arxiv_primary_category)
HSS_Continuous,-0.010251083150104262,0.056550167465525276,0.8561524005950737,Citation_Field_Diversity,Citation_Field_Diversity_p,hss_reference_share,HSS参考文献占比,OLS,15843,Citation_Field_Diversity ~ HSS_Continuous * hss_reference_share + log_team_size + log_prior_knowledge + C(year) + C(arxiv_primary_category)
hss_reference_share,-0.5523629712175233,0.5337740746475835,0.3007504577754522,Citation_Field_Diversity,Citation_Field_Diversity_p,hss_reference_share,HSS参考文献占比,OLS,15843,Citation_Field_Diversity ~ HSS_Continuous * hss_reference_share + log_team_size + log_prior_knowledge + C(year) + C(arxiv_primary_category)
HSS_Continuous:hss_reference_share,0.3421318159401683,0.16780708770305483,0.04146599083841632,Citation_Field_Diversity,Citation_Field_Diversity_p,hss_reference_share,HSS参考文献占比,OLS,15843,Citation_Field_Diversity ~ HSS_Continuous * hss_reference_share + log_team_size + log_prior_knowledge + C(year) + C(arxiv_primary_category)
log_team_size,0.7539939476026726,0.12035326321021836,3.7320820734209393e-10,Citation_Field_Diversity,Citation_Field_Diversity_p,hss_reference_share,HSS参考文献占比,OLS,15843,Citation_Field_Diversity ~ HSS_Continuous * hss_reference_share + log_team_size + log_prior_knowledge + C(year) + C(arxiv_primary_category)
log_prior_knowledge,0.6793564316150639,0.039263825862085294,4.515917153066594e-67,Citation_Field_Diversity,Citation_Field_Diversity_p,hss_reference_share,HSS参考文献占比,OLS,15843,Citation_Field_Diversity ~ HSS_Continuous * hss_reference_share + log_team_size + log_prior_knowledge + C(year) + C(arxiv_primary_category)
Intercept,5.20467486853602,1.2943451073701384,5.7930092243461644e-05,Citation_Field_Diversity,Citation_Field_Diversity_p,cs_core_reference_share,CS核心参考文献占比,OLS,15843,Citation_Field_Diversity ~ HSS_Continuous * cs_core_reference_share + log_team_size + log_prior_knowledge + C(year) + C(arxiv_primary_category)
C(year)[T.2015],0.9641749236356458,1.0438612745487594,0.35566235700200954,Citation_Field_Diversity,Citation_Field_Diversity_p,cs_core_reference_share,CS核心参考文献占比,OLS,15843,Citation_Field_Diversity ~ HSS_Continuous * cs_core_reference_share + log_team_size + log_prior_knowledge + C(year) + C(arxiv_primary_category)
C(year)[T.2016],0.8477710865287312,0.9121191119731182,0.35265480259566173,Citation_Field_Diversity,Citation_Field_Diversity_p,cs_core_reference_share,CS核心参考文献占比,OLS,15843,Citation_Field_Diversity ~ HSS_Continuous * cs_core_reference_share + log_team_size + log_prior_knowledge + C(year) + C(arxiv_primary_category)
C(year)[T.2017],-1.0894268890331449,0.8837445627023959,0.21767294492081535,Citation_Field_Diversity,Citation_Field_Diversity_p,cs_core_reference_share,CS核心参考文献占比,OLS,15843,Citation_Field_Diversity ~ HSS_Continuous * cs_core_reference_share + log_team_size + log_prior_knowledge + C(year) + C(arxiv_primary_category)
C(year)[T.2018],-2.1040564842809815,0.8795601302028959,0.016749127724274445,Citation_Field_Diversity,Citation_Field_Diversity_p,cs_core_reference_share,CS核心参考文献占比,OLS,15843,Citation_Field_Diversity ~ HSS_Continuous * cs_core_reference_share + log_team_size + log_prior_knowledge + C(year) + C(arxiv_primary_category)
C(year)[T.2019],-2.47879524906236,0.8776036993730498,0.00473538420975473,Citation_Field_Diversity,Citation_Field_Diversity_p,cs_core_reference_share,CS核心参考文献占比,OLS,15843,Citation_Field_Diversity ~ HSS_Continuous * cs_core_reference_share + log_team_size + log_prior_knowledge + C(year) + C(arxiv_primary_category)
C(year)[T.2020],-3.3916661160518666,0.8762209045644396,0.00010848372439051781,Citation_Field_Diversity,Citation_Field_Diversity_p,cs_core_reference_share,CS核心参考文献占比,OLS,15843,Citation_Field_Diversity ~ HSS_Continuous * cs_core_reference_share + log_team_size + log_prior_knowledge + C(year) + C(arxiv_primary_category)
C(year)[T.2021],-4.516490706655876,0.8759326444319568,2.520012711592986e-07,Citation_Field_Diversity,Citation_Field_Diversity_p,cs_core_reference_share,CS核心参考文献占比,OLS,15843,Citation_Field_Diversity ~ HSS_Continuous * cs_core_reference_share + log_team_size + log_prior_knowledge + C(year) + C(arxiv_primary_category)
C(year)[T.2022],-3.208237496589424,1.0806246427449584,0.0029889394604920624,Citation_Field_Diversity,Citation_Field_Diversity_p,cs_core_reference_share,CS核心参考文献占比,OLS,15843,Citation_Field_Diversity ~ HSS_Continuous * cs_core_reference_share + log_team_size + log_prior_knowledge + C(year) + C(arxiv_primary_category)
C(year)[T.2023],-4.104966907839725,0.90992251417577,6.442034325955192e-06,Citation_Field_Diversity,Citation_Field_Diversity_p,cs_core_reference_share,CS核心参考文献占比,OLS,15843,Citation_Field_Diversity ~ HSS_Continuous * cs_core_reference_share + log_team_size + log_prior_knowledge + C(year) + C(arxiv_primary_category)
C(year)[T.2024],-5.4583117791778255,1.169375176476443,3.0456578359087244e-06,Citation_Field_Diversity,Citation_Field_Diversity_p,cs_core_reference_share,CS核心参考文献占比,OLS,15843,Citation_Field_Diversity ~ HSS_Continuous * cs_core_reference_share + log_team_size + log_prior_knowledge + C(year) + C(arxiv_primary_category)
C(year)[T.2025],-8.181784937050251,0.9302682002487715,1.4294377997541327e-18,Citation_Field_Diversity,Citation_Field_Diversity_p,cs_core_reference_share,CS核心参考文献占比,OLS,15843,Citation_Field_Diversity ~ HSS_Continuous * cs_core_reference_share + log_team_size + log_prior_knowledge + C(year) + C(arxiv_primary_category)
C(arxiv_primary_category)[T.astro-ph.GA],-2.591141308840972,1.2340054565334835,0.035748103430718506,Citation_Field_Diversity,Citation_Field_Diversity_p,cs_core_reference_share,CS核心参考文献占比,OLS,15843,Citation_Field_Diversity ~ HSS_Continuous * cs_core_reference_share + log_team_size + log_prior_knowledge + C(year) + C(arxiv_primary_category)
C(arxiv_primary_category)[T.astro-ph.HE],-5.247131548449211,0.9492249025766324,3.2425947849651154e-08,Citation_Field_Diversity,Citation_Field_Diversity_p,cs_core_reference_share,CS核心参考文献占比,OLS,15843,Citation_Field_Diversity ~ HSS_Continuous * cs_core_reference_share + log_team_size + log_prior_knowledge + C(year) + C(arxiv_primary_category)
C(arxiv_primary_category)[T.astro-ph.IM],-1.6490357887660962,1.2128352587066091,0.17393957749472755,Citation_Field_Diversity,Citation_Field_Diversity_p,cs_core_reference_share,CS核心参考文献占比,OLS,15843,Citation_Field_Diversity ~ HSS_Continuous * cs_core_reference_share + log_team_size + log_prior_knowledge + C(year) + C(arxiv_primary_category)
C(arxiv_primary_category)[T.astro-ph.SR],-3.140524679823806,1.1917328039008688,0.008407308746604029,Citation_Field_Diversity,Citation_Field_Diversity_p,cs_core_reference_share,CS核心参考文献占比,OLS,15843,Citation_Field_Diversity ~ HSS_Continuous * cs_core_reference_share + log_team_size + log_prior_knowledge + C(year) + C(arxiv_primary_category)
C(arxiv_primary_category)[T.cond-mat.dis-nn],0.6674803168593261,1.689964217178503,0.6928671462881555,Citation_Field_Diversity,Citation_Field_Diversity_p,cs_core_reference_share,CS核心参考文献占比,OLS,15843,Citation_Field_Diversity ~ HSS_Continuous * cs_core_reference_share + log_team_size + log_prior_knowledge + C(year) + C(arxiv_primary_category)
C(arxiv_primary_category)[T.cond-mat.mes-hall],-0.49970527755440747,0.9516482796433017,0.5995174993452727,Citation_Field_Diversity,Citation_Field_Diversity_p,cs_core_reference_share,CS核心参考文献占比,OLS,15843,Citation_Field_Diversity ~ HSS_Continuous * cs_core_reference_share + log_team_size + log_prior_knowledge + C(year) + C(arxiv_primary_category)
C(arxiv_primary_category)[T.cond-mat.mtrl-sci],-1.405941291328727,1.2881776225648287,0.2750886381421418,Citation_Field_Diversity,Citation_Field_Diversity_p,cs_core_reference_share,CS核心参考文献占比,OLS,15843,Citation_Field_Diversity ~ HSS_Continuous * cs_core_reference_share + log_team_size + log_prior_knowledge + C(year) + C(arxiv_primary_category)
C(arxiv_primary_category)[T.cond-mat.other],-2.2995082703281056,0.9525401633991804,0.015774993181729126,Citation_Field_Diversity,Citation_Field_Diversity_p,cs_core_reference_share,CS核心参考文献占比,OLS,15843,Citation_Field_Diversity ~ HSS_Continuous * cs_core_reference_share + log_team_size + log_prior_knowledge + C(year) + C(arxiv_primary_category)
C(arxiv_primary_category)[T.cond-mat.soft],-2.8137361235692504,2.0279216990516966,0.1652901375715553,Citation_Field_Diversity,Citation_Field_Diversity_p,cs_core_reference_share,CS核心参考文献占比,OLS,15843,Citation_Field_Diversity ~ HSS_Continuous * cs_core_reference_share + log_team_size + log_prior_knowledge + C(year) + C(arxiv_primary_category)
C(arxiv_primary_category)[T.cond-mat.stat-mech],-1.662430310783962,1.1880714311207947,0.1617326379955909,Citation_Field_Diversity,Citation_Field_Diversity_p,cs_core_reference_share,CS核心参考文献占比,OLS,15843,Citation_Field_Diversity ~ HSS_Continuous * cs_core_reference_share + log_team_size + log_prior_knowledge + C(year) + C(arxiv_primary_category)
C(arxiv_primary_category)[T.cond-mat.str-el],-0.11878667631641181,0.9475842615835557,0.900240631099414,Citation_Field_Diversity,Citation_Field_Diversity_p,cs_core_reference_share,CS核心参考文献占比,OLS,15843,Citation_Field_Diversity ~ HSS_Continuous * cs_core_reference_share + log_team_size + log_prior_knowledge + C(year) + C(arxiv_primary_category)
C(arxiv_primary_category)[T.cs.AI],-0.8676174156089255,0.9939602539954707,0.3827233393212711,Citation_Field_Diversity,Citation_Field_Diversity_p,cs_core_reference_share,CS核心参考文献占比,OLS,15843,Citation_Field_Diversity ~ HSS_Continuous * cs_core_reference_share + log_team_size + log_prior_knowledge + C(year) + C(arxiv_primary_category)
C(arxiv_primary_category)[T.cs.AR],-2.5815895045275385,1.1103956903361705,0.020075835863802283,Citation_Field_Diversity,Citation_Field_Diversity_p,cs_core_reference_share,CS核心参考文献占比,OLS,15843,Citation_Field_Diversity ~ HSS_Continuous * cs_core_reference_share + log_team_size + log_prior_knowledge + C(year) + C(arxiv_primary_category)
C(arxiv_primary_category)[T.cs.CC],-4.517878340726872,1.409505012584895,0.001349244613118818,Citation_Field_Diversity,Citation_Field_Diversity_p,cs_core_reference_share,CS核心参考文献占比,OLS,15843,Citation_Field_Diversity ~ HSS_Continuous * cs_core_reference_share + log_team_size + log_prior_knowledge + C(year) + C(arxiv_primary_category)
C(arxiv_primary_category)[T.cs.CE],-0.45226638186483514,1.2831835000557255,0.7244959262847119,Citation_Field_Diversity,Citation_Field_Diversity_p,cs_core_reference_share,CS核心参考文献占比,OLS,15843,Citation_Field_Diversity ~ HSS_Continuous * cs_core_reference_share + log_team_size + log_prior_knowledge + C(year) + C(arxiv_primary_category)
C(arxiv_primary_category)[T.cs.CG],-0.34893717523824924,1.6525408240435036,0.832768723643352,Citation_Field_Diversity,Citation_Field_Diversity_p,cs_core_reference_share,CS核心参考文献占比,OLS,15843,Citation_Field_Diversity ~ HSS_Continuous * cs_core_reference_share + log_team_size + log_prior_knowledge + C(year) + C(arxiv_primary_category)
C(arxiv_primary_category)[T.cs.CL],-0.9563282572245115,0.9559617171264002,0.3171249879448358,Citation_Field_Diversity,Citation_Field_Diversity_p,cs_core_reference_share,CS核心参考文献占比,OLS,15843,Citation_Field_Diversity ~ HSS_Continuous * cs_core_reference_share + log_team_size + log_prior_knowledge + C(year) + C(arxiv_primary_category)
C(arxiv_primary_category)[T.cs.CR],-1.5828676063193192,0.9991502155141384,0.11314506332116768,Citation_Field_Diversity,Citation_Field_Diversity_p,cs_core_reference_share,CS核心参考文献占比,OLS,15843,Citation_Field_Diversity ~ HSS_Continuous * cs_core_reference_share + log_team_size + log_prior_knowledge + C(year) + C(arxiv_primary_category)
C(arxiv_primary_category)[T.cs.CV],-0.26850942226897767,0.95423364877751,0.7784132033787974,Citation_Field_Diversity,Citation_Field_Diversity_p,cs_core_reference_share,CS核心参考文献占比,OLS,15843,Citation_Field_Diversity ~ HSS_Continuous * cs_core_reference_share + log_team_size + log_prior_knowledge + C(year) + C(arxiv_primary_category)
C(arxiv_primary_category)[T.cs.CY],0.9064082903493654,1.2079658718357682,0.45303840417641295,Citation_Field_Diversity,Citation_Field_Diversity_p,cs_core_reference_share,CS核心参考文献占比,OLS,15843,Citation_Field_Diversity ~ HSS_Continuous * cs_core_reference_share + log_team_size + log_prior_knowledge + C(year) + C(arxiv_primary_category)
C(arxiv_primary_category)[T.cs.DB],-2.243139096637261,1.3361367415383083,0.09318625233150334,Citation_Field_Diversity,Citation_Field_Diversity_p,cs_core_reference_share,CS核心参考文献占比,OLS,15843,Citation_Field_Diversity ~ HSS_Continuous * cs_core_reference_share + log_team_size + log_prior_knowledge + C(year) + C(arxiv_primary_category)
C(arxiv_primary_category)[T.cs.DC],-1.224136143699416,1.1954395298797316,0.30583287853712726,Citation_Field_Diversity,Citation_Field_Diversity_p,cs_core_reference_share,CS核心参考文献占比,OLS,15843,Citation_Field_Diversity ~ HSS_Continuous * cs_core_reference_share + log_team_size + log_prior_knowledge + C(year) + C(arxiv_primary_category)
C(arxiv_primary_category)[T.cs.DL],-5.714951983112709,1.2054610845866678,2.1278703275249546e-06,Citation_Field_Diversity,Citation_Field_Diversity_p,cs_core_reference_share,CS核心参考文献占比,OLS,15843,Citation_Field_Diversity ~ HSS_Continuous * cs_core_reference_share + log_team_size + log_prior_knowledge + C(year) + C(arxiv_primary_category)
C(arxiv_primary_category)[T.cs.DM],-3.563366579011852,0.9537532267112062,0.00018685809124564833,Citation_Field_Diversity,Citation_Field_Diversity_p,cs_core_reference_share,CS核心参考文献占比,OLS,15843,Citation_Field_Diversity ~ HSS_Continuous * cs_core_reference_share + log_team_size + log_prior_knowledge + C(year) + C(arxiv_primary_category)
C(arxiv_primary_category)[T.cs.DS],-3.2942492603544866,1.1758621759534003,0.005085607292203116,Citation_Field_Diversity,Citation_Field_Diversity_p,cs_core_reference_share,CS核心参考文献占比,OLS,15843,Citation_Field_Diversity ~ HSS_Continuous * cs_core_reference_share + log_team_size + log_prior_knowledge + C(year) + C(arxiv_primary_category)
C(arxiv_primary_category)[T.cs.ET],-0.8399020839337127,1.5269301059291707,0.5822787106584897,Citation_Field_Diversity,Citation_Field_Diversity_p,cs_core_reference_share,CS核心参考文献占比,OLS,15843,Citation_Field_Diversity ~ HSS_Continuous * cs_core_reference_share + log_team_size + log_prior_knowledge + C(year) + C(arxiv_primary_category)
C(arxiv_primary_category)[T.cs.FL],-0.8785267615880705,1.8432467893170887,0.6336333275636951,Citation_Field_Diversity,Citation_Field_Diversity_p,cs_core_reference_share,CS核心参考文献占比,OLS,15843,Citation_Field_Diversity ~ HSS_Continuous * cs_core_reference_share + log_team_size + log_prior_knowledge + C(year) + C(arxiv_primary_category)
C(arxiv_primary_category)[T.cs.GR],-0.0479191334017438,1.1081636393176624,0.9655086818283889,Citation_Field_Diversity,Citation_Field_Diversity_p,cs_core_reference_share,CS核心参考文献占比,OLS,15843,Citation_Field_Diversity ~ HSS_Continuous * cs_core_reference_share + log_team_size + log_prior_knowledge + C(year) + C(arxiv_primary_category)
C(arxiv_primary_category)[T.cs.GT],-2.8195726769427463,2.5513815689136266,0.2691093143901021,Citation_Field_Diversity,Citation_Field_Diversity_p,cs_core_reference_share,CS核心参考文献占比,OLS,15843,Citation_Field_Diversity ~ HSS_Continuous * cs_core_reference_share + log_team_size + log_prior_knowledge + C(year) + C(arxiv_primary_category)
C(arxiv_primary_category)[T.cs.HC],-2.692052338515654,1.0560947770593903,0.01080127220818662,Citation_Field_Diversity,Citation_Field_Diversity_p,cs_core_reference_share,CS核心参考文献占比,OLS,15843,Citation_Field_Diversity ~ HSS_Continuous * cs_core_reference_share + log_team_size + log_prior_knowledge + C(year) + C(arxiv_primary_category)
C(arxiv_primary_category)[T.cs.IR],-1.1227726745794182,0.9988733495313489,0.26099645005849315,Citation_Field_Diversity,Citation_Field_Diversity_p,cs_core_reference_share,CS核心参考文献占比,OLS,15843,Citation_Field_Diversity ~ HSS_Continuous * cs_core_reference_share + log_team_size + log_prior_knowledge + C(year) + C(arxiv_primary_category)
C(arxiv_primary_category)[T.cs.IT],-4.18049069262747,0.9546771282127202,1.192483125938962e-05,Citation_Field_Diversity,Citation_Field_Diversity_p,cs_core_reference_share,CS核心参考文献占比,OLS,15843,Citation_Field_Diversity ~ HSS_Continuous * cs_core_reference_share + log_team_size + log_prior_knowledge + C(year) + C(arxiv_primary_category)
C(arxiv_primary_category)[T.cs.LG],0.3631875301326083,0.9550048006084267,0.7037233538076962,Citation_Field_Diversity,Citation_Field_Diversity_p,cs_core_reference_share,CS核心参考文献占比,OLS,15843,Citation_Field_Diversity ~ HSS_Continuous * cs_core_reference_share + log_team_size + log_prior_knowledge + C(year) + C(arxiv_primary_category)
C(arxiv_primary_category)[T.cs.LO],-2.0883057030631496,1.4734452363359956,0.15639686761241609,Citation_Field_Diversity,Citation_Field_Diversity_p,cs_core_reference_share,CS核心参考文献占比,OLS,15843,Citation_Field_Diversity ~ HSS_Continuous * cs_core_reference_share + log_team_size + log_prior_knowledge + C(year) + C(arxiv_primary_category)
C(arxiv_primary_category)[T.cs.MA],-0.4648647181886085,2.5467122899136134,0.8551627077891573,Citation_Field_Diversity,Citation_Field_Diversity_p,cs_core_reference_share,CS核心参考文献占比,OLS,15843,Citation_Field_Diversity ~ HSS_Continuous * cs_core_reference_share + log_team_size + log_prior_knowledge + C(year) + C(arxiv_primary_category)
C(arxiv_primary_category)[T.cs.MM],-3.191762050855913,1.092245868149573,0.0034756707442362214,Citation_Field_Diversity,Citation_Field_Diversity_p,cs_core_reference_share,CS核心参考文献占比,OLS,15843,Citation_Field_Diversity ~ HSS_Continuous * cs_core_reference_share + log_team_size + log_prior_knowledge + C(year) + C(arxiv_primary_category)
C(arxiv_primary_category)[T.cs.MS],-2.868784620894858,1.671526403321611,0.08611329307528796,Citation_Field_Diversity,Citation_Field_Diversity_p,cs_core_reference_share,CS核心参考文献占比,OLS,15843,Citation_Field_Diversity ~ HSS_Continuous * cs_core_reference_share + log_team_size + log_prior_knowledge + C(year) + C(arxiv_primary_category)
C(arxiv_primary_category)[T.cs.NE],-0.8756483163767982,1.0541701944811435,0.40617039132551847,Citation_Field_Diversity,Citation_Field_Diversity_p,cs_core_reference_share,CS核心参考文献占比,OLS,15843,Citation_Field_Diversity ~ HSS_Continuous * cs_core_reference_share + log_team_size + log_prior_knowledge + C(year) + C(arxiv_primary_category)
C(arxiv_primary_category)[T.cs.NI],-3.576653017529243,1.0437870121277761,0.0006111618437366145,Citation_Field_Diversity,Citation_Field_Diversity_p,cs_core_reference_share,CS核心参考文献占比,OLS,15843,Citation_Field_Diversity ~ HSS_Continuous * cs_core_reference_share + log_team_size + log_prior_knowledge + C(year) + C(arxiv_primary_category)
C(arxiv_primary_category)[T.cs.OH],4.0248127568250185,3.0249507850011708,0.18334098887434658,Citation_Field_Diversity,Citation_Field_Diversity_p,cs_core_reference_share,CS核心参考文献占比,OLS,15843,Citation_Field_Diversity ~ HSS_Continuous * cs_core_reference_share + log_team_size + log_prior_knowledge + C(year) + C(arxiv_primary_category)
C(arxiv_primary_category)[T.cs.PF],-7.975662658996982,0.9613667752941695,1.075212076629069e-16,Citation_Field_Diversity,Citation_Field_Diversity_p,cs_core_reference_share,CS核心参考文献占比,OLS,15843,Citation_Field_Diversity ~ HSS_Continuous * cs_core_reference_share + log_team_size + log_prior_knowledge + C(year) + C(arxiv_primary_category)
C(arxiv_primary_category)[T.cs.PL],-3.4353522919199246,1.3090001570039673,0.008679938666398074,Citation_Field_Diversity,Citation_Field_Diversity_p,cs_core_reference_share,CS核心参考文献占比,OLS,15843,Citation_Field_Diversity ~ HSS_Continuous * cs_core_reference_share + log_team_size + log_prior_knowledge + C(year) + C(arxiv_primary_category)
C(arxiv_primary_category)[T.cs.RO],-1.1898411022220632,1.0302503798866798,0.24812941624416185,Citation_Field_Diversity,Citation_Field_Diversity_p,cs_core_reference_share,CS核心参考文献占比,OLS,15843,Citation_Field_Diversity ~ HSS_Continuous * cs_core_reference_share + log_team_size + log_prior_knowledge + C(year) + C(arxiv_primary_category)
C(arxiv_primary_category)[T.cs.SC],-1.383646792335428,0.9591114664643418,0.14912360590022897,Citation_Field_Diversity,Citation_Field_Diversity_p,cs_core_reference_share,CS核心参考文献占比,OLS,15843,Citation_Field_Diversity ~ HSS_Continuous * cs_core_reference_share + log_team_size + log_prior_knowledge + C(year) + C(arxiv_primary_category)
C(arxiv_primary_category)[T.cs.SD],-1.4620413423047829,0.9843268377691409,0.13745880636215183,Citation_Field_Diversity,Citation_Field_Diversity_p,cs_core_reference_share,CS核心参考文献占比,OLS,15843,Citation_Field_Diversity ~ HSS_Continuous * cs_core_reference_share + log_team_size + log_prior_knowledge + C(year) + C(arxiv_primary_category)
C(arxiv_primary_category)[T.cs.SE],-1.6372951618858334,1.045661470484639,0.11739579754373658,Citation_Field_Diversity,Citation_Field_Diversity_p,cs_core_reference_share,CS核心参考文献占比,OLS,15843,Citation_Field_Diversity ~ HSS_Continuous * cs_core_reference_share + log_team_size + log_prior_knowledge + C(year) + C(arxiv_primary_category)
C(arxiv_primary_category)[T.cs.SI],-1.839022821356093,1.0451883572207785,0.0784903622903419,Citation_Field_Diversity,Citation_Field_Diversity_p,cs_core_reference_share,CS核心参考文献占比,OLS,15843,Citation_Field_Diversity ~ HSS_Continuous * cs_core_reference_share + log_team_size + log_prior_knowledge + C(year) + C(arxiv_primary_category)
C(arxiv_primary_category)[T.econ.EM],-2.193953239415061,2.5582016638731537,0.3911048477940774,Citation_Field_Diversity,Citation_Field_Diversity_p,cs_core_reference_share,CS核心参考文献占比,OLS,15843,Citation_Field_Diversity ~ HSS_Continuous * cs_core_reference_share + log_team_size + log_prior_knowledge + C(year) + C(arxiv_primary_category)
C(arxiv_primary_category)[T.econ.GN],1.9820279499616043,0.9974441147709006,0.04691056653388364,Citation_Field_Diversity,Citation_Field_Diversity_p,cs_core_reference_share,CS核心参考文献占比,OLS,15843,Citation_Field_Diversity ~ HSS_Continuous * cs_core_reference_share + log_team_size + log_prior_knowledge + C(year) + C(arxiv_primary_category)
C(arxiv_primary_category)[T.eess.AS],-2.104914326507797,0.9719512887836359,0.030337311663608396,Citation_Field_Diversity,Citation_Field_Diversity_p,cs_core_reference_share,CS核心参考文献占比,OLS,15843,Citation_Field_Diversity ~ HSS_Continuous * cs_core_reference_share + log_team_size + log_prior_knowledge + C(year) + C(arxiv_primary_category)
C(arxiv_primary_category)[T.eess.IV],-1.4288795105001495,0.9628059050527815,0.13778810533537827,Citation_Field_Diversity,Citation_Field_Diversity_p,cs_core_reference_share,CS核心参考文献占比,OLS,15843,Citation_Field_Diversity ~ HSS_Continuous * cs_core_reference_share + log_team_size + log_prior_knowledge + C(year) + C(arxiv_primary_category)
C(arxiv_primary_category)[T.eess.SP],-2.4957154630056313,0.9792795782475503,0.01081804906292094,Citation_Field_Diversity,Citation_Field_Diversity_p,cs_core_reference_share,CS核心参考文献占比,OLS,15843,Citation_Field_Diversity ~ HSS_Continuous * cs_core_reference_share + log_team_size + log_prior_knowledge + C(year) + C(arxiv_primary_category)
C(arxiv_primary_category)[T.eess.SY],-2.667438547510744,1.0868782793132616,0.014119052288468064,Citation_Field_Diversity,Citation_Field_Diversity_p,cs_core_reference_share,CS核心参考文献占比,OLS,15843,Citation_Field_Diversity ~ HSS_Continuous * cs_core_reference_share + log_team_size + log_prior_knowledge + C(year) + C(arxiv_primary_category)
C(arxiv_primary_category)[T.gr-qc],-4.310732982318575,0.9578049093519636,6.774986546413902e-06,Citation_Field_Diversity,Citation_Field_Diversity_p,cs_core_reference_share,CS核心参考文献占比,OLS,15843,Citation_Field_Diversity ~ HSS_Continuous * cs_core_reference_share + log_team_size + log_prior_knowledge + C(year) + C(arxiv_primary_category)
C(arxiv_primary_category)[T.hep-ex],2.4802275156851237,1.6378910915416718,0.12995456127468047,Citation_Field_Diversity,Citation_Field_Diversity_p,cs_core_reference_share,CS核心参考文献占比,OLS,15843,Citation_Field_Diversity ~ HSS_Continuous * cs_core_reference_share + log_team_size + log_prior_knowledge + C(year) + C(arxiv_primary_category)
C(arxiv_primary_category)[T.hep-lat],0.1957301221990752,1.7059048872239595,0.9086537191038606,Citation_Field_Diversity,Citation_Field_Diversity_p,cs_core_reference_share,CS核心参考文献占比,OLS,15843,Citation_Field_Diversity ~ HSS_Continuous * cs_core_reference_share + log_team_size + log_prior_knowledge + C(year) + C(arxiv_primary_category)
C(arxiv_primary_category)[T.hep-ph],1.6126809095697987,1.5023404151784112,0.28307117416152305,Citation_Field_Diversity,Citation_Field_Diversity_p,cs_core_reference_share,CS核心参考文献占比,OLS,15843,Citation_Field_Diversity ~ HSS_Continuous * cs_core_reference_share + log_team_size + log_prior_knowledge + C(year) + C(arxiv_primary_category)
C(arxiv_primary_category)[T.hep-th],5.788299649170928,1.2255921873981939,2.3255156501243523e-06,Citation_Field_Diversity,Citation_Field_Diversity_p,cs_core_reference_share,CS核心参考文献占比,OLS,15843,Citation_Field_Diversity ~ HSS_Continuous * cs_core_reference_share + log_team_size + log_prior_knowledge + C(year) + C(arxiv_primary_category)
C(arxiv_primary_category)[T.math-ph],-4.877576870253361,0.9544056185749934,3.21152384471759e-07,Citation_Field_Diversity,Citation_Field_Diversity_p,cs_core_reference_share,CS核心参考文献占比,OLS,15843,Citation_Field_Diversity ~ HSS_Continuous * cs_core_reference_share + log_team_size + log_prior_knowledge + C(year) + C(arxiv_primary_category)
C(arxiv_primary_category)[T.math.AG],-3.212736091811302,0.9603980792475868,0.0008221941694709967,Citation_Field_Diversity,Citation_Field_Diversity_p,cs_core_reference_share,CS核心参考文献占比,OLS,15843,Citation_Field_Diversity ~ HSS_Continuous * cs_core_reference_share + log_team_size + log_prior_knowledge + C(year) + C(arxiv_primary_category)
C(arxiv_primary_category)[T.math.AP],-3.114763419290279,1.177909736947042,0.008185663785948085,Citation_Field_Diversity,Citation_Field_Diversity_p,cs_core_reference_share,CS核心参考文献占比,OLS,15843,Citation_Field_Diversity ~ HSS_Continuous * cs_core_reference_share + log_team_size + log_prior_knowledge + C(year) + C(arxiv_primary_category)
C(arxiv_primary_category)[T.math.CO],-4.605905951647078,1.437610427871456,0.0013559728052168823,Citation_Field_Diversity,Citation_Field_Diversity_p,cs_core_reference_share,CS核心参考文献占比,OLS,15843,Citation_Field_Diversity ~ HSS_Continuous * cs_core_reference_share + log_team_size + log_prior_knowledge + C(year) + C(arxiv_primary_category)
C(arxiv_primary_category)[T.math.DS],-5.552548080641781,1.6719088534257809,0.0008966886484649526,Citation_Field_Diversity,Citation_Field_Diversity_p,cs_core_reference_share,CS核心参考文献占比,OLS,15843,Citation_Field_Diversity ~ HSS_Continuous * cs_core_reference_share + log_team_size + log_prior_knowledge + C(year) + C(arxiv_primary_category)
C(arxiv_primary_category)[T.math.GM],-8.369794371269437,1.0111673239657633,1.259377203665305e-16,Citation_Field_Diversity,Citation_Field_Diversity_p,cs_core_reference_share,CS核心参考文献占比,OLS,15843,Citation_Field_Diversity ~ HSS_Continuous * cs_core_reference_share + log_team_size + log_prior_knowledge + C(year) + C(arxiv_primary_category)
C(arxiv_primary_category)[T.math.GR],-1.5736638672722456,0.9600267100109288,0.10117419797609006,Citation_Field_Diversity,Citation_Field_Diversity_p,cs_core_reference_share,CS核心参考文献占比,OLS,15843,Citation_Field_Diversity ~ HSS_Continuous * cs_core_reference_share + log_team_size + log_prior_knowledge + C(year) + C(arxiv_primary_category)
C(arxiv_primary_category)[T.math.LO],-0.3455898567101436,0.9596292203115406,0.718751021246564,Citation_Field_Diversity,Citation_Field_Diversity_p,cs_core_reference_share,CS核心参考文献占比,OLS,15843,Citation_Field_Diversity ~ HSS_Continuous * cs_core_reference_share + log_team_size + log_prior_knowledge + C(year) + C(arxiv_primary_category)
C(arxiv_primary_category)[T.math.NA],-1.3805689079228547,1.192560187756441,0.24700634604889937,Citation_Field_Diversity,Citation_Field_Diversity_p,cs_core_reference_share,CS核心参考文献占比,OLS,15843,Citation_Field_Diversity ~ HSS_Continuous * cs_core_reference_share + log_team_size + log_prior_knowledge + C(year) + C(arxiv_primary_category)
C(arxiv_primary_category)[T.math.NT],-7.539816312700918,1.0423703831904083,4.712678319979884e-13,Citation_Field_Diversity,Citation_Field_Diversity_p,cs_core_reference_share,CS核心参考文献占比,OLS,15843,Citation_Field_Diversity ~ HSS_Continuous * cs_core_reference_share + log_team_size + log_prior_knowledge + C(year) + C(arxiv_primary_category)
C(arxiv_primary_category)[T.math.OC],-0.4856505881075351,1.0858454395965156,0.6546904314771995,Citation_Field_Diversity,Citation_Field_Diversity_p,cs_core_reference_share,CS核心参考文献占比,OLS,15843,Citation_Field_Diversity ~ HSS_Continuous * cs_core_reference_share + log_team_size + log_prior_knowledge + C(year) + C(arxiv_primary_category)
C(arxiv_primary_category)[T.math.PR],-2.7934237659099357,1.2280654189695677,0.022926701405589656,Citation_Field_Diversity,Citation_Field_Diversity_p,cs_core_reference_share,CS核心参考文献占比,OLS,15843,Citation_Field_Diversity ~ HSS_Continuous * cs_core_reference_share + log_team_size + log_prior_knowledge + C(year) + C(arxiv_primary_category)
C(arxiv_primary_category)[T.math.ST],-1.876996647580957,1.3955096861058491,0.17861687623280986,Citation_Field_Diversity,Citation_Field_Diversity_p,cs_core_reference_share,CS核心参考文献占比,OLS,15843,Citation_Field_Diversity ~ HSS_Continuous * cs_core_reference_share + log_team_size + log_prior_knowledge + C(year) + C(arxiv_primary_category)
C(arxiv_primary_category)[T.nlin.AO],-1.9242459334407456,1.2242219013637081,0.11599429828782568,Citation_Field_Diversity,Citation_Field_Diversity_p,cs_core_reference_share,CS核心参考文献占比,OLS,15843,Citation_Field_Diversity ~ HSS_Continuous * cs_core_reference_share + log_team_size + log_prior_knowledge + C(year) + C(arxiv_primary_category)
C(arxiv_primary_category)[T.nlin.PS],-5.323486423416938,0.9499349890521226,2.093961259133719e-08,Citation_Field_Diversity,Citation_Field_Diversity_p,cs_core_reference_share,CS核心参考文献占比,OLS,15843,Citation_Field_Diversity ~ HSS_Continuous * cs_core_reference_share + log_team_size + log_prior_knowledge + C(year) + C(arxiv_primary_category)
C(arxiv_primary_category)[T.nucl-th],-5.246483056195075,0.9543069001816017,3.847996351784969e-08,Citation_Field_Diversity,Citation_Field_Diversity_p,cs_core_reference_share,CS核心参考文献占比,OLS,15843,Citation_Field_Diversity ~ HSS_Continuous * cs_core_reference_share + log_team_size + log_prior_knowledge + C(year) + C(arxiv_primary_category)
C(arxiv_primary_category)[T.physics.acc-ph],-1.8848616254656996,0.998638623506933,0.05910236138733779,Citation_Field_Diversity,Citation_Field_Diversity_p,cs_core_reference_share,CS核心参考文献占比,OLS,15843,Citation_Field_Diversity ~ HSS_Continuous * cs_core_reference_share + log_team_size + log_prior_knowledge + C(year) + C(arxiv_primary_category)
C(arxiv_primary_category)[T.physics.ao-ph],1.1667011207942022,1.5794936456600297,0.4601164244885694,Citation_Field_Diversity,Citation_Field_Diversity_p,cs_core_reference_share,CS核心参考文献占比,OLS,15843,Citation_Field_Diversity ~ HSS_Continuous * cs_core_reference_share + log_team_size + log_prior_knowledge + C(year) + C(arxiv_primary_category)
C(arxiv_primary_category)[T.physics.app-ph],-1.170717998519128,1.199909931179954,0.3292272484147529,Citation_Field_Diversity,Citation_Field_Diversity_p,cs_core_reference_share,CS核心参考文献占比,OLS,15843,Citation_Field_Diversity ~ HSS_Continuous * cs_core_reference_share + log_team_size + log_prior_knowledge + C(year) + C(arxiv_primary_category)
C(arxiv_primary_category)[T.physics.atom-ph],-4.801380210482456,0.9487675259682029,4.178299875346001e-07,Citation_Field_Diversity,Citation_Field_Diversity_p,cs_core_reference_share,CS核心参考文献占比,OLS,15843,Citation_Field_Diversity ~ HSS_Continuous * cs_core_reference_share + log_team_size + log_prior_knowledge + C(year) + C(arxiv_primary_category)
C(arxiv_primary_category)[T.physics.bio-ph],-3.0602500085585644,1.132659051741858,0.006895941308517232,Citation_Field_Diversity,Citation_Field_Diversity_p,cs_core_reference_share,CS核心参考文献占比,OLS,15843,Citation_Field_Diversity ~ HSS_Continuous * cs_core_reference_share + log_team_size + log_prior_knowledge + C(year) + C(arxiv_primary_category)
C(arxiv_primary_category)[T.physics.chem-ph],0.33225518169775214,1.7786340450166662,0.8518146511016449,Citation_Field_Diversity,Citation_Field_Diversity_p,cs_core_reference_share,CS核心参考文献占比,OLS,15843,Citation_Field_Diversity ~ HSS_Continuous * cs_core_reference_share + log_team_size + log_prior_knowledge + C(year) + C(arxiv_primary_category)
C(arxiv_primary_category)[T.physics.comp-ph],0.3138306933988517,1.471672138192288,0.8311337673502437,Citation_Field_Diversity,Citation_Field_Diversity_p,cs_core_reference_share,CS核心参考文献占比,OLS,15843,Citation_Field_Diversity ~ HSS_Continuous * cs_core_reference_share + log_team_size + log_prior_knowledge + C(year) + C(arxiv_primary_category)
C(arxiv_primary_category)[T.physics.data-an],0.016710494187817348,1.6386538404515065,0.9918635565976572,Citation_Field_Diversity,Citation_Field_Diversity_p,cs_core_reference_share,CS核心参考文献占比,OLS,15843,Citation_Field_Diversity ~ HSS_Continuous * cs_core_reference_share + log_team_size + log_prior_knowledge + C(year) + C(arxiv_primary_category)
C(arxiv_primary_category)[T.physics.ed-ph],-1.4606587641943136,1.8989203432271589,0.44177170344066996,Citation_Field_Diversity,Citation_Field_Diversity_p,cs_core_reference_share,CS核心参考文献占比,OLS,15843,Citation_Field_Diversity ~ HSS_Continuous * cs_core_reference_share + log_team_size + log_prior_knowledge + C(year) + C(arxiv_primary_category)
C(arxiv_primary_category)[T.physics.flu-dyn],-2.069914445360854,1.5269360448063913,0.1752264837334475,Citation_Field_Diversity,Citation_Field_Diversity_p,cs_core_reference_share,CS核心参考文献占比,OLS,15843,Citation_Field_Diversity ~ HSS_Continuous * cs_core_reference_share + log_team_size + log_prior_knowledge + C(year) + C(arxiv_primary_category)
C(arxiv_primary_category)[T.physics.geo-ph],-0.5035354429901769,1.5575740900759383,0.7464817935642952,Citation_Field_Diversity,Citation_Field_Diversity_p,cs_core_reference_share,CS核心参考文献占比,OLS,15843,Citation_Field_Diversity ~ HSS_Continuous * cs_core_reference_share + log_team_size + log_prior_knowledge + C(year) + C(arxiv_primary_category)
C(arxiv_primary_category)[T.physics.ins-det],-3.263657233008798,1.2061245835531071,0.006811875221188116,Citation_Field_Diversity,Citation_Field_Diversity_p,cs_core_reference_share,CS核心参考文献占比,OLS,15843,Citation_Field_Diversity ~ HSS_Continuous * cs_core_reference_share + log_team_size + log_prior_knowledge + C(year) + C(arxiv_primary_category)
C(arxiv_primary_category)[T.physics.med-ph],-0.6488241893283472,1.1356699386631475,0.5677867811025591,Citation_Field_Diversity,Citation_Field_Diversity_p,cs_core_reference_share,CS核心参考文献占比,OLS,15843,Citation_Field_Diversity ~ HSS_Continuous * cs_core_reference_share + log_team_size + log_prior_knowledge + C(year) + C(arxiv_primary_category)
C(arxiv_primary_category)[T.physics.optics],-2.6249212405477564,1.292372511768903,0.042246151696197026,Citation_Field_Diversity,Citation_Field_Diversity_p,cs_core_reference_share,CS核心参考文献占比,OLS,15843,Citation_Field_Diversity ~ HSS_Continuous * cs_core_reference_share + log_team_size + log_prior_knowledge + C(year) + C(arxiv_primary_category)
C(arxiv_primary_category)[T.physics.soc-ph],-3.2847451513543535,1.4546748607118936,0.023941831773129384,Citation_Field_Diversity,Citation_Field_Diversity_p,cs_core_reference_share,CS核心参考文献占比,OLS,15843,Citation_Field_Diversity ~ HSS_Continuous * cs_core_reference_share + log_team_size + log_prior_knowledge + C(year) + C(arxiv_primary_category)
C(arxiv_primary_category)[T.physics.space-ph],0.9741420122956949,1.0067501371301735,0.3332389270036906,Citation_Field_Diversity,Citation_Field_Diversity_p,cs_core_reference_share,CS核心参考文献占比,OLS,15843,Citation_Field_Diversity ~ HSS_Continuous * cs_core_reference_share + log_team_size + log_prior_knowledge + C(year) + C(arxiv_primary_category)
C(arxiv_primary_category)[T.q-bio.BM],0.6909078305873904,1.4673358649582888,0.6377416559138418,Citation_Field_Diversity,Citation_Field_Diversity_p,cs_core_reference_share,CS核心参考文献占比,OLS,15843,Citation_Field_Diversity ~ HSS_Continuous * cs_core_reference_share + log_team_size + log_prior_knowledge + C(year) + C(arxiv_primary_category)
C(arxiv_primary_category)[T.q-bio.GN],-1.4495878118224983,1.7188979725455438,0.39904729695224883,Citation_Field_Diversity,Citation_Field_Diversity_p,cs_core_reference_share,CS核心参考文献占比,OLS,15843,Citation_Field_Diversity ~ HSS_Continuous * cs_core_reference_share + log_team_size + log_prior_knowledge + C(year) + C(arxiv_primary_category)
C(arxiv_primary_category)[T.q-bio.MN],-6.30496152586566,1.1499562219248924,4.1868420016583446e-08,Citation_Field_Diversity,Citation_Field_Diversity_p,cs_core_reference_share,CS核心参考文献占比,OLS,15843,Citation_Field_Diversity ~ HSS_Continuous * cs_core_reference_share + log_team_size + log_prior_knowledge + C(year) + C(arxiv_primary_category)
C(arxiv_primary_category)[T.q-bio.NC],-2.576069199919704,1.036178203961879,0.012914236340187952,Citation_Field_Diversity,Citation_Field_Diversity_p,cs_core_reference_share,CS核心参考文献占比,OLS,15843,Citation_Field_Diversity ~ HSS_Continuous * cs_core_reference_share + log_team_size + log_prior_knowledge + C(year) + C(arxiv_primary_category)
C(arxiv_primary_category)[T.q-bio.OT],-0.40276460231448374,3.0314412053893043,0.8943021910613126,Citation_Field_Diversity,Citation_Field_Diversity_p,cs_core_reference_share,CS核心参考文献占比,OLS,15843,Citation_Field_Diversity ~ HSS_Continuous * cs_core_reference_share + log_team_size + log_prior_knowledge + C(year) + C(arxiv_primary_category)
C(arxiv_primary_category)[T.q-bio.PE],-0.6200926401745771,2.5975543481719106,0.8113213739732834,Citation_Field_Diversity,Citation_Field_Diversity_p,cs_core_reference_share,CS核心参考文献占比,OLS,15843,Citation_Field_Diversity ~ HSS_Continuous * cs_core_reference_share + log_team_size + log_prior_knowledge + C(year) + C(arxiv_primary_category)
C(arxiv_primary_category)[T.q-bio.QM],-1.3814638828431574,1.1867040343700659,0.2443760735194772,Citation_Field_Diversity,Citation_Field_Diversity_p,cs_core_reference_share,CS核心参考文献占比,OLS,15843,Citation_Field_Diversity ~ HSS_Continuous * cs_core_reference_share + log_team_size + log_prior_knowledge + C(year) + C(arxiv_primary_category)
C(arxiv_primary_category)[T.q-bio.TO],-0.23625291075051516,3.333458243365005,0.9434986591839123,Citation_Field_Diversity,Citation_Field_Diversity_p,cs_core_reference_share,CS核心参考文献占比,OLS,15843,Citation_Field_Diversity ~ HSS_Continuous * cs_core_reference_share + log_team_size + log_prior_knowledge + C(year) + C(arxiv_primary_category)
C(arxiv_primary_category)[T.q-fin.CP],-2.116120375551427,1.3436128346059282,0.11526844287504028,Citation_Field_Diversity,Citation_Field_Diversity_p,cs_core_reference_share,CS核心参考文献占比,OLS,15843,Citation_Field_Diversity ~ HSS_Continuous * cs_core_reference_share + log_team_size + log_prior_knowledge + C(year) + C(arxiv_primary_category)
C(arxiv_primary_category)[T.q-fin.GN],-4.00293551074786,0.9786670234459656,4.3101722274276114e-05,Citation_Field_Diversity,Citation_Field_Diversity_p,cs_core_reference_share,CS核心参考文献占比,OLS,15843,Citation_Field_Diversity ~ HSS_Continuous * cs_core_reference_share + log_team_size + log_prior_knowledge + C(year) + C(arxiv_primary_category)
C(arxiv_primary_category)[T.q-fin.MF],-2.7034326389064276,2.2233059173979206,0.22400331686938013,Citation_Field_Diversity,Citation_Field_Diversity_p,cs_core_reference_share,CS核心参考文献占比,OLS,15843,Citation_Field_Diversity ~ HSS_Continuous * cs_core_reference_share + log_team_size + log_prior_knowledge + C(year) + C(arxiv_primary_category)
C(arxiv_primary_category)[T.q-fin.PM],-6.773921311059244,1.053307344685769,1.266865902520136e-10,Citation_Field_Diversity,Citation_Field_Diversity_p,cs_core_reference_share,CS核心参考文献占比,OLS,15843,Citation_Field_Diversity ~ HSS_Continuous * cs_core_reference_share + log_team_size + log_prior_knowledge + C(year) + C(arxiv_primary_category)
C(arxiv_primary_category)[T.q-fin.PR],6.546567435222638,1.1285291343633297,6.593107857827472e-09,Citation_Field_Diversity,Citation_Field_Diversity_p,cs_core_reference_share,CS核心参考文献占比,OLS,15843,Citation_Field_Diversity ~ HSS_Continuous * cs_core_reference_share + log_team_size + log_prior_knowledge + C(year) + C(arxiv_primary_category)
C(arxiv_primary_category)[T.q-fin.ST],0.5845315297537095,1.773891332953348,0.7417631661203359,Citation_Field_Diversity,Citation_Field_Diversity_p,cs_core_reference_share,CS核心参考文献占比,OLS,15843,Citation_Field_Diversity ~ HSS_Continuous * cs_core_reference_share + log_team_size + log_prior_knowledge + C(year) + C(arxiv_primary_category)
C(arxiv_primary_category)[T.q-fin.TR],0.12761550855033543,1.1159760124664744,0.9089577544335221,Citation_Field_Diversity,Citation_Field_Diversity_p,cs_core_reference_share,CS核心参考文献占比,OLS,15843,Citation_Field_Diversity ~ HSS_Continuous * cs_core_reference_share + log_team_size + log_prior_knowledge + C(year) + C(arxiv_primary_category)
C(arxiv_primary_category)[T.quant-ph],-1.2308998955248516,1.023501795644622,0.22911728962631872,Citation_Field_Diversity,Citation_Field_Diversity_p,cs_core_reference_share,CS核心参考文献占比,OLS,15843,Citation_Field_Diversity ~ HSS_Continuous * cs_core_reference_share + log_team_size + log_prior_knowledge + C(year) + C(arxiv_primary_category)
C(arxiv_primary_category)[T.stat.AP],-1.655750653825578,1.1783628535108654,0.15998321573169005,Citation_Field_Diversity,Citation_Field_Diversity_p,cs_core_reference_share,CS核心参考文献占比,OLS,15843,Citation_Field_Diversity ~ HSS_Continuous * cs_core_reference_share + log_team_size + log_prior_knowledge + C(year) + C(arxiv_primary_category)
C(arxiv_primary_category)[T.stat.CO],-0.4524035910446033,3.129584657528983,0.8850605936212247,Citation_Field_Diversity,Citation_Field_Diversity_p,cs_core_reference_share,CS核心参考文献占比,OLS,15843,Citation_Field_Diversity ~ HSS_Continuous * cs_core_reference_share + log_team_size + log_prior_knowledge + C(year) + C(arxiv_primary_category)
C(arxiv_primary_category)[T.stat.ME],-3.8288062849351996,1.3171443018643783,0.0036503030081649836,Citation_Field_Diversity,Citation_Field_Diversity_p,cs_core_reference_share,CS核心参考文献占比,OLS,15843,Citation_Field_Diversity ~ HSS_Continuous * cs_core_reference_share + log_team_size + log_prior_knowledge + C(year) + C(arxiv_primary_category)
C(arxiv_primary_category)[T.stat.ML],0.8281534167420783,0.9758413304859814,0.39607284099227413,Citation_Field_Diversity,Citation_Field_Diversity_p,cs_core_reference_share,CS核心参考文献占比,OLS,15843,Citation_Field_Diversity ~ HSS_Continuous * cs_core_reference_share + log_team_size + log_prior_knowledge + C(year) + C(arxiv_primary_category)
HSS_Continuous,0.08063239649247647,0.07445925370499867,0.2788500059457615,Citation_Field_Diversity,Citation_Field_Diversity_p,cs_core_reference_share,CS核心参考文献占比,OLS,15843,Citation_Field_Diversity ~ HSS_Continuous * cs_core_reference_share + log_team_size + log_prior_knowledge + C(year) + C(arxiv_primary_category)
cs_core_reference_share,1.1442892454909908,0.1313087658287436,2.920642322395828e-18,Citation_Field_Diversity,Citation_Field_Diversity_p,cs_core_reference_share,CS核心参考文献占比,OLS,15843,Citation_Field_Diversity ~ HSS_Continuous * cs_core_reference_share + log_team_size + log_prior_knowledge + C(year) + C(arxiv_primary_category)
HSS_Continuous:cs_core_reference_share,0.02812613147867219,0.11841545980595616,0.812252806162326,Citation_Field_Diversity,Citation_Field_Diversity_p,cs_core_reference_share,CS核心参考文献占比,OLS,15843,Citation_Field_Diversity ~ HSS_Continuous * cs_core_reference_share + log_team_size + log_prior_knowledge + C(year) + C(arxiv_primary_category)
log_team_size,0.785622712926589,0.11999964066311047,5.875328511552035e-11,Citation_Field_Diversity,Citation_Field_Diversity_p,cs_core_reference_share,CS核心参考文献占比,OLS,15843,Citation_Field_Diversity ~ HSS_Continuous * cs_core_reference_share + log_team_size + log_prior_knowledge + C(year) + C(arxiv_primary_category)
log_prior_knowledge,0.6592133279560107,0.039265818395354306,2.963476385407087e-63,Citation_Field_Diversity,Citation_Field_Diversity_p,cs_core_reference_share,CS核心参考文献占比,OLS,15843,Citation_Field_Diversity ~ HSS_Continuous * cs_core_reference_share + log_team_size + log_prior_knowledge + C(year) + C(arxiv_primary_category)
Intercept,0.004423507464282189,0.029319718708939638,0.8800771494546491,HSS_Citing_Share,HSS_Citing_Share_p,reference_field_diversity,参考文献学科数量,OLS,56755,HSS_Citing_Share ~ HSS_Continuous * reference_field_diversity + log_team_size + log_prior_knowledge + C(year) + C(arxiv_primary_category)
C(year)[T.2015],0.0032987204793576697,0.02796794382328697,0.9061100658785437,HSS_Citing_Share,HSS_Citing_Share_p,reference_field_diversity,参考文献学科数量,OLS,56755,HSS_Citing_Share ~ HSS_Continuous * reference_field_diversity + log_team_size + log_prior_knowledge + C(year) + C(arxiv_primary_category)
C(year)[T.2016],0.01600265011897427,0.025632140271238682,0.5324176489539221,HSS_Citing_Share,HSS_Citing_Share_p,reference_field_diversity,参考文献学科数量,OLS,56755,HSS_Citing_Share ~ HSS_Continuous * reference_field_diversity + log_team_size + log_prior_knowledge + C(year) + C(arxiv_primary_category)
C(year)[T.2017],-0.008875150812812593,0.025028646728574126,0.7228894952046072,HSS_Citing_Share,HSS_Citing_Share_p,reference_field_diversity,参考文献学科数量,OLS,56755,HSS_Citing_Share ~ HSS_Continuous * reference_field_diversity + log_team_size + log_prior_knowledge + C(year) + C(arxiv_primary_category)
C(year)[T.2018],-0.01674705403507642,0.024938410011897956,0.50187877805602,HSS_Citing_Share,HSS_Citing_Share_p,reference_field_diversity,参考文献学科数量,OLS,56755,HSS_Citing_Share ~ HSS_Continuous * reference_field_diversity + log_team_size + log_prior_knowledge + C(year) + C(arxiv_primary_category)
C(year)[T.2019],-0.013291484586124494,0.024908252906535908,0.5936060608856399,HSS_Citing_Share,HSS_Citing_Share_p,reference_field_diversity,参考文献学科数量,OLS,56755,HSS_Citing_Share ~ HSS_Continuous * reference_field_diversity + log_team_size + log_prior_knowledge + C(year) + C(arxiv_primary_category)
C(year)[T.2020],-0.033099894450873454,0.02486845943335298,0.1831893424400659,HSS_Citing_Share,HSS_Citing_Share_p,reference_field_diversity,参考文献学科数量,OLS,56755,HSS_Citing_Share ~ HSS_Continuous * reference_field_diversity + log_team_size + log_prior_knowledge + C(year) + C(arxiv_primary_category)
C(year)[T.2021],-0.057712622900997025,0.024843590875727548,0.020177073863835396,HSS_Citing_Share,HSS_Citing_Share_p,reference_field_diversity,参考文献学科数量,OLS,56755,HSS_Citing_Share ~ HSS_Continuous * reference_field_diversity + log_team_size + log_prior_knowledge + C(year) + C(arxiv_primary_category)
C(year)[T.2022],-0.004958471591632395,0.024983363230975414,0.84267661879758,HSS_Citing_Share,HSS_Citing_Share_p,reference_field_diversity,参考文献学科数量,OLS,56755,HSS_Citing_Share ~ HSS_Continuous * reference_field_diversity + log_team_size + log_prior_knowledge + C(year) + C(arxiv_primary_category)
C(year)[T.2023],0.01216026097237993,0.024875916143334266,0.6249573070374066,HSS_Citing_Share,HSS_Citing_Share_p,reference_field_diversity,参考文献学科数量,OLS,56755,HSS_Citing_Share ~ HSS_Continuous * reference_field_diversity + log_team_size + log_prior_knowledge + C(year) + C(arxiv_primary_category)
C(year)[T.2024],-0.06806755170085989,0.024860510672968194,0.006181805684182611,HSS_Citing_Share,HSS_Citing_Share_p,reference_field_diversity,参考文献学科数量,OLS,56755,HSS_Citing_Share ~ HSS_Continuous * reference_field_diversity + log_team_size + log_prior_knowledge + C(year) + C(arxiv_primary_category)
C(year)[T.2025],-0.17614005537052005,0.024832204840781944,1.310359365602938e-12,HSS_Citing_Share,HSS_Citing_Share_p,reference_field_diversity,参考文献学科数量,OLS,56755,HSS_Citing_Share ~ HSS_Continuous * reference_field_diversity + log_team_size + log_prior_knowledge + C(year) + C(arxiv_primary_category)
C(year)[T.2026],-0.1946413677395976,0.024857337406332836,4.8655792042522875e-15,HSS_Citing_Share,HSS_Citing_Share_p,reference_field_diversity,参考文献学科数量,OLS,56755,HSS_Citing_Share ~ HSS_Continuous * reference_field_diversity + log_team_size + log_prior_knowledge + C(year) + C(arxiv_primary_category)
C(arxiv_primary_category)[T.astro-ph.EP],0.14670039461773413,0.015583160564061994,4.774549282702481e-21,HSS_Citing_Share,HSS_Citing_Share_p,reference_field_diversity,参考文献学科数量,OLS,56755,HSS_Citing_Share ~ HSS_Continuous * reference_field_diversity + log_team_size + log_prior_knowledge + C(year) + C(arxiv_primary_category)
C(arxiv_primary_category)[T.astro-ph.GA],0.09345928600982867,0.04583876518663095,0.04146299755770745,HSS_Citing_Share,HSS_Citing_Share_p,reference_field_diversity,参考文献学科数量,OLS,56755,HSS_Citing_Share ~ HSS_Continuous * reference_field_diversity + log_team_size + log_prior_knowledge + C(year) + C(arxiv_primary_category)
C(arxiv_primary_category)[T.astro-ph.HE],0.023470236822842074,0.018755878862004475,0.21080549237023827,HSS_Citing_Share,HSS_Citing_Share_p,reference_field_diversity,参考文献学科数量,OLS,56755,HSS_Citing_Share ~ HSS_Continuous * reference_field_diversity + log_team_size + log_prior_knowledge + C(year) + C(arxiv_primary_category)
C(arxiv_primary_category)[T.astro-ph.IM],0.060875540451722894,0.02275234478327028,0.00746018098741277,HSS_Citing_Share,HSS_Citing_Share_p,reference_field_diversity,参考文献学科数量,OLS,56755,HSS_Citing_Share ~ HSS_Continuous * reference_field_diversity + log_team_size + log_prior_knowledge + C(year) + C(arxiv_primary_category)
C(arxiv_primary_category)[T.astro-ph.SR],0.11784526455893399,0.09202676291364933,0.2003502697836279,HSS_Citing_Share,HSS_Citing_Share_p,reference_field_diversity,参考文献学科数量,OLS,56755,HSS_Citing_Share ~ HSS_Continuous * reference_field_diversity + log_team_size + log_prior_knowledge + C(year) + C(arxiv_primary_category)
C(arxiv_primary_category)[T.cond-mat.dis-nn],0.0848959750013975,0.03557510757100736,0.017014834426751824,HSS_Citing_Share,HSS_Citing_Share_p,reference_field_diversity,参考文献学科数量,OLS,56755,HSS_Citing_Share ~ HSS_Continuous * reference_field_diversity + log_team_size + log_prior_knowledge + C(year) + C(arxiv_primary_category)
C(arxiv_primary_category)[T.cond-mat.mes-hall],-0.013286077375412566,0.01571002177148755,0.39771614637210606,HSS_Citing_Share,HSS_Citing_Share_p,reference_field_diversity,参考文献学科数量,OLS,56755,HSS_Citing_Share ~ HSS_Continuous * reference_field_diversity + log_team_size + log_prior_knowledge + C(year) + C(arxiv_primary_category)
C(arxiv_primary_category)[T.cond-mat.mtrl-sci],0.0900669338230484,0.02007707604809059,7.255289362940245e-06,HSS_Citing_Share,HSS_Citing_Share_p,reference_field_diversity,参考文献学科数量,OLS,56755,HSS_Citing_Share ~ HSS_Continuous * reference_field_diversity + log_team_size + log_prior_knowledge + C(year) + C(arxiv_primary_category)
C(arxiv_primary_category)[T.cond-mat.other],-0.01677914542885957,0.01568626811557298,0.2847674435226135,HSS_Citing_Share,HSS_Citing_Share_p,reference_field_diversity,参考文献学科数量,OLS,56755,HSS_Citing_Share ~ HSS_Continuous * reference_field_diversity + log_team_size + log_prior_knowledge + C(year) + C(arxiv_primary_category)
C(arxiv_primary_category)[T.cond-mat.quant-gas],0.008943186346943995,0.022288884418779787,0.6882436197201488,HSS_Citing_Share,HSS_Citing_Share_p,reference_field_diversity,参考文献学科数量,OLS,56755,HSS_Citing_Share ~ HSS_Continuous * reference_field_diversity + log_team_size + log_prior_knowledge + C(year) + C(arxiv_primary_category)
C(arxiv_primary_category)[T.cond-mat.soft],0.0353382166014138,0.03628773909736204,0.33013920807617636,HSS_Citing_Share,HSS_Citing_Share_p,reference_field_diversity,参考文献学科数量,OLS,56755,HSS_Citing_Share ~ HSS_Continuous * reference_field_diversity + log_team_size + log_prior_knowledge + C(year) + C(arxiv_primary_category)
C(arxiv_primary_category)[T.cond-mat.stat-mech],0.043366246888643135,0.0371487765769371,0.24306228945397812,HSS_Citing_Share,HSS_Citing_Share_p,reference_field_diversity,参考文献学科数量,OLS,56755,HSS_Citing_Share ~ HSS_Continuous * reference_field_diversity + log_team_size + log_prior_knowledge + C(year) + C(arxiv_primary_category)
C(arxiv_primary_category)[T.cond-mat.str-el],0.027361544051458714,0.04526066726868549,0.5454896726192231,HSS_Citing_Share,HSS_Citing_Share_p,reference_field_diversity,参考文献学科数量,OLS,56755,HSS_Citing_Share ~ HSS_Continuous * reference_field_diversity + log_team_size + log_prior_knowledge + C(year) + C(arxiv_primary_category)
C(arxiv_primary_category)[T.cond-mat.supr-con],-0.014703972528063157,0.015756053709643447,0.35070284929305306,HSS_Citing_Share,HSS_Citing_Share_p,reference_field_diversity,参考文献学科数量,OLS,56755,HSS_Citing_Share ~ HSS_Continuous * reference_field_diversity + log_team_size + log_prior_knowledge + C(year) + C(arxiv_primary_category)
C(arxiv_primary_category)[T.cs.AI],0.1595565521359899,0.015846973811393782,7.606698309330212e-24,HSS_Citing_Share,HSS_Citing_Share_p,reference_field_diversity,参考文献学科数量,OLS,56755,HSS_Citing_Share ~ HSS_Continuous * reference_field_diversity + log_team_size + log_prior_knowledge + C(year) + C(arxiv_primary_category)
C(arxiv_primary_category)[T.cs.AR],0.10963769961987144,0.01680896512653996,6.911147481415636e-11,HSS_Citing_Share,HSS_Citing_Share_p,reference_field_diversity,参考文献学科数量,OLS,56755,HSS_Citing_Share ~ HSS_Continuous * reference_field_diversity + log_team_size + log_prior_knowledge + C(year) + C(arxiv_primary_category)
C(arxiv_primary_category)[T.cs.CC],0.0806592002302873,0.04518683490263715,0.0742588044383808,HSS_Citing_Share,HSS_Citing_Share_p,reference_field_diversity,参考文献学科数量,OLS,56755,HSS_Citing_Share ~ HSS_Continuous * reference_field_diversity + log_team_size + log_prior_knowledge + C(year) + C(arxiv_primary_category)
C(arxiv_primary_category)[T.cs.CE],0.1093185143086094,0.020491357097895336,9.56184835520722e-08,HSS_Citing_Share,HSS_Citing_Share_p,reference_field_diversity,参考文献学科数量,OLS,56755,HSS_Citing_Share ~ HSS_Continuous * reference_field_diversity + log_team_size + log_prior_knowledge + C(year) + C(arxiv_primary_category)
C(arxiv_primary_category)[T.cs.CG],0.13628912608812022,0.04476342177825198,0.002329482223539002,HSS_Citing_Share,HSS_Citing_Share_p,reference_field_diversity,参考文献学科数量,OLS,56755,HSS_Citing_Share ~ HSS_Continuous * reference_field_diversity + log_team_size + log_prior_knowledge + C(year) + C(arxiv_primary_category)
C(arxiv_primary_category)[T.cs.CL],0.16556331178124367,0.015615693390294769,2.905323703274033e-26,HSS_Citing_Share,HSS_Citing_Share_p,reference_field_diversity,参考文献学科数量,OLS,56755,HSS_Citing_Share ~ HSS_Continuous * reference_field_diversity + log_team_size + log_prior_knowledge + C(year) + C(arxiv_primary_category)
C(arxiv_primary_category)[T.cs.CR],0.13917695282065784,0.015938377502736623,2.4978645986425992e-18,HSS_Citing_Share,HSS_Citing_Share_p,reference_field_diversity,参考文献学科数量,OLS,56755,HSS_Citing_Share ~ HSS_Continuous * reference_field_diversity + log_team_size + log_prior_knowledge + C(year) + C(arxiv_primary_category)
C(arxiv_primary_category)[T.cs.CV],0.11202293540841067,0.015596616746908732,6.844049586339407e-13,HSS_Citing_Share,HSS_Citing_Share_p,reference_field_diversity,参考文献学科数量,OLS,56755,HSS_Citing_Share ~ HSS_Continuous * reference_field_diversity + log_team_size + log_prior_knowledge + C(year) + C(arxiv_primary_category)
C(arxiv_primary_category)[T.cs.CY],0.26985544520300503,0.01849372578273937,3.1705646466204e-48,HSS_Citing_Share,HSS_Citing_Share_p,reference_field_diversity,参考文献学科数量,OLS,56755,HSS_Citing_Share ~ HSS_Continuous * reference_field_diversity + log_team_size + log_prior_knowledge + C(year) + C(arxiv_primary_category)
C(arxiv_primary_category)[T.cs.DB],0.09551013259780015,0.017427919819832376,4.246185239624014e-08,HSS_Citing_Share,HSS_Citing_Share_p,reference_field_diversity,参考文献学科数量,OLS,56755,HSS_Citing_Share ~ HSS_Continuous * reference_field_diversity + log_team_size + log_prior_knowledge + C(year) + C(arxiv_primary_category)
C(arxiv_primary_category)[T.cs.DC],0.10883260853558686,0.01645195785236354,3.7110814995678356e-11,HSS_Citing_Share,HSS_Citing_Share_p,reference_field_diversity,参考文献学科数量,OLS,56755,HSS_Citing_Share ~ HSS_Continuous * reference_field_diversity + log_team_size + log_prior_knowledge + C(year) + C(arxiv_primary_category)
C(arxiv_primary_category)[T.cs.DL],0.2232454334799243,0.03501018685738243,1.8108023064545785e-10,HSS_Citing_Share,HSS_Citing_Share_p,reference_field_diversity,参考文献学科数量,OLS,56755,HSS_Citing_Share ~ HSS_Continuous * reference_field_diversity + log_team_size + log_prior_knowledge + C(year) + C(arxiv_primary_category)
C(arxiv_primary_category)[T.cs.DM],0.043222138809382,0.05793364811826215,0.4556294893213847,HSS_Citing_Share,HSS_Citing_Share_p,reference_field_diversity,参考文献学科数量,OLS,56755,HSS_Citing_Share ~ HSS_Continuous * reference_field_diversity + log_team_size + log_prior_knowledge + C(year) + C(arxiv_primary_category)
C(arxiv_primary_category)[T.cs.DS],0.04038423345194074,0.0233038764075542,0.08310622792221788,HSS_Citing_Share,HSS_Citing_Share_p,reference_field_diversity,参考文献学科数量,OLS,56755,HSS_Citing_Share ~ HSS_Continuous * reference_field_diversity + log_team_size + log_prior_knowledge + C(year) + C(arxiv_primary_category)
C(arxiv_primary_category)[T.cs.ET],0.1050609105929517,0.041532542618705634,0.011419113324120381,HSS_Citing_Share,HSS_Citing_Share_p,reference_field_diversity,参考文献学科数量,OLS,56755,HSS_Citing_Share ~ HSS_Continuous * reference_field_diversity + log_team_size + log_prior_knowledge + C(year) + C(arxiv_primary_category)
C(arxiv_primary_category)[T.cs.FL],0.11769904583579938,0.05362594999742261,0.028176862494236544,HSS_Citing_Share,HSS_Citing_Share_p,reference_field_diversity,参考文献学科数量,OLS,56755,HSS_Citing_Share ~ HSS_Continuous * reference_field_diversity + log_team_size + log_prior_knowledge + C(year) + C(arxiv_primary_category)
C(arxiv_primary_category)[T.cs.GL],0.3600808002224004,0.08634862489928961,3.0449077458023884e-05,HSS_Citing_Share,HSS_Citing_Share_p,reference_field_diversity,参考文献学科数量,OLS,56755,HSS_Citing_Share ~ HSS_Continuous * reference_field_diversity + log_team_size + log_prior_knowledge + C(year) + C(arxiv_primary_category)
C(arxiv_primary_category)[T.cs.GR],0.13898678142177842,0.023078036228102398,1.7177518989906556e-09,HSS_Citing_Share,HSS_Citing_Share_p,reference_field_diversity,参考文献学科数量,OLS,56755,HSS_Citing_Share ~ HSS_Continuous * reference_field_diversity + log_team_size + log_prior_knowledge + C(year) + C(arxiv_primary_category)
C(arxiv_primary_category)[T.cs.GT],0.10108432849978141,0.030831974472577073,0.0010433997613996339,HSS_Citing_Share,HSS_Citing_Share_p,reference_field_diversity,参考文献学科数量,OLS,56755,HSS_Citing_Share ~ HSS_Continuous * reference_field_diversity + log_team_size + log_prior_knowledge + C(year) + C(arxiv_primary_category)
C(arxiv_primary_category)[T.cs.HC],0.221853614379624,0.01734033546375668,1.76938642042781e-37,HSS_Citing_Share,HSS_Citing_Share_p,reference_field_diversity,参考文献学科数量,OLS,56755,HSS_Citing_Share ~ HSS_Continuous * reference_field_diversity + log_team_size + log_prior_knowledge + C(year) + C(arxiv_primary_category)
C(arxiv_primary_category)[T.cs.IR],0.1372382486303904,0.016133871934193852,1.7969732692119596e-17,HSS_Citing_Share,HSS_Citing_Share_p,reference_field_diversity,参考文献学科数量,OLS,56755,HSS_Citing_Share ~ HSS_Continuous * reference_field_diversity + log_team_size + log_prior_knowledge + C(year) + C(arxiv_primary_category)
C(arxiv_primary_category)[T.cs.IT],0.0034074571615011436,0.015704355819698305,0.8282276017817659,HSS_Citing_Share,HSS_Citing_Share_p,reference_field_diversity,参考文献学科数量,OLS,56755,HSS_Citing_Share ~ HSS_Continuous * reference_field_diversity + log_team_size + log_prior_knowledge + C(year) + C(arxiv_primary_category)
C(arxiv_primary_category)[T.cs.LG],0.11847899947123879,0.015602937743087634,3.1167235899615986e-14,HSS_Citing_Share,HSS_Citing_Share_p,reference_field_diversity,参考文献学科数量,OLS,56755,HSS_Citing_Share ~ HSS_Continuous * reference_field_diversity + log_team_size + log_prior_knowledge + C(year) + C(arxiv_primary_category)
C(arxiv_primary_category)[T.cs.LO],0.10165892384834596,0.027399050529794692,0.00020700702089256303,HSS_Citing_Share,HSS_Citing_Share_p,reference_field_diversity,参考文献学科数量,OLS,56755,HSS_Citing_Share ~ HSS_Continuous * reference_field_diversity + log_team_size + log_prior_knowledge + C(year) + C(arxiv_primary_category)
C(arxiv_primary_category)[T.cs.MA],0.15791389096060654,0.01871599445084304,3.2453986178728814e-17,HSS_Citing_Share,HSS_Citing_Share_p,reference_field_diversity,参考文献学科数量,OLS,56755,HSS_Citing_Share ~ HSS_Continuous * reference_field_diversity + log_team_size + log_prior_knowledge + C(year) + C(arxiv_primary_category)
C(arxiv_primary_category)[T.cs.MM],0.08217247795359366,0.021410237155140517,0.00012404077113036183,HSS_Citing_Share,HSS_Citing_Share_p,reference_field_diversity,参考文献学科数量,OLS,56755,HSS_Citing_Share ~ HSS_Continuous * reference_field_diversity + log_team_size + log_prior_knowledge + C(year) + C(arxiv_primary_category)
C(arxiv_primary_category)[T.cs.MS],0.014879229484312785,0.0425360403886264,0.7264866365777817,HSS_Citing_Share,HSS_Citing_Share_p,reference_field_diversity,参考文献学科数量,OLS,56755,HSS_Citing_Share ~ HSS_Continuous * reference_field_diversity + log_team_size + log_prior_knowledge + C(year) + C(arxiv_primary_category)
C(arxiv_primary_category)[T.cs.NE],0.10277461320542103,0.01807395020955475,1.2979141038718895e-08,HSS_Citing_Share,HSS_Citing_Share_p,reference_field_diversity,参考文献学科数量,OLS,56755,HSS_Citing_Share ~ HSS_Continuous * reference_field_diversity + log_team_size + log_prior_knowledge + C(year) + C(arxiv_primary_category)
C(arxiv_primary_category)[T.cs.NI],0.09033700995751519,0.017712070238670483,3.391015751641825e-07,HSS_Citing_Share,HSS_Citing_Share_p,reference_field_diversity,参考文献学科数量,OLS,56755,HSS_Citing_Share ~ HSS_Continuous * reference_field_diversity + log_team_size + log_prior_knowledge + C(year) + C(arxiv_primary_category)
C(arxiv_primary_category)[T.cs.OH],0.13642834847007315,0.07995217621114654,0.08793838973621536,HSS_Citing_Share,HSS_Citing_Share_p,reference_field_diversity,参考文献学科数量,OLS,56755,HSS_Citing_Share ~ HSS_Continuous * reference_field_diversity + log_team_size + log_prior_knowledge + C(year) + C(arxiv_primary_category)
C(arxiv_primary_category)[T.cs.OS],0.15170970059415778,0.030657486307867056,7.477343693849432e-07,HSS_Citing_Share,HSS_Citing_Share_p,reference_field_diversity,参考文献学科数量,OLS,56755,HSS_Citing_Share ~ HSS_Continuous * reference_field_diversity + log_team_size + log_prior_knowledge + C(year) + C(arxiv_primary_category)
C(arxiv_primary_category)[T.cs.PF],0.0877617839886308,0.025814886458479992,0.0006747019817103971,HSS_Citing_Share,HSS_Citing_Share_p,reference_field_diversity,参考文献学科数量,OLS,56755,HSS_Citing_Share ~ HSS_Continuous * reference_field_diversity + log_team_size + log_prior_knowledge + C(year) + C(arxiv_primary_category)
C(arxiv_primary_category)[T.cs.PL],0.09413243659486172,0.019504387940996053,1.3914988851157164e-06,HSS_Citing_Share,HSS_Citing_Share_p,reference_field_diversity,参考文献学科数量,OLS,56755,HSS_Citing_Share ~ HSS_Continuous * reference_field_diversity + log_team_size + log_prior_knowledge + C(year) + C(arxiv_primary_category)
C(arxiv_primary_category)[T.cs.RO],0.13192491065926565,0.016578083053786722,1.7513866692881894e-15,HSS_Citing_Share,HSS_Citing_Share_p,reference_field_diversity,参考文献学科数量,OLS,56755,HSS_Citing_Share ~ HSS_Continuous * reference_field_diversity + log_team_size + log_prior_knowledge + C(year) + C(arxiv_primary_category)
C(arxiv_primary_category)[T.cs.SC],-0.015446315445034366,0.020638935224005034,0.45421493965915805,HSS_Citing_Share,HSS_Citing_Share_p,reference_field_diversity,参考文献学科数量,OLS,56755,HSS_Citing_Share ~ HSS_Continuous * reference_field_diversity + log_team_size + log_prior_knowledge + C(year) + C(arxiv_primary_category)
C(arxiv_primary_category)[T.cs.SD],0.1502079281916638,0.01726680809266613,3.3414482467285793e-18,HSS_Citing_Share,HSS_Citing_Share_p,reference_field_diversity,参考文献学科数量,OLS,56755,HSS_Citing_Share ~ HSS_Continuous * reference_field_diversity + log_team_size + log_prior_knowledge + C(year) + C(arxiv_primary_category)
C(arxiv_primary_category)[T.cs.SE],0.12760700692144913,0.015896035905281488,9.939849768992121e-16,HSS_Citing_Share,HSS_Citing_Share_p,reference_field_diversity,参考文献学科数量,OLS,56755,HSS_Citing_Share ~ HSS_Continuous * reference_field_diversity + log_team_size + log_prior_knowledge + C(year) + C(arxiv_primary_category)
C(arxiv_primary_category)[T.cs.SI],0.15547875923294432,0.02188175320502871,1.1996859333593414e-12,HSS_Citing_Share,HSS_Citing_Share_p,reference_field_diversity,参考文献学科数量,OLS,56755,HSS_Citing_Share ~ HSS_Continuous * reference_field_diversity + log_team_size + log_prior_knowledge + C(year) + C(arxiv_primary_category)
C(arxiv_primary_category)[T.econ.EM],0.14203210745174255,0.07013392339080042,0.04285138956339832,HSS_Citing_Share,HSS_Citing_Share_p,reference_field_diversity,参考文献学科数量,OLS,56755,HSS_Citing_Share ~ HSS_Continuous * reference_field_diversity + log_team_size + log_prior_knowledge + C(year) + C(arxiv_primary_category)
C(arxiv_primary_category)[T.econ.GN],0.2622047176442183,0.04453002305709301,3.902634852041228e-09,HSS_Citing_Share,HSS_Citing_Share_p,reference_field_diversity,参考文献学科数量,OLS,56755,HSS_Citing_Share ~ HSS_Continuous * reference_field_diversity + log_team_size + log_prior_knowledge + C(year) + C(arxiv_primary_category)
C(arxiv_primary_category)[T.econ.TH],0.028900365123962497,0.041634210285347216,0.48758847558937857,HSS_Citing_Share,HSS_Citing_Share_p,reference_field_diversity,参考文献学科数量,OLS,56755,HSS_Citing_Share ~ HSS_Continuous * reference_field_diversity + log_team_size + log_prior_knowledge + C(year) + C(arxiv_primary_category)
C(arxiv_primary_category)[T.eess.AS],0.1424603336425082,0.01686797671616982,3.024648227557945e-17,HSS_Citing_Share,HSS_Citing_Share_p,reference_field_diversity,参考文献学科数量,OLS,56755,HSS_Citing_Share ~ HSS_Continuous * reference_field_diversity + log_team_size + log_prior_knowledge + C(year) + C(arxiv_primary_category)
C(arxiv_primary_category)[T.eess.IV],0.06502067052198666,0.015910025570784976,4.37413816136686e-05,HSS_Citing_Share,HSS_Citing_Share_p,reference_field_diversity,参考文献学科数量,OLS,56755,HSS_Citing_Share ~ HSS_Continuous * reference_field_diversity + log_team_size + log_prior_knowledge + C(year) + C(arxiv_primary_category)
C(arxiv_primary_category)[T.eess.SP],0.05602900656597014,0.016492835505292725,0.0006808604229005268,HSS_Citing_Share,HSS_Citing_Share_p,reference_field_diversity,参考文献学科数量,OLS,56755,HSS_Citing_Share ~ HSS_Continuous * reference_field_diversity + log_team_size + log_prior_knowledge + C(year) + C(arxiv_primary_category)
C(arxiv_primary_category)[T.eess.SY],0.0790471679848045,0.019094592695999415,3.476584924923423e-05,HSS_Citing_Share,HSS_Citing_Share_p,reference_field_diversity,参考文献学科数量,OLS,56755,HSS_Citing_Share ~ HSS_Continuous * reference_field_diversity + log_team_size + log_prior_knowledge + C(year) + C(arxiv_primary_category)
C(arxiv_primary_category)[T.gr-qc],0.06153941831260197,0.03268725382441184,0.059744663080154026,HSS_Citing_Share,HSS_Citing_Share_p,reference_field_diversity,参考文献学科数量,OLS,56755,HSS_Citing_Share ~ HSS_Continuous * reference_field_diversity + log_team_size + log_prior_knowledge + C(year) + C(arxiv_primary_category)
C(arxiv_primary_category)[T.hep-ex],0.03502681501053,0.022316359987584286,0.11651804220296015,HSS_Citing_Share,HSS_Citing_Share_p,reference_field_diversity,参考文献学科数量,OLS,56755,HSS_Citing_Share ~ HSS_Continuous * reference_field_diversity + log_team_size + log_prior_knowledge + C(year) + C(arxiv_primary_category)
C(arxiv_primary_category)[T.hep-lat],-0.019097415498206954,0.02466810304752738,0.4388276260506879,HSS_Citing_Share,HSS_Citing_Share_p,reference_field_diversity,参考文献学科数量,OLS,56755,HSS_Citing_Share ~ HSS_Continuous * reference_field_diversity + log_team_size + log_prior_knowledge + C(year) + C(arxiv_primary_category)
C(arxiv_primary_category)[T.hep-ph],0.03551529964686013,0.019833526621130367,0.0733462785044199,HSS_Citing_Share,HSS_Citing_Share_p,reference_field_diversity,参考文献学科数量,OLS,56755,HSS_Citing_Share ~ HSS_Continuous * reference_field_diversity + log_team_size + log_prior_knowledge + C(year) + C(arxiv_primary_category)
C(arxiv_primary_category)[T.hep-th],0.037453670412897655,0.029553107729578993,0.20503574085597642,HSS_Citing_Share,HSS_Citing_Share_p,reference_field_diversity,参考文献学科数量,OLS,56755,HSS_Citing_Share ~ HSS_Continuous * reference_field_diversity + log_team_size + log_prior_knowledge + C(year) + C(arxiv_primary_category)
C(arxiv_primary_category)[T.math-ph],0.12030848835692677,0.06289536656294965,0.05576911814438491,HSS_Citing_Share,HSS_Citing_Share_p,reference_field_diversity,参考文献学科数量,OLS,56755,HSS_Citing_Share ~ HSS_Continuous * reference_field_diversity + log_team_size + log_prior_knowledge + C(year) + C(arxiv_primary_category)
C(arxiv_primary_category)[T.math.AG],0.06848908267603464,0.06000193156778993,0.2536835542220075,HSS_Citing_Share,HSS_Citing_Share_p,reference_field_diversity,参考文献学科数量,OLS,56755,HSS_Citing_Share ~ HSS_Continuous * reference_field_diversity + log_team_size + log_prior_knowledge + C(year) + C(arxiv_primary_category)
C(arxiv_primary_category)[T.math.AP],0.032473049541186634,0.02803440957619266,0.24673009318279826,HSS_Citing_Share,HSS_Citing_Share_p,reference_field_diversity,参考文献学科数量,OLS,56755,HSS_Citing_Share ~ HSS_Continuous * reference_field_diversity + log_team_size + log_prior_knowledge + C(year) + C(arxiv_primary_category)
C(arxiv_primary_category)[T.math.CO],0.030698617219927723,0.056205585449733246,0.5849391485561048,HSS_Citing_Share,HSS_Citing_Share_p,reference_field_diversity,参考文献学科数量,OLS,56755,HSS_Citing_Share ~ HSS_Continuous * reference_field_diversity + log_team_size + log_prior_knowledge + C(year) + C(arxiv_primary_category)
C(arxiv_primary_category)[T.math.CT],0.0946135015027332,0.051348798545008685,0.06539254088383657,HSS_Citing_Share,HSS_Citing_Share_p,reference_field_diversity,参考文献学科数量,OLS,56755,HSS_Citing_Share ~ HSS_Continuous * reference_field_diversity + log_team_size + log_prior_knowledge + C(year) + C(arxiv_primary_category)
C(arxiv_primary_category)[T.math.DG],0.026897686446090023,0.01564160161182861,0.08550066049907028,HSS_Citing_Share,HSS_Citing_Share_p,reference_field_diversity,参考文献学科数量,OLS,56755,HSS_Citing_Share ~ HSS_Continuous * reference_field_diversity + log_team_size + log_prior_knowledge + C(year) + C(arxiv_primary_category)
C(arxiv_primary_category)[T.math.DS],0.012000775891863737,0.04010379966093331,0.7647547455942811,HSS_Citing_Share,HSS_Citing_Share_p,reference_field_diversity,参考文献学科数量,OLS,56755,HSS_Citing_Share ~ HSS_Continuous * reference_field_diversity + log_team_size + log_prior_knowledge + C(year) + C(arxiv_primary_category)
C(arxiv_primary_category)[T.math.FA],0.011446540528810787,0.015672903137884334,0.46518267809624103,HSS_Citing_Share,HSS_Citing_Share_p,reference_field_diversity,参考文献学科数量,OLS,56755,HSS_Citing_Share ~ HSS_Continuous * reference_field_diversity + log_team_size + log_prior_knowledge + C(year) + C(arxiv_primary_category)
C(arxiv_primary_category)[T.math.GM],-0.03919703967763684,0.03684411224042708,0.28739135807097815,HSS_Citing_Share,HSS_Citing_Share_p,reference_field_diversity,参考文献学科数量,OLS,56755,HSS_Citing_Share ~ HSS_Continuous * reference_field_diversity + log_team_size + log_prior_knowledge + C(year) + C(arxiv_primary_category)
C(arxiv_primary_category)[T.math.GR],-0.01855388501187766,0.016006994316371568,0.24641089626399482,HSS_Citing_Share,HSS_Citing_Share_p,reference_field_diversity,参考文献学科数量,OLS,56755,HSS_Citing_Share ~ HSS_Continuous * reference_field_diversity + log_team_size + log_prior_knowledge + C(year) + C(arxiv_primary_category)
C(arxiv_primary_category)[T.math.GT],-0.0017990788005101328,0.015657267294210842,0.9085214089859968,HSS_Citing_Share,HSS_Citing_Share_p,reference_field_diversity,参考文献学科数量,OLS,56755,HSS_Citing_Share ~ HSS_Continuous * reference_field_diversity + log_team_size + log_prior_knowledge + C(year) + C(arxiv_primary_category)
C(arxiv_primary_category)[T.math.HO],0.17388519614520656,0.053997391460328524,0.0012807805294217714,HSS_Citing_Share,HSS_Citing_Share_p,reference_field_diversity,参考文献学科数量,OLS,56755,HSS_Citing_Share ~ HSS_Continuous * reference_field_diversity + log_team_size + log_prior_knowledge + C(year) + C(arxiv_primary_category)
C(arxiv_primary_category)[T.math.LO],0.24270586862873111,0.015988567164361003,4.800475943648383e-52,HSS_Citing_Share,HSS_Citing_Share_p,reference_field_diversity,参考文献学科数量,OLS,56755,HSS_Citing_Share ~ HSS_Continuous * reference_field_diversity + log_team_size + log_prior_knowledge + C(year) + C(arxiv_primary_category)
C(arxiv_primary_category)[T.math.NA],0.04648195196922316,0.022129928923865717,0.035692679060991064,HSS_Citing_Share,HSS_Citing_Share_p,reference_field_diversity,参考文献学科数量,OLS,56755,HSS_Citing_Share ~ HSS_Continuous * reference_field_diversity + log_team_size + log_prior_knowledge + C(year) + C(arxiv_primary_category)
C(arxiv_primary_category)[T.math.NT],-0.028060269887179093,0.01641000636676806,0.08727535037990615,HSS_Citing_Share,HSS_Citing_Share_p,reference_field_diversity,参考文献学科数量,OLS,56755,HSS_Citing_Share ~ HSS_Continuous * reference_field_diversity + log_team_size + log_prior_knowledge + C(year) + C(arxiv_primary_category)
C(arxiv_primary_category)[T.math.OC],0.07384129290951577,0.020943071763524397,0.0004221896621419781,HSS_Citing_Share,HSS_Citing_Share_p,reference_field_diversity,参考文献学科数量,OLS,56755,HSS_Citing_Share ~ HSS_Continuous * reference_field_diversity + log_team_size + log_prior_knowledge + C(year) + C(arxiv_primary_category)
C(arxiv_primary_category)[T.math.PR],0.0011601472775992696,0.02394171813506164,0.9613519186156358,HSS_Citing_Share,HSS_Citing_Share_p,reference_field_diversity,参考文献学科数量,OLS,56755,HSS_Citing_Share ~ HSS_Continuous * reference_field_diversity + log_team_size + log_prior_knowledge + C(year) + C(arxiv_primary_category)
C(arxiv_primary_category)[T.math.ST],0.013526694184950179,0.028836691350788417,0.6390129745622373,HSS_Citing_Share,HSS_Citing_Share_p,reference_field_diversity,参考文献学科数量,OLS,56755,HSS_Citing_Share ~ HSS_Continuous * reference_field_diversity + log_team_size + log_prior_knowledge + C(year) + C(arxiv_primary_category)
C(arxiv_primary_category)[T.nlin.AO],0.19411377850181719,0.20258224734615957,0.3379632384816773,HSS_Citing_Share,HSS_Citing_Share_p,reference_field_diversity,参考文献学科数量,OLS,56755,HSS_Citing_Share ~ HSS_Continuous * reference_field_diversity + log_team_size + log_prior_knowledge + C(year) + C(arxiv_primary_category)
C(arxiv_primary_category)[T.nlin.CD],0.13057427182069453,0.015577228920344688,5.1867507099099025e-17,HSS_Citing_Share,HSS_Citing_Share_p,reference_field_diversity,参考文献学科数量,OLS,56755,HSS_Citing_Share ~ HSS_Continuous * reference_field_diversity + log_team_size + log_prior_knowledge + C(year) + C(arxiv_primary_category)
C(arxiv_primary_category)[T.nlin.PS],-0.022078594599583525,0.021675828355466317,0.3084017600390587,HSS_Citing_Share,HSS_Citing_Share_p,reference_field_diversity,参考文献学科数量,OLS,56755,HSS_Citing_Share ~ HSS_Continuous * reference_field_diversity + log_team_size + log_prior_knowledge + C(year) + C(arxiv_primary_category)
C(arxiv_primary_category)[T.nucl-ex],-0.028307756643508736,0.01572935434670534,0.07191166087400191,HSS_Citing_Share,HSS_Citing_Share_p,reference_field_diversity,参考文献学科数量,OLS,56755,HSS_Citing_Share ~ HSS_Continuous * reference_field_diversity + log_team_size + log_prior_knowledge + C(year) + C(arxiv_primary_category)
C(arxiv_primary_category)[T.nucl-th],-0.01673426481614996,0.015830073584031077,0.29045747520693954,HSS_Citing_Share,HSS_Citing_Share_p,reference_field_diversity,参考文献学科数量,OLS,56755,HSS_Citing_Share ~ HSS_Continuous * reference_field_diversity + log_team_size + log_prior_knowledge + C(year) + C(arxiv_primary_category)
C(arxiv_primary_category)[T.physics.acc-ph],0.07962416483854694,0.047948416813069286,0.0967895175489576,HSS_Citing_Share,HSS_Citing_Share_p,reference_field_diversity,参考文献学科数量,OLS,56755,HSS_Citing_Share ~ HSS_Continuous * reference_field_diversity + log_team_size + log_prior_knowledge + C(year) + C(arxiv_primary_category)
C(arxiv_primary_category)[T.physics.ao-ph],0.06349727225257329,0.028845876252757516,0.02771762607223514,HSS_Citing_Share,HSS_Citing_Share_p,reference_field_diversity,参考文献学科数量,OLS,56755,HSS_Citing_Share ~ HSS_Continuous * reference_field_diversity + log_team_size + log_prior_knowledge + C(year) + C(arxiv_primary_category)
C(arxiv_primary_category)[T.physics.app-ph],0.06399572880314028,0.030792340712484052,0.03768171523418494,HSS_Citing_Share,HSS_Citing_Share_p,reference_field_diversity,参考文献学科数量,OLS,56755,HSS_Citing_Share ~ HSS_Continuous * reference_field_diversity + log_team_size + log_prior_knowledge + C(year) + C(arxiv_primary_category)
C(arxiv_primary_category)[T.physics.atom-ph],0.03157766543609752,0.04223092178972348,0.45461819932723135,HSS_Citing_Share,HSS_Citing_Share_p,reference_field_diversity,参考文献学科数量,OLS,56755,HSS_Citing_Share ~ HSS_Continuous * reference_field_diversity + log_team_size + log_prior_knowledge + C(year) + C(arxiv_primary_category)
C(arxiv_primary_category)[T.physics.bio-ph],-0.019100522342903055,0.0167237524029907,0.2534043855272293,HSS_Citing_Share,HSS_Citing_Share_p,reference_field_diversity,参考文献学科数量,OLS,56755,HSS_Citing_Share ~ HSS_Continuous * reference_field_diversity + log_team_size + log_prior_knowledge + C(year) + C(arxiv_primary_category)
C(arxiv_primary_category)[T.physics.chem-ph],0.07680944871894059,0.022991488495472164,0.0008354412916074293,HSS_Citing_Share,HSS_Citing_Share_p,reference_field_diversity,参考文献学科数量,OLS,56755,HSS_Citing_Share ~ HSS_Continuous * reference_field_diversity + log_team_size + log_prior_knowledge + C(year) + C(arxiv_primary_category)
C(arxiv_primary_category)[T.physics.comp-ph],0.04068138767443847,0.02061586095376031,0.04846078950813949,HSS_Citing_Share,HSS_Citing_Share_p,reference_field_diversity,参考文献学科数量,OLS,56755,HSS_Citing_Share ~ HSS_Continuous * reference_field_diversity + log_team_size + log_prior_knowledge + C(year) + C(arxiv_primary_category)
C(arxiv_primary_category)[T.physics.data-an],0.03655773286434634,0.032906275790403616,0.26658325558800544,HSS_Citing_Share,HSS_Citing_Share_p,reference_field_diversity,参考文献学科数量,OLS,56755,HSS_Citing_Share ~ HSS_Continuous * reference_field_diversity + log_team_size + log_prior_knowledge + C(year) + C(arxiv_primary_category)
C(arxiv_primary_category)[T.physics.ed-ph],0.233922193275779,0.04626779251516327,4.285180877927763e-07,HSS_Citing_Share,HSS_Citing_Share_p,reference_field_diversity,参考文献学科数量,OLS,56755,HSS_Citing_Share ~ HSS_Continuous * reference_field_diversity + log_team_size + log_prior_knowledge + C(year) + C(arxiv_primary_category)
C(arxiv_primary_category)[T.physics.flu-dyn],0.021594270709115813,0.023155365442380834,0.351035971281746,HSS_Citing_Share,HSS_Citing_Share_p,reference_field_diversity,参考文献学科数量,OLS,56755,HSS_Citing_Share ~ HSS_Continuous * reference_field_diversity + log_team_size + log_prior_knowledge + C(year) + C(arxiv_primary_category)
C(arxiv_primary_category)[T.physics.geo-ph],0.10468434984734215,0.031347192160493434,0.0008392547951952833,HSS_Citing_Share,HSS_Citing_Share_p,reference_field_diversity,参考文献学科数量,OLS,56755,HSS_Citing_Share ~ HSS_Continuous * reference_field_diversity + log_team_size + log_prior_knowledge + C(year) + C(arxiv_primary_category)
C(arxiv_primary_category)[T.physics.ins-det],0.020185148785838374,0.021513346873603952,0.3481099521179577,HSS_Citing_Share,HSS_Citing_Share_p,reference_field_diversity,参考文献学科数量,OLS,56755,HSS_Citing_Share ~ HSS_Continuous * reference_field_diversity + log_team_size + log_prior_knowledge + C(year) + C(arxiv_primary_category)
C(arxiv_primary_category)[T.physics.med-ph],0.07341735637060734,0.024297022326980482,0.0025139219966705153,HSS_Citing_Share,HSS_Citing_Share_p,reference_field_diversity,参考文献学科数量,OLS,56755,HSS_Citing_Share ~ HSS_Continuous * reference_field_diversity + log_team_size + log_prior_knowledge + C(year) + C(arxiv_primary_category)
C(arxiv_primary_category)[T.physics.optics],0.010399120322595006,0.022763852028651853,0.6477960891833973,HSS_Citing_Share,HSS_Citing_Share_p,reference_field_diversity,参考文献学科数量,OLS,56755,HSS_Citing_Share ~ HSS_Continuous * reference_field_diversity + log_team_size + log_prior_knowledge + C(year) + C(arxiv_primary_category)
C(arxiv_primary_category)[T.physics.plasm-ph],0.060842505843616404,0.037088294872468355,0.10090596446795956,HSS_Citing_Share,HSS_Citing_Share_p,reference_field_diversity,参考文献学科数量,OLS,56755,HSS_Citing_Share ~ HSS_Continuous * reference_field_diversity + log_team_size + log_prior_knowledge + C(year) + C(arxiv_primary_category)
C(arxiv_primary_category)[T.physics.pop-ph],0.05841682626997844,0.015922441147996114,0.00024365725405004298,HSS_Citing_Share,HSS_Citing_Share_p,reference_field_diversity,参考文献学科数量,OLS,56755,HSS_Citing_Share ~ HSS_Continuous * reference_field_diversity + log_team_size + log_prior_knowledge + C(year) + C(arxiv_primary_category)
C(arxiv_primary_category)[T.physics.soc-ph],0.14745490788392465,0.04954892726271001,0.0029208675005893843,HSS_Citing_Share,HSS_Citing_Share_p,reference_field_diversity,参考文献学科数量,OLS,56755,HSS_Citing_Share ~ HSS_Continuous * reference_field_diversity + log_team_size + log_prior_knowledge + C(year) + C(arxiv_primary_category)
C(arxiv_primary_category)[T.physics.space-ph],0.0707237096899471,0.038475962920222886,0.06604368045953499,HSS_Citing_Share,HSS_Citing_Share_p,reference_field_diversity,参考文献学科数量,OLS,56755,HSS_Citing_Share ~ HSS_Continuous * reference_field_diversity + log_team_size + log_prior_knowledge + C(year) + C(arxiv_primary_category)
C(arxiv_primary_category)[T.q-bio.BM],0.08521731528296404,0.020389139864439146,2.920936928928451e-05,HSS_Citing_Share,HSS_Citing_Share_p,reference_field_diversity,参考文献学科数量,OLS,56755,HSS_Citing_Share ~ HSS_Continuous * reference_field_diversity + log_team_size + log_prior_knowledge + C(year) + C(arxiv_primary_category)
C(arxiv_primary_category)[T.q-bio.GN],0.052038233628052336,0.0200805417587221,0.009556532334767984,HSS_Citing_Share,HSS_Citing_Share_p,reference_field_diversity,参考文献学科数量,OLS,56755,HSS_Citing_Share ~ HSS_Continuous * reference_field_diversity + log_team_size + log_prior_knowledge + C(year) + C(arxiv_primary_category)
C(arxiv_primary_category)[T.q-bio.MN],0.03148146788244864,0.03381548960862433,0.35186508214777523,HSS_Citing_Share,HSS_Citing_Share_p,reference_field_diversity,参考文献学科数量,OLS,56755,HSS_Citing_Share ~ HSS_Continuous * reference_field_diversity + log_team_size + log_prior_knowledge + C(year) + C(arxiv_primary_category)
C(arxiv_primary_category)[T.q-bio.NC],0.14688113604401393,0.024179447063016273,1.2427579754315884e-09,HSS_Citing_Share,HSS_Citing_Share_p,reference_field_diversity,参考文献学科数量,OLS,56755,HSS_Citing_Share ~ HSS_Continuous * reference_field_diversity + log_team_size + log_prior_knowledge + C(year) + C(arxiv_primary_category)
C(arxiv_primary_category)[T.q-bio.OT],0.10887363177327662,0.04484915953421309,0.015201140377467344,HSS_Citing_Share,HSS_Citing_Share_p,reference_field_diversity,参考文献学科数量,OLS,56755,HSS_Citing_Share ~ HSS_Continuous * reference_field_diversity + log_team_size + log_prior_knowledge + C(year) + C(arxiv_primary_category)
C(arxiv_primary_category)[T.q-bio.PE],-0.0027944337048452735,0.028287520883904734,0.9213075482661486,HSS_Citing_Share,HSS_Citing_Share_p,reference_field_diversity,参考文献学科数量,OLS,56755,HSS_Citing_Share ~ HSS_Continuous * reference_field_diversity + log_team_size + log_prior_knowledge + C(year) + C(arxiv_primary_category)
C(arxiv_primary_category)[T.q-bio.QM],0.08852053168134506,0.01996171825560574,9.227995271777567e-06,HSS_Citing_Share,HSS_Citing_Share_p,reference_field_diversity,参考文献学科数量,OLS,56755,HSS_Citing_Share ~ HSS_Continuous * reference_field_diversity + log_team_size + log_prior_knowledge + C(year) + C(arxiv_primary_category)
C(arxiv_primary_category)[T.q-bio.TO],0.01941761387596492,0.02124448906377192,0.36071311409135987,HSS_Citing_Share,HSS_Citing_Share_p,reference_field_diversity,参考文献学科数量,OLS,56755,HSS_Citing_Share ~ HSS_Continuous * reference_field_diversity + log_team_size + log_prior_knowledge + C(year) + C(arxiv_primary_category)
C(arxiv_primary_category)[T.q-fin.CP],0.1872251107868422,0.04589070398936808,4.5073549283093924e-05,HSS_Citing_Share,HSS_Citing_Share_p,reference_field_diversity,参考文献学科数量,OLS,56755,HSS_Citing_Share ~ HSS_Continuous * reference_field_diversity + log_team_size + log_prior_knowledge + C(year) + C(arxiv_primary_category)
C(arxiv_primary_category)[T.q-fin.GN],0.1973354895009491,0.08038695479638129,0.014095522060433456,HSS_Citing_Share,HSS_Citing_Share_p,reference_field_diversity,参考文献学科数量,OLS,56755,HSS_Citing_Share ~ HSS_Continuous * reference_field_diversity + log_team_size + log_prior_knowledge + C(year) + C(arxiv_primary_category)
C(arxiv_primary_category)[T.q-fin.MF],0.0671329793033441,0.08828520828852142,0.4470093847793044,HSS_Citing_Share,HSS_Citing_Share_p,reference_field_diversity,参考文献学科数量,OLS,56755,HSS_Citing_Share ~ HSS_Continuous * reference_field_diversity + log_team_size + log_prior_knowledge + C(year) + C(arxiv_primary_category)
C(arxiv_primary_category)[T.q-fin.PM],0.06268693868958689,0.04423442191741597,0.15643823300804668,HSS_Citing_Share,HSS_Citing_Share_p,reference_field_diversity,参考文献学科数量,OLS,56755,HSS_Citing_Share ~ HSS_Continuous * reference_field_diversity + log_team_size + log_prior_knowledge + C(year) + C(arxiv_primary_category)
C(arxiv_primary_category)[T.q-fin.PR],0.21639634484316297,0.017122135436874575,1.2967067457525388e-36,HSS_Citing_Share,HSS_Citing_Share_p,reference_field_diversity,参考文献学科数量,OLS,56755,HSS_Citing_Share ~ HSS_Continuous * reference_field_diversity + log_team_size + log_prior_knowledge + C(year) + C(arxiv_primary_category)
C(arxiv_primary_category)[T.q-fin.RM],0.2221202519399523,0.05815917956229639,0.00013389718609592207,HSS_Citing_Share,HSS_Citing_Share_p,reference_field_diversity,参考文献学科数量,OLS,56755,HSS_Citing_Share ~ HSS_Continuous * reference_field_diversity + log_team_size + log_prior_knowledge + C(year) + C(arxiv_primary_category)
C(arxiv_primary_category)[T.q-fin.ST],0.1273327190449402,0.03019010697926415,2.4681033041715932e-05,HSS_Citing_Share,HSS_Citing_Share_p,reference_field_diversity,参考文献学科数量,OLS,56755,HSS_Citing_Share ~ HSS_Continuous * reference_field_diversity + log_team_size + log_prior_knowledge + C(year) + C(arxiv_primary_category)
C(arxiv_primary_category)[T.q-fin.TR],0.22433872698788945,0.04890681305271311,4.4952090964890215e-06,HSS_Citing_Share,HSS_Citing_Share_p,reference_field_diversity,参考文献学科数量,OLS,56755,HSS_Citing_Share ~ HSS_Continuous * reference_field_diversity + log_team_size + log_prior_knowledge + C(year) + C(arxiv_primary_category)
C(arxiv_primary_category)[T.quant-ph],0.04135858479688308,0.016765228020922764,0.013627833842302867,HSS_Citing_Share,HSS_Citing_Share_p,reference_field_diversity,参考文献学科数量,OLS,56755,HSS_Citing_Share ~ HSS_Continuous * reference_field_diversity + log_team_size + log_prior_knowledge + C(year) + C(arxiv_primary_category)
C(arxiv_primary_category)[T.stat.AP],0.11499630591464392,0.042195128696733086,0.00642342229788785,HSS_Citing_Share,HSS_Citing_Share_p,reference_field_diversity,参考文献学科数量,OLS,56755,HSS_Citing_Share ~ HSS_Continuous * reference_field_diversity + log_team_size + log_prior_knowledge + C(year) + C(arxiv_primary_category)
C(arxiv_primary_category)[T.stat.CO],0.035629250123086834,0.057845919313216615,0.5379382898061719,HSS_Citing_Share,HSS_Citing_Share_p,reference_field_diversity,参考文献学科数量,OLS,56755,HSS_Citing_Share ~ HSS_Continuous * reference_field_diversity + log_team_size + log_prior_knowledge + C(year) + C(arxiv_primary_category)
C(arxiv_primary_category)[T.stat.ME],0.06923023053988932,0.03148840088634798,0.027906755888950495,HSS_Citing_Share,HSS_Citing_Share_p,reference_field_diversity,参考文献学科数量,OLS,56755,HSS_Citing_Share ~ HSS_Continuous * reference_field_diversity + log_team_size + log_prior_knowledge + C(year) + C(arxiv_primary_category)
C(arxiv_primary_category)[T.stat.ML],0.10446889225835783,0.01650922403295785,2.485031830448313e-10,HSS_Citing_Share,HSS_Citing_Share_p,reference_field_diversity,参考文献学科数量,OLS,56755,HSS_Citing_Share ~ HSS_Continuous * reference_field_diversity + log_team_size + log_prior_knowledge + C(year) + C(arxiv_primary_category)
C(arxiv_primary_category)[T.stat.OT],0.10611282221547498,0.01724440626250742,7.580889401842465e-10,HSS_Citing_Share,HSS_Citing_Share_p,reference_field_diversity,参考文献学科数量,OLS,56755,HSS_Citing_Share ~ HSS_Continuous * reference_field_diversity + log_team_size + log_prior_knowledge + C(year) + C(arxiv_primary_category)
HSS_Continuous,0.013818799880993556,0.0007804637054877698,3.7770309385911956e-70,HSS_Citing_Share,HSS_Citing_Share_p,reference_field_diversity,参考文献学科数量,OLS,56755,HSS_Citing_Share ~ HSS_Continuous * reference_field_diversity + log_team_size + log_prior_knowledge + C(year) + C(arxiv_primary_category)
reference_field_diversity,0.008825924896361265,0.000620296524894942,6.0925386993959266e-46,HSS_Citing_Share,HSS_Citing_Share_p,reference_field_diversity,参考文献学科数量,OLS,56755,HSS_Citing_Share ~ HSS_Continuous * reference_field_diversity + log_team_size + log_prior_knowledge + C(year) + C(arxiv_primary_category)
HSS_Continuous:reference_field_diversity,-0.0008052012196031765,0.00041801047330409434,0.05407061401365373,HSS_Citing_Share,HSS_Citing_Share_p,reference_field_diversity,参考文献学科数量,OLS,56755,HSS_Citing_Share ~ HSS_Continuous * reference_field_diversity + log_team_size + log_prior_knowledge + C(year) + C(arxiv_primary_category)
log_team_size,0.00261263711767985,0.001986554586466822,0.18845613728797683,HSS_Citing_Share,HSS_Citing_Share_p,reference_field_diversity,参考文献学科数量,OLS,56755,HSS_Citing_Share ~ HSS_Continuous * reference_field_diversity + log_team_size + log_prior_knowledge + C(year) + C(arxiv_primary_category)
log_prior_knowledge,0.00892210324083475,0.0007753066341507033,1.2046033022059174e-30,HSS_Citing_Share,HSS_Citing_Share_p,reference_field_diversity,参考文献学科数量,OLS,56755,HSS_Citing_Share ~ HSS_Continuous * reference_field_diversity + log_team_size + log_prior_knowledge + C(year) + C(arxiv_primary_category)
Intercept,0.033770554913893,0.027976776604975835,0.2273965545738812,HSS_Citing_Share,HSS_Citing_Share_p,reference_entropy,参考文献学科熵,OLS,15843,HSS_Citing_Share ~ HSS_Continuous * reference_entropy + log_team_size + log_prior_knowledge + C(year) + C(arxiv_primary_category)
C(year)[T.2015],-0.01003596015780628,0.02621480387215049,0.701841664044603,HSS_Citing_Share,HSS_Citing_Share_p,reference_entropy,参考文献学科熵,OLS,15843,HSS_Citing_Share ~ HSS_Continuous * reference_entropy + log_team_size + log_prior_knowledge + C(year) + C(arxiv_primary_category)
C(year)[T.2016],-0.0019485381078015419,0.02408325547421485,0.9355147850862902,HSS_Citing_Share,HSS_Citing_Share_p,reference_entropy,参考文献学科熵,OLS,15843,HSS_Citing_Share ~ HSS_Continuous * reference_entropy + log_team_size + log_prior_knowledge + C(year) + C(arxiv_primary_category)
C(year)[T.2017],-0.0076542652383997465,0.023451219091049736,0.7441285979873538,HSS_Citing_Share,HSS_Citing_Share_p,reference_entropy,参考文献学科熵,OLS,15843,HSS_Citing_Share ~ HSS_Continuous * reference_entropy + log_team_size + log_prior_knowledge + C(year) + C(arxiv_primary_category)
C(year)[T.2018],-0.017857632384092867,0.0233471978184905,0.44434739883565333,HSS_Citing_Share,HSS_Citing_Share_p,reference_entropy,参考文献学科熵,OLS,15843,HSS_Citing_Share ~ HSS_Continuous * reference_entropy + log_team_size + log_prior_knowledge + C(year) + C(arxiv_primary_category)
C(year)[T.2019],-0.013445224668039157,0.023313527085114,0.5641330441024788,HSS_Citing_Share,HSS_Citing_Share_p,reference_entropy,参考文献学科熵,OLS,15843,HSS_Citing_Share ~ HSS_Continuous * reference_entropy + log_team_size + log_prior_knowledge + C(year) + C(arxiv_primary_category)
C(year)[T.2020],-0.0298681235537087,0.02328592287729958,0.19960818328551466,HSS_Citing_Share,HSS_Citing_Share_p,reference_entropy,参考文献学科熵,OLS,15843,HSS_Citing_Share ~ HSS_Continuous * reference_entropy + log_team_size + log_prior_knowledge + C(year) + C(arxiv_primary_category)
C(year)[T.2021],-0.061238623553004384,0.023289761895205853,0.00855300288148704,HSS_Citing_Share,HSS_Citing_Share_p,reference_entropy,参考文献学科熵,OLS,15843,HSS_Citing_Share ~ HSS_Continuous * reference_entropy + log_team_size + log_prior_knowledge + C(year) + C(arxiv_primary_category)
C(year)[T.2022],-0.026384242339403802,0.031385629350188016,0.4005455919631171,HSS_Citing_Share,HSS_Citing_Share_p,reference_entropy,参考文献学科熵,OLS,15843,HSS_Citing_Share ~ HSS_Continuous * reference_entropy + log_team_size + log_prior_knowledge + C(year) + C(arxiv_primary_category)
C(year)[T.2023],0.0015195731116828372,0.026385958379297643,0.9540750411493969,HSS_Citing_Share,HSS_Citing_Share_p,reference_entropy,参考文献学科熵,OLS,15843,HSS_Citing_Share ~ HSS_Continuous * reference_entropy + log_team_size + log_prior_knowledge + C(year) + C(arxiv_primary_category)
C(year)[T.2024],-0.07658692594849645,0.04155512059651614,0.06532606378689827,HSS_Citing_Share,HSS_Citing_Share_p,reference_entropy,参考文献学科熵,OLS,15843,HSS_Citing_Share ~ HSS_Continuous * reference_entropy + log_team_size + log_prior_knowledge + C(year) + C(arxiv_primary_category)
C(year)[T.2025],-0.17880025913217212,0.03516106658779171,3.6728272411479205e-07,HSS_Citing_Share,HSS_Citing_Share_p,reference_entropy,参考文献学科熵,OLS,15843,HSS_Citing_Share ~ HSS_Continuous * reference_entropy + log_team_size + log_prior_knowledge + C(year) + C(arxiv_primary_category)
C(arxiv_primary_category)[T.astro-ph.GA],0.03864041745701197,0.05443851442024996,0.4778286257065658,HSS_Citing_Share,HSS_Citing_Share_p,reference_entropy,参考文献学科熵,OLS,15843,HSS_Citing_Share ~ HSS_Continuous * reference_entropy + log_team_size + log_prior_knowledge + C(year) + C(arxiv_primary_category)
C(arxiv_primary_category)[T.astro-ph.HE],-0.034459495090232294,0.01519645623052725,0.02335355376540521,HSS_Citing_Share,HSS_Citing_Share_p,reference_entropy,参考文献学科熵,OLS,15843,HSS_Citing_Share ~ HSS_Continuous * reference_entropy + log_team_size + log_prior_knowledge + C(year) + C(arxiv_primary_category)
C(arxiv_primary_category)[T.astro-ph.IM],0.009734725398126379,0.026154538390387568,0.7097437693483388,HSS_Citing_Share,HSS_Citing_Share_p,reference_entropy,参考文献学科熵,OLS,15843,HSS_Citing_Share ~ HSS_Continuous * reference_entropy + log_team_size + log_prior_knowledge + C(year) + C(arxiv_primary_category)
C(arxiv_primary_category)[T.astro-ph.SR],0.12866306271354222,0.13728609152983975,0.34866116767929,HSS_Citing_Share,HSS_Citing_Share_p,reference_entropy,参考文献学科熵,OLS,15843,HSS_Citing_Share ~ HSS_Continuous * reference_entropy + log_team_size + log_prior_knowledge + C(year) + C(arxiv_primary_category)
C(arxiv_primary_category)[T.cond-mat.dis-nn],0.047883081297437964,0.032361126827157666,0.13896717073105383,HSS_Citing_Share,HSS_Citing_Share_p,reference_entropy,参考文献学科熵,OLS,15843,HSS_Citing_Share ~ HSS_Continuous * reference_entropy + log_team_size + log_prior_knowledge + C(year) + C(arxiv_primary_category)
C(arxiv_primary_category)[T.cond-mat.mes-hall],0.008259891517356626,0.015441951628543569,0.5927193848883745,HSS_Citing_Share,HSS_Citing_Share_p,reference_entropy,参考文献学科熵,OLS,15843,HSS_Citing_Share ~ HSS_Continuous * reference_entropy + log_team_size + log_prior_knowledge + C(year) + C(arxiv_primary_category)
C(arxiv_primary_category)[T.cond-mat.mtrl-sci],0.027774359413675564,0.0249949357768586,0.2664824988949632,HSS_Citing_Share,HSS_Citing_Share_p,reference_entropy,参考文献学科熵,OLS,15843,HSS_Citing_Share ~ HSS_Continuous * reference_entropy + log_team_size + log_prior_knowledge + C(year) + C(arxiv_primary_category)
C(arxiv_primary_category)[T.cond-mat.other],-0.02711986490342773,0.01536402756030782,0.0775379943845874,HSS_Citing_Share,HSS_Citing_Share_p,reference_entropy,参考文献学科熵,OLS,15843,HSS_Citing_Share ~ HSS_Continuous * reference_entropy + log_team_size + log_prior_knowledge + C(year) + C(arxiv_primary_category)
C(arxiv_primary_category)[T.cond-mat.soft],0.04704916822771358,0.05919847080261272,0.4267473089747107,HSS_Citing_Share,HSS_Citing_Share_p,reference_entropy,参考文献学科熵,OLS,15843,HSS_Citing_Share ~ HSS_Continuous * reference_entropy + log_team_size + log_prior_knowledge + C(year) + C(arxiv_primary_category)
C(arxiv_primary_category)[T.cond-mat.stat-mech],0.06178825541236278,0.059219866308208,0.2967767785684735,HSS_Citing_Share,HSS_Citing_Share_p,reference_entropy,参考文献学科熵,OLS,15843,HSS_Citing_Share ~ HSS_Continuous * reference_entropy + log_team_size + log_prior_knowledge + C(year) + C(arxiv_primary_category)
C(arxiv_primary_category)[T.cond-mat.str-el],-0.03280281098330462,0.015077386595864375,0.029582956184409422,HSS_Citing_Share,HSS_Citing_Share_p,reference_entropy,参考文献学科熵,OLS,15843,HSS_Citing_Share ~ HSS_Continuous * reference_entropy + log_team_size + log_prior_knowledge + C(year) + C(arxiv_primary_category)
C(arxiv_primary_category)[T.cs.AI],0.15594618058489668,0.019166488934713618,4.072119074439844e-16,HSS_Citing_Share,HSS_Citing_Share_p,reference_entropy,参考文献学科熵,OLS,15843,HSS_Citing_Share ~ HSS_Continuous * reference_entropy + log_team_size + log_prior_knowledge + C(year) + C(arxiv_primary_category)
C(arxiv_primary_category)[T.cs.AR],0.07373558606700958,0.03616025919345893,0.04143673270059135,HSS_Citing_Share,HSS_Citing_Share_p,reference_entropy,参考文献学科熵,OLS,15843,HSS_Citing_Share ~ HSS_Continuous * reference_entropy + log_team_size + log_prior_knowledge + C(year) + C(arxiv_primary_category)
C(arxiv_primary_category)[T.cs.CC],-0.001581813462073523,0.04081550532134241,0.9690855555762322,HSS_Citing_Share,HSS_Citing_Share_p,reference_entropy,参考文献学科熵,OLS,15843,HSS_Citing_Share ~ HSS_Continuous * reference_entropy + log_team_size + log_prior_knowledge + C(year) + C(arxiv_primary_category)
C(arxiv_primary_category)[T.cs.CE],0.022500833573474065,0.023803846210205964,0.34452594188357877,HSS_Citing_Share,HSS_Citing_Share_p,reference_entropy,参考文献学科熵,OLS,15843,HSS_Citing_Share ~ HSS_Continuous * reference_entropy + log_team_size + log_prior_knowledge + C(year) + C(arxiv_primary_category)
C(arxiv_primary_category)[T.cs.CG],0.1361822603660948,0.056593503199504874,0.01611400114627886,HSS_Citing_Share,HSS_Citing_Share_p,reference_entropy,参考文献学科熵,OLS,15843,HSS_Citing_Share ~ HSS_Continuous * reference_entropy + log_team_size + log_prior_knowledge + C(year) + C(arxiv_primary_category)
C(arxiv_primary_category)[T.cs.CL],0.1684919627585126,0.015469437469389351,1.2594858804597112e-27,HSS_Citing_Share,HSS_Citing_Share_p,reference_entropy,参考文献学科熵,OLS,15843,HSS_Citing_Share ~ HSS_Continuous * reference_entropy + log_team_size + log_prior_knowledge + C(year) + C(arxiv_primary_category)
C(arxiv_primary_category)[T.cs.CR],0.09881540179491642,0.019343926581621207,3.249971883346761e-07,HSS_Citing_Share,HSS_Citing_Share_p,reference_entropy,参考文献学科熵,OLS,15843,HSS_Citing_Share ~ HSS_Continuous * reference_entropy + log_team_size + log_prior_knowledge + C(year) + C(arxiv_primary_category)
C(arxiv_primary_category)[T.cs.CV],0.11930512925212776,0.015344425707825725,7.53612491063401e-15,HSS_Citing_Share,HSS_Citing_Share_p,reference_entropy,参考文献学科熵,OLS,15843,HSS_Citing_Share ~ HSS_Continuous * reference_entropy + log_team_size + log_prior_knowledge + C(year) + C(arxiv_primary_category)
C(arxiv_primary_category)[T.cs.CY],0.24918752355622084,0.03484728387839831,8.624537027864157e-13,HSS_Citing_Share,HSS_Citing_Share_p,reference_entropy,参考文献学科熵,OLS,15843,HSS_Citing_Share ~ HSS_Continuous * reference_entropy + log_team_size + log_prior_knowledge + C(year) + C(arxiv_primary_category)
C(arxiv_primary_category)[T.cs.DB],0.10934564954563285,0.055216014598732405,0.04766703067203351,HSS_Citing_Share,HSS_Citing_Share_p,reference_entropy,参考文献学科熵,OLS,15843,HSS_Citing_Share ~ HSS_Continuous * reference_entropy + log_team_size + log_prior_knowledge + C(year) + C(arxiv_primary_category)
C(arxiv_primary_category)[T.cs.DC],0.07096610624232204,0.025160804323536456,0.004794853108409267,HSS_Citing_Share,HSS_Citing_Share_p,reference_entropy,参考文献学科熵,OLS,15843,HSS_Citing_Share ~ HSS_Continuous * reference_entropy + log_team_size + log_prior_knowledge + C(year) + C(arxiv_primary_category)
C(arxiv_primary_category)[T.cs.DL],-0.06278232631951777,0.018858638909524703,0.0008712659255679548,HSS_Citing_Share,HSS_Citing_Share_p,reference_entropy,参考文献学科熵,OLS,15843,HSS_Citing_Share ~ HSS_Continuous * reference_entropy + log_team_size + log_prior_knowledge + C(year) + C(arxiv_primary_category)
C(arxiv_primary_category)[T.cs.DM],-0.03833549266456737,0.015460336213222858,0.013152881671985429,HSS_Citing_Share,HSS_Citing_Share_p,reference_entropy,参考文献学科熵,OLS,15843,HSS_Citing_Share ~ HSS_Continuous * reference_entropy + log_team_size + log_prior_knowledge + C(year) + C(arxiv_primary_category)
C(arxiv_primary_category)[T.cs.DS],0.000645764574246937,0.02211828789245887,0.9767083059949244,HSS_Citing_Share,HSS_Citing_Share_p,reference_entropy,参考文献学科熵,OLS,15843,HSS_Citing_Share ~ HSS_Continuous * reference_entropy + log_team_size + log_prior_knowledge + C(year) + C(arxiv_primary_category)
C(arxiv_primary_category)[T.cs.ET],0.03311402403448056,0.024248071469805316,0.1720534393638148,HSS_Citing_Share,HSS_Citing_Share_p,reference_entropy,参考文献学科熵,OLS,15843,HSS_Citing_Share ~ HSS_Continuous * reference_entropy + log_team_size + log_prior_knowledge + C(year) + C(arxiv_primary_category)
C(arxiv_primary_category)[T.cs.FL],0.25597398171472796,0.031432765783456065,3.838859895691537e-16,HSS_Citing_Share,HSS_Citing_Share_p,reference_entropy,参考文献学科熵,OLS,15843,HSS_Citing_Share ~ HSS_Continuous * reference_entropy + log_team_size + log_prior_knowledge + C(year) + C(arxiv_primary_category)
C(arxiv_primary_category)[T.cs.GR],0.13652451495560075,0.02676152321009642,3.3693181158154534e-07,HSS_Citing_Share,HSS_Citing_Share_p,reference_entropy,参考文献学科熵,OLS,15843,HSS_Citing_Share ~ HSS_Continuous * reference_entropy + log_team_size + log_prior_knowledge + C(year) + C(arxiv_primary_category)
C(arxiv_primary_category)[T.cs.GT],0.055211626939163296,0.06745258422672441,0.4130574691568042,HSS_Citing_Share,HSS_Citing_Share_p,reference_entropy,参考文献学科熵,OLS,15843,HSS_Citing_Share ~ HSS_Continuous * reference_entropy + log_team_size + log_prior_knowledge + C(year) + C(arxiv_primary_category)
C(arxiv_primary_category)[T.cs.HC],0.13875916287002446,0.030143051522094868,4.157389489420181e-06,HSS_Citing_Share,HSS_Citing_Share_p,reference_entropy,参考文献学科熵,OLS,15843,HSS_Citing_Share ~ HSS_Continuous * reference_entropy + log_team_size + log_prior_knowledge + C(year) + C(arxiv_primary_category)
C(arxiv_primary_category)[T.cs.IR],0.1511337813286667,0.01891279924251553,1.3375657944645148e-15,HSS_Citing_Share,HSS_Citing_Share_p,reference_entropy,参考文献学科熵,OLS,15843,HSS_Citing_Share ~ HSS_Continuous * reference_entropy + log_team_size + log_prior_knowledge + C(year) + C(arxiv_primary_category)
C(arxiv_primary_category)[T.cs.IT],-0.013160091605846693,0.015452640124851213,0.3944137457010526,HSS_Citing_Share,HSS_Citing_Share_p,reference_entropy,参考文献学科熵,OLS,15843,HSS_Citing_Share ~ HSS_Continuous * reference_entropy + log_team_size + log_prior_knowledge + C(year) + C(arxiv_primary_category)
C(arxiv_primary_category)[T.cs.LG],0.11140323592982977,0.015374063837382296,4.2868989679858137e-13,HSS_Citing_Share,HSS_Citing_Share_p,reference_entropy,参考文献学科熵,OLS,15843,HSS_Citing_Share ~ HSS_Continuous * reference_entropy + log_team_size + log_prior_knowledge + C(year) + C(arxiv_primary_category)
C(arxiv_primary_category)[T.cs.LO],0.10173041777422924,0.05038608740742388,0.043485347957153614,HSS_Citing_Share,HSS_Citing_Share_p,reference_entropy,参考文献学科熵,OLS,15843,HSS_Citing_Share ~ HSS_Continuous * reference_entropy + log_team_size + log_prior_knowledge + C(year) + C(arxiv_primary_category)
C(arxiv_primary_category)[T.cs.MA],0.07333785112065735,0.05797274624915626,0.20585693860286147,HSS_Citing_Share,HSS_Citing_Share_p,reference_entropy,参考文献学科熵,OLS,15843,HSS_Citing_Share ~ HSS_Continuous * reference_entropy + log_team_size + log_prior_knowledge + C(year) + C(arxiv_primary_category)
C(arxiv_primary_category)[T.cs.MM],0.06376395736331236,0.026301401227809152,0.015335567916472004,HSS_Citing_Share,HSS_Citing_Share_p,reference_entropy,参考文献学科熵,OLS,15843,HSS_Citing_Share ~ HSS_Continuous * reference_entropy + log_team_size + log_prior_knowledge + C(year) + C(arxiv_primary_category)
C(arxiv_primary_category)[T.cs.MS],0.014711153178057103,0.05322365661909074,0.7822389161419676,HSS_Citing_Share,HSS_Citing_Share_p,reference_entropy,参考文献学科熵,OLS,15843,HSS_Citing_Share ~ HSS_Continuous * reference_entropy + log_team_size + log_prior_knowledge + C(year) + C(arxiv_primary_category)
C(arxiv_primary_category)[T.cs.NE],0.10103933252574246,0.022660741521281936,8.242625746544492e-06,HSS_Citing_Share,HSS_Citing_Share_p,reference_entropy,参考文献学科熵,OLS,15843,HSS_Citing_Share ~ HSS_Continuous * reference_entropy + log_team_size + log_prior_knowledge + C(year) + C(arxiv_primary_category)
C(arxiv_primary_category)[T.cs.NI],0.02418976984524274,0.021758351833540125,0.26624719317688617,HSS_Citing_Share,HSS_Citing_Share_p,reference_entropy,参考文献学科熵,OLS,15843,HSS_Citing_Share ~ HSS_Continuous * reference_entropy + log_team_size + log_prior_knowledge + C(year) + C(arxiv_primary_category)
C(arxiv_primary_category)[T.cs.OH],0.16777493764809648,0.1445721734468769,0.2458483043146188,HSS_Citing_Share,HSS_Citing_Share_p,reference_entropy,参考文献学科熵,OLS,15843,HSS_Citing_Share ~ HSS_Continuous * reference_entropy + log_team_size + log_prior_knowledge + C(year) + C(arxiv_primary_category)
C(arxiv_primary_category)[T.cs.PF],-0.06933897078613509,0.015577194714437446,8.534679868086397e-06,HSS_Citing_Share,HSS_Citing_Share_p,reference_entropy,参考文献学科熵,OLS,15843,HSS_Citing_Share ~ HSS_Continuous * reference_entropy + log_team_size + log_prior_knowledge + C(year) + C(arxiv_primary_category)
C(arxiv_primary_category)[T.cs.PL],0.07182688725745483,0.038128627775806945,0.05959140096263223,HSS_Citing_Share,HSS_Citing_Share_p,reference_entropy,参考文献学科熵,OLS,15843,HSS_Citing_Share ~ HSS_Continuous * reference_entropy + log_team_size + log_prior_knowledge + C(year) + C(arxiv_primary_category)
C(arxiv_primary_category)[T.cs.RO],0.11020682479594723,0.02238533782561242,8.515339394721293e-07,HSS_Citing_Share,HSS_Citing_Share_p,reference_entropy,参考文献学科熵,OLS,15843,HSS_Citing_Share ~ HSS_Continuous * reference_entropy + log_team_size + log_prior_knowledge + C(year) + C(arxiv_primary_category)
C(arxiv_primary_category)[T.cs.SC],-0.027535115935008413,0.015556960309077978,0.07673467755747054,HSS_Citing_Share,HSS_Citing_Share_p,reference_entropy,参考文献学科熵,OLS,15843,HSS_Citing_Share ~ HSS_Continuous * reference_entropy + log_team_size + log_prior_knowledge + C(year) + C(arxiv_primary_category)
C(arxiv_primary_category)[T.cs.SD],0.15993699175010145,0.018656481607807026,1.010596768058962e-17,HSS_Citing_Share,HSS_Citing_Share_p,reference_entropy,参考文献学科熵,OLS,15843,HSS_Citing_Share ~ HSS_Continuous * reference_entropy + log_team_size + log_prior_knowledge + C(year) + C(arxiv_primary_category)
C(arxiv_primary_category)[T.cs.SE],0.10715631133071202,0.02350881451642418,5.161026802491634e-06,HSS_Citing_Share,HSS_Citing_Share_p,reference_entropy,参考文献学科熵,OLS,15843,HSS_Citing_Share ~ HSS_Continuous * reference_entropy + log_team_size + log_prior_knowledge + C(year) + C(arxiv_primary_category)
C(arxiv_primary_category)[T.cs.SI],0.12179893775855131,0.02666043900350651,4.911636002257191e-06,HSS_Citing_Share,HSS_Citing_Share_p,reference_entropy,参考文献学科熵,OLS,15843,HSS_Citing_Share ~ HSS_Continuous * reference_entropy + log_team_size + log_prior_knowledge + C(year) + C(arxiv_primary_category)
C(arxiv_primary_category)[T.econ.EM],0.006677710095239528,0.0704151113867483,0.9244470930804694,HSS_Citing_Share,HSS_Citing_Share_p,reference_entropy,参考文献学科熵,OLS,15843,HSS_Citing_Share ~ HSS_Continuous * reference_entropy + log_team_size + log_prior_knowledge + C(year) + C(arxiv_primary_category)
C(arxiv_primary_category)[T.econ.GN],0.4334166312181768,0.021758969083039956,2.7856716302540943e-88,HSS_Citing_Share,HSS_Citing_Share_p,reference_entropy,参考文献学科熵,OLS,15843,HSS_Citing_Share ~ HSS_Continuous * reference_entropy + log_team_size + log_prior_knowledge + C(year) + C(arxiv_primary_category)
C(arxiv_primary_category)[T.eess.AS],0.1420463316680463,0.01741898192449729,3.5008763811696793e-16,HSS_Citing_Share,HSS_Citing_Share_p,reference_entropy,参考文献学科熵,OLS,15843,HSS_Citing_Share ~ HSS_Continuous * reference_entropy + log_team_size + log_prior_knowledge + C(year) + C(arxiv_primary_category)
C(arxiv_primary_category)[T.eess.IV],0.05433422155291284,0.01583164095465941,0.0005991434003143376,HSS_Citing_Share,HSS_Citing_Share_p,reference_entropy,参考文献学科熵,OLS,15843,HSS_Citing_Share ~ HSS_Continuous * reference_entropy + log_team_size + log_prior_knowledge + C(year) + C(arxiv_primary_category)
C(arxiv_primary_category)[T.eess.SP],0.030828906546824002,0.01715244970553266,0.07228052573278697,HSS_Citing_Share,HSS_Citing_Share_p,reference_entropy,参考文献学科熵,OLS,15843,HSS_Citing_Share ~ HSS_Continuous * reference_entropy + log_team_size + log_prior_knowledge + C(year) + C(arxiv_primary_category)
C(arxiv_primary_category)[T.eess.SY],0.003416898638800474,0.019481274273921816,0.8607700540598301,HSS_Citing_Share,HSS_Citing_Share_p,reference_entropy,参考文献学科熵,OLS,15843,HSS_Citing_Share ~ HSS_Continuous * reference_entropy + log_team_size + log_prior_knowledge + C(year) + C(arxiv_primary_category)
C(arxiv_primary_category)[T.gr-qc],-0.02038954488012734,0.015572561079604419,0.19042425545357433,HSS_Citing_Share,HSS_Citing_Share_p,reference_entropy,参考文献学科熵,OLS,15843,HSS_Citing_Share ~ HSS_Continuous * reference_entropy + log_team_size + log_prior_knowledge + C(year) + C(arxiv_primary_category)
C(arxiv_primary_category)[T.hep-ex],0.06382578163443427,0.018894590713161487,0.0007301712950224228,HSS_Citing_Share,HSS_Citing_Share_p,reference_entropy,参考文献学科熵,OLS,15843,HSS_Citing_Share ~ HSS_Continuous * reference_entropy + log_team_size + log_prior_knowledge + C(year) + C(arxiv_primary_category)
C(arxiv_primary_category)[T.hep-lat],-0.01756589720229807,0.039204588057572404,0.6541119296021668,HSS_Citing_Share,HSS_Citing_Share_p,reference_entropy,参考文献学科熵,OLS,15843,HSS_Citing_Share ~ HSS_Continuous * reference_entropy + log_team_size + log_prior_knowledge + C(year) + C(arxiv_primary_category)
C(arxiv_primary_category)[T.hep-ph],0.028246851846874373,0.024121177894181806,0.2415829044723149,HSS_Citing_Share,HSS_Citing_Share_p,reference_entropy,参考文献学科熵,OLS,15843,HSS_Citing_Share ~ HSS_Continuous * reference_entropy + log_team_size + log_prior_knowledge + C(year) + C(arxiv_primary_category)
C(arxiv_primary_category)[T.hep-th],0.07075776355944526,0.023611021494266412,0.0027282000258822803,HSS_Citing_Share,HSS_Citing_Share_p,reference_entropy,参考文献学科熵,OLS,15843,HSS_Citing_Share ~ HSS_Continuous * reference_entropy + log_team_size + log_prior_knowledge + C(year) + C(arxiv_primary_category)
C(arxiv_primary_category)[T.math-ph],-0.030259065394601325,0.01551705877498079,0.05116996838673789,HSS_Citing_Share,HSS_Citing_Share_p,reference_entropy,参考文献学科熵,OLS,15843,HSS_Citing_Share ~ HSS_Continuous * reference_entropy + log_team_size + log_prior_knowledge + C(year) + C(arxiv_primary_category)
C(arxiv_primary_category)[T.math.AG],-0.02279557039758132,0.015621405881834074,0.14449571517353424,HSS_Citing_Share,HSS_Citing_Share_p,reference_entropy,参考文献学科熵,OLS,15843,HSS_Citing_Share ~ HSS_Continuous * reference_entropy + log_team_size + log_prior_knowledge + C(year) + C(arxiv_primary_category)
C(arxiv_primary_category)[T.math.AP],0.007599967805548438,0.02390655591967268,0.7505584547337562,HSS_Citing_Share,HSS_Citing_Share_p,reference_entropy,参考文献学科熵,OLS,15843,HSS_Citing_Share ~ HSS_Continuous * reference_entropy + log_team_size + log_prior_knowledge + C(year) + C(arxiv_primary_category)
C(arxiv_primary_category)[T.math.CO],0.04844653070825066,0.07584706876275694,0.5229923094285942,HSS_Citing_Share,HSS_Citing_Share_p,reference_entropy,参考文献学科熵,OLS,15843,HSS_Citing_Share ~ HSS_Continuous * reference_entropy + log_team_size + log_prior_knowledge + C(year) + C(arxiv_primary_category)
C(arxiv_primary_category)[T.math.DS],-0.052115355601152685,0.02163488880199418,0.016002562186019816,HSS_Citing_Share,HSS_Citing_Share_p,reference_entropy,参考文献学科熵,OLS,15843,HSS_Citing_Share ~ HSS_Continuous * reference_entropy + log_team_size + log_prior_knowledge + C(year) + C(arxiv_primary_category)
C(arxiv_primary_category)[T.math.GM],-0.07760535395573194,0.018784996250552768,3.6080945564055156e-05,HSS_Citing_Share,HSS_Citing_Share_p,reference_entropy,参考文献学科熵,OLS,15843,HSS_Citing_Share ~ HSS_Continuous * reference_entropy + log_team_size + log_prior_knowledge + C(year) + C(arxiv_primary_category)
C(arxiv_primary_category)[T.math.GR],-0.041222285729465534,0.01581861364188626,0.009162373253587307,HSS_Citing_Share,HSS_Citing_Share_p,reference_entropy,参考文献学科熵,OLS,15843,HSS_Citing_Share ~ HSS_Continuous * reference_entropy + log_team_size + log_prior_knowledge + C(year) + C(arxiv_primary_category)
C(arxiv_primary_category)[T.math.LO],0.2398335333884752,0.015792883647835553,4.366514519125039e-52,HSS_Citing_Share,HSS_Citing_Share_p,reference_entropy,参考文献学科熵,OLS,15843,HSS_Citing_Share ~ HSS_Continuous * reference_entropy + log_team_size + log_prior_knowledge + C(year) + C(arxiv_primary_category)
C(arxiv_primary_category)[T.math.NA],0.025315843605307815,0.021950940415419725,0.24879055952479157,HSS_Citing_Share,HSS_Citing_Share_p,reference_entropy,参考文献学科熵,OLS,15843,HSS_Citing_Share ~ HSS_Continuous * reference_entropy + log_team_size + log_prior_knowledge + C(year) + C(arxiv_primary_category)
C(arxiv_primary_category)[T.math.NT],-0.04682264537051827,0.017046794647605945,0.006019586085426846,HSS_Citing_Share,HSS_Citing_Share_p,reference_entropy,参考文献学科熵,OLS,15843,HSS_Citing_Share ~ HSS_Continuous * reference_entropy + log_team_size + log_prior_knowledge + C(year) + C(arxiv_primary_category)
C(arxiv_primary_category)[T.math.OC],0.07236296770112453,0.026632876435074268,0.006586582856836322,HSS_Citing_Share,HSS_Citing_Share_p,reference_entropy,参考文献学科熵,OLS,15843,HSS_Citing_Share ~ HSS_Continuous * reference_entropy + log_team_size + log_prior_knowledge + C(year) + C(arxiv_primary_category)
C(arxiv_primary_category)[T.math.PR],-0.010129103110687807,0.03294401481908462,0.7584901157738753,HSS_Citing_Share,HSS_Citing_Share_p,reference_entropy,参考文献学科熵,OLS,15843,HSS_Citing_Share ~ HSS_Continuous * reference_entropy + log_team_size + log_prior_knowledge + C(year) + C(arxiv_primary_category)
C(arxiv_primary_category)[T.math.ST],-0.0133289166518039,0.03105795817795017,0.6678048381396959,HSS_Citing_Share,HSS_Citing_Share_p,reference_entropy,参考文献学科熵,OLS,15843,HSS_Citing_Share ~ HSS_Continuous * reference_entropy + log_team_size + log_prior_knowledge + C(year) + C(arxiv_primary_category)
C(arxiv_primary_category)[T.nlin.AO],0.21314393493838077,0.20558693935439884,0.29984858389699387,HSS_Citing_Share,HSS_Citing_Share_p,reference_entropy,参考文献学科熵,OLS,15843,HSS_Citing_Share ~ HSS_Continuous * reference_entropy + log_team_size + log_prior_knowledge + C(year) + C(arxiv_primary_category)
C(arxiv_primary_category)[T.nlin.PS],-0.04404981839527978,0.015580138325898852,0.004694145000042634,HSS_Citing_Share,HSS_Citing_Share_p,reference_entropy,参考文献学科熵,OLS,15843,HSS_Citing_Share ~ HSS_Continuous * reference_entropy + log_team_size + log_prior_knowledge + C(year) + C(arxiv_primary_category)
C(arxiv_primary_category)[T.nucl-th],-0.036881383510173255,0.015496889702194868,0.017316318824428398,HSS_Citing_Share,HSS_Citing_Share_p,reference_entropy,参考文献学科熵,OLS,15843,HSS_Citing_Share ~ HSS_Continuous * reference_entropy + log_team_size + log_prior_knowledge + C(year) + C(arxiv_primary_category)
C(arxiv_primary_category)[T.physics.acc-ph],0.07885759733225595,0.05436193029130097,0.1468903463529264,HSS_Citing_Share,HSS_Citing_Share_p,reference_entropy,参考文献学科熵,OLS,15843,HSS_Citing_Share ~ HSS_Continuous * reference_entropy + log_team_size + log_prior_knowledge + C(year) + C(arxiv_primary_category)
C(arxiv_primary_category)[T.physics.ao-ph],0.10440310494623066,0.04965367496611034,0.03549848065996748,HSS_Citing_Share,HSS_Citing_Share_p,reference_entropy,参考文献学科熵,OLS,15843,HSS_Citing_Share ~ HSS_Continuous * reference_entropy + log_team_size + log_prior_knowledge + C(year) + C(arxiv_primary_category)
C(arxiv_primary_category)[T.physics.app-ph],0.04099689594533307,0.041412966798821615,0.322197030590174,HSS_Citing_Share,HSS_Citing_Share_p,reference_entropy,参考文献学科熵,OLS,15843,HSS_Citing_Share ~ HSS_Continuous * reference_entropy + log_team_size + log_prior_knowledge + C(year) + C(arxiv_primary_category)
C(arxiv_primary_category)[T.physics.atom-ph],-0.028747844649178317,0.015217681933063058,0.05887735899023571,HSS_Citing_Share,HSS_Citing_Share_p,reference_entropy,参考文献学科熵,OLS,15843,HSS_Citing_Share ~ HSS_Continuous * reference_entropy + log_team_size + log_prior_knowledge + C(year) + C(arxiv_primary_category)
C(arxiv_primary_category)[T.physics.bio-ph],-0.02343250386870095,0.015972304501619964,0.14235675688207378,HSS_Citing_Share,HSS_Citing_Share_p,reference_entropy,参考文献学科熵,OLS,15843,HSS_Citing_Share ~ HSS_Continuous * reference_entropy + log_team_size + log_prior_knowledge + C(year) + C(arxiv_primary_category)
C(arxiv_primary_category)[T.physics.chem-ph],0.04657193954436325,0.03402165964916631,0.1710333876315926,HSS_Citing_Share,HSS_Citing_Share_p,reference_entropy,参考文献学科熵,OLS,15843,HSS_Citing_Share ~ HSS_Continuous * reference_entropy + log_team_size + log_prior_knowledge + C(year) + C(arxiv_primary_category)
C(arxiv_primary_category)[T.physics.comp-ph],0.029483751216475833,0.02816050924079905,0.29510452369668994,HSS_Citing_Share,HSS_Citing_Share_p,reference_entropy,参考文献学科熵,OLS,15843,HSS_Citing_Share ~ HSS_Continuous * reference_entropy + log_team_size + log_prior_knowledge + C(year) + C(arxiv_primary_category)
C(arxiv_primary_category)[T.physics.data-an],0.03974899061627922,0.03916613283309525,0.3101622328909758,HSS_Citing_Share,HSS_Citing_Share_p,reference_entropy,参考文献学科熵,OLS,15843,HSS_Citing_Share ~ HSS_Continuous * reference_entropy + log_team_size + log_prior_knowledge + C(year) + C(arxiv_primary_category)
C(arxiv_primary_category)[T.physics.ed-ph],0.08781440550223918,0.0898466645744171,0.3283806614093081,HSS_Citing_Share,HSS_Citing_Share_p,reference_entropy,参考文献学科熵,OLS,15843,HSS_Citing_Share ~ HSS_Continuous * reference_entropy + log_team_size + log_prior_knowledge + C(year) + C(arxiv_primary_category)
C(arxiv_primary_category)[T.physics.flu-dyn],-0.024712428447919765,0.018986519136694247,0.1930608134086501,HSS_Citing_Share,HSS_Citing_Share_p,reference_entropy,参考文献学科熵,OLS,15843,HSS_Citing_Share ~ HSS_Continuous * reference_entropy + log_team_size + log_prior_knowledge + C(year) + C(arxiv_primary_category)
C(arxiv_primary_category)[T.physics.geo-ph],0.013778509262855324,0.027151138414825117,0.6118219532895965,HSS_Citing_Share,HSS_Citing_Share_p,reference_entropy,参考文献学科熵,OLS,15843,HSS_Citing_Share ~ HSS_Continuous * reference_entropy + log_team_size + log_prior_knowledge + C(year) + C(arxiv_primary_category)
C(arxiv_primary_category)[T.physics.ins-det],-0.02774595967633756,0.020421121243966726,0.1742450525211825,HSS_Citing_Share,HSS_Citing_Share_p,reference_entropy,参考文献学科熵,OLS,15843,HSS_Citing_Share ~ HSS_Continuous * reference_entropy + log_team_size + log_prior_knowledge + C(year) + C(arxiv_primary_category)
C(arxiv_primary_category)[T.physics.med-ph],0.05534661931629763,0.027498544119759487,0.04414505265757901,HSS_Citing_Share,HSS_Citing_Share_p,reference_entropy,参考文献学科熵,OLS,15843,HSS_Citing_Share ~ HSS_Continuous * reference_entropy + log_team_size + log_prior_knowledge + C(year) + C(arxiv_primary_category)
C(arxiv_primary_category)[T.physics.optics],-0.032906017439396244,0.01580278695106218,0.03731580277022444,HSS_Citing_Share,HSS_Citing_Share_p,reference_entropy,参考文献学科熵,OLS,15843,HSS_Citing_Share ~ HSS_Continuous * reference_entropy + log_team_size + log_prior_knowledge + C(year) + C(arxiv_primary_category)
C(arxiv_primary_category)[T.physics.soc-ph],-0.002378944321819828,0.062402767695580695,0.9695900782487824,HSS_Citing_Share,HSS_Citing_Share_p,reference_entropy,参考文献学科熵,OLS,15843,HSS_Citing_Share ~ HSS_Continuous * reference_entropy + log_team_size + log_prior_knowledge + C(year) + C(arxiv_primary_category)
C(arxiv_primary_category)[T.physics.space-ph],0.1313785097203437,0.03056286184023691,1.718551890304668e-05,HSS_Citing_Share,HSS_Citing_Share_p,reference_entropy,参考文献学科熵,OLS,15843,HSS_Citing_Share ~ HSS_Continuous * reference_entropy + log_team_size + log_prior_knowledge + C(year) + C(arxiv_primary_category)
C(arxiv_primary_category)[T.q-bio.BM],0.06964327944286432,0.032408158680180245,0.031638934030487856,HSS_Citing_Share,HSS_Citing_Share_p,reference_entropy,参考文献学科熵,OLS,15843,HSS_Citing_Share ~ HSS_Continuous * reference_entropy + log_team_size + log_prior_knowledge + C(year) + C(arxiv_primary_category)
C(arxiv_primary_category)[T.q-bio.GN],0.0027767911926587538,0.031106219315790346,0.9288688939813298,HSS_Citing_Share,HSS_Citing_Share_p,reference_entropy,参考文献学科熵,OLS,15843,HSS_Citing_Share ~ HSS_Continuous * reference_entropy + log_team_size + log_prior_knowledge + C(year) + C(arxiv_primary_category)
C(arxiv_primary_category)[T.q-bio.MN],-0.052549886183593984,0.016303689083903054,0.0012677147368380893,HSS_Citing_Share,HSS_Citing_Share_p,reference_entropy,参考文献学科熵,OLS,15843,HSS_Citing_Share ~ HSS_Continuous * reference_entropy + log_team_size + log_prior_knowledge + C(year) + C(arxiv_primary_category)
C(arxiv_primary_category)[T.q-bio.NC],0.153182177127143,0.03049644142382054,5.088312854510752e-07,HSS_Citing_Share,HSS_Citing_Share_p,reference_entropy,参考文献学科熵,OLS,15843,HSS_Citing_Share ~ HSS_Continuous * reference_entropy + log_team_size + log_prior_knowledge + C(year) + C(arxiv_primary_category)
C(arxiv_primary_category)[T.q-bio.OT],0.09279403712935237,0.0866103451437967,0.2839911004096415,HSS_Citing_Share,HSS_Citing_Share_p,reference_entropy,参考文献学科熵,OLS,15843,HSS_Citing_Share ~ HSS_Continuous * reference_entropy + log_team_size + log_prior_knowledge + C(year) + C(arxiv_primary_category)
C(arxiv_primary_category)[T.q-bio.PE],0.010664659991091811,0.04066063280330161,0.7931019926218271,HSS_Citing_Share,HSS_Citing_Share_p,reference_entropy,参考文献学科熵,OLS,15843,HSS_Citing_Share ~ HSS_Continuous * reference_entropy + log_team_size + log_prior_knowledge + C(year) + C(arxiv_primary_category)
C(arxiv_primary_category)[T.q-bio.QM],0.06571700978130629,0.030481081908726088,0.03108418471757942,HSS_Citing_Share,HSS_Citing_Share_p,reference_entropy,参考文献学科熵,OLS,15843,HSS_Citing_Share ~ HSS_Continuous * reference_entropy + log_team_size + log_prior_knowledge + C(year) + C(arxiv_primary_category)
C(arxiv_primary_category)[T.q-bio.TO],0.005545961104395831,0.032067588394159054,0.862693874562375,HSS_Citing_Share,HSS_Citing_Share_p,reference_entropy,参考文献学科熵,OLS,15843,HSS_Citing_Share ~ HSS_Continuous * reference_entropy + log_team_size + log_prior_knowledge + C(year) + C(arxiv_primary_category)
C(arxiv_primary_category)[T.q-fin.CP],0.043966179628989834,0.05211959013207121,0.3989134132717813,HSS_Citing_Share,HSS_Citing_Share_p,reference_entropy,参考文献学科熵,OLS,15843,HSS_Citing_Share ~ HSS_Continuous * reference_entropy + log_team_size + log_prior_knowledge + C(year) + C(arxiv_primary_category)
C(arxiv_primary_category)[T.q-fin.GN],-0.09952722628609828,0.01921858201653222,2.2344021338477986e-07,HSS_Citing_Share,HSS_Citing_Share_p,reference_entropy,参考文献学科熵,OLS,15843,HSS_Citing_Share ~ HSS_Continuous * reference_entropy + log_team_size + log_prior_knowledge + C(year) + C(arxiv_primary_category)
C(arxiv_primary_category)[T.q-fin.MF],0.030553906218747047,0.1330717846432883,0.8183989600525047,HSS_Citing_Share,HSS_Citing_Share_p,reference_entropy,参考文献学科熵,OLS,15843,HSS_Citing_Share ~ HSS_Continuous * reference_entropy + log_team_size + log_prior_knowledge + C(year) + C(arxiv_primary_category)
C(arxiv_primary_category)[T.q-fin.PM],-0.16848254327621426,0.0415284892102683,4.969959007304383e-05,HSS_Citing_Share,HSS_Citing_Share_p,reference_entropy,参考文献学科熵,OLS,15843,HSS_Citing_Share ~ HSS_Continuous * reference_entropy + log_team_size + log_prior_knowledge + C(year) + C(arxiv_primary_category)
C(arxiv_primary_category)[T.q-fin.PR],0.2338963463218962,0.02727578559559414,9.88823180957657e-18,HSS_Citing_Share,HSS_Citing_Share_p,reference_entropy,参考文献学科熵,OLS,15843,HSS_Citing_Share ~ HSS_Continuous * reference_entropy + log_team_size + log_prior_knowledge + C(year) + C(arxiv_primary_category)
C(arxiv_primary_category)[T.q-fin.ST],0.1346740894692942,0.04800442480747938,0.005024612980777681,HSS_Citing_Share,HSS_Citing_Share_p,reference_entropy,参考文献学科熵,OLS,15843,HSS_Citing_Share ~ HSS_Continuous * reference_entropy + log_team_size + log_prior_knowledge + C(year) + C(arxiv_primary_category)
C(arxiv_primary_category)[T.q-fin.TR],0.05751422349462787,0.028851791825723852,0.04621363787664158,HSS_Citing_Share,HSS_Citing_Share_p,reference_entropy,参考文献学科熵,OLS,15843,HSS_Citing_Share ~ HSS_Continuous * reference_entropy + log_team_size + log_prior_knowledge + C(year) + C(arxiv_primary_category)
C(arxiv_primary_category)[T.quant-ph],0.030351054153080086,0.01815594787586049,0.09458614462325132,HSS_Citing_Share,HSS_Citing_Share_p,reference_entropy,参考文献学科熵,OLS,15843,HSS_Citing_Share ~ HSS_Continuous * reference_entropy + log_team_size + log_prior_knowledge + C(year) + C(arxiv_primary_category)
C(arxiv_primary_category)[T.stat.AP],0.020220999451138953,0.05596304212340317,0.7178544600891105,HSS_Citing_Share,HSS_Citing_Share_p,reference_entropy,参考文献学科熵,OLS,15843,HSS_Citing_Share ~ HSS_Continuous * reference_entropy + log_team_size + log_prior_knowledge + C(year) + C(arxiv_primary_category)
C(arxiv_primary_category)[T.stat.CO],0.036869925772078455,0.06421668416349383,0.565867180056306,HSS_Citing_Share,HSS_Citing_Share_p,reference_entropy,参考文献学科熵,OLS,15843,HSS_Citing_Share ~ HSS_Continuous * reference_entropy + log_team_size + log_prior_knowledge + C(year) + C(arxiv_primary_category)
C(arxiv_primary_category)[T.stat.ME],-0.03839580607052317,0.026719237531854814,0.1507152101433121,HSS_Citing_Share,HSS_Citing_Share_p,reference_entropy,参考文献学科熵,OLS,15843,HSS_Citing_Share ~ HSS_Continuous * reference_entropy + log_team_size + log_prior_knowledge + C(year) + C(arxiv_primary_category)
C(arxiv_primary_category)[T.stat.ML],0.09954681891796553,0.016290090555330428,9.908209373090884e-10,HSS_Citing_Share,HSS_Citing_Share_p,reference_entropy,参考文献学科熵,OLS,15843,HSS_Citing_Share ~ HSS_Continuous * reference_entropy + log_team_size + log_prior_knowledge + C(year) + C(arxiv_primary_category)
HSS_Continuous,0.007865086234554739,0.0027598829530853164,0.004374813357354222,HSS_Citing_Share,HSS_Citing_Share_p,reference_entropy,参考文献学科熵,OLS,15843,HSS_Citing_Share ~ HSS_Continuous * reference_entropy + log_team_size + log_prior_knowledge + C(year) + C(arxiv_primary_category)
reference_entropy,-0.00015721706607061412,0.0037888248486147723,0.9669013253497054,HSS_Citing_Share,HSS_Citing_Share_p,reference_entropy,参考文献学科熵,OLS,15843,HSS_Citing_Share ~ HSS_Continuous * reference_entropy + log_team_size + log_prior_knowledge + C(year) + C(arxiv_primary_category)
HSS_Continuous:reference_entropy,0.008692461244060635,0.003204930085657994,0.0066835114418077575,HSS_Citing_Share,HSS_Citing_Share_p,reference_entropy,参考文献学科熵,OLS,15843,HSS_Citing_Share ~ HSS_Continuous * reference_entropy + log_team_size + log_prior_knowledge + C(year) + C(arxiv_primary_category)
log_team_size,-0.001874028551350176,0.004057933074264001,0.6442114855136983,HSS_Citing_Share,HSS_Citing_Share_p,reference_entropy,参考文献学科熵,OLS,15843,HSS_Citing_Share ~ HSS_Continuous * reference_entropy + log_team_size + log_prior_knowledge + C(year) + C(arxiv_primary_category)
log_prior_knowledge,0.011833687073054822,0.0013837808939418988,1.2128260924873446e-17,HSS_Citing_Share,HSS_Citing_Share_p,reference_entropy,参考文献学科熵,OLS,15843,HSS_Citing_Share ~ HSS_Continuous * reference_entropy + log_team_size + log_prior_knowledge + C(year) + C(arxiv_primary_category)
Intercept,0.0219859387247673,0.026979881605825665,0.41512884866109845,HSS_Citing_Share,HSS_Citing_Share_p,hss_reference_share,HSS参考文献占比,OLS,15843,HSS_Citing_Share ~ HSS_Continuous * hss_reference_share + log_team_size + log_prior_knowledge + C(year) + C(arxiv_primary_category)
C(year)[T.2015],-0.002970009249239597,0.025823292528152075,0.908434974280055,HSS_Citing_Share,HSS_Citing_Share_p,hss_reference_share,HSS参考文献占比,OLS,15843,HSS_Citing_Share ~ HSS_Continuous * hss_reference_share + log_team_size + log_prior_knowledge + C(year) + C(arxiv_primary_category)
C(year)[T.2016],0.008426101165847022,0.02372720841650921,0.7224966974137412,HSS_Citing_Share,HSS_Citing_Share_p,hss_reference_share,HSS参考文献占比,OLS,15843,HSS_Citing_Share ~ HSS_Continuous * hss_reference_share + log_team_size + log_prior_knowledge + C(year) + C(arxiv_primary_category)
C(year)[T.2017],-0.00013319668295137883,0.02308800464480001,0.995396960932825,HSS_Citing_Share,HSS_Citing_Share_p,hss_reference_share,HSS参考文献占比,OLS,15843,HSS_Citing_Share ~ HSS_Continuous * hss_reference_share + log_team_size + log_prior_knowledge + C(year) + C(arxiv_primary_category)
C(year)[T.2018],-0.009503753116319381,0.02298083252683084,0.6792027468181314,HSS_Citing_Share,HSS_Citing_Share_p,hss_reference_share,HSS参考文献占比,OLS,15843,HSS_Citing_Share ~ HSS_Continuous * hss_reference_share + log_team_size + log_prior_knowledge + C(year) + C(arxiv_primary_category)
C(year)[T.2019],-0.005421252551234436,0.022942980015319112,0.8132057588739972,HSS_Citing_Share,HSS_Citing_Share_p,hss_reference_share,HSS参考文献占比,OLS,15843,HSS_Citing_Share ~ HSS_Continuous * hss_reference_share + log_team_size + log_prior_knowledge + C(year) + C(arxiv_primary_category)
C(year)[T.2020],-0.022465233172115486,0.02291299225094637,0.326859949438547,HSS_Citing_Share,HSS_Citing_Share_p,hss_reference_share,HSS参考文献占比,OLS,15843,HSS_Citing_Share ~ HSS_Continuous * hss_reference_share + log_team_size + log_prior_knowledge + C(year) + C(arxiv_primary_category)
C(year)[T.2021],-0.05404301800433025,0.022920092932820116,0.018379224401239305,HSS_Citing_Share,HSS_Citing_Share_p,hss_reference_share,HSS参考文献占比,OLS,15843,HSS_Citing_Share ~ HSS_Continuous * hss_reference_share + log_team_size + log_prior_knowledge + C(year) + C(arxiv_primary_category)
C(year)[T.2022],-0.02105712331017643,0.03080366504700167,0.4942331594218491,HSS_Citing_Share,HSS_Citing_Share_p,hss_reference_share,HSS参考文献占比,OLS,15843,HSS_Citing_Share ~ HSS_Continuous * hss_reference_share + log_team_size + log_prior_knowledge + C(year) + C(arxiv_primary_category)
C(year)[T.2023],0.007207493094117207,0.02593957844602979,0.7811221440513636,HSS_Citing_Share,HSS_Citing_Share_p,hss_reference_share,HSS参考文献占比,OLS,15843,HSS_Citing_Share ~ HSS_Continuous * hss_reference_share + log_team_size + log_prior_knowledge + C(year) + C(arxiv_primary_category)
C(year)[T.2024],-0.06936619884771233,0.04148465295397527,0.09450597982853087,HSS_Citing_Share,HSS_Citing_Share_p,hss_reference_share,HSS参考文献占比,OLS,15843,HSS_Citing_Share ~ HSS_Continuous * hss_reference_share + log_team_size + log_prior_knowledge + C(year) + C(arxiv_primary_category)
C(year)[T.2025],-0.17710829223576235,0.03561790513055716,6.611164369100463e-07,HSS_Citing_Share,HSS_Citing_Share_p,hss_reference_share,HSS参考文献占比,OLS,15843,HSS_Citing_Share ~ HSS_Continuous * hss_reference_share + log_team_size + log_prior_knowledge + C(year) + C(arxiv_primary_category)
C(arxiv_primary_category)[T.astro-ph.GA],0.04204213234139722,0.054209784613645236,0.43801763186324816,HSS_Citing_Share,HSS_Citing_Share_p,hss_reference_share,HSS参考文献占比,OLS,15843,HSS_Citing_Share ~ HSS_Continuous * hss_reference_share + log_team_size + log_prior_knowledge + C(year) + C(arxiv_primary_category)
C(arxiv_primary_category)[T.astro-ph.HE],-0.031591032544390704,0.013776228186762723,0.02183905779878212,HSS_Citing_Share,HSS_Citing_Share_p,hss_reference_share,HSS参考文献占比,OLS,15843,HSS_Citing_Share ~ HSS_Continuous * hss_reference_share + log_team_size + log_prior_knowledge + C(year) + C(arxiv_primary_category)
C(arxiv_primary_category)[T.astro-ph.IM],0.011987902042011313,0.02567472361655701,0.6405610144577625,HSS_Citing_Share,HSS_Citing_Share_p,hss_reference_share,HSS参考文献占比,OLS,15843,HSS_Citing_Share ~ HSS_Continuous * hss_reference_share + log_team_size + log_prior_knowledge + C(year) + C(arxiv_primary_category)
C(arxiv_primary_category)[T.astro-ph.SR],0.13078096432780092,0.1373159830347673,0.3408896476485087,HSS_Citing_Share,HSS_Citing_Share_p,hss_reference_share,HSS参考文献占比,OLS,15843,HSS_Citing_Share ~ HSS_Continuous * hss_reference_share + log_team_size + log_prior_knowledge + C(year) + C(arxiv_primary_category)
C(arxiv_primary_category)[T.cond-mat.dis-nn],0.04944840888961625,0.031371982032782554,0.11498052040613424,HSS_Citing_Share,HSS_Citing_Share_p,hss_reference_share,HSS参考文献占比,OLS,15843,HSS_Citing_Share ~ HSS_Continuous * hss_reference_share + log_team_size + log_prior_knowledge + C(year) + C(arxiv_primary_category)
C(arxiv_primary_category)[T.cond-mat.mes-hall],0.01184244565535396,0.014000465077508606,0.3976303603707184,HSS_Citing_Share,HSS_Citing_Share_p,hss_reference_share,HSS参考文献占比,OLS,15843,HSS_Citing_Share ~ HSS_Continuous * hss_reference_share + log_team_size + log_prior_knowledge + C(year) + C(arxiv_primary_category)
C(arxiv_primary_category)[T.cond-mat.mtrl-sci],0.029210558745444662,0.0242433069649725,0.228245122703562,HSS_Citing_Share,HSS_Citing_Share_p,hss_reference_share,HSS参考文献占比,OLS,15843,HSS_Citing_Share ~ HSS_Continuous * hss_reference_share + log_team_size + log_prior_knowledge + C(year) + C(arxiv_primary_category)
C(arxiv_primary_category)[T.cond-mat.other],-0.02376528395523015,0.014067343081863116,0.09114396426262227,HSS_Citing_Share,HSS_Citing_Share_p,hss_reference_share,HSS参考文献占比,OLS,15843,HSS_Citing_Share ~ HSS_Continuous * hss_reference_share + log_team_size + log_prior_knowledge + C(year) + C(arxiv_primary_category)
C(arxiv_primary_category)[T.cond-mat.soft],0.050166664370396775,0.05924507333961954,0.3971260277493759,HSS_Citing_Share,HSS_Citing_Share_p,hss_reference_share,HSS参考文献占比,OLS,15843,HSS_Citing_Share ~ HSS_Continuous * hss_reference_share + log_team_size + log_prior_knowledge + C(year) + C(arxiv_primary_category)
C(arxiv_primary_category)[T.cond-mat.stat-mech],0.05729323799102334,0.05485553012317531,0.29628247134075847,HSS_Citing_Share,HSS_Citing_Share_p,hss_reference_share,HSS参考文献占比,OLS,15843,HSS_Citing_Share ~ HSS_Continuous * hss_reference_share + log_team_size + log_prior_knowledge + C(year) + C(arxiv_primary_category)
C(arxiv_primary_category)[T.cond-mat.str-el],-0.0359661729178312,0.013721325962676261,0.008762396454686702,HSS_Citing_Share,HSS_Citing_Share_p,hss_reference_share,HSS参考文献占比,OLS,15843,HSS_Citing_Share ~ HSS_Continuous * hss_reference_share + log_team_size + log_prior_knowledge + C(year) + C(arxiv_primary_category)
C(arxiv_primary_category)[T.cs.AI],0.14998285443405981,0.018132860879521113,1.3247415147992813e-16,HSS_Citing_Share,HSS_Citing_Share_p,hss_reference_share,HSS参考文献占比,OLS,15843,HSS_Citing_Share ~ HSS_Continuous * hss_reference_share + log_team_size + log_prior_knowledge + C(year) + C(arxiv_primary_category)
C(arxiv_primary_category)[T.cs.AR],0.07559844402672049,0.03570946702433136,0.03425627738338993,HSS_Citing_Share,HSS_Citing_Share_p,hss_reference_share,HSS参考文献占比,OLS,15843,HSS_Citing_Share ~ HSS_Continuous * hss_reference_share + log_team_size + log_prior_knowledge + C(year) + C(arxiv_primary_category)
C(arxiv_primary_category)[T.cs.CC],0.0009809100498776309,0.040551042386114795,0.9807014414669455,HSS_Citing_Share,HSS_Citing_Share_p,hss_reference_share,HSS参考文献占比,OLS,15843,HSS_Citing_Share ~ HSS_Continuous * hss_reference_share + log_team_size + log_prior_knowledge + C(year) + C(arxiv_primary_category)
C(arxiv_primary_category)[T.cs.CE],0.023935141363099908,0.02240348153221234,0.2853549763767298,HSS_Citing_Share,HSS_Citing_Share_p,hss_reference_share,HSS参考文献占比,OLS,15843,HSS_Citing_Share ~ HSS_Continuous * hss_reference_share + log_team_size + log_prior_knowledge + C(year) + C(arxiv_primary_category)
C(arxiv_primary_category)[T.cs.CG],0.13999972201213837,0.05516829513735276,0.0111588563489689,HSS_Citing_Share,HSS_Citing_Share_p,hss_reference_share,HSS参考文献占比,OLS,15843,HSS_Citing_Share ~ HSS_Continuous * hss_reference_share + log_team_size + log_prior_knowledge + C(year) + C(arxiv_primary_category)
C(arxiv_primary_category)[T.cs.CL],0.16276135859831725,0.014175488116977813,1.6268974200034998e-30,HSS_Citing_Share,HSS_Citing_Share_p,hss_reference_share,HSS参考文献占比,OLS,15843,HSS_Citing_Share ~ HSS_Continuous * hss_reference_share + log_team_size + log_prior_knowledge + C(year) + C(arxiv_primary_category)
C(arxiv_primary_category)[T.cs.CR],0.0960966199208944,0.018246091138354542,1.389007414699655e-07,HSS_Citing_Share,HSS_Citing_Share_p,hss_reference_share,HSS参考文献占比,OLS,15843,HSS_Citing_Share ~ HSS_Continuous * hss_reference_share + log_team_size + log_prior_knowledge + C(year) + C(arxiv_primary_category)
C(arxiv_primary_category)[T.cs.CV],0.11938350083474236,0.014058550124237706,2.0332335763237305e-17,HSS_Citing_Share,HSS_Citing_Share_p,hss_reference_share,HSS参考文献占比,OLS,15843,HSS_Citing_Share ~ HSS_Continuous * hss_reference_share + log_team_size + log_prior_knowledge + C(year) + C(arxiv_primary_category)
C(arxiv_primary_category)[T.cs.CY],0.23196369204234038,0.03340054147789183,3.787066933930804e-12,HSS_Citing_Share,HSS_Citing_Share_p,hss_reference_share,HSS参考文献占比,OLS,15843,HSS_Citing_Share ~ HSS_Continuous * hss_reference_share + log_team_size + log_prior_knowledge + C(year) + C(arxiv_primary_category)
C(arxiv_primary_category)[T.cs.DB],0.09957339594307789,0.05389713109535844,0.06467888247867523,HSS_Citing_Share,HSS_Citing_Share_p,hss_reference_share,HSS参考文献占比,OLS,15843,HSS_Citing_Share ~ HSS_Continuous * hss_reference_share + log_team_size + log_prior_knowledge + C(year) + C(arxiv_primary_category)
C(arxiv_primary_category)[T.cs.DC],0.07214209943017386,0.024322540607020517,0.003016422552243077,HSS_Citing_Share,HSS_Citing_Share_p,hss_reference_share,HSS参考文献占比,OLS,15843,HSS_Citing_Share ~ HSS_Continuous * hss_reference_share + log_team_size + log_prior_knowledge + C(year) + C(arxiv_primary_category)
C(arxiv_primary_category)[T.cs.DL],-0.08810372524374405,0.016008909910177248,3.724975234138182e-08,HSS_Citing_Share,HSS_Citing_Share_p,hss_reference_share,HSS参考文献占比,OLS,15843,HSS_Citing_Share ~ HSS_Continuous * hss_reference_share + log_team_size + log_prior_knowledge + C(year) + C(arxiv_primary_category)
C(arxiv_primary_category)[T.cs.DM],-0.03620707435067441,0.014128106133084711,0.010384107104593483,HSS_Citing_Share,HSS_Citing_Share_p,hss_reference_share,HSS参考文献占比,OLS,15843,HSS_Citing_Share ~ HSS_Continuous * hss_reference_share + log_team_size + log_prior_knowledge + C(year) + C(arxiv_primary_category)
C(arxiv_primary_category)[T.cs.DS],-0.0012809766040422564,0.021870175014419468,0.9532931328546586,HSS_Citing_Share,HSS_Citing_Share_p,hss_reference_share,HSS参考文献占比,OLS,15843,HSS_Citing_Share ~ HSS_Continuous * hss_reference_share + log_team_size + log_prior_knowledge + C(year) + C(arxiv_primary_category)
C(arxiv_primary_category)[T.cs.ET],0.03443843791367778,0.02345788397896628,0.1420780058477753,HSS_Citing_Share,HSS_Citing_Share_p,hss_reference_share,HSS参考文献占比,OLS,15843,HSS_Citing_Share ~ HSS_Continuous * hss_reference_share + log_team_size + log_prior_knowledge + C(year) + C(arxiv_primary_category)
C(arxiv_primary_category)[T.cs.FL],0.24565890302273635,0.02305901997153769,1.6795862257246036e-26,HSS_Citing_Share,HSS_Citing_Share_p,hss_reference_share,HSS参考文献占比,OLS,15843,HSS_Citing_Share ~ HSS_Continuous * hss_reference_share + log_team_size + log_prior_knowledge + C(year) + C(arxiv_primary_category)
C(arxiv_primary_category)[T.cs.GR],0.1369976986778949,0.025747804776240002,1.0333886611906098e-07,HSS_Citing_Share,HSS_Citing_Share_p,hss_reference_share,HSS参考文献占比,OLS,15843,HSS_Citing_Share ~ HSS_Continuous * hss_reference_share + log_team_size + log_prior_knowledge + C(year) + C(arxiv_primary_category)
C(arxiv_primary_category)[T.cs.GT],0.018854978926116067,0.07237513950620071,0.794464740519171,HSS_Citing_Share,HSS_Citing_Share_p,hss_reference_share,HSS参考文献占比,OLS,15843,HSS_Citing_Share ~ HSS_Continuous * hss_reference_share + log_team_size + log_prior_knowledge + C(year) + C(arxiv_primary_category)
C(arxiv_primary_category)[T.cs.HC],0.12985081932801543,0.02950472031392154,1.0774394713563748e-05,HSS_Citing_Share,HSS_Citing_Share_p,hss_reference_share,HSS参考文献占比,OLS,15843,HSS_Citing_Share ~ HSS_Continuous * hss_reference_share + log_team_size + log_prior_knowledge + C(year) + C(arxiv_primary_category)
C(arxiv_primary_category)[T.cs.IR],0.14642274818190126,0.017828064255040733,2.1564322195466817e-16,HSS_Citing_Share,HSS_Citing_Share_p,hss_reference_share,HSS参考文献占比,OLS,15843,HSS_Citing_Share ~ HSS_Continuous * hss_reference_share + log_team_size + log_prior_knowledge + C(year) + C(arxiv_primary_category)
C(arxiv_primary_category)[T.cs.IT],-0.012898002524716254,0.014176477588753282,0.3629189452535557,HSS_Citing_Share,HSS_Citing_Share_p,hss_reference_share,HSS参考文献占比,OLS,15843,HSS_Citing_Share ~ HSS_Continuous * hss_reference_share + log_team_size + log_prior_knowledge + C(year) + C(arxiv_primary_category)
C(arxiv_primary_category)[T.cs.LG],0.10974715359975916,0.014095879106637212,6.9294530849881916e-15,HSS_Citing_Share,HSS_Citing_Share_p,hss_reference_share,HSS参考文献占比,OLS,15843,HSS_Citing_Share ~ HSS_Continuous * hss_reference_share + log_team_size + log_prior_knowledge + C(year) + C(arxiv_primary_category)
C(arxiv_primary_category)[T.cs.LO],0.09526634944935165,0.04901100090880256,0.051922611537615466,HSS_Citing_Share,HSS_Citing_Share_p,hss_reference_share,HSS参考文献占比,OLS,15843,HSS_Citing_Share ~ HSS_Continuous * hss_reference_share + log_team_size + log_prior_knowledge + C(year) + C(arxiv_primary_category)
C(arxiv_primary_category)[T.cs.MA],0.061738529076014556,0.05992779443671048,0.30290896194205486,HSS_Citing_Share,HSS_Citing_Share_p,hss_reference_share,HSS参考文献占比,OLS,15843,HSS_Citing_Share ~ HSS_Continuous * hss_reference_share + log_team_size + log_prior_knowledge + C(year) + C(arxiv_primary_category)
C(arxiv_primary_category)[T.cs.MM],0.06253357125672628,0.02549640491134035,0.014181112127827139,HSS_Citing_Share,HSS_Citing_Share_p,hss_reference_share,HSS参考文献占比,OLS,15843,HSS_Citing_Share ~ HSS_Continuous * hss_reference_share + log_team_size + log_prior_knowledge + C(year) + C(arxiv_primary_category)
C(arxiv_primary_category)[T.cs.MS],0.016730368412042555,0.0531751328739672,0.7530443641079764,HSS_Citing_Share,HSS_Citing_Share_p,hss_reference_share,HSS参考文献占比,OLS,15843,HSS_Citing_Share ~ HSS_Continuous * hss_reference_share + log_team_size + log_prior_knowledge + C(year) + C(arxiv_primary_category)
C(arxiv_primary_category)[T.cs.NE],0.09910314263572967,0.021687657724008186,4.887396184779171e-06,HSS_Citing_Share,HSS_Citing_Share_p,hss_reference_share,HSS参考文献占比,OLS,15843,HSS_Citing_Share ~ HSS_Continuous * hss_reference_share + log_team_size + log_prior_knowledge + C(year) + C(arxiv_primary_category)
C(arxiv_primary_category)[T.cs.NI],0.022411114830062227,0.021096195604785064,0.288086042708964,HSS_Citing_Share,HSS_Citing_Share_p,hss_reference_share,HSS参考文献占比,OLS,15843,HSS_Citing_Share ~ HSS_Continuous * hss_reference_share + log_team_size + log_prior_knowledge + C(year) + C(arxiv_primary_category)
C(arxiv_primary_category)[T.cs.OH],0.17335789204319946,0.14141732525422712,0.22025123132500024,HSS_Citing_Share,HSS_Citing_Share_p,hss_reference_share,HSS参考文献占比,OLS,15843,HSS_Citing_Share ~ HSS_Continuous * hss_reference_share + log_team_size + log_prior_knowledge + C(year) + C(arxiv_primary_category)
C(arxiv_primary_category)[T.cs.PF],-0.06747603824349997,0.014318716661418667,2.4477276891491793e-06,HSS_Citing_Share,HSS_Citing_Share_p,hss_reference_share,HSS参考文献占比,OLS,15843,HSS_Citing_Share ~ HSS_Continuous * hss_reference_share + log_team_size + log_prior_knowledge + C(year) + C(arxiv_primary_category)
C(arxiv_primary_category)[T.cs.PL],0.070127914863181,0.03725259491129189,0.059768506012055585,HSS_Citing_Share,HSS_Citing_Share_p,hss_reference_share,HSS参考文献占比,OLS,15843,HSS_Citing_Share ~ HSS_Continuous * hss_reference_share + log_team_size + log_prior_knowledge + C(year) + C(arxiv_primary_category)
C(arxiv_primary_category)[T.cs.RO],0.10902451470515719,0.021545525194850847,4.1883242242864933e-07,HSS_Citing_Share,HSS_Citing_Share_p,hss_reference_share,HSS参考文献占比,OLS,15843,HSS_Citing_Share ~ HSS_Continuous * hss_reference_share + log_team_size + log_prior_knowledge + C(year) + C(arxiv_primary_category)
C(arxiv_primary_category)[T.cs.SC],-0.029291582224480864,0.01429048868174608,0.04039120353567557,HSS_Citing_Share,HSS_Citing_Share_p,hss_reference_share,HSS参考文献占比,OLS,15843,HSS_Citing_Share ~ HSS_Continuous * hss_reference_share + log_team_size + log_prior_knowledge + C(year) + C(arxiv_primary_category)
C(arxiv_primary_category)[T.cs.SD],0.15873464126524278,0.01756399222782357,1.602905855411373e-19,HSS_Citing_Share,HSS_Citing_Share_p,hss_reference_share,HSS参考文献占比,OLS,15843,HSS_Citing_Share ~ HSS_Continuous * hss_reference_share + log_team_size + log_prior_knowledge + C(year) + C(arxiv_primary_category)
C(arxiv_primary_category)[T.cs.SE],0.10426265778058962,0.022718395212842794,4.4462924199587115e-06,HSS_Citing_Share,HSS_Citing_Share_p,hss_reference_share,HSS参考文献占比,OLS,15843,HSS_Citing_Share ~ HSS_Continuous * hss_reference_share + log_team_size + log_prior_knowledge + C(year) + C(arxiv_primary_category)
C(arxiv_primary_category)[T.cs.SI],0.10495420549655622,0.025631274992269738,4.225855818157716e-05,HSS_Citing_Share,HSS_Citing_Share_p,hss_reference_share,HSS参考文献占比,OLS,15843,HSS_Citing_Share ~ HSS_Continuous * hss_reference_share + log_team_size + log_prior_knowledge + C(year) + C(arxiv_primary_category)
C(arxiv_primary_category)[T.econ.EM],-0.01754887863425858,0.061782254483061114,0.7763766622774793,HSS_Citing_Share,HSS_Citing_Share_p,hss_reference_share,HSS参考文献占比,OLS,15843,HSS_Citing_Share ~ HSS_Continuous * hss_reference_share + log_team_size + log_prior_knowledge + C(year) + C(arxiv_primary_category)
C(arxiv_primary_category)[T.econ.GN],0.4512713289160172,0.020429652672838763,4.029036739318345e-108,HSS_Citing_Share,HSS_Citing_Share_p,hss_reference_share,HSS参考文献占比,OLS,15843,HSS_Citing_Share ~ HSS_Continuous * hss_reference_share + log_team_size + log_prior_knowledge + C(year) + C(arxiv_primary_category)
C(arxiv_primary_category)[T.eess.AS],0.1405177576165512,0.016276628858510323,5.971141392022896e-18,HSS_Citing_Share,HSS_Citing_Share_p,hss_reference_share,HSS参考文献占比,OLS,15843,HSS_Citing_Share ~ HSS_Continuous * hss_reference_share + log_team_size + log_prior_knowledge + C(year) + C(arxiv_primary_category)
C(arxiv_primary_category)[T.eess.IV],0.05605057010526572,0.014582552185583365,0.00012120621461814295,HSS_Citing_Share,HSS_Citing_Share_p,hss_reference_share,HSS参考文献占比,OLS,15843,HSS_Citing_Share ~ HSS_Continuous * hss_reference_share + log_team_size + log_prior_knowledge + C(year) + C(arxiv_primary_category)
C(arxiv_primary_category)[T.eess.SP],0.030801054476079292,0.01597935246849825,0.05391070538761021,HSS_Citing_Share,HSS_Citing_Share_p,hss_reference_share,HSS参考文献占比,OLS,15843,HSS_Citing_Share ~ HSS_Continuous * hss_reference_share + log_team_size + log_prior_knowledge + C(year) + C(arxiv_primary_category)
C(arxiv_primary_category)[T.eess.SY],0.00048097876955012844,0.018508122375886213,0.9792673543511352,HSS_Citing_Share,HSS_Citing_Share_p,hss_reference_share,HSS参考文献占比,OLS,15843,HSS_Citing_Share ~ HSS_Continuous * hss_reference_share + log_team_size + log_prior_knowledge + C(year) + C(arxiv_primary_category)
C(arxiv_primary_category)[T.gr-qc],-0.017202570631235627,0.014293914064929145,0.2287870836752135,HSS_Citing_Share,HSS_Citing_Share_p,hss_reference_share,HSS参考文献占比,OLS,15843,HSS_Citing_Share ~ HSS_Continuous * hss_reference_share + log_team_size + log_prior_knowledge + C(year) + C(arxiv_primary_category)
C(arxiv_primary_category)[T.hep-ex],0.06560412484614304,0.01782012019189162,0.00023189884907517542,HSS_Citing_Share,HSS_Citing_Share_p,hss_reference_share,HSS参考文献占比,OLS,15843,HSS_Citing_Share ~ HSS_Continuous * hss_reference_share + log_team_size + log_prior_knowledge + C(year) + C(arxiv_primary_category)
C(arxiv_primary_category)[T.hep-lat],-0.013071797901795268,0.03941665208392186,0.7401676372613438,HSS_Citing_Share,HSS_Citing_Share_p,hss_reference_share,HSS参考文献占比,OLS,15843,HSS_Citing_Share ~ HSS_Continuous * hss_reference_share + log_team_size + log_prior_knowledge + C(year) + C(arxiv_primary_category)
C(arxiv_primary_category)[T.hep-ph],0.029371687959216304,0.023540138790345444,0.21213072003077393,HSS_Citing_Share,HSS_Citing_Share_p,hss_reference_share,HSS参考文献占比,OLS,15843,HSS_Citing_Share ~ HSS_Continuous * hss_reference_share + log_team_size + log_prior_knowledge + C(year) + C(arxiv_primary_category)
C(arxiv_primary_category)[T.hep-th],0.07391347568049185,0.02277806876733115,0.0011747520634353915,HSS_Citing_Share,HSS_Citing_Share_p,hss_reference_share,HSS参考文献占比,OLS,15843,HSS_Citing_Share ~ HSS_Continuous * hss_reference_share + log_team_size + log_prior_knowledge + C(year) + C(arxiv_primary_category)
C(arxiv_primary_category)[T.math-ph],-0.02750609555560032,0.014136121983318236,0.05167851871265943,HSS_Citing_Share,HSS_Citing_Share_p,hss_reference_share,HSS参考文献占比,OLS,15843,HSS_Citing_Share ~ HSS_Continuous * hss_reference_share + log_team_size + log_prior_knowledge + C(year) + C(arxiv_primary_category)
C(arxiv_primary_category)[T.math.AG],-0.019682783390147073,0.014304436832482661,0.1688242671123198,HSS_Citing_Share,HSS_Citing_Share_p,hss_reference_share,HSS参考文献占比,OLS,15843,HSS_Citing_Share ~ HSS_Continuous * hss_reference_share + log_team_size + log_prior_knowledge + C(year) + C(arxiv_primary_category)
C(arxiv_primary_category)[T.math.AP],0.00901323573750893,0.023479537878366114,0.7010702083614044,HSS_Citing_Share,HSS_Citing_Share_p,hss_reference_share,HSS参考文献占比,OLS,15843,HSS_Citing_Share ~ HSS_Continuous * hss_reference_share + log_team_size + log_prior_knowledge + C(year) + C(arxiv_primary_category)
C(arxiv_primary_category)[T.math.CO],0.05158641066188814,0.07566140065145832,0.495361515078522,HSS_Citing_Share,HSS_Citing_Share_p,hss_reference_share,HSS参考文献占比,OLS,15843,HSS_Citing_Share ~ HSS_Continuous * hss_reference_share + log_team_size + log_prior_knowledge + C(year) + C(arxiv_primary_category)
C(arxiv_primary_category)[T.math.DS],-0.042092714209678986,0.018536625075312438,0.023159917892910078,HSS_Citing_Share,HSS_Citing_Share_p,hss_reference_share,HSS参考文献占比,OLS,15843,HSS_Citing_Share ~ HSS_Continuous * hss_reference_share + log_team_size + log_prior_knowledge + C(year) + C(arxiv_primary_category)
C(arxiv_primary_category)[T.math.GM],-0.0807005435616951,0.016894821129185358,1.7824505110901055e-06,HSS_Citing_Share,HSS_Citing_Share_p,hss_reference_share,HSS参考文献占比,OLS,15843,HSS_Citing_Share ~ HSS_Continuous * hss_reference_share + log_team_size + log_prior_knowledge + C(year) + C(arxiv_primary_category)
C(arxiv_primary_category)[T.math.GR],-0.0377543186185846,0.014490412274671616,0.009174860079836457,HSS_Citing_Share,HSS_Citing_Share_p,hss_reference_share,HSS参考文献占比,OLS,15843,HSS_Citing_Share ~ HSS_Continuous * hss_reference_share + log_team_size + log_prior_knowledge + C(year) + C(arxiv_primary_category)
C(arxiv_primary_category)[T.math.LO],0.22379010181730724,0.014658409116560791,1.2685473564420483e-52,HSS_Citing_Share,HSS_Citing_Share_p,hss_reference_share,HSS参考文献占比,OLS,15843,HSS_Citing_Share ~ HSS_Continuous * hss_reference_share + log_team_size + log_prior_knowledge + C(year) + C(arxiv_primary_category)
C(arxiv_primary_category)[T.math.NA],0.02380076868724436,0.021351815651584588,0.26498101309145394,HSS_Citing_Share,HSS_Citing_Share_p,hss_reference_share,HSS参考文献占比,OLS,15843,HSS_Citing_Share ~ HSS_Continuous * hss_reference_share + log_team_size + log_prior_knowledge + C(year) + C(arxiv_primary_category)
C(arxiv_primary_category)[T.math.NT],-0.04344279583240478,0.01589170622711533,0.006263140233150354,HSS_Citing_Share,HSS_Citing_Share_p,hss_reference_share,HSS参考文献占比,OLS,15843,HSS_Citing_Share ~ HSS_Continuous * hss_reference_share + log_team_size + log_prior_knowledge + C(year) + C(arxiv_primary_category)
C(arxiv_primary_category)[T.math.OC],0.06918375096211994,0.026352303436195844,0.008656253295962691,HSS_Citing_Share,HSS_Citing_Share_p,hss_reference_share,HSS参考文献占比,OLS,15843,HSS_Citing_Share ~ HSS_Continuous * hss_reference_share + log_team_size + log_prior_knowledge + C(year) + C(arxiv_primary_category)
C(arxiv_primary_category)[T.math.PR],-0.006208211982988764,0.032544373449597645,0.8487124896808493,HSS_Citing_Share,HSS_Citing_Share_p,hss_reference_share,HSS参考文献占比,OLS,15843,HSS_Citing_Share ~ HSS_Continuous * hss_reference_share + log_team_size + log_prior_knowledge + C(year) + C(arxiv_primary_category)
C(arxiv_primary_category)[T.math.ST],-0.019279632927660034,0.03149182780481035,0.5403983845040994,HSS_Citing_Share,HSS_Citing_Share_p,hss_reference_share,HSS参考文献占比,OLS,15843,HSS_Citing_Share ~ HSS_Continuous * hss_reference_share + log_team_size + log_prior_knowledge + C(year) + C(arxiv_primary_category)
C(arxiv_primary_category)[T.nlin.AO],0.2048153003246316,0.20675247903734068,0.3218660658107284,HSS_Citing_Share,HSS_Citing_Share_p,hss_reference_share,HSS参考文献占比,OLS,15843,HSS_Citing_Share ~ HSS_Continuous * hss_reference_share + log_team_size + log_prior_knowledge + C(year) + C(arxiv_primary_category)
C(arxiv_primary_category)[T.nlin.PS],-0.04176808875006216,0.013881736881187025,0.002622370156209496,HSS_Citing_Share,HSS_Citing_Share_p,hss_reference_share,HSS参考文献占比,OLS,15843,HSS_Citing_Share ~ HSS_Continuous * hss_reference_share + log_team_size + log_prior_knowledge + C(year) + C(arxiv_primary_category)
C(arxiv_primary_category)[T.nucl-th],-0.034530873612522724,0.01412468593330436,0.014496545073152187,HSS_Citing_Share,HSS_Citing_Share_p,hss_reference_share,HSS参考文献占比,OLS,15843,HSS_Citing_Share ~ HSS_Continuous * hss_reference_share + log_team_size + log_prior_knowledge + C(year) + C(arxiv_primary_category)
C(arxiv_primary_category)[T.physics.acc-ph],0.08190590604085211,0.053999315026666765,0.1293183796492363,HSS_Citing_Share,HSS_Citing_Share_p,hss_reference_share,HSS参考文献占比,OLS,15843,HSS_Citing_Share ~ HSS_Continuous * hss_reference_share + log_team_size + log_prior_knowledge + C(year) + C(arxiv_primary_category)
C(arxiv_primary_category)[T.physics.ao-ph],0.10644305293543066,0.04948159585819933,0.031463217136990684,HSS_Citing_Share,HSS_Citing_Share_p,hss_reference_share,HSS参考文献占比,OLS,15843,HSS_Citing_Share ~ HSS_Continuous * hss_reference_share + log_team_size + log_prior_knowledge + C(year) + C(arxiv_primary_category)
C(arxiv_primary_category)[T.physics.app-ph],0.04410769581537575,0.041018465663073884,0.2822345475198129,HSS_Citing_Share,HSS_Citing_Share_p,hss_reference_share,HSS参考文献占比,OLS,15843,HSS_Citing_Share ~ HSS_Continuous * hss_reference_share + log_team_size + log_prior_knowledge + C(year) + C(arxiv_primary_category)
C(arxiv_primary_category)[T.physics.atom-ph],-0.025742718053054815,0.01375953521598728,0.061358906579214965,HSS_Citing_Share,HSS_Citing_Share_p,hss_reference_share,HSS参考文献占比,OLS,15843,HSS_Citing_Share ~ HSS_Continuous * hss_reference_share + log_team_size + log_prior_knowledge + C(year) + C(arxiv_primary_category)
C(arxiv_primary_category)[T.physics.bio-ph],-0.020299766717292948,0.014763074002667848,0.16912010575252867,HSS_Citing_Share,HSS_Citing_Share_p,hss_reference_share,HSS参考文献占比,OLS,15843,HSS_Citing_Share ~ HSS_Continuous * hss_reference_share + log_team_size + log_prior_knowledge + C(year) + C(arxiv_primary_category)
C(arxiv_primary_category)[T.physics.chem-ph],0.048016598919704855,0.03263167509720108,0.14116349200288916,HSS_Citing_Share,HSS_Citing_Share_p,hss_reference_share,HSS参考文献占比,OLS,15843,HSS_Citing_Share ~ HSS_Continuous * hss_reference_share + log_team_size + log_prior_knowledge + C(year) + C(arxiv_primary_category)
C(arxiv_primary_category)[T.physics.comp-ph],0.03317331568645704,0.02725698764890549,0.2235824169269296,HSS_Citing_Share,HSS_Citing_Share_p,hss_reference_share,HSS参考文献占比,OLS,15843,HSS_Citing_Share ~ HSS_Continuous * hss_reference_share + log_team_size + log_prior_knowledge + C(year) + C(arxiv_primary_category)
C(arxiv_primary_category)[T.physics.data-an],0.0418726740192092,0.038593091515777625,0.27793118381252124,HSS_Citing_Share,HSS_Citing_Share_p,hss_reference_share,HSS参考文献占比,OLS,15843,HSS_Citing_Share ~ HSS_Continuous * hss_reference_share + log_team_size + log_prior_knowledge + C(year) + C(arxiv_primary_category)
C(arxiv_primary_category)[T.physics.ed-ph],0.04272826824851301,0.05487705738423037,0.4362047341472993,HSS_Citing_Share,HSS_Citing_Share_p,hss_reference_share,HSS参考文献占比,OLS,15843,HSS_Citing_Share ~ HSS_Continuous * hss_reference_share + log_team_size + log_prior_knowledge + C(year) + C(arxiv_primary_category)
C(arxiv_primary_category)[T.physics.flu-dyn],-0.024124392510902093,0.01826329467671535,0.18652728609486102,HSS_Citing_Share,HSS_Citing_Share_p,hss_reference_share,HSS参考文献占比,OLS,15843,HSS_Citing_Share ~ HSS_Continuous * hss_reference_share + log_team_size + log_prior_knowledge + C(year) + C(arxiv_primary_category)
C(arxiv_primary_category)[T.physics.geo-ph],0.015122637942089597,0.02653507969324599,0.5687379579505888,HSS_Citing_Share,HSS_Citing_Share_p,hss_reference_share,HSS参考文献占比,OLS,15843,HSS_Citing_Share ~ HSS_Continuous * hss_reference_share + log_team_size + log_prior_knowledge + C(year) + C(arxiv_primary_category)
C(arxiv_primary_category)[T.physics.ins-det],-0.028910016031995046,0.01941334202183641,0.13643922518616053,HSS_Citing_Share,HSS_Citing_Share_p,hss_reference_share,HSS参考文献占比,OLS,15843,HSS_Citing_Share ~ HSS_Continuous * hss_reference_share + log_team_size + log_prior_knowledge + C(year) + C(arxiv_primary_category)
C(arxiv_primary_category)[T.physics.med-ph],0.056201546357707265,0.026696447322605444,0.03527329783150536,HSS_Citing_Share,HSS_Citing_Share_p,hss_reference_share,HSS参考文献占比,OLS,15843,HSS_Citing_Share ~ HSS_Continuous * hss_reference_share + log_team_size + log_prior_knowledge + C(year) + C(arxiv_primary_category)
C(arxiv_primary_category)[T.physics.optics],-0.03261585861402564,0.015095448128466582,0.03072300759283393,HSS_Citing_Share,HSS_Citing_Share_p,hss_reference_share,HSS参考文献占比,OLS,15843,HSS_Citing_Share ~ HSS_Continuous * hss_reference_share + log_team_size + log_prior_knowledge + C(year) + C(arxiv_primary_category)
C(arxiv_primary_category)[T.physics.soc-ph],-0.006924284681302875,0.05731163975627492,0.903835096011287,HSS_Citing_Share,HSS_Citing_Share_p,hss_reference_share,HSS参考文献占比,OLS,15843,HSS_Citing_Share ~ HSS_Continuous * hss_reference_share + log_team_size + log_prior_knowledge + C(year) + C(arxiv_primary_category)
C(arxiv_primary_category)[T.physics.space-ph],0.14072115794759013,0.030787343288292267,4.8598865528540525e-06,HSS_Citing_Share,HSS_Citing_Share_p,hss_reference_share,HSS参考文献占比,OLS,15843,HSS_Citing_Share ~ HSS_Continuous * hss_reference_share + log_team_size + log_prior_knowledge + C(year) + C(arxiv_primary_category)
C(arxiv_primary_category)[T.q-bio.BM],0.06962579785886566,0.03176266169659867,0.02837486161682028,HSS_Citing_Share,HSS_Citing_Share_p,hss_reference_share,HSS参考文献占比,OLS,15843,HSS_Citing_Share ~ HSS_Continuous * hss_reference_share + log_team_size + log_prior_knowledge + C(year) + C(arxiv_primary_category)
C(arxiv_primary_category)[T.q-bio.GN],0.0027607217498293105,0.030799510108038435,0.9285770726884722,HSS_Citing_Share,HSS_Citing_Share_p,hss_reference_share,HSS参考文献占比,OLS,15843,HSS_Citing_Share ~ HSS_Continuous * hss_reference_share + log_team_size + log_prior_knowledge + C(year) + C(arxiv_primary_category)
C(arxiv_primary_category)[T.q-bio.MN],-0.057356429566290085,0.015541951589167024,0.00022387839622720415,HSS_Citing_Share,HSS_Citing_Share_p,hss_reference_share,HSS参考文献占比,OLS,15843,HSS_Citing_Share ~ HSS_Continuous * hss_reference_share + log_team_size + log_prior_knowledge + C(year) + C(arxiv_primary_category)
C(arxiv_primary_category)[T.q-bio.NC],0.15035151954692805,0.030259910416443492,6.741356345877225e-07,HSS_Citing_Share,HSS_Citing_Share_p,hss_reference_share,HSS参考文献占比,OLS,15843,HSS_Citing_Share ~ HSS_Continuous * hss_reference_share + log_team_size + log_prior_knowledge + C(year) + C(arxiv_primary_category)
C(arxiv_primary_category)[T.q-bio.OT],0.09188841588590574,0.08339544562606825,0.27053135140700946,HSS_Citing_Share,HSS_Citing_Share_p,hss_reference_share,HSS参考文献占比,OLS,15843,HSS_Citing_Share ~ HSS_Continuous * hss_reference_share + log_team_size + log_prior_knowledge + C(year) + C(arxiv_primary_category)
C(arxiv_primary_category)[T.q-bio.PE],-0.0028150795515802657,0.04568710901192721,0.9508682403108928,HSS_Citing_Share,HSS_Citing_Share_p,hss_reference_share,HSS参考文献占比,OLS,15843,HSS_Citing_Share ~ HSS_Continuous * hss_reference_share + log_team_size + log_prior_knowledge + C(year) + C(arxiv_primary_category)
C(arxiv_primary_category)[T.q-bio.QM],0.0691667363461671,0.029873639771573354,0.020595973896581708,HSS_Citing_Share,HSS_Citing_Share_p,hss_reference_share,HSS参考文献占比,OLS,15843,HSS_Citing_Share ~ HSS_Continuous * hss_reference_share + log_team_size + log_prior_knowledge + C(year) + C(arxiv_primary_category)
C(arxiv_primary_category)[T.q-bio.TO],0.00745236863644339,0.030500645903399376,0.8069715482817121,HSS_Citing_Share,HSS_Citing_Share_p,hss_reference_share,HSS参考文献占比,OLS,15843,HSS_Citing_Share ~ HSS_Continuous * hss_reference_share + log_team_size + log_prior_knowledge + C(year) + C(arxiv_primary_category)
C(arxiv_primary_category)[T.q-fin.CP],-0.0027683392025795676,0.05472031632073384,0.9596516722683137,HSS_Citing_Share,HSS_Citing_Share_p,hss_reference_share,HSS参考文献占比,OLS,15843,HSS_Citing_Share ~ HSS_Continuous * hss_reference_share + log_team_size + log_prior_knowledge + C(year) + C(arxiv_primary_category)
C(arxiv_primary_category)[T.q-fin.GN],-0.1461497316640331,0.020967818288879954,3.1650740102743008e-12,HSS_Citing_Share,HSS_Citing_Share_p,hss_reference_share,HSS参考文献占比,OLS,15843,HSS_Citing_Share ~ HSS_Continuous * hss_reference_share + log_team_size + log_prior_knowledge + C(year) + C(arxiv_primary_category)
C(arxiv_primary_category)[T.q-fin.MF],0.022992575644846396,0.13703495990925996,0.8667514767805651,HSS_Citing_Share,HSS_Citing_Share_p,hss_reference_share,HSS参考文献占比,OLS,15843,HSS_Citing_Share ~ HSS_Continuous * hss_reference_share + log_team_size + log_prior_knowledge + C(year) + C(arxiv_primary_category)
C(arxiv_primary_category)[T.q-fin.PM],-0.184767283438919,0.03291776700599935,1.988535854849587e-08,HSS_Citing_Share,HSS_Citing_Share_p,hss_reference_share,HSS参考文献占比,OLS,15843,HSS_Citing_Share ~ HSS_Continuous * hss_reference_share + log_team_size + log_prior_knowledge + C(year) + C(arxiv_primary_category)
C(arxiv_primary_category)[T.q-fin.PR],0.22708164409076348,0.02271166680421725,1.5478864033352894e-23,HSS_Citing_Share,HSS_Citing_Share_p,hss_reference_share,HSS参考文献占比,OLS,15843,HSS_Citing_Share ~ HSS_Continuous * hss_reference_share + log_team_size + log_prior_knowledge + C(year) + C(arxiv_primary_category)
C(arxiv_primary_category)[T.q-fin.ST],0.09313706906673434,0.0556790801418384,0.09437691866575734,HSS_Citing_Share,HSS_Citing_Share_p,hss_reference_share,HSS参考文献占比,OLS,15843,HSS_Citing_Share ~ HSS_Continuous * hss_reference_share + log_team_size + log_prior_knowledge + C(year) + C(arxiv_primary_category)
C(arxiv_primary_category)[T.q-fin.TR],0.10603168074696534,0.04590384555675676,0.020895635911756298,HSS_Citing_Share,HSS_Citing_Share_p,hss_reference_share,HSS参考文献占比,OLS,15843,HSS_Citing_Share ~ HSS_Continuous * hss_reference_share + log_team_size + log_prior_knowledge + C(year) + C(arxiv_primary_category)
C(arxiv_primary_category)[T.quant-ph],0.03132623084800257,0.017115338580029185,0.06720485873172201,HSS_Citing_Share,HSS_Citing_Share_p,hss_reference_share,HSS参考文献占比,OLS,15843,HSS_Citing_Share ~ HSS_Continuous * hss_reference_share + log_team_size + log_prior_knowledge + C(year) + C(arxiv_primary_category)
C(arxiv_primary_category)[T.stat.AP],0.009383874333990936,0.045580214588972816,0.8368877375161846,HSS_Citing_Share,HSS_Citing_Share_p,hss_reference_share,HSS参考文献占比,OLS,15843,HSS_Citing_Share ~ HSS_Continuous * hss_reference_share + log_team_size + log_prior_knowledge + C(year) + C(arxiv_primary_category)
C(arxiv_primary_category)[T.stat.CO],0.03881693749645415,0.06469355689314016,0.5484979596061477,HSS_Citing_Share,HSS_Citing_Share_p,hss_reference_share,HSS参考文献占比,OLS,15843,HSS_Citing_Share ~ HSS_Continuous * hss_reference_share + log_team_size + log_prior_knowledge + C(year) + C(arxiv_primary_category)
C(arxiv_primary_category)[T.stat.ME],-0.03628099970419951,0.02531149709509972,0.151749203114233,HSS_Citing_Share,HSS_Citing_Share_p,hss_reference_share,HSS参考文献占比,OLS,15843,HSS_Citing_Share ~ HSS_Continuous * hss_reference_share + log_team_size + log_prior_knowledge + C(year) + C(arxiv_primary_category)
C(arxiv_primary_category)[T.stat.ML],0.09806612181911567,0.015082369472717115,7.923969215669651e-11,HSS_Citing_Share,HSS_Citing_Share_p,hss_reference_share,HSS参考文献占比,OLS,15843,HSS_Citing_Share ~ HSS_Continuous * hss_reference_share + log_team_size + log_prior_knowledge + C(year) + C(arxiv_primary_category)
HSS_Continuous,0.008909019016603908,0.0021462597335246444,3.3109663200105176e-05,HSS_Citing_Share,HSS_Citing_Share_p,hss_reference_share,HSS参考文献占比,OLS,15843,HSS_Citing_Share ~ HSS_Continuous * hss_reference_share + log_team_size + log_prior_knowledge + C(year) + C(arxiv_primary_category)
hss_reference_share,0.19883831086451964,0.027207758415494422,2.708504474547061e-13,HSS_Citing_Share,HSS_Citing_Share_p,hss_reference_share,HSS参考文献占比,OLS,15843,HSS_Citing_Share ~ HSS_Continuous * hss_reference_share + log_team_size + log_prior_knowledge + C(year) + C(arxiv_primary_category)
HSS_Continuous:hss_reference_share,-0.014036216530774701,0.00737798157068085,0.05711278353639606,HSS_Citing_Share,HSS_Citing_Share_p,hss_reference_share,HSS参考文献占比,OLS,15843,HSS_Citing_Share ~ HSS_Continuous * hss_reference_share + log_team_size + log_prior_knowledge + C(year) + C(arxiv_primary_category)
log_team_size,-0.002164592247437921,0.004032679986550887,0.5914315312106333,HSS_Citing_Share,HSS_Citing_Share_p,hss_reference_share,HSS参考文献占比,OLS,15843,HSS_Citing_Share ~ HSS_Continuous * hss_reference_share + log_team_size + log_prior_knowledge + C(year) + C(arxiv_primary_category)
log_prior_knowledge,0.012552858958531884,0.0013701097202827607,5.097399001748721e-20,HSS_Citing_Share,HSS_Citing_Share_p,hss_reference_share,HSS参考文献占比,OLS,15843,HSS_Citing_Share ~ HSS_Continuous * hss_reference_share + log_team_size + log_prior_knowledge + C(year) + C(arxiv_primary_category)
Intercept,0.029240277659165564,0.02747307575504975,0.28718155738247697,HSS_Citing_Share,HSS_Citing_Share_p,cs_core_reference_share,CS核心参考文献占比,OLS,15843,HSS_Citing_Share ~ HSS_Continuous * cs_core_reference_share + log_team_size + log_prior_knowledge + C(year) + C(arxiv_primary_category)
C(year)[T.2015],-0.008735210894072183,0.025980997090265828,0.7367084533089756,HSS_Citing_Share,HSS_Citing_Share_p,cs_core_reference_share,CS核心参考文献占比,OLS,15843,HSS_Citing_Share ~ HSS_Continuous * cs_core_reference_share + log_team_size + log_prior_knowledge + C(year) + C(arxiv_primary_category)
C(year)[T.2016],-0.00040105649663269325,0.023721118233726905,0.9865106889606851,HSS_Citing_Share,HSS_Citing_Share_p,cs_core_reference_share,CS核心参考文献占比,OLS,15843,HSS_Citing_Share ~ HSS_Continuous * cs_core_reference_share + log_team_size + log_prior_knowledge + C(year) + C(arxiv_primary_category)
C(year)[T.2017],-0.006842513550092804,0.023105995960840106,0.767126343558415,HSS_Citing_Share,HSS_Citing_Share_p,cs_core_reference_share,CS核心参考文献占比,OLS,15843,HSS_Citing_Share ~ HSS_Continuous * cs_core_reference_share + log_team_size + log_prior_knowledge + C(year) + C(arxiv_primary_category)
C(year)[T.2018],-0.01707299867243434,0.022996745464132475,0.4578393610215161,HSS_Citing_Share,HSS_Citing_Share_p,cs_core_reference_share,CS核心参考文献占比,OLS,15843,HSS_Citing_Share ~ HSS_Continuous * cs_core_reference_share + log_team_size + log_prior_knowledge + C(year) + C(arxiv_primary_category)
C(year)[T.2019],-0.012855338382744037,0.022960104434751383,0.5755483644721217,HSS_Citing_Share,HSS_Citing_Share_p,cs_core_reference_share,CS核心参考文献占比,OLS,15843,HSS_Citing_Share ~ HSS_Continuous * cs_core_reference_share + log_team_size + log_prior_knowledge + C(year) + C(arxiv_primary_category)
C(year)[T.2020],-0.029022771521684157,0.022931754621112296,0.20565097037549174,HSS_Citing_Share,HSS_Citing_Share_p,cs_core_reference_share,CS核心参考文献占比,OLS,15843,HSS_Citing_Share ~ HSS_Continuous * cs_core_reference_share + log_team_size + log_prior_knowledge + C(year) + C(arxiv_primary_category)
C(year)[T.2021],-0.06009739174141655,0.02294031139082654,0.008799974895997504,HSS_Citing_Share,HSS_Citing_Share_p,cs_core_reference_share,CS核心参考文献占比,OLS,15843,HSS_Citing_Share ~ HSS_Continuous * cs_core_reference_share + log_team_size + log_prior_knowledge + C(year) + C(arxiv_primary_category)
C(year)[T.2022],-0.02486870034228074,0.031283494665665046,0.42664470268565724,HSS_Citing_Share,HSS_Citing_Share_p,cs_core_reference_share,CS核心参考文献占比,OLS,15843,HSS_Citing_Share ~ HSS_Continuous * cs_core_reference_share + log_team_size + log_prior_knowledge + C(year) + C(arxiv_primary_category)
C(year)[T.2023],0.006060089230370985,0.026003608703820923,0.8157241262843311,HSS_Citing_Share,HSS_Citing_Share_p,cs_core_reference_share,CS核心参考文献占比,OLS,15843,HSS_Citing_Share ~ HSS_Continuous * cs_core_reference_share + log_team_size + log_prior_knowledge + C(year) + C(arxiv_primary_category)
C(year)[T.2024],-0.07062071168638509,0.0418112000072976,0.09121212025819689,HSS_Citing_Share,HSS_Citing_Share_p,cs_core_reference_share,CS核心参考文献占比,OLS,15843,HSS_Citing_Share ~ HSS_Continuous * cs_core_reference_share + log_team_size + log_prior_knowledge + C(year) + C(arxiv_primary_category)
C(year)[T.2025],-0.173129032924361,0.034140957559897794,3.957163278867124e-07,HSS_Citing_Share,HSS_Citing_Share_p,cs_core_reference_share,CS核心参考文献占比,OLS,15843,HSS_Citing_Share ~ HSS_Continuous * cs_core_reference_share + log_team_size + log_prior_knowledge + C(year) + C(arxiv_primary_category)
C(arxiv_primary_category)[T.astro-ph.GA],0.03768727653291372,0.052487635324227046,0.47274372617902227,HSS_Citing_Share,HSS_Citing_Share_p,cs_core_reference_share,CS核心参考文献占比,OLS,15843,HSS_Citing_Share ~ HSS_Continuous * cs_core_reference_share + log_team_size + log_prior_knowledge + C(year) + C(arxiv_primary_category)
C(arxiv_primary_category)[T.astro-ph.HE],-0.03086077593955807,0.014714928173203318,0.03597209485371186,HSS_Citing_Share,HSS_Citing_Share_p,cs_core_reference_share,CS核心参考文献占比,OLS,15843,HSS_Citing_Share ~ HSS_Continuous * cs_core_reference_share + log_team_size + log_prior_knowledge + C(year) + C(arxiv_primary_category)
C(arxiv_primary_category)[T.astro-ph.IM],0.007856474863189212,0.025847382232062913,0.7611611786757475,HSS_Citing_Share,HSS_Citing_Share_p,cs_core_reference_share,CS核心参考文献占比,OLS,15843,HSS_Citing_Share ~ HSS_Continuous * cs_core_reference_share + log_team_size + log_prior_knowledge + C(year) + C(arxiv_primary_category)
C(arxiv_primary_category)[T.astro-ph.SR],0.1308915681006817,0.1378773592291502,0.3424511234633749,HSS_Citing_Share,HSS_Citing_Share_p,cs_core_reference_share,CS核心参考文献占比,OLS,15843,HSS_Citing_Share ~ HSS_Continuous * cs_core_reference_share + log_team_size + log_prior_knowledge + C(year) + C(arxiv_primary_category)
C(arxiv_primary_category)[T.cond-mat.dis-nn],0.050069232959832816,0.03196559275714033,0.11726723774345098,HSS_Citing_Share,HSS_Citing_Share_p,cs_core_reference_share,CS核心参考文献占比,OLS,15843,HSS_Citing_Share ~ HSS_Continuous * cs_core_reference_share + log_team_size + log_prior_knowledge + C(year) + C(arxiv_primary_category)
C(arxiv_primary_category)[T.cond-mat.mes-hall],0.011153753505274824,0.01491855243094937,0.45467543136470956,HSS_Citing_Share,HSS_Citing_Share_p,cs_core_reference_share,CS核心参考文献占比,OLS,15843,HSS_Citing_Share ~ HSS_Continuous * cs_core_reference_share + log_team_size + log_prior_knowledge + C(year) + C(arxiv_primary_category)
C(arxiv_primary_category)[T.cond-mat.mtrl-sci],0.02707426618838212,0.024948892343751937,0.2778379080111414,HSS_Citing_Share,HSS_Citing_Share_p,cs_core_reference_share,CS核心参考文献占比,OLS,15843,HSS_Citing_Share ~ HSS_Continuous * cs_core_reference_share + log_team_size + log_prior_knowledge + C(year) + C(arxiv_primary_category)
C(arxiv_primary_category)[T.cond-mat.other],-0.031177979977379856,0.015018139275816174,0.03789196285514408,HSS_Citing_Share,HSS_Citing_Share_p,cs_core_reference_share,CS核心参考文献占比,OLS,15843,HSS_Citing_Share ~ HSS_Continuous * cs_core_reference_share + log_team_size + log_prior_knowledge + C(year) + C(arxiv_primary_category)
C(arxiv_primary_category)[T.cond-mat.soft],0.0501844118705856,0.059227592943505374,0.39681971898301094,HSS_Citing_Share,HSS_Citing_Share_p,cs_core_reference_share,CS核心参考文献占比,OLS,15843,HSS_Citing_Share ~ HSS_Continuous * cs_core_reference_share + log_team_size + log_prior_knowledge + C(year) + C(arxiv_primary_category)
C(arxiv_primary_category)[T.cond-mat.stat-mech],0.05612655869545011,0.059323526280969416,0.34409267942010335,HSS_Citing_Share,HSS_Citing_Share_p,cs_core_reference_share,CS核心参考文献占比,OLS,15843,HSS_Citing_Share ~ HSS_Continuous * cs_core_reference_share + log_team_size + log_prior_knowledge + C(year) + C(arxiv_primary_category)
C(arxiv_primary_category)[T.cond-mat.str-el],-0.03272052697264544,0.014631741548273127,0.02533408003992952,HSS_Citing_Share,HSS_Citing_Share_p,cs_core_reference_share,CS核心参考文献占比,OLS,15843,HSS_Citing_Share ~ HSS_Continuous * cs_core_reference_share + log_team_size + log_prior_knowledge + C(year) + C(arxiv_primary_category)
C(arxiv_primary_category)[T.cs.AI],0.14756193704139933,0.019049257666246742,9.458255689836439e-15,HSS_Citing_Share,HSS_Citing_Share_p,cs_core_reference_share,CS核心参考文献占比,OLS,15843,HSS_Citing_Share ~ HSS_Continuous * cs_core_reference_share + log_team_size + log_prior_knowledge + C(year) + C(arxiv_primary_category)
C(arxiv_primary_category)[T.cs.AR],0.06622151057868687,0.035771955848748496,0.06413891274334617,HSS_Citing_Share,HSS_Citing_Share_p,cs_core_reference_share,CS核心参考文献占比,OLS,15843,HSS_Citing_Share ~ HSS_Continuous * cs_core_reference_share + log_team_size + log_prior_knowledge + C(year) + C(arxiv_primary_category)
C(arxiv_primary_category)[T.cs.CC],-0.012419999964917527,0.04051490254933734,0.7591829742010701,HSS_Citing_Share,HSS_Citing_Share_p,cs_core_reference_share,CS核心参考文献占比,OLS,15843,HSS_Citing_Share ~ HSS_Continuous * cs_core_reference_share + log_team_size + log_prior_knowledge + C(year) + C(arxiv_primary_category)
C(arxiv_primary_category)[T.cs.CE],0.020278526981039685,0.023782275106825745,0.3938401285553732,HSS_Citing_Share,HSS_Citing_Share_p,cs_core_reference_share,CS核心参考文献占比,OLS,15843,HSS_Citing_Share ~ HSS_Continuous * cs_core_reference_share + log_team_size + log_prior_knowledge + C(year) + C(arxiv_primary_category)
C(arxiv_primary_category)[T.cs.CG],0.1276212089395721,0.05560191620235346,0.021717863069034907,HSS_Citing_Share,HSS_Citing_Share_p,cs_core_reference_share,CS核心参考文献占比,OLS,15843,HSS_Citing_Share ~ HSS_Continuous * cs_core_reference_share + log_team_size + log_prior_knowledge + C(year) + C(arxiv_primary_category)
C(arxiv_primary_category)[T.cs.CL],0.1577872557829922,0.015376596581151532,1.0503996306819452e-24,HSS_Citing_Share,HSS_Citing_Share_p,cs_core_reference_share,CS核心参考文献占比,OLS,15843,HSS_Citing_Share ~ HSS_Continuous * cs_core_reference_share + log_team_size + log_prior_knowledge + C(year) + C(arxiv_primary_category)
C(arxiv_primary_category)[T.cs.CR],0.08883987605328254,0.019305353733372,4.188032944987055e-06,HSS_Citing_Share,HSS_Citing_Share_p,cs_core_reference_share,CS核心参考文献占比,OLS,15843,HSS_Citing_Share ~ HSS_Continuous * cs_core_reference_share + log_team_size + log_prior_knowledge + C(year) + C(arxiv_primary_category)
C(arxiv_primary_category)[T.cs.CV],0.11090533670037414,0.015150741685995592,2.4773840713473994e-13,HSS_Citing_Share,HSS_Citing_Share_p,cs_core_reference_share,CS核心参考文献占比,OLS,15843,HSS_Citing_Share ~ HSS_Continuous * cs_core_reference_share + log_team_size + log_prior_knowledge + C(year) + C(arxiv_primary_category)
C(arxiv_primary_category)[T.cs.CY],0.24858135010740792,0.03530996545241829,1.9227135419851437e-12,HSS_Citing_Share,HSS_Citing_Share_p,cs_core_reference_share,CS核心参考文献占比,OLS,15843,HSS_Citing_Share ~ HSS_Continuous * cs_core_reference_share + log_team_size + log_prior_knowledge + C(year) + C(arxiv_primary_category)
C(arxiv_primary_category)[T.cs.DB],0.09958313027622742,0.05481749705762951,0.06927372908116612,HSS_Citing_Share,HSS_Citing_Share_p,cs_core_reference_share,CS核心参考文献占比,OLS,15843,HSS_Citing_Share ~ HSS_Continuous * cs_core_reference_share + log_team_size + log_prior_knowledge + C(year) + C(arxiv_primary_category)
C(arxiv_primary_category)[T.cs.DC],0.06194078870814223,0.025050546205593018,0.013412207444788583,HSS_Citing_Share,HSS_Citing_Share_p,cs_core_reference_share,CS核心参考文献占比,OLS,15843,HSS_Citing_Share ~ HSS_Continuous * cs_core_reference_share + log_team_size + log_prior_knowledge + C(year) + C(arxiv_primary_category)
C(arxiv_primary_category)[T.cs.DL],-0.060469977995706095,0.01791107951684438,0.0007351548605939169,HSS_Citing_Share,HSS_Citing_Share_p,cs_core_reference_share,CS核心参考文献占比,OLS,15843,HSS_Citing_Share ~ HSS_Continuous * cs_core_reference_share + log_team_size + log_prior_knowledge + C(year) + C(arxiv_primary_category)
C(arxiv_primary_category)[T.cs.DM],-0.0377622930263681,0.015019475676965795,0.011929538427735717,HSS_Citing_Share,HSS_Citing_Share_p,cs_core_reference_share,CS核心参考文献占比,OLS,15843,HSS_Citing_Share ~ HSS_Continuous * cs_core_reference_share + log_team_size + log_prior_knowledge + C(year) + C(arxiv_primary_category)
C(arxiv_primary_category)[T.cs.DS],-0.007765350799965581,0.021784363051922346,0.7214927773252848,HSS_Citing_Share,HSS_Citing_Share_p,cs_core_reference_share,CS核心参考文献占比,OLS,15843,HSS_Citing_Share ~ HSS_Continuous * cs_core_reference_share + log_team_size + log_prior_knowledge + C(year) + C(arxiv_primary_category)
C(arxiv_primary_category)[T.cs.ET],0.028381882552327996,0.0233590270103898,0.2243552379278222,HSS_Citing_Share,HSS_Citing_Share_p,cs_core_reference_share,CS核心参考文献占比,OLS,15843,HSS_Citing_Share ~ HSS_Continuous * cs_core_reference_share + log_team_size + log_prior_knowledge + C(year) + C(arxiv_primary_category)
C(arxiv_primary_category)[T.cs.FL],0.2459371572743666,0.03197817836941846,1.462399001454496e-14,HSS_Citing_Share,HSS_Citing_Share_p,cs_core_reference_share,CS核心参考文献占比,OLS,15843,HSS_Citing_Share ~ HSS_Continuous * cs_core_reference_share + log_team_size + log_prior_knowledge + C(year) + C(arxiv_primary_category)
C(arxiv_primary_category)[T.cs.GR],0.13099263734321825,0.026468088131547943,7.456579467526091e-07,HSS_Citing_Share,HSS_Citing_Share_p,cs_core_reference_share,CS核心参考文献占比,OLS,15843,HSS_Citing_Share ~ HSS_Continuous * cs_core_reference_share + log_team_size + log_prior_knowledge + C(year) + C(arxiv_primary_category)
C(arxiv_primary_category)[T.cs.GT],0.05471682001410199,0.07303089688334186,0.4537195710565177,HSS_Citing_Share,HSS_Citing_Share_p,cs_core_reference_share,CS核心参考文献占比,OLS,15843,HSS_Citing_Share ~ HSS_Continuous * cs_core_reference_share + log_team_size + log_prior_knowledge + C(year) + C(arxiv_primary_category)
C(arxiv_primary_category)[T.cs.HC],0.13625920394909807,0.03002353645426627,5.667920838078138e-06,HSS_Citing_Share,HSS_Citing_Share_p,cs_core_reference_share,CS核心参考文献占比,OLS,15843,HSS_Citing_Share ~ HSS_Continuous * cs_core_reference_share + log_team_size + log_prior_knowledge + C(year) + C(arxiv_primary_category)
C(arxiv_primary_category)[T.cs.IR],0.13991645713881767,0.01882306066175145,1.0596385232802829e-13,HSS_Citing_Share,HSS_Citing_Share_p,cs_core_reference_share,CS核心参考文献占比,OLS,15843,HSS_Citing_Share ~ HSS_Continuous * cs_core_reference_share + log_team_size + log_prior_knowledge + C(year) + C(arxiv_primary_category)
C(arxiv_primary_category)[T.cs.IT],-0.017309459485711807,0.015112370076884256,0.25205032606168,HSS_Citing_Share,HSS_Citing_Share_p,cs_core_reference_share,CS核心参考文献占比,OLS,15843,HSS_Citing_Share ~ HSS_Continuous * cs_core_reference_share + log_team_size + log_prior_knowledge + C(year) + C(arxiv_primary_category)
C(arxiv_primary_category)[T.cs.LG],0.10378133535428347,0.015150716481325759,7.388654258709821e-12,HSS_Citing_Share,HSS_Citing_Share_p,cs_core_reference_share,CS核心参考文献占比,OLS,15843,HSS_Citing_Share ~ HSS_Continuous * cs_core_reference_share + log_team_size + log_prior_knowledge + C(year) + C(arxiv_primary_category)
C(arxiv_primary_category)[T.cs.LO],0.09162459091442059,0.05083422980534967,0.07147947944554309,HSS_Citing_Share,HSS_Citing_Share_p,cs_core_reference_share,CS核心参考文献占比,OLS,15843,HSS_Citing_Share ~ HSS_Continuous * cs_core_reference_share + log_team_size + log_prior_knowledge + C(year) + C(arxiv_primary_category)
C(arxiv_primary_category)[T.cs.MA],0.0681825552484366,0.058087783605603835,0.2404812490493372,HSS_Citing_Share,HSS_Citing_Share_p,cs_core_reference_share,CS核心参考文献占比,OLS,15843,HSS_Citing_Share ~ HSS_Continuous * cs_core_reference_share + log_team_size + log_prior_knowledge + C(year) + C(arxiv_primary_category)
C(arxiv_primary_category)[T.cs.MM],0.053853179050982594,0.02626813757528437,0.04035144142734083,HSS_Citing_Share,HSS_Citing_Share_p,cs_core_reference_share,CS核心参考文献占比,OLS,15843,HSS_Citing_Share ~ HSS_Continuous * cs_core_reference_share + log_team_size + log_prior_knowledge + C(year) + C(arxiv_primary_category)
C(arxiv_primary_category)[T.cs.MS],0.003226177106972248,0.05392156523319466,0.9522902953719554,HSS_Citing_Share,HSS_Citing_Share_p,cs_core_reference_share,CS核心参考文献占比,OLS,15843,HSS_Citing_Share ~ HSS_Continuous * cs_core_reference_share + log_team_size + log_prior_knowledge + C(year) + C(arxiv_primary_category)
C(arxiv_primary_category)[T.cs.NE],0.09532059692779898,0.022334799364201127,1.9740463850011522e-05,HSS_Citing_Share,HSS_Citing_Share_p,cs_core_reference_share,CS核心参考文献占比,OLS,15843,HSS_Citing_Share ~ HSS_Continuous * cs_core_reference_share + log_team_size + log_prior_knowledge + C(year) + C(arxiv_primary_category)
C(arxiv_primary_category)[T.cs.NI],0.018713981780307372,0.021499714328663145,0.384065827978341,HSS_Citing_Share,HSS_Citing_Share_p,cs_core_reference_share,CS核心参考文献占比,OLS,15843,HSS_Citing_Share ~ HSS_Continuous * cs_core_reference_share + log_team_size + log_prior_knowledge + C(year) + C(arxiv_primary_category)
C(arxiv_primary_category)[T.cs.OH],0.1714726430844694,0.1440914364191177,0.2340359348294253,HSS_Citing_Share,HSS_Citing_Share_p,cs_core_reference_share,CS核心参考文献占比,OLS,15843,HSS_Citing_Share ~ HSS_Continuous * cs_core_reference_share + log_team_size + log_prior_knowledge + C(year) + C(arxiv_primary_category)
C(arxiv_primary_category)[T.cs.PF],-0.07918696662350953,0.015470861941214676,3.0804280764056154e-07,HSS_Citing_Share,HSS_Citing_Share_p,cs_core_reference_share,CS核心参考文献占比,OLS,15843,HSS_Citing_Share ~ HSS_Continuous * cs_core_reference_share + log_team_size + log_prior_knowledge + C(year) + C(arxiv_primary_category)
C(arxiv_primary_category)[T.cs.PL],0.06130364785255469,0.038058648086784046,0.10723032460934855,HSS_Citing_Share,HSS_Citing_Share_p,cs_core_reference_share,CS核心参考文献占比,OLS,15843,HSS_Citing_Share ~ HSS_Continuous * cs_core_reference_share + log_team_size + log_prior_knowledge + C(year) + C(arxiv_primary_category)
C(arxiv_primary_category)[T.cs.RO],0.10543650334065051,0.02217039867575155,1.9772736159055504e-06,HSS_Citing_Share,HSS_Citing_Share_p,cs_core_reference_share,CS核心参考文献占比,OLS,15843,HSS_Citing_Share ~ HSS_Continuous * cs_core_reference_share + log_team_size + log_prior_knowledge + C(year) + C(arxiv_primary_category)
C(arxiv_primary_category)[T.cs.SC],-0.037664528497669256,0.015490437322728794,0.015037707356516883,HSS_Citing_Share,HSS_Citing_Share_p,cs_core_reference_share,CS核心参考文献占比,OLS,15843,HSS_Citing_Share ~ HSS_Continuous * cs_core_reference_share + log_team_size + log_prior_knowledge + C(year) + C(arxiv_primary_category)
C(arxiv_primary_category)[T.cs.SD],0.15005168893760307,0.0185434494933188,5.87424295405387e-16,HSS_Citing_Share,HSS_Citing_Share_p,cs_core_reference_share,CS核心参考文献占比,OLS,15843,HSS_Citing_Share ~ HSS_Continuous * cs_core_reference_share + log_team_size + log_prior_knowledge + C(year) + C(arxiv_primary_category)
C(arxiv_primary_category)[T.cs.SE],0.09579244727073312,0.023546707285656547,4.7380016227937034e-05,HSS_Citing_Share,HSS_Citing_Share_p,cs_core_reference_share,CS核心参考文献占比,OLS,15843,HSS_Citing_Share ~ HSS_Continuous * cs_core_reference_share + log_team_size + log_prior_knowledge + C(year) + C(arxiv_primary_category)
C(arxiv_primary_category)[T.cs.SI],0.12359438158126138,0.02639562461253197,2.8356126088260617e-06,HSS_Citing_Share,HSS_Citing_Share_p,cs_core_reference_share,CS核心参考文献占比,OLS,15843,HSS_Citing_Share ~ HSS_Continuous * cs_core_reference_share + log_team_size + log_prior_knowledge + C(year) + C(arxiv_primary_category)
C(arxiv_primary_category)[T.econ.EM],-0.0055913543223969665,0.07215939106588173,0.9382367986772555,HSS_Citing_Share,HSS_Citing_Share_p,cs_core_reference_share,CS核心参考文献占比,OLS,15843,HSS_Citing_Share ~ HSS_Continuous * cs_core_reference_share + log_team_size + log_prior_knowledge + C(year) + C(arxiv_primary_category)
C(arxiv_primary_category)[T.econ.GN],0.45059077255224733,0.01930697331347629,1.81444756760837e-120,HSS_Citing_Share,HSS_Citing_Share_p,cs_core_reference_share,CS核心参考文献占比,OLS,15843,HSS_Citing_Share ~ HSS_Continuous * cs_core_reference_share + log_team_size + log_prior_knowledge + C(year) + C(arxiv_primary_category)
C(arxiv_primary_category)[T.eess.AS],0.1313514201729351,0.017314605248132477,3.295174862246924e-14,HSS_Citing_Share,HSS_Citing_Share_p,cs_core_reference_share,CS核心参考文献占比,OLS,15843,HSS_Citing_Share ~ HSS_Continuous * cs_core_reference_share + log_team_size + log_prior_knowledge + C(year) + C(arxiv_primary_category)
C(arxiv_primary_category)[T.eess.IV],0.04955054344248467,0.015505752360131625,0.001395291535778773,HSS_Citing_Share,HSS_Citing_Share_p,cs_core_reference_share,CS核心参考文献占比,OLS,15843,HSS_Citing_Share ~ HSS_Continuous * cs_core_reference_share + log_team_size + log_prior_knowledge + C(year) + C(arxiv_primary_category)
C(arxiv_primary_category)[T.eess.SP],0.02922890496440839,0.016825248660558404,0.0823510045956218,HSS_Citing_Share,HSS_Citing_Share_p,cs_core_reference_share,CS核心参考文献占比,OLS,15843,HSS_Citing_Share ~ HSS_Continuous * cs_core_reference_share + log_team_size + log_prior_knowledge + C(year) + C(arxiv_primary_category)
C(arxiv_primary_category)[T.eess.SY],0.0047467527424101975,0.019228964805952185,0.8050209813780056,HSS_Citing_Share,HSS_Citing_Share_p,cs_core_reference_share,CS核心参考文献占比,OLS,15843,HSS_Citing_Share ~ HSS_Continuous * cs_core_reference_share + log_team_size + log_prior_knowledge + C(year) + C(arxiv_primary_category)
C(arxiv_primary_category)[T.gr-qc],-0.02643918444527232,0.015279956986755628,0.08357347726990125,HSS_Citing_Share,HSS_Citing_Share_p,cs_core_reference_share,CS核心参考文献占比,OLS,15843,HSS_Citing_Share ~ HSS_Continuous * cs_core_reference_share + log_team_size + log_prior_knowledge + C(year) + C(arxiv_primary_category)
C(arxiv_primary_category)[T.hep-ex],0.06152101394347372,0.01757020033629821,0.0004627500015156535,HSS_Citing_Share,HSS_Citing_Share_p,cs_core_reference_share,CS核心参考文献占比,OLS,15843,HSS_Citing_Share ~ HSS_Continuous * cs_core_reference_share + log_team_size + log_prior_knowledge + C(year) + C(arxiv_primary_category)
C(arxiv_primary_category)[T.hep-lat],-0.01677385682395346,0.039322297509476245,0.66968987775154,HSS_Citing_Share,HSS_Citing_Share_p,cs_core_reference_share,CS核心参考文献占比,OLS,15843,HSS_Citing_Share ~ HSS_Continuous * cs_core_reference_share + log_team_size + log_prior_knowledge + C(year) + C(arxiv_primary_category)
C(arxiv_primary_category)[T.hep-ph],0.026744422207644503,0.02389847241472641,0.2631038747646459,HSS_Citing_Share,HSS_Citing_Share_p,cs_core_reference_share,CS核心参考文献占比,OLS,15843,HSS_Citing_Share ~ HSS_Continuous * cs_core_reference_share + log_team_size + log_prior_knowledge + C(year) + C(arxiv_primary_category)
C(arxiv_primary_category)[T.hep-th],0.0727533940527109,0.02405783050902896,0.0024937026715713146,HSS_Citing_Share,HSS_Citing_Share_p,cs_core_reference_share,CS核心参考文献占比,OLS,15843,HSS_Citing_Share ~ HSS_Continuous * cs_core_reference_share + log_team_size + log_prior_knowledge + C(year) + C(arxiv_primary_category)
C(arxiv_primary_category)[T.math-ph],-0.026623589991300996,0.015054218899687007,0.07697509028549114,HSS_Citing_Share,HSS_Citing_Share_p,cs_core_reference_share,CS核心参考文献占比,OLS,15843,HSS_Citing_Share ~ HSS_Continuous * cs_core_reference_share + log_team_size + log_prior_knowledge + C(year) + C(arxiv_primary_category)
C(arxiv_primary_category)[T.math.AG],-0.03427755456135218,0.015591540486226888,0.027915536315986512,HSS_Citing_Share,HSS_Citing_Share_p,cs_core_reference_share,CS核心参考文献占比,OLS,15843,HSS_Citing_Share ~ HSS_Continuous * cs_core_reference_share + log_team_size + log_prior_knowledge + C(year) + C(arxiv_primary_category)
C(arxiv_primary_category)[T.math.AP],0.009167230734964013,0.023869144565985986,0.7009325158932393,HSS_Citing_Share,HSS_Citing_Share_p,cs_core_reference_share,CS核心参考文献占比,OLS,15843,HSS_Citing_Share ~ HSS_Continuous * cs_core_reference_share + log_team_size + log_prior_knowledge + C(year) + C(arxiv_primary_category)
C(arxiv_primary_category)[T.math.CO],0.041005894355363295,0.07549868625838661,0.5870376276108811,HSS_Citing_Share,HSS_Citing_Share_p,cs_core_reference_share,CS核心参考文献占比,OLS,15843,HSS_Citing_Share ~ HSS_Continuous * cs_core_reference_share + log_team_size + log_prior_knowledge + C(year) + C(arxiv_primary_category)
C(arxiv_primary_category)[T.math.DS],-0.056337437779348076,0.022134396353425328,0.010920142716338595,HSS_Citing_Share,HSS_Citing_Share_p,cs_core_reference_share,CS核心参考文献占比,OLS,15843,HSS_Citing_Share ~ HSS_Continuous * cs_core_reference_share + log_team_size + log_prior_knowledge + C(year) + C(arxiv_primary_category)
C(arxiv_primary_category)[T.math.GM],-0.10273870534896361,0.019281329701440468,9.907979632913131e-08,HSS_Citing_Share,HSS_Citing_Share_p,cs_core_reference_share,CS核心参考文献占比,OLS,15843,HSS_Citing_Share ~ HSS_Continuous * cs_core_reference_share + log_team_size + log_prior_knowledge + C(year) + C(arxiv_primary_category)
C(arxiv_primary_category)[T.math.GR],-0.037445120970533825,0.015396290166004318,0.015012090698732628,HSS_Citing_Share,HSS_Citing_Share_p,cs_core_reference_share,CS核心参考文献占比,OLS,15843,HSS_Citing_Share ~ HSS_Continuous * cs_core_reference_share + log_team_size + log_prior_knowledge + C(year) + C(arxiv_primary_category)
C(arxiv_primary_category)[T.math.LO],0.24020120514919935,0.015366059098937873,4.4121326143061514e-55,HSS_Citing_Share,HSS_Citing_Share_p,cs_core_reference_share,CS核心参考文献占比,OLS,15843,HSS_Citing_Share ~ HSS_Continuous * cs_core_reference_share + log_team_size + log_prior_knowledge + C(year) + C(arxiv_primary_category)
C(arxiv_primary_category)[T.math.NA],0.026367063729694173,0.02143090685049574,0.2185739719234232,HSS_Citing_Share,HSS_Citing_Share_p,cs_core_reference_share,CS核心参考文献占比,OLS,15843,HSS_Citing_Share ~ HSS_Continuous * cs_core_reference_share + log_team_size + log_prior_knowledge + C(year) + C(arxiv_primary_category)
C(arxiv_primary_category)[T.math.NT],-0.05112770781988699,0.018781382445291973,0.006483813665313965,HSS_Citing_Share,HSS_Citing_Share_p,cs_core_reference_share,CS核心参考文献占比,OLS,15843,HSS_Citing_Share ~ HSS_Continuous * cs_core_reference_share + log_team_size + log_prior_knowledge + C(year) + C(arxiv_primary_category)
C(arxiv_primary_category)[T.math.OC],0.07355570624709225,0.025720160160077696,0.0042384630402976095,HSS_Citing_Share,HSS_Citing_Share_p,cs_core_reference_share,CS核心参考文献占比,OLS,15843,HSS_Citing_Share ~ HSS_Continuous * cs_core_reference_share + log_team_size + log_prior_knowledge + C(year) + C(arxiv_primary_category)
C(arxiv_primary_category)[T.math.PR],-0.007684574731142614,0.03385224532291345,0.8204210996220316,HSS_Citing_Share,HSS_Citing_Share_p,cs_core_reference_share,CS核心参考文献占比,OLS,15843,HSS_Citing_Share ~ HSS_Continuous * cs_core_reference_share + log_team_size + log_prior_knowledge + C(year) + C(arxiv_primary_category)
C(arxiv_primary_category)[T.math.ST],-0.024233952655356474,0.03329100950718878,0.46664856540482236,HSS_Citing_Share,HSS_Citing_Share_p,cs_core_reference_share,CS核心参考文献占比,OLS,15843,HSS_Citing_Share ~ HSS_Continuous * cs_core_reference_share + log_team_size + log_prior_knowledge + C(year) + C(arxiv_primary_category)
C(arxiv_primary_category)[T.nlin.AO],0.22234407236018378,0.20236346837888652,0.2718831390041142,HSS_Citing_Share,HSS_Citing_Share_p,cs_core_reference_share,CS核心参考文献占比,OLS,15843,HSS_Citing_Share ~ HSS_Continuous * cs_core_reference_share + log_team_size + log_prior_knowledge + C(year) + C(arxiv_primary_category)
C(arxiv_primary_category)[T.nlin.PS],-0.044121716663440835,0.014786806380254012,0.002846397073878766,HSS_Citing_Share,HSS_Citing_Share_p,cs_core_reference_share,CS核心参考文献占比,OLS,15843,HSS_Citing_Share ~ HSS_Continuous * cs_core_reference_share + log_team_size + log_prior_knowledge + C(year) + C(arxiv_primary_category)
C(arxiv_primary_category)[T.nucl-th],-0.03310574433578243,0.01504985471622627,0.02782545594890691,HSS_Citing_Share,HSS_Citing_Share_p,cs_core_reference_share,CS核心参考文献占比,OLS,15843,HSS_Citing_Share ~ HSS_Continuous * cs_core_reference_share + log_team_size + log_prior_knowledge + C(year) + C(arxiv_primary_category)
C(arxiv_primary_category)[T.physics.acc-ph],0.08230221663912624,0.05437701423869931,0.1301405393072504,HSS_Citing_Share,HSS_Citing_Share_p,cs_core_reference_share,CS核心参考文献占比,OLS,15843,HSS_Citing_Share ~ HSS_Continuous * cs_core_reference_share + log_team_size + log_prior_knowledge + C(year) + C(arxiv_primary_category)
C(arxiv_primary_category)[T.physics.ao-ph],0.10557669370961204,0.04956418815977404,0.03316333084469749,HSS_Citing_Share,HSS_Citing_Share_p,cs_core_reference_share,CS核心参考文献占比,OLS,15843,HSS_Citing_Share ~ HSS_Continuous * cs_core_reference_share + log_team_size + log_prior_knowledge + C(year) + C(arxiv_primary_category)
C(arxiv_primary_category)[T.physics.app-ph],0.04414329961156218,0.041274091727324776,0.2848372436152209,HSS_Citing_Share,HSS_Citing_Share_p,cs_core_reference_share,CS核心参考文献占比,OLS,15843,HSS_Citing_Share ~ HSS_Continuous * cs_core_reference_share + log_team_size + log_prior_knowledge + C(year) + C(arxiv_primary_category)
C(arxiv_primary_category)[T.physics.atom-ph],-0.025381016303342982,0.014696685146572018,0.08416960580957426,HSS_Citing_Share,HSS_Citing_Share_p,cs_core_reference_share,CS核心参考文献占比,OLS,15843,HSS_Citing_Share ~ HSS_Continuous * cs_core_reference_share + log_team_size + log_prior_knowledge + C(year) + C(arxiv_primary_category)
C(arxiv_primary_category)[T.physics.bio-ph],-0.027429214410487977,0.01628579254226087,0.09213492588756277,HSS_Citing_Share,HSS_Citing_Share_p,cs_core_reference_share,CS核心参考文献占比,OLS,15843,HSS_Citing_Share ~ HSS_Continuous * cs_core_reference_share + log_team_size + log_prior_knowledge + C(year) + C(arxiv_primary_category)
C(arxiv_primary_category)[T.physics.chem-ph],0.04394814105569258,0.03358649567882578,0.19070164050156058,HSS_Citing_Share,HSS_Citing_Share_p,cs_core_reference_share,CS核心参考文献占比,OLS,15843,HSS_Citing_Share ~ HSS_Continuous * cs_core_reference_share + log_team_size + log_prior_knowledge + C(year) + C(arxiv_primary_category)
C(arxiv_primary_category)[T.physics.comp-ph],0.02909909632776718,0.027986024514229244,0.29844564726546885,HSS_Citing_Share,HSS_Citing_Share_p,cs_core_reference_share,CS核心参考文献占比,OLS,15843,HSS_Citing_Share ~ HSS_Continuous * cs_core_reference_share + log_team_size + log_prior_knowledge + C(year) + C(arxiv_primary_category)
C(arxiv_primary_category)[T.physics.data-an],0.03632765929568,0.036875108121767336,0.3245484448285443,HSS_Citing_Share,HSS_Citing_Share_p,cs_core_reference_share,CS核心参考文献占比,OLS,15843,HSS_Citing_Share ~ HSS_Continuous * cs_core_reference_share + log_team_size + log_prior_knowledge + C(year) + C(arxiv_primary_category)
C(arxiv_primary_category)[T.physics.ed-ph],0.09396653925233259,0.08783201044236168,0.28468958518138376,HSS_Citing_Share,HSS_Citing_Share_p,cs_core_reference_share,CS核心参考文献占比,OLS,15843,HSS_Citing_Share ~ HSS_Continuous * cs_core_reference_share + log_team_size + log_prior_knowledge + C(year) + C(arxiv_primary_category)
C(arxiv_primary_category)[T.physics.flu-dyn],-0.024731010571312884,0.018703637780477716,0.18608268248796944,HSS_Citing_Share,HSS_Citing_Share_p,cs_core_reference_share,CS核心参考文献占比,OLS,15843,HSS_Citing_Share ~ HSS_Continuous * cs_core_reference_share + log_team_size + log_prior_knowledge + C(year) + C(arxiv_primary_category)
C(arxiv_primary_category)[T.physics.geo-ph],0.011667742723816172,0.026425786251404768,0.658830297778725,HSS_Citing_Share,HSS_Citing_Share_p,cs_core_reference_share,CS核心参考文献占比,OLS,15843,HSS_Citing_Share ~ HSS_Continuous * cs_core_reference_share + log_team_size + log_prior_knowledge + C(year) + C(arxiv_primary_category)
C(arxiv_primary_category)[T.physics.ins-det],-0.026193130238637518,0.019522546269687035,0.17969777468857917,HSS_Citing_Share,HSS_Citing_Share_p,cs_core_reference_share,CS核心参考文献占比,OLS,15843,HSS_Citing_Share ~ HSS_Continuous * cs_core_reference_share + log_team_size + log_prior_knowledge + C(year) + C(arxiv_primary_category)
C(arxiv_primary_category)[T.physics.med-ph],0.055787910776976035,0.027376105204898894,0.041566709344851786,HSS_Citing_Share,HSS_Citing_Share_p,cs_core_reference_share,CS核心参考文献占比,OLS,15843,HSS_Citing_Share ~ HSS_Continuous * cs_core_reference_share + log_team_size + log_prior_knowledge + C(year) + C(arxiv_primary_category)
C(arxiv_primary_category)[T.physics.optics],-0.03190277632648598,0.015359460732151189,0.0377944908136999,HSS_Citing_Share,HSS_Citing_Share_p,cs_core_reference_share,CS核心参考文献占比,OLS,15843,HSS_Citing_Share ~ HSS_Continuous * cs_core_reference_share + log_team_size + log_prior_knowledge + C(year) + C(arxiv_primary_category)
C(arxiv_primary_category)[T.physics.soc-ph],0.003026094770354121,0.06152003749926178,0.9607688633262701,HSS_Citing_Share,HSS_Citing_Share_p,cs_core_reference_share,CS核心参考文献占比,OLS,15843,HSS_Citing_Share ~ HSS_Continuous * cs_core_reference_share + log_team_size + log_prior_knowledge + C(year) + C(arxiv_primary_category)
C(arxiv_primary_category)[T.physics.space-ph],0.12985179796978816,0.029509407889240804,1.0807514993220417e-05,HSS_Citing_Share,HSS_Citing_Share_p,cs_core_reference_share,CS核心参考文献占比,OLS,15843,HSS_Citing_Share ~ HSS_Continuous * cs_core_reference_share + log_team_size + log_prior_knowledge + C(year) + C(arxiv_primary_category)
C(arxiv_primary_category)[T.q-bio.BM],0.06669012866922205,0.032173780312201986,0.03818997959879389,HSS_Citing_Share,HSS_Citing_Share_p,cs_core_reference_share,CS核心参考文献占比,OLS,15843,HSS_Citing_Share ~ HSS_Continuous * cs_core_reference_share + log_team_size + log_prior_knowledge + C(year) + C(arxiv_primary_category)
C(arxiv_primary_category)[T.q-bio.GN],0.0028714399390872823,0.030612202378282008,0.925267633200121,HSS_Citing_Share,HSS_Citing_Share_p,cs_core_reference_share,CS核心参考文献占比,OLS,15843,HSS_Citing_Share ~ HSS_Continuous * cs_core_reference_share + log_team_size + log_prior_knowledge + C(year) + C(arxiv_primary_category)
C(arxiv_primary_category)[T.q-bio.MN],-0.048859488776520785,0.015701351802367414,0.0018594953819406261,HSS_Citing_Share,HSS_Citing_Share_p,cs_core_reference_share,CS核心参考文献占比,OLS,15843,HSS_Citing_Share ~ HSS_Continuous * cs_core_reference_share + log_team_size + log_prior_knowledge + C(year) + C(arxiv_primary_category)
C(arxiv_primary_category)[T.q-bio.NC],0.15476497959316682,0.03029403408967189,3.2427824566777656e-07,HSS_Citing_Share,HSS_Citing_Share_p,cs_core_reference_share,CS核心参考文献占比,OLS,15843,HSS_Citing_Share ~ HSS_Continuous * cs_core_reference_share + log_team_size + log_prior_knowledge + C(year) + C(arxiv_primary_category)
C(arxiv_primary_category)[T.q-bio.OT],0.0871037076353984,0.08689029715373006,0.3161233632571224,HSS_Citing_Share,HSS_Citing_Share_p,cs_core_reference_share,CS核心参考文献占比,OLS,15843,HSS_Citing_Share ~ HSS_Continuous * cs_core_reference_share + log_team_size + log_prior_knowledge + C(year) + C(arxiv_primary_category)
C(arxiv_primary_category)[T.q-bio.PE],0.01440986394343491,0.03966090966806712,0.7163609160648452,HSS_Citing_Share,HSS_Citing_Share_p,cs_core_reference_share,CS核心参考文献占比,OLS,15843,HSS_Citing_Share ~ HSS_Continuous * cs_core_reference_share + log_team_size + log_prior_knowledge + C(year) + C(arxiv_primary_category)
C(arxiv_primary_category)[T.q-bio.QM],0.06352502622101522,0.03008239004081235,0.03471206586108309,HSS_Citing_Share,HSS_Citing_Share_p,cs_core_reference_share,CS核心参考文献占比,OLS,15843,HSS_Citing_Share ~ HSS_Continuous * cs_core_reference_share + log_team_size + log_prior_knowledge + C(year) + C(arxiv_primary_category)
C(arxiv_primary_category)[T.q-bio.TO],0.009133938121703673,0.03175480898594492,0.7736226875490594,HSS_Citing_Share,HSS_Citing_Share_p,cs_core_reference_share,CS核心参考文献占比,OLS,15843,HSS_Citing_Share ~ HSS_Continuous * cs_core_reference_share + log_team_size + log_prior_knowledge + C(year) + C(arxiv_primary_category)
C(arxiv_primary_category)[T.q-fin.CP],0.030691231323814665,0.05583504253748646,0.582541025325191,HSS_Citing_Share,HSS_Citing_Share_p,cs_core_reference_share,CS核心参考文献占比,OLS,15843,HSS_Citing_Share ~ HSS_Continuous * cs_core_reference_share + log_team_size + log_prior_knowledge + C(year) + C(arxiv_primary_category)
C(arxiv_primary_category)[T.q-fin.GN],-0.08166430186340067,0.01822305680534173,7.416460688324554e-06,HSS_Citing_Share,HSS_Citing_Share_p,cs_core_reference_share,CS核心参考文献占比,OLS,15843,HSS_Citing_Share ~ HSS_Continuous * cs_core_reference_share + log_team_size + log_prior_knowledge + C(year) + C(arxiv_primary_category)
C(arxiv_primary_category)[T.q-fin.MF],0.004681273873186135,0.12096414237446908,0.969129826751076,HSS_Citing_Share,HSS_Citing_Share_p,cs_core_reference_share,CS核心参考文献占比,OLS,15843,HSS_Citing_Share ~ HSS_Continuous * cs_core_reference_share + log_team_size + log_prior_knowledge + C(year) + C(arxiv_primary_category)
C(arxiv_primary_category)[T.q-fin.PM],-0.15153856558830334,0.04235616465339873,0.00034660232146439774,HSS_Citing_Share,HSS_Citing_Share_p,cs_core_reference_share,CS核心参考文献占比,OLS,15843,HSS_Citing_Share ~ HSS_Continuous * cs_core_reference_share + log_team_size + log_prior_knowledge + C(year) + C(arxiv_primary_category)
C(arxiv_primary_category)[T.q-fin.PR],0.16974710821137684,0.03058187459059401,2.8472515069474996e-08,HSS_Citing_Share,HSS_Citing_Share_p,cs_core_reference_share,CS核心参考文献占比,OLS,15843,HSS_Citing_Share ~ HSS_Continuous * cs_core_reference_share + log_team_size + log_prior_knowledge + C(year) + C(arxiv_primary_category)
C(arxiv_primary_category)[T.q-fin.ST],0.1305580638293831,0.0524771603424355,0.01284989185792822,HSS_Citing_Share,HSS_Citing_Share_p,cs_core_reference_share,CS核心参考文献占比,OLS,15843,HSS_Citing_Share ~ HSS_Continuous * cs_core_reference_share + log_team_size + log_prior_knowledge + C(year) + C(arxiv_primary_category)
C(arxiv_primary_category)[T.q-fin.TR],0.08413442272876935,0.029817312657126265,0.004777527776969124,HSS_Citing_Share,HSS_Citing_Share_p,cs_core_reference_share,CS核心参考文献占比,OLS,15843,HSS_Citing_Share ~ HSS_Continuous * cs_core_reference_share + log_team_size + log_prior_knowledge + C(year) + C(arxiv_primary_category)
C(arxiv_primary_category)[T.quant-ph],0.023604023516873466,0.01791771438840086,0.18771904252953364,HSS_Citing_Share,HSS_Citing_Share_p,cs_core_reference_share,CS核心参考文献占比,OLS,15843,HSS_Citing_Share ~ HSS_Continuous * cs_core_reference_share + log_team_size + log_prior_knowledge + C(year) + C(arxiv_primary_category)
C(arxiv_primary_category)[T.stat.AP],0.022362678785883355,0.055800595442976206,0.6885964069802919,HSS_Citing_Share,HSS_Citing_Share_p,cs_core_reference_share,CS核心参考文献占比,OLS,15843,HSS_Citing_Share ~ HSS_Continuous * cs_core_reference_share + log_team_size + log_prior_knowledge + C(year) + C(arxiv_primary_category)
C(arxiv_primary_category)[T.stat.CO],0.032995197242254394,0.06334246635324366,0.6024352638933923,HSS_Citing_Share,HSS_Citing_Share_p,cs_core_reference_share,CS核心参考文献占比,OLS,15843,HSS_Citing_Share ~ HSS_Continuous * cs_core_reference_share + log_team_size + log_prior_knowledge + C(year) + C(arxiv_primary_category)
C(arxiv_primary_category)[T.stat.ME],-0.037909571305925246,0.02655801509627745,0.15345746584354072,HSS_Citing_Share,HSS_Citing_Share_p,cs_core_reference_share,CS核心参考文献占比,OLS,15843,HSS_Citing_Share ~ HSS_Continuous * cs_core_reference_share + log_team_size + log_prior_knowledge + C(year) + C(arxiv_primary_category)
C(arxiv_primary_category)[T.stat.ML],0.09302527345035952,0.016016917766583965,6.324673596719942e-09,HSS_Citing_Share,HSS_Citing_Share_p,cs_core_reference_share,CS核心参考文献占比,OLS,15843,HSS_Citing_Share ~ HSS_Continuous * cs_core_reference_share + log_team_size + log_prior_knowledge + C(year) + C(arxiv_primary_category)
HSS_Continuous,0.016163737969868683,0.0032750517304819342,7.998069191280391e-07,HSS_Citing_Share,HSS_Citing_Share_p,cs_core_reference_share,CS核心参考文献占比,OLS,15843,HSS_Citing_Share ~ HSS_Continuous * cs_core_reference_share + log_team_size + log_prior_knowledge + C(year) + C(arxiv_primary_category)
cs_core_reference_share,0.015549124106526946,0.004619254255746573,0.0007622396625710063,HSS_Citing_Share,HSS_Citing_Share_p,cs_core_reference_share,CS核心参考文献占比,OLS,15843,HSS_Citing_Share ~ HSS_Continuous * cs_core_reference_share + log_team_size + log_prior_knowledge + C(year) + C(arxiv_primary_category)
HSS_Continuous:cs_core_reference_share,-0.0032593251644833124,0.004860785962214424,0.5025170583200547,HSS_Citing_Share,HSS_Citing_Share_p,cs_core_reference_share,CS核心参考文献占比,OLS,15843,HSS_Citing_Share ~ HSS_Continuous * cs_core_reference_share + log_team_size + log_prior_knowledge + C(year) + C(arxiv_primary_category)
log_team_size,-0.0014576984432747512,0.004054862246895728,0.7192256034185442,HSS_Citing_Share,HSS_Citing_Share_p,cs_core_reference_share,CS核心参考文献占比,OLS,15843,HSS_Citing_Share ~ HSS_Continuous * cs_core_reference_share + log_team_size + log_prior_knowledge + C(year) + C(arxiv_primary_category)
log_prior_knowledge,0.011583222782897524,0.0013779056911447096,4.227969473379873e-17,HSS_Citing_Share,HSS_Citing_Share_p,cs_core_reference_share,CS核心参考文献占比,OLS,15843,HSS_Citing_Share ~ HSS_Continuous * cs_core_reference_share + log_team_size + log_prior_knowledge + C(year) + C(arxiv_primary_category)
Intercept,0.7997084370078986,0.18700915947643132,1.900197836798937e-05,Citation_Entropy,Citation_Entropy_p,reference_field_diversity,参考文献学科数量,OLS,56755,Citation_Entropy ~ HSS_Continuous * reference_field_diversity + log_team_size + log_prior_knowledge + C(year) + C(arxiv_primary_category)
C(year)[T.2015],0.19897032493102848,0.15861363708424212,0.2096843336622256,Citation_Entropy,Citation_Entropy_p,reference_field_diversity,参考文献学科数量,OLS,56755,Citation_Entropy ~ HSS_Continuous * reference_field_diversity + log_team_size + log_prior_knowledge + C(year) + C(arxiv_primary_category)
C(year)[T.2016],0.2720802314125096,0.1431835911713092,0.05740433917823156,Citation_Entropy,Citation_Entropy_p,reference_field_diversity,参考文献学科数量,OLS,56755,Citation_Entropy ~ HSS_Continuous * reference_field_diversity + log_team_size + log_prior_knowledge + C(year) + C(arxiv_primary_category)
C(year)[T.2017],-0.04378056144634675,0.14028907921969494,0.7549843540655299,Citation_Entropy,Citation_Entropy_p,reference_field_diversity,参考文献学科数量,OLS,56755,Citation_Entropy ~ HSS_Continuous * reference_field_diversity + log_team_size + log_prior_knowledge + C(year) + C(arxiv_primary_category)
C(year)[T.2018],-0.12999527855690382,0.1397437921334805,0.3522467861973865,Citation_Entropy,Citation_Entropy_p,reference_field_diversity,参考文献学科数量,OLS,56755,Citation_Entropy ~ HSS_Continuous * reference_field_diversity + log_team_size + log_prior_knowledge + C(year) + C(arxiv_primary_category)
C(year)[T.2019],-0.1749188419487122,0.13946391679787867,0.20976098870944504,Citation_Entropy,Citation_Entropy_p,reference_field_diversity,参考文献学科数量,OLS,56755,Citation_Entropy ~ HSS_Continuous * reference_field_diversity + log_team_size + log_prior_knowledge + C(year) + C(arxiv_primary_category)
C(year)[T.2020],-0.3165248578059409,0.1392993181422933,0.02307055593377728,Citation_Entropy,Citation_Entropy_p,reference_field_diversity,参考文献学科数量,OLS,56755,Citation_Entropy ~ HSS_Continuous * reference_field_diversity + log_team_size + log_prior_knowledge + C(year) + C(arxiv_primary_category)
C(year)[T.2021],-0.5093279329716455,0.13918939641722178,0.00025296061878327244,Citation_Entropy,Citation_Entropy_p,reference_field_diversity,参考文献学科数量,OLS,56755,Citation_Entropy ~ HSS_Continuous * reference_field_diversity + log_team_size + log_prior_knowledge + C(year) + C(arxiv_primary_category)
C(year)[T.2022],-0.03127154227117902,0.13973538309462372,0.8229198155382299,Citation_Entropy,Citation_Entropy_p,reference_field_diversity,参考文献学科数量,OLS,56755,Citation_Entropy ~ HSS_Continuous * reference_field_diversity + log_team_size + log_prior_knowledge + C(year) + C(arxiv_primary_category)
C(year)[T.2023],-0.15933604976383378,0.13923083169436523,0.25245693680899317,Citation_Entropy,Citation_Entropy_p,reference_field_diversity,参考文献学科数量,OLS,56755,Citation_Entropy ~ HSS_Continuous * reference_field_diversity + log_team_size + log_prior_knowledge + C(year) + C(arxiv_primary_category)
C(year)[T.2024],-0.7523900311644316,0.13912922382660384,6.378566093255423e-08,Citation_Entropy,Citation_Entropy_p,reference_field_diversity,参考文献学科数量,OLS,56755,Citation_Entropy ~ HSS_Continuous * reference_field_diversity + log_team_size + log_prior_knowledge + C(year) + C(arxiv_primary_category)
C(year)[T.2025],-1.2486235886249446,0.13903207046208327,2.687282793724383e-19,Citation_Entropy,Citation_Entropy_p,reference_field_diversity,参考文献学科数量,OLS,56755,Citation_Entropy ~ HSS_Continuous * reference_field_diversity + log_team_size + log_prior_knowledge + C(year) + C(arxiv_primary_category)
C(year)[T.2026],-1.2712792917701874,0.13906895314787718,6.167210427525403e-20,Citation_Entropy,Citation_Entropy_p,reference_field_diversity,参考文献学科数量,OLS,56755,Citation_Entropy ~ HSS_Continuous * reference_field_diversity + log_team_size + log_prior_knowledge + C(year) + C(arxiv_primary_category)
C(arxiv_primary_category)[T.astro-ph.EP],0.17859205776621745,0.12493116930460081,0.1528537901916652,Citation_Entropy,Citation_Entropy_p,reference_field_diversity,参考文献学科数量,OLS,56755,Citation_Entropy ~ HSS_Continuous * reference_field_diversity + log_team_size + log_prior_knowledge + C(year) + C(arxiv_primary_category)
C(arxiv_primary_category)[T.astro-ph.GA],-0.17331170759096923,0.22253352503892776,0.43609065875784336,Citation_Entropy,Citation_Entropy_p,reference_field_diversity,参考文献学科数量,OLS,56755,Citation_Entropy ~ HSS_Continuous * reference_field_diversity + log_team_size + log_prior_knowledge + C(year) + C(arxiv_primary_category)
C(arxiv_primary_category)[T.astro-ph.HE],-0.37085615287354895,0.2566350172035508,0.14843758044647873,Citation_Entropy,Citation_Entropy_p,reference_field_diversity,参考文献学科数量,OLS,56755,Citation_Entropy ~ HSS_Continuous * reference_field_diversity + log_team_size + log_prior_knowledge + C(year) + C(arxiv_primary_category)
C(arxiv_primary_category)[T.astro-ph.IM],-0.1090085819739406,0.1442694492629168,0.4498949336205349,Citation_Entropy,Citation_Entropy_p,reference_field_diversity,参考文献学科数量,OLS,56755,Citation_Entropy ~ HSS_Continuous * reference_field_diversity + log_team_size + log_prior_knowledge + C(year) + C(arxiv_primary_category)
C(arxiv_primary_category)[T.astro-ph.SR],-0.2561266803997856,0.23883609809654213,0.28354257199003474,Citation_Entropy,Citation_Entropy_p,reference_field_diversity,参考文献学科数量,OLS,56755,Citation_Entropy ~ HSS_Continuous * reference_field_diversity + log_team_size + log_prior_knowledge + C(year) + C(arxiv_primary_category)
C(arxiv_primary_category)[T.cond-mat.dis-nn],0.11650783510362109,0.2227574220958642,0.6009564360768731,Citation_Entropy,Citation_Entropy_p,reference_field_diversity,参考文献学科数量,OLS,56755,Citation_Entropy ~ HSS_Continuous * reference_field_diversity + log_team_size + log_prior_knowledge + C(year) + C(arxiv_primary_category)
C(arxiv_primary_category)[T.cond-mat.mes-hall],0.09803324910232591,0.12563636954488108,0.4352181070607706,Citation_Entropy,Citation_Entropy_p,reference_field_diversity,参考文献学科数量,OLS,56755,Citation_Entropy ~ HSS_Continuous * reference_field_diversity + log_team_size + log_prior_knowledge + C(year) + C(arxiv_primary_category)
C(arxiv_primary_category)[T.cond-mat.mtrl-sci],0.3568757514973128,0.14772098369257142,0.015697355800757342,Citation_Entropy,Citation_Entropy_p,reference_field_diversity,参考文献学科数量,OLS,56755,Citation_Entropy ~ HSS_Continuous * reference_field_diversity + log_team_size + log_prior_knowledge + C(year) + C(arxiv_primary_category)
C(arxiv_primary_category)[T.cond-mat.other],-0.2600479393857016,0.1253625726272467,0.0380452724773911,Citation_Entropy,Citation_Entropy_p,reference_field_diversity,参考文献学科数量,OLS,56755,Citation_Entropy ~ HSS_Continuous * reference_field_diversity + log_team_size + log_prior_knowledge + C(year) + C(arxiv_primary_category)
C(arxiv_primary_category)[T.cond-mat.quant-gas],-0.6456704376315223,0.22258646385475747,0.0037225606051321356,Citation_Entropy,Citation_Entropy_p,reference_field_diversity,参考文献学科数量,OLS,56755,Citation_Entropy ~ HSS_Continuous * reference_field_diversity + log_team_size + log_prior_knowledge + C(year) + C(arxiv_primary_category)
C(arxiv_primary_category)[T.cond-mat.soft],-0.1638469853929064,0.3348485450173135,0.6246174990072441,Citation_Entropy,Citation_Entropy_p,reference_field_diversity,参考文献学科数量,OLS,56755,Citation_Entropy ~ HSS_Continuous * reference_field_diversity + log_team_size + log_prior_knowledge + C(year) + C(arxiv_primary_category)
C(arxiv_primary_category)[T.cond-mat.stat-mech],0.00038890217962044417,0.21570360732450425,0.9985614571748705,Citation_Entropy,Citation_Entropy_p,reference_field_diversity,参考文献学科数量,OLS,56755,Citation_Entropy ~ HSS_Continuous * reference_field_diversity + log_team_size + log_prior_knowledge + C(year) + C(arxiv_primary_category)
C(arxiv_primary_category)[T.cond-mat.str-el],0.05228780176549414,0.20258922173546873,0.7963315462498406,Citation_Entropy,Citation_Entropy_p,reference_field_diversity,参考文献学科数量,OLS,56755,Citation_Entropy ~ HSS_Continuous * reference_field_diversity + log_team_size + log_prior_knowledge + C(year) + C(arxiv_primary_category)
C(arxiv_primary_category)[T.cond-mat.supr-con],-0.2538896673908684,0.1254519945372284,0.04299079917612065,Citation_Entropy,Citation_Entropy_p,reference_field_diversity,参考文献学科数量,OLS,56755,Citation_Entropy ~ HSS_Continuous * reference_field_diversity + log_team_size + log_prior_knowledge + C(year) + C(arxiv_primary_category)
C(arxiv_primary_category)[T.cs.AI],0.14733321449049525,0.1253197127225186,0.23973127593938603,Citation_Entropy,Citation_Entropy_p,reference_field_diversity,参考文献学科数量,OLS,56755,Citation_Entropy ~ HSS_Continuous * reference_field_diversity + log_team_size + log_prior_knowledge + C(year) + C(arxiv_primary_category)
C(arxiv_primary_category)[T.cs.AR],0.0346765481616072,0.12855902603238745,0.7873660515335572,Citation_Entropy,Citation_Entropy_p,reference_field_diversity,参考文献学科数量,OLS,56755,Citation_Entropy ~ HSS_Continuous * reference_field_diversity + log_team_size + log_prior_knowledge + C(year) + C(arxiv_primary_category)
C(arxiv_primary_category)[T.cs.CC],-0.25275010915885265,0.2193780795145853,0.24927132332496116,Citation_Entropy,Citation_Entropy_p,reference_field_diversity,参考文献学科数量,OLS,56755,Citation_Entropy ~ HSS_Continuous * reference_field_diversity + log_team_size + log_prior_knowledge + C(year) + C(arxiv_primary_category)
C(arxiv_primary_category)[T.cs.CE],0.24961311230854435,0.13806258223780735,0.07061105090709377,Citation_Entropy,Citation_Entropy_p,reference_field_diversity,参考文献学科数量,OLS,56755,Citation_Entropy ~ HSS_Continuous * reference_field_diversity + log_team_size + log_prior_knowledge + C(year) + C(arxiv_primary_category)
C(arxiv_primary_category)[T.cs.CG],0.19336933783171084,0.27030570404191745,0.47437873920507245,Citation_Entropy,Citation_Entropy_p,reference_field_diversity,参考文献学科数量,OLS,56755,Citation_Entropy ~ HSS_Continuous * reference_field_diversity + log_team_size + log_prior_knowledge + C(year) + C(arxiv_primary_category)
C(arxiv_primary_category)[T.cs.CL],0.1180849392095143,0.1250323883676696,0.344947503148897,Citation_Entropy,Citation_Entropy_p,reference_field_diversity,参考文献学科数量,OLS,56755,Citation_Entropy ~ HSS_Continuous * reference_field_diversity + log_team_size + log_prior_knowledge + C(year) + C(arxiv_primary_category)
C(arxiv_primary_category)[T.cs.CR],0.0834010438714311,0.12553599107734353,0.506460168011621,Citation_Entropy,Citation_Entropy_p,reference_field_diversity,参考文献学科数量,OLS,56755,Citation_Entropy ~ HSS_Continuous * reference_field_diversity + log_team_size + log_prior_knowledge + C(year) + C(arxiv_primary_category)
C(arxiv_primary_category)[T.cs.CV],0.13521505125652764,0.12507233099904655,0.27965492995817864,Citation_Entropy,Citation_Entropy_p,reference_field_diversity,参考文献学科数量,OLS,56755,Citation_Entropy ~ HSS_Continuous * reference_field_diversity + log_team_size + log_prior_knowledge + C(year) + C(arxiv_primary_category)
C(arxiv_primary_category)[T.cs.CY],0.4005599707036237,0.12746540324903943,0.0016751197805046569,Citation_Entropy,Citation_Entropy_p,reference_field_diversity,参考文献学科数量,OLS,56755,Citation_Entropy ~ HSS_Continuous * reference_field_diversity + log_team_size + log_prior_knowledge + C(year) + C(arxiv_primary_category)
C(arxiv_primary_category)[T.cs.DB],0.016928610361685862,0.12900885559998942,0.8956008560632285,Citation_Entropy,Citation_Entropy_p,reference_field_diversity,参考文献学科数量,OLS,56755,Citation_Entropy ~ HSS_Continuous * reference_field_diversity + log_team_size + log_prior_knowledge + C(year) + C(arxiv_primary_category)
C(arxiv_primary_category)[T.cs.DC],-0.0007322639494943212,0.12667008967023646,0.9953875548120629,Citation_Entropy,Citation_Entropy_p,reference_field_diversity,参考文献学科数量,OLS,56755,Citation_Entropy ~ HSS_Continuous * reference_field_diversity + log_team_size + log_prior_knowledge + C(year) + C(arxiv_primary_category)
C(arxiv_primary_category)[T.cs.DL],0.2317257549840993,0.15606174395671601,0.13758785134370174,Citation_Entropy,Citation_Entropy_p,reference_field_diversity,参考文献学科数量,OLS,56755,Citation_Entropy ~ HSS_Continuous * reference_field_diversity + log_team_size + log_prior_knowledge + C(year) + C(arxiv_primary_category)
C(arxiv_primary_category)[T.cs.DM],-0.19973710221518945,0.22316943030645583,0.3707859811185239,Citation_Entropy,Citation_Entropy_p,reference_field_diversity,参考文献学科数量,OLS,56755,Citation_Entropy ~ HSS_Continuous * reference_field_diversity + log_team_size + log_prior_knowledge + C(year) + C(arxiv_primary_category)
C(arxiv_primary_category)[T.cs.DS],-0.2686560415838597,0.16442346033734606,0.10227403876619758,Citation_Entropy,Citation_Entropy_p,reference_field_diversity,参考文献学科数量,OLS,56755,Citation_Entropy ~ HSS_Continuous * reference_field_diversity + log_team_size + log_prior_knowledge + C(year) + C(arxiv_primary_category)
C(arxiv_primary_category)[T.cs.ET],0.12653509212249636,0.17052718110245332,0.45807339471802055,Citation_Entropy,Citation_Entropy_p,reference_field_diversity,参考文献学科数量,OLS,56755,Citation_Entropy ~ HSS_Continuous * reference_field_diversity + log_team_size + log_prior_knowledge + C(year) + C(arxiv_primary_category)
C(arxiv_primary_category)[T.cs.FL],-0.15529962747672166,0.18528836302928486,0.4019459006802286,Citation_Entropy,Citation_Entropy_p,reference_field_diversity,参考文献学科数量,OLS,56755,Citation_Entropy ~ HSS_Continuous * reference_field_diversity + log_team_size + log_prior_knowledge + C(year) + C(arxiv_primary_category)
C(arxiv_primary_category)[T.cs.GL],0.754588227224385,0.3715344278240171,0.0422545019650129,Citation_Entropy,Citation_Entropy_p,reference_field_diversity,参考文献学科数量,OLS,56755,Citation_Entropy ~ HSS_Continuous * reference_field_diversity + log_team_size + log_prior_knowledge + C(year) + C(arxiv_primary_category)
C(arxiv_primary_category)[T.cs.GR],0.10220253160239494,0.14195563496302352,0.4715489618889478,Citation_Entropy,Citation_Entropy_p,reference_field_diversity,参考文献学科数量,OLS,56755,Citation_Entropy ~ HSS_Continuous * reference_field_diversity + log_team_size + log_prior_knowledge + C(year) + C(arxiv_primary_category)
C(arxiv_primary_category)[T.cs.GT],-0.10783640735145461,0.15031927784004576,0.4731381638075547,Citation_Entropy,Citation_Entropy_p,reference_field_diversity,参考文献学科数量,OLS,56755,Citation_Entropy ~ HSS_Continuous * reference_field_diversity + log_team_size + log_prior_knowledge + C(year) + C(arxiv_primary_category)
C(arxiv_primary_category)[T.cs.HC],0.18694053926177076,0.1266108642061759,0.13981056642443945,Citation_Entropy,Citation_Entropy_p,reference_field_diversity,参考文献学科数量,OLS,56755,Citation_Entropy ~ HSS_Continuous * reference_field_diversity + log_team_size + log_prior_knowledge + C(year) + C(arxiv_primary_category)
C(arxiv_primary_category)[T.cs.IR],0.053781670817943265,0.12594788500721685,0.6693682016052878,Citation_Entropy,Citation_Entropy_p,reference_field_diversity,参考文献学科数量,OLS,56755,Citation_Entropy ~ HSS_Continuous * reference_field_diversity + log_team_size + log_prior_knowledge + C(year) + C(arxiv_primary_category)
C(arxiv_primary_category)[T.cs.IT],-0.4994392642025327,0.12612798186951876,7.501833229432338e-05,Citation_Entropy,Citation_Entropy_p,reference_field_diversity,参考文献学科数量,OLS,56755,Citation_Entropy ~ HSS_Continuous * reference_field_diversity + log_team_size + log_prior_knowledge + C(year) + C(arxiv_primary_category)
C(arxiv_primary_category)[T.cs.LG],0.1575556025829213,0.1250892717050148,0.20783344359891442,Citation_Entropy,Citation_Entropy_p,reference_field_diversity,参考文献学科数量,OLS,56755,Citation_Entropy ~ HSS_Continuous * reference_field_diversity + log_team_size + log_prior_knowledge + C(year) + C(arxiv_primary_category)
C(arxiv_primary_category)[T.cs.LO],0.0027144921867524913,0.17698514217005737,0.9877630038977157,Citation_Entropy,Citation_Entropy_p,reference_field_diversity,参考文献学科数量,OLS,56755,Citation_Entropy ~ HSS_Continuous * reference_field_diversity + log_team_size + log_prior_knowledge + C(year) + C(arxiv_primary_category)
C(arxiv_primary_category)[T.cs.MA],0.18601891627756745,0.12976031320924508,0.1516984776696995,Citation_Entropy,Citation_Entropy_p,reference_field_diversity,参考文献学科数量,OLS,56755,Citation_Entropy ~ HSS_Continuous * reference_field_diversity + log_team_size + log_prior_knowledge + C(year) + C(arxiv_primary_category)
C(arxiv_primary_category)[T.cs.MM],-0.1529225312872665,0.13908280296297876,0.2715469327050608,Citation_Entropy,Citation_Entropy_p,reference_field_diversity,参考文献学科数量,OLS,56755,Citation_Entropy ~ HSS_Continuous * reference_field_diversity + log_team_size + log_prior_knowledge + C(year) + C(arxiv_primary_category)
C(arxiv_primary_category)[T.cs.MS],0.1316734012345464,0.2484604991231822,0.5961416873444079,Citation_Entropy,Citation_Entropy_p,reference_field_diversity,参考文献学科数量,OLS,56755,Citation_Entropy ~ HSS_Continuous * reference_field_diversity + log_team_size + log_prior_knowledge + C(year) + C(arxiv_primary_category)
C(arxiv_primary_category)[T.cs.NE],0.04945536939876567,0.1332022997663418,0.7104288835098642,Citation_Entropy,Citation_Entropy_p,reference_field_diversity,参考文献学科数量,OLS,56755,Citation_Entropy ~ HSS_Continuous * reference_field_diversity + log_team_size + log_prior_knowledge + C(year) + C(arxiv_primary_category)
C(arxiv_primary_category)[T.cs.NI],-0.18557864381025377,0.12923481696858063,0.1510079633787493,Citation_Entropy,Citation_Entropy_p,reference_field_diversity,参考文献学科数量,OLS,56755,Citation_Entropy ~ HSS_Continuous * reference_field_diversity + log_team_size + log_prior_knowledge + C(year) + C(arxiv_primary_category)
C(arxiv_primary_category)[T.cs.OH],-0.12285550180066332,0.28850955760123204,0.6702330463051343,Citation_Entropy,Citation_Entropy_p,reference_field_diversity,参考文献学科数量,OLS,56755,Citation_Entropy ~ HSS_Continuous * reference_field_diversity + log_team_size + log_prior_knowledge + C(year) + C(arxiv_primary_category)
C(arxiv_primary_category)[T.cs.OS],0.12004174766279402,0.13378196222873803,0.3695620746417493,Citation_Entropy,Citation_Entropy_p,reference_field_diversity,参考文献学科数量,OLS,56755,Citation_Entropy ~ HSS_Continuous * reference_field_diversity + log_team_size + log_prior_knowledge + C(year) + C(arxiv_primary_category)
C(arxiv_primary_category)[T.cs.PF],-0.12159726354340612,0.15459300235775722,0.43153724165261953,Citation_Entropy,Citation_Entropy_p,reference_field_diversity,参考文献学科数量,OLS,56755,Citation_Entropy ~ HSS_Continuous * reference_field_diversity + log_team_size + log_prior_knowledge + C(year) + C(arxiv_primary_category)
C(arxiv_primary_category)[T.cs.PL],-0.06940470225280994,0.13763581307285194,0.6140762974331018,Citation_Entropy,Citation_Entropy_p,reference_field_diversity,参考文献学科数量,OLS,56755,Citation_Entropy ~ HSS_Continuous * reference_field_diversity + log_team_size + log_prior_knowledge + C(year) + C(arxiv_primary_category)
C(arxiv_primary_category)[T.cs.RO],0.06486193155116635,0.1268325439365482,0.6090722722920272,Citation_Entropy,Citation_Entropy_p,reference_field_diversity,参考文献学科数量,OLS,56755,Citation_Entropy ~ HSS_Continuous * reference_field_diversity + log_team_size + log_prior_knowledge + C(year) + C(arxiv_primary_category)
C(arxiv_primary_category)[T.cs.SC],-0.4145933264538161,0.25706226401175153,0.10678517029319942,Citation_Entropy,Citation_Entropy_p,reference_field_diversity,参考文献学科数量,OLS,56755,Citation_Entropy ~ HSS_Continuous * reference_field_diversity + log_team_size + log_prior_knowledge + C(year) + C(arxiv_primary_category)
C(arxiv_primary_category)[T.cs.SD],0.0028881411788648824,0.12799259513196073,0.9819973357744703,Citation_Entropy,Citation_Entropy_p,reference_field_diversity,参考文献学科数量,OLS,56755,Citation_Entropy ~ HSS_Continuous * reference_field_diversity + log_team_size + log_prior_knowledge + C(year) + C(arxiv_primary_category)
C(arxiv_primary_category)[T.cs.SE],0.07172033173529754,0.1255130448826143,0.5677167696522504,Citation_Entropy,Citation_Entropy_p,reference_field_diversity,参考文献学科数量,OLS,56755,Citation_Entropy ~ HSS_Continuous * reference_field_diversity + log_team_size + log_prior_knowledge + C(year) + C(arxiv_primary_category)
C(arxiv_primary_category)[T.cs.SI],-0.016694152267250153,0.1357909067360779,0.9021545043515544,Citation_Entropy,Citation_Entropy_p,reference_field_diversity,参考文献学科数量,OLS,56755,Citation_Entropy ~ HSS_Continuous * reference_field_diversity + log_team_size + log_prior_knowledge + C(year) + C(arxiv_primary_category)
C(arxiv_primary_category)[T.econ.EM],-0.07547803757239005,0.21698338662648825,0.7279515684571295,Citation_Entropy,Citation_Entropy_p,reference_field_diversity,参考文献学科数量,OLS,56755,Citation_Entropy ~ HSS_Continuous * reference_field_diversity + log_team_size + log_prior_knowledge + C(year) + C(arxiv_primary_category)
C(arxiv_primary_category)[T.econ.GN],0.36084246268703296,0.16031349111776227,0.024394707019225283,Citation_Entropy,Citation_Entropy_p,reference_field_diversity,参考文献学科数量,OLS,56755,Citation_Entropy ~ HSS_Continuous * reference_field_diversity + log_team_size + log_prior_knowledge + C(year) + C(arxiv_primary_category)
C(arxiv_primary_category)[T.econ.TH],-0.20082532960949562,0.21741403510313975,0.35564256712715725,Citation_Entropy,Citation_Entropy_p,reference_field_diversity,参考文献学科数量,OLS,56755,Citation_Entropy ~ HSS_Continuous * reference_field_diversity + log_team_size + log_prior_knowledge + C(year) + C(arxiv_primary_category)
C(arxiv_primary_category)[T.eess.AS],-0.008378378828497728,0.12758263745270143,0.947640388711097,Citation_Entropy,Citation_Entropy_p,reference_field_diversity,参考文献学科数量,OLS,56755,Citation_Entropy ~ HSS_Continuous * reference_field_diversity + log_team_size + log_prior_knowledge + C(year) + C(arxiv_primary_category)
C(arxiv_primary_category)[T.eess.IV],-0.0005824069528924218,0.1264199325762984,0.9963242199026972,Citation_Entropy,Citation_Entropy_p,reference_field_diversity,参考文献学科数量,OLS,56755,Citation_Entropy ~ HSS_Continuous * reference_field_diversity + log_team_size + log_prior_knowledge + C(year) + C(arxiv_primary_category)
C(arxiv_primary_category)[T.eess.SP],-0.24916508636614215,0.12829631208557385,0.05212422319202554,Citation_Entropy,Citation_Entropy_p,reference_field_diversity,参考文献学科数量,OLS,56755,Citation_Entropy ~ HSS_Continuous * reference_field_diversity + log_team_size + log_prior_knowledge + C(year) + C(arxiv_primary_category)
C(arxiv_primary_category)[T.eess.SY],-0.04791571232878352,0.13664925200029354,0.7258528508751294,Citation_Entropy,Citation_Entropy_p,reference_field_diversity,参考文献学科数量,OLS,56755,Citation_Entropy ~ HSS_Continuous * reference_field_diversity + log_team_size + log_prior_knowledge + C(year) + C(arxiv_primary_category)
C(arxiv_primary_category)[T.gr-qc],-0.11676462703424767,0.20278274541950356,0.5647426321845119,Citation_Entropy,Citation_Entropy_p,reference_field_diversity,参考文献学科数量,OLS,56755,Citation_Entropy ~ HSS_Continuous * reference_field_diversity + log_team_size + log_prior_knowledge + C(year) + C(arxiv_primary_category)
C(arxiv_primary_category)[T.hep-ex],0.021039690827659607,0.20278096427096776,0.917363184057197,Citation_Entropy,Citation_Entropy_p,reference_field_diversity,参考文献学科数量,OLS,56755,Citation_Entropy ~ HSS_Continuous * reference_field_diversity + log_team_size + log_prior_knowledge + C(year) + C(arxiv_primary_category)
C(arxiv_primary_category)[T.hep-lat],-0.24135692795810618,0.23389034246447962,0.30210798189844157,Citation_Entropy,Citation_Entropy_p,reference_field_diversity,参考文献学科数量,OLS,56755,Citation_Entropy ~ HSS_Continuous * reference_field_diversity + log_team_size + log_prior_knowledge + C(year) + C(arxiv_primary_category)
C(arxiv_primary_category)[T.hep-ph],0.08656577450619866,0.15607460883313262,0.5791384974132432,Citation_Entropy,Citation_Entropy_p,reference_field_diversity,参考文献学科数量,OLS,56755,Citation_Entropy ~ HSS_Continuous * reference_field_diversity + log_team_size + log_prior_knowledge + C(year) + C(arxiv_primary_category)
C(arxiv_primary_category)[T.hep-th],0.3391454613590702,0.27600894103486384,0.21916626659927008,Citation_Entropy,Citation_Entropy_p,reference_field_diversity,参考文献学科数量,OLS,56755,Citation_Entropy ~ HSS_Continuous * reference_field_diversity + log_team_size + log_prior_knowledge + C(year) + C(arxiv_primary_category)
C(arxiv_primary_category)[T.math-ph],0.20676959674139936,0.45469445649722745,0.6492933892636878,Citation_Entropy,Citation_Entropy_p,reference_field_diversity,参考文献学科数量,OLS,56755,Citation_Entropy ~ HSS_Continuous * reference_field_diversity + log_team_size + log_prior_knowledge + C(year) + C(arxiv_primary_category)
C(arxiv_primary_category)[T.math.AG],-0.030205399178459554,0.2313654529057552,0.8961291123250041,Citation_Entropy,Citation_Entropy_p,reference_field_diversity,参考文献学科数量,OLS,56755,Citation_Entropy ~ HSS_Continuous * reference_field_diversity + log_team_size + log_prior_knowledge + C(year) + C(arxiv_primary_category)
C(arxiv_primary_category)[T.math.AP],-0.5352768228801144,0.17275743038754965,0.0019454885588127923,Citation_Entropy,Citation_Entropy_p,reference_field_diversity,参考文献学科数量,OLS,56755,Citation_Entropy ~ HSS_Continuous * reference_field_diversity + log_team_size + log_prior_knowledge + C(year) + C(arxiv_primary_category)
C(arxiv_primary_category)[T.math.CO],-0.7674175180077166,0.24699391986922475,0.0018897722208424293,Citation_Entropy,Citation_Entropy_p,reference_field_diversity,参考文献学科数量,OLS,56755,Citation_Entropy ~ HSS_Continuous * reference_field_diversity + log_team_size + log_prior_knowledge + C(year) + C(arxiv_primary_category)
C(arxiv_primary_category)[T.math.CT],-0.11669467296198743,0.3524818531144912,0.7405948133646083,Citation_Entropy,Citation_Entropy_p,reference_field_diversity,参考文献学科数量,OLS,56755,Citation_Entropy ~ HSS_Continuous * reference_field_diversity + log_team_size + log_prior_knowledge + C(year) + C(arxiv_primary_category)
C(arxiv_primary_category)[T.math.DG],-0.3484344020843949,0.125045356984541,0.0053286514859727145,Citation_Entropy,Citation_Entropy_p,reference_field_diversity,参考文献学科数量,OLS,56755,Citation_Entropy ~ HSS_Continuous * reference_field_diversity + log_team_size + log_prior_knowledge + C(year) + C(arxiv_primary_category)
C(arxiv_primary_category)[T.math.DS],-0.5642950112835384,0.23899858557828582,0.018221751813799963,Citation_Entropy,Citation_Entropy_p,reference_field_diversity,参考文献学科数量,OLS,56755,Citation_Entropy ~ HSS_Continuous * reference_field_diversity + log_team_size + log_prior_knowledge + C(year) + C(arxiv_primary_category)
C(arxiv_primary_category)[T.math.FA],-0.6772501317724909,0.12524841638171016,6.399797956631599e-08,Citation_Entropy,Citation_Entropy_p,reference_field_diversity,参考文献学科数量,OLS,56755,Citation_Entropy ~ HSS_Continuous * reference_field_diversity + log_team_size + log_prior_knowledge + C(year) + C(arxiv_primary_category)
C(arxiv_primary_category)[T.math.GM],-1.0442475876355448,0.2606632054030583,6.172479303100482e-05,Citation_Entropy,Citation_Entropy_p,reference_field_diversity,参考文献学科数量,OLS,56755,Citation_Entropy ~ HSS_Continuous * reference_field_diversity + log_team_size + log_prior_knowledge + C(year) + C(arxiv_primary_category)
C(arxiv_primary_category)[T.math.GR],0.3963849139384883,0.12662445536496147,0.0017456974242378816,Citation_Entropy,Citation_Entropy_p,reference_field_diversity,参考文献学科数量,OLS,56755,Citation_Entropy ~ HSS_Continuous * reference_field_diversity + log_team_size + log_prior_knowledge + C(year) + C(arxiv_primary_category)
C(arxiv_primary_category)[T.math.GT],0.5781459927198928,0.12521213355570796,3.887051092797325e-06,Citation_Entropy,Citation_Entropy_p,reference_field_diversity,参考文献学科数量,OLS,56755,Citation_Entropy ~ HSS_Continuous * reference_field_diversity + log_team_size + log_prior_knowledge + C(year) + C(arxiv_primary_category)
C(arxiv_primary_category)[T.math.HO],0.2693584453399907,0.14087389759212107,0.05586931734951757,Citation_Entropy,Citation_Entropy_p,reference_field_diversity,参考文献学科数量,OLS,56755,Citation_Entropy ~ HSS_Continuous * reference_field_diversity + log_team_size + log_prior_knowledge + C(year) + C(arxiv_primary_category)
C(arxiv_primary_category)[T.math.LO],0.3854956980176963,0.12663265565299306,0.0023329650894798794,Citation_Entropy,Citation_Entropy_p,reference_field_diversity,参考文献学科数量,OLS,56755,Citation_Entropy ~ HSS_Continuous * reference_field_diversity + log_team_size + log_prior_knowledge + C(year) + C(arxiv_primary_category)
C(arxiv_primary_category)[T.math.NA],-0.15903446366491766,0.16797881054611588,0.34376459321669883,Citation_Entropy,Citation_Entropy_p,reference_field_diversity,参考文献学科数量,OLS,56755,Citation_Entropy ~ HSS_Continuous * reference_field_diversity + log_team_size + log_prior_knowledge + C(year) + C(arxiv_primary_category)
C(arxiv_primary_category)[T.math.NT],-1.124251833011632,0.1320244037096952,1.6589447897135034e-17,Citation_Entropy,Citation_Entropy_p,reference_field_diversity,参考文献学科数量,OLS,56755,Citation_Entropy ~ HSS_Continuous * reference_field_diversity + log_team_size + log_prior_knowledge + C(year) + C(arxiv_primary_category)
C(arxiv_primary_category)[T.math.OC],0.0490804648518317,0.14561034306577697,0.7360662725693525,Citation_Entropy,Citation_Entropy_p,reference_field_diversity,参考文献学科数量,OLS,56755,Citation_Entropy ~ HSS_Continuous * reference_field_diversity + log_team_size + log_prior_knowledge + C(year) + C(arxiv_primary_category)
C(arxiv_primary_category)[T.math.PR],-0.3873470338100526,0.18041203985308327,0.03179222951912595,Citation_Entropy,Citation_Entropy_p,reference_field_diversity,参考文献学科数量,OLS,56755,Citation_Entropy ~ HSS_Continuous * reference_field_diversity + log_team_size + log_prior_knowledge + C(year) + C(arxiv_primary_category)
C(arxiv_primary_category)[T.math.ST],-0.28475243661809324,0.21982343969345214,0.19519301792025534,Citation_Entropy,Citation_Entropy_p,reference_field_diversity,参考文献学科数量,OLS,56755,Citation_Entropy ~ HSS_Continuous * reference_field_diversity + log_team_size + log_prior_knowledge + C(year) + C(arxiv_primary_category)
C(arxiv_primary_category)[T.nlin.AO],-0.3355726174420479,0.13118087929593736,0.010524856768739157,Citation_Entropy,Citation_Entropy_p,reference_field_diversity,参考文献学科数量,OLS,56755,Citation_Entropy ~ HSS_Continuous * reference_field_diversity + log_team_size + log_prior_knowledge + C(year) + C(arxiv_primary_category)
C(arxiv_primary_category)[T.nlin.CD],0.07997321370014988,0.12491744927465265,0.5220370529066326,Citation_Entropy,Citation_Entropy_p,reference_field_diversity,参考文献学科数量,OLS,56755,Citation_Entropy ~ HSS_Continuous * reference_field_diversity + log_team_size + log_prior_knowledge + C(year) + C(arxiv_primary_category)
C(arxiv_primary_category)[T.nlin.PS],-0.8844127540810546,0.18286876871602362,1.3226176744399193e-06,Citation_Entropy,Citation_Entropy_p,reference_field_diversity,参考文献学科数量,OLS,56755,Citation_Entropy ~ HSS_Continuous * reference_field_diversity + log_team_size + log_prior_knowledge + C(year) + C(arxiv_primary_category)
C(arxiv_primary_category)[T.nucl-ex],-1.0907105175492675,0.12538656066951917,3.354614824724832e-18,Citation_Entropy,Citation_Entropy_p,reference_field_diversity,参考文献学科数量,OLS,56755,Citation_Entropy ~ HSS_Continuous * reference_field_diversity + log_team_size + log_prior_knowledge + C(year) + C(arxiv_primary_category)
C(arxiv_primary_category)[T.nucl-th],-0.972935972335049,0.12594210024348043,1.1162176714884762e-14,Citation_Entropy,Citation_Entropy_p,reference_field_diversity,参考文献学科数量,OLS,56755,Citation_Entropy ~ HSS_Continuous * reference_field_diversity + log_team_size + log_prior_knowledge + C(year) + C(arxiv_primary_category)
C(arxiv_primary_category)[T.physics.acc-ph],-0.05297175629239515,0.20102838562407396,0.7921622460765859,Citation_Entropy,Citation_Entropy_p,reference_field_diversity,参考文献学科数量,OLS,56755,Citation_Entropy ~ HSS_Continuous * reference_field_diversity + log_team_size + log_prior_knowledge + C(year) + C(arxiv_primary_category)
C(arxiv_primary_category)[T.physics.ao-ph],0.6259674726390785,0.16573468349926165,0.00015877650521837192,Citation_Entropy,Citation_Entropy_p,reference_field_diversity,参考文献学科数量,OLS,56755,Citation_Entropy ~ HSS_Continuous * reference_field_diversity + log_team_size + log_prior_knowledge + C(year) + C(arxiv_primary_category)
C(arxiv_primary_category)[T.physics.app-ph],0.03422966026429899,0.18520840346480716,0.8533725787357512,Citation_Entropy,Citation_Entropy_p,reference_field_diversity,参考文献学科数量,OLS,56755,Citation_Entropy ~ HSS_Continuous * reference_field_diversity + log_team_size + log_prior_knowledge + C(year) + C(arxiv_primary_category)
C(arxiv_primary_category)[T.physics.atom-ph],-0.13048555023059874,0.6569730235015762,0.842562903149829,Citation_Entropy,Citation_Entropy_p,reference_field_diversity,参考文献学科数量,OLS,56755,Citation_Entropy ~ HSS_Continuous * reference_field_diversity + log_team_size + log_prior_knowledge + C(year) + C(arxiv_primary_category)
C(arxiv_primary_category)[T.physics.bio-ph],-0.4955299773895852,0.23630872227882513,0.03599710174443268,Citation_Entropy,Citation_Entropy_p,reference_field_diversity,参考文献学科数量,OLS,56755,Citation_Entropy ~ HSS_Continuous * reference_field_diversity + log_team_size + log_prior_knowledge + C(year) + C(arxiv_primary_category)
C(arxiv_primary_category)[T.physics.chem-ph],0.3433719765281954,0.16963560087231042,0.04295224947740345,Citation_Entropy,Citation_Entropy_p,reference_field_diversity,参考文献学科数量,OLS,56755,Citation_Entropy ~ HSS_Continuous * reference_field_diversity + log_team_size + log_prior_knowledge + C(year) + C(arxiv_primary_category)
C(arxiv_primary_category)[T.physics.comp-ph],-0.08161377076810267,0.17030252971959253,0.6317763113845472,Citation_Entropy,Citation_Entropy_p,reference_field_diversity,参考文献学科数量,OLS,56755,Citation_Entropy ~ HSS_Continuous * reference_field_diversity + log_team_size + log_prior_knowledge + C(year) + C(arxiv_primary_category)
C(arxiv_primary_category)[T.physics.data-an],0.21941765927065857,0.2064990959725451,0.28798157910365474,Citation_Entropy,Citation_Entropy_p,reference_field_diversity,参考文献学科数量,OLS,56755,Citation_Entropy ~ HSS_Continuous * reference_field_diversity + log_team_size + log_prior_knowledge + C(year) + C(arxiv_primary_category)
C(arxiv_primary_category)[T.physics.ed-ph],0.32614568824543505,0.17164087411178608,0.05741169399429949,Citation_Entropy,Citation_Entropy_p,reference_field_diversity,参考文献学科数量,OLS,56755,Citation_Entropy ~ HSS_Continuous * reference_field_diversity + log_team_size + log_prior_knowledge + C(year) + C(arxiv_primary_category)
C(arxiv_primary_category)[T.physics.flu-dyn],-0.09469054080897586,0.17003800772270067,0.577610324041831,Citation_Entropy,Citation_Entropy_p,reference_field_diversity,参考文献学科数量,OLS,56755,Citation_Entropy ~ HSS_Continuous * reference_field_diversity + log_team_size + log_prior_knowledge + C(year) + C(arxiv_primary_category)
C(arxiv_primary_category)[T.physics.geo-ph],0.27439019539211396,0.17724966250029797,0.12161181352384887,Citation_Entropy,Citation_Entropy_p,reference_field_diversity,参考文献学科数量,OLS,56755,Citation_Entropy ~ HSS_Continuous * reference_field_diversity + log_team_size + log_prior_knowledge + C(year) + C(arxiv_primary_category)
C(arxiv_primary_category)[T.physics.ins-det],-0.1447599354845573,0.19851027617152575,0.4658600994836708,Citation_Entropy,Citation_Entropy_p,reference_field_diversity,参考文献学科数量,OLS,56755,Citation_Entropy ~ HSS_Continuous * reference_field_diversity + log_team_size + log_prior_knowledge + C(year) + C(arxiv_primary_category)
C(arxiv_primary_category)[T.physics.med-ph],-0.010731935422185009,0.1521743700651695,0.9437766503970317,Citation_Entropy,Citation_Entropy_p,reference_field_diversity,参考文献学科数量,OLS,56755,Citation_Entropy ~ HSS_Continuous * reference_field_diversity + log_team_size + log_prior_knowledge + C(year) + C(arxiv_primary_category)
C(arxiv_primary_category)[T.physics.optics],-0.19615313103238755,0.18106157934339462,0.2786529306835569,Citation_Entropy,Citation_Entropy_p,reference_field_diversity,参考文献学科数量,OLS,56755,Citation_Entropy ~ HSS_Continuous * reference_field_diversity + log_team_size + log_prior_knowledge + C(year) + C(arxiv_primary_category)
C(arxiv_primary_category)[T.physics.plasm-ph],-0.22467945510131432,0.3451557766607655,0.5150781982829776,Citation_Entropy,Citation_Entropy_p,reference_field_diversity,参考文献学科数量,OLS,56755,Citation_Entropy ~ HSS_Continuous * reference_field_diversity + log_team_size + log_prior_knowledge + C(year) + C(arxiv_primary_category)
C(arxiv_primary_category)[T.physics.pop-ph],0.9640248985492812,0.126149747419314,2.14024318430217e-14,Citation_Entropy,Citation_Entropy_p,reference_field_diversity,参考文献学科数量,OLS,56755,Citation_Entropy ~ HSS_Continuous * reference_field_diversity + log_team_size + log_prior_knowledge + C(year) + C(arxiv_primary_category)
C(arxiv_primary_category)[T.physics.soc-ph],-0.13969809735915964,0.18023047663231068,0.43827580188951754,Citation_Entropy,Citation_Entropy_p,reference_field_diversity,参考文献学科数量,OLS,56755,Citation_Entropy ~ HSS_Continuous * reference_field_diversity + log_team_size + log_prior_knowledge + C(year) + C(arxiv_primary_category)
C(arxiv_primary_category)[T.physics.space-ph],0.3885787008632027,0.3642496885381732,0.2860657134550104,Citation_Entropy,Citation_Entropy_p,reference_field_diversity,参考文献学科数量,OLS,56755,Citation_Entropy ~ HSS_Continuous * reference_field_diversity + log_team_size + log_prior_knowledge + C(year) + C(arxiv_primary_category)
C(arxiv_primary_category)[T.q-bio.BM],0.39531935940300555,0.14776611793292554,0.007466140515344428,Citation_Entropy,Citation_Entropy_p,reference_field_diversity,参考文献学科数量,OLS,56755,Citation_Entropy ~ HSS_Continuous * reference_field_diversity + log_team_size + log_prior_knowledge + C(year) + C(arxiv_primary_category)
C(arxiv_primary_category)[T.q-bio.GN],0.05832539004006637,0.15113577784883647,0.6995604722166701,Citation_Entropy,Citation_Entropy_p,reference_field_diversity,参考文献学科数量,OLS,56755,Citation_Entropy ~ HSS_Continuous * reference_field_diversity + log_team_size + log_prior_knowledge + C(year) + C(arxiv_primary_category)
C(arxiv_primary_category)[T.q-bio.MN],-0.3184785267030459,0.27930701984871786,0.2541841046059907,Citation_Entropy,Citation_Entropy_p,reference_field_diversity,参考文献学科数量,OLS,56755,Citation_Entropy ~ HSS_Continuous * reference_field_diversity + log_team_size + log_prior_knowledge + C(year) + C(arxiv_primary_category)
C(arxiv_primary_category)[T.q-bio.NC],-0.3044413990090593,0.13927629658891358,0.028824318668316327,Citation_Entropy,Citation_Entropy_p,reference_field_diversity,参考文献学科数量,OLS,56755,Citation_Entropy ~ HSS_Continuous * reference_field_diversity + log_team_size + log_prior_knowledge + C(year) + C(arxiv_primary_category)
C(arxiv_primary_category)[T.q-bio.OT],-0.05743386752083264,0.23581174755972384,0.807573061686627,Citation_Entropy,Citation_Entropy_p,reference_field_diversity,参考文献学科数量,OLS,56755,Citation_Entropy ~ HSS_Continuous * reference_field_diversity + log_team_size + log_prior_knowledge + C(year) + C(arxiv_primary_category)
C(arxiv_primary_category)[T.q-bio.PE],-0.44441068329901373,0.3135148917413049,0.156333696523726,Citation_Entropy,Citation_Entropy_p,reference_field_diversity,参考文献学科数量,OLS,56755,Citation_Entropy ~ HSS_Continuous * reference_field_diversity + log_team_size + log_prior_knowledge + C(year) + C(arxiv_primary_category)
C(arxiv_primary_category)[T.q-bio.QM],0.33273613385653006,0.14526540649288056,0.021990068566861736,Citation_Entropy,Citation_Entropy_p,reference_field_diversity,参考文献学科数量,OLS,56755,Citation_Entropy ~ HSS_Continuous * reference_field_diversity + log_team_size + log_prior_knowledge + C(year) + C(arxiv_primary_category)
C(arxiv_primary_category)[T.q-bio.TO],-0.21432165052391544,0.4493365052705102,0.6333809208509601,Citation_Entropy,Citation_Entropy_p,reference_field_diversity,参考文献学科数量,OLS,56755,Citation_Entropy ~ HSS_Continuous * reference_field_diversity + log_team_size + log_prior_knowledge + C(year) + C(arxiv_primary_category)
C(arxiv_primary_category)[T.q-fin.CP],-0.0006519554004289461,0.15298771316526483,0.9965998343061389,Citation_Entropy,Citation_Entropy_p,reference_field_diversity,参考文献学科数量,OLS,56755,Citation_Entropy ~ HSS_Continuous * reference_field_diversity + log_team_size + log_prior_knowledge + C(year) + C(arxiv_primary_category)
C(arxiv_primary_category)[T.q-fin.GN],0.1852944613027102,0.21366500965900906,0.385821757837161,Citation_Entropy,Citation_Entropy_p,reference_field_diversity,参考文献学科数量,OLS,56755,Citation_Entropy ~ HSS_Continuous * reference_field_diversity + log_team_size + log_prior_knowledge + C(year) + C(arxiv_primary_category)
C(arxiv_primary_category)[T.q-fin.MF],-0.2693710709971091,0.35505326524822883,0.4480452512444597,Citation_Entropy,Citation_Entropy_p,reference_field_diversity,参考文献学科数量,OLS,56755,Citation_Entropy ~ HSS_Continuous * reference_field_diversity + log_team_size + log_prior_knowledge + C(year) + C(arxiv_primary_category)
C(arxiv_primary_category)[T.q-fin.PM],-0.035983897621352845,0.17592833878971995,0.8379336903310941,Citation_Entropy,Citation_Entropy_p,reference_field_diversity,参考文献学科数量,OLS,56755,Citation_Entropy ~ HSS_Continuous * reference_field_diversity + log_team_size + log_prior_knowledge + C(year) + C(arxiv_primary_category)
C(arxiv_primary_category)[T.q-fin.PR],0.8632477052668653,0.12740412577157256,1.2383512319756387e-11,Citation_Entropy,Citation_Entropy_p,reference_field_diversity,参考文献学科数量,OLS,56755,Citation_Entropy ~ HSS_Continuous * reference_field_diversity + log_team_size + log_prior_knowledge + C(year) + C(arxiv_primary_category)
C(arxiv_primary_category)[T.q-fin.RM],0.3882424298762145,0.22076738914254565,0.07864478059373621,Citation_Entropy,Citation_Entropy_p,reference_field_diversity,参考文献学科数量,OLS,56755,Citation_Entropy ~ HSS_Continuous * reference_field_diversity + log_team_size + log_prior_knowledge + C(year) + C(arxiv_primary_category)
C(arxiv_primary_category)[T.q-fin.ST],0.11764335064284859,0.15917314840109276,0.4598520878198311,Citation_Entropy,Citation_Entropy_p,reference_field_diversity,参考文献学科数量,OLS,56755,Citation_Entropy ~ HSS_Continuous * reference_field_diversity + log_team_size + log_prior_knowledge + C(year) + C(arxiv_primary_category)
C(arxiv_primary_category)[T.q-fin.TR],0.3778631908057181,0.18617814711660985,0.04239938782521869,Citation_Entropy,Citation_Entropy_p,reference_field_diversity,参考文献学科数量,OLS,56755,Citation_Entropy ~ HSS_Continuous * reference_field_diversity + log_team_size + log_prior_knowledge + C(year) + C(arxiv_primary_category)
C(arxiv_primary_category)[T.quant-ph],0.0140829059145599,0.13192669264968176,0.9149889297368365,Citation_Entropy,Citation_Entropy_p,reference_field_diversity,参考文献学科数量,OLS,56755,Citation_Entropy ~ HSS_Continuous * reference_field_diversity + log_team_size + log_prior_knowledge + C(year) + C(arxiv_primary_category)
C(arxiv_primary_category)[T.stat.AP],0.10601946677653172,0.1739727507375261,0.5422575382124103,Citation_Entropy,Citation_Entropy_p,reference_field_diversity,参考文献学科数量,OLS,56755,Citation_Entropy ~ HSS_Continuous * reference_field_diversity + log_team_size + log_prior_knowledge + C(year) + C(arxiv_primary_category)
C(arxiv_primary_category)[T.stat.CO],-0.12002661820319817,0.41866929917096035,0.774352773758629,Citation_Entropy,Citation_Entropy_p,reference_field_diversity,参考文献学科数量,OLS,56755,Citation_Entropy ~ HSS_Continuous * reference_field_diversity + log_team_size + log_prior_knowledge + C(year) + C(arxiv_primary_category)
C(arxiv_primary_category)[T.stat.ME],-0.19615876960782608,0.18025861585970118,0.27650353436900077,Citation_Entropy,Citation_Entropy_p,reference_field_diversity,参考文献学科数量,OLS,56755,Citation_Entropy ~ HSS_Continuous * reference_field_diversity + log_team_size + log_prior_knowledge + C(year) + C(arxiv_primary_category)
C(arxiv_primary_category)[T.stat.ML],0.21439011476622802,0.1280896531877115,0.0941796540324246,Citation_Entropy,Citation_Entropy_p,reference_field_diversity,参考文献学科数量,OLS,56755,Citation_Entropy ~ HSS_Continuous * reference_field_diversity + log_team_size + log_prior_knowledge + C(year) + C(arxiv_primary_category)
C(arxiv_primary_category)[T.stat.OT],0.10083674664230319,0.12906900083150263,0.4346482285526636,Citation_Entropy,Citation_Entropy_p,reference_field_diversity,参考文献学科数量,OLS,56755,Citation_Entropy ~ HSS_Continuous * reference_field_diversity + log_team_size + log_prior_knowledge + C(year) + C(arxiv_primary_category)
HSS_Continuous,0.02592981731210397,0.0022015705322046466,5.07579867782444e-32,Citation_Entropy,Citation_Entropy_p,reference_field_diversity,参考文献学科数量,OLS,56755,Citation_Entropy ~ HSS_Continuous * reference_field_diversity + log_team_size + log_prior_knowledge + C(year) + C(arxiv_primary_category)
reference_field_diversity,0.08583458677834978,0.003167498375935689,1.024383319872326e-161,Citation_Entropy,Citation_Entropy_p,reference_field_diversity,参考文献学科数量,OLS,56755,Citation_Entropy ~ HSS_Continuous * reference_field_diversity + log_team_size + log_prior_knowledge + C(year) + C(arxiv_primary_category)
HSS_Continuous:reference_field_diversity,-0.012096175059652714,0.001720606343888746,2.0626490075976496e-12,Citation_Entropy,Citation_Entropy_p,reference_field_diversity,参考文献学科数量,OLS,56755,Citation_Entropy ~ HSS_Continuous * reference_field_diversity + log_team_size + log_prior_knowledge + C(year) + C(arxiv_primary_category)
log_team_size,0.0751062613367068,0.007905538954912408,2.0896395697869798e-21,Citation_Entropy,Citation_Entropy_p,reference_field_diversity,参考文献学科数量,OLS,56755,Citation_Entropy ~ HSS_Continuous * reference_field_diversity + log_team_size + log_prior_knowledge + C(year) + C(arxiv_primary_category)
log_prior_knowledge,0.06931232950844111,0.0030974041143481735,6.511922864580039e-111,Citation_Entropy,Citation_Entropy_p,reference_field_diversity,参考文献学科数量,OLS,56755,Citation_Entropy ~ HSS_Continuous * reference_field_diversity + log_team_size + log_prior_knowledge + C(year) + C(arxiv_primary_category)
Intercept,0.9255658140728342,0.21082128365426028,1.1320146593933283e-05,Citation_Entropy,Citation_Entropy_p,reference_entropy,参考文献学科熵,OLS,15843,Citation_Entropy ~ HSS_Continuous * reference_entropy + log_team_size + log_prior_knowledge + C(year) + C(arxiv_primary_category)
C(year)[T.2015],0.13891551126154517,0.1536840014113133,0.3660465576218557,Citation_Entropy,Citation_Entropy_p,reference_entropy,参考文献学科熵,OLS,15843,Citation_Entropy ~ HSS_Continuous * reference_entropy + log_team_size + log_prior_knowledge + C(year) + C(arxiv_primary_category)
C(year)[T.2016],0.20529767417649464,0.13678126091649515,0.13337636038238176,Citation_Entropy,Citation_Entropy_p,reference_entropy,参考文献学科熵,OLS,15843,Citation_Entropy ~ HSS_Continuous * reference_entropy + log_team_size + log_prior_knowledge + C(year) + C(arxiv_primary_category)
C(year)[T.2017],0.02609633538987012,0.1336510390675616,0.8451915563313654,Citation_Entropy,Citation_Entropy_p,reference_entropy,参考文献学科熵,OLS,15843,Citation_Entropy ~ HSS_Continuous * reference_entropy + log_team_size + log_prior_knowledge + C(year) + C(arxiv_primary_category)
C(year)[T.2018],-0.06739149379745407,0.13321635989959418,0.6129408845750106,Citation_Entropy,Citation_Entropy_p,reference_entropy,参考文献学科熵,OLS,15843,Citation_Entropy ~ HSS_Continuous * reference_entropy + log_team_size + log_prior_knowledge + C(year) + C(arxiv_primary_category)
C(year)[T.2019],-0.11265322818004,0.13289191440480946,0.39660191271936285,Citation_Entropy,Citation_Entropy_p,reference_entropy,参考文献学科熵,OLS,15843,Citation_Entropy ~ HSS_Continuous * reference_entropy + log_team_size + log_prior_knowledge + C(year) + C(arxiv_primary_category)
C(year)[T.2020],-0.2264849052354015,0.13274730975813392,0.08798284375569139,Citation_Entropy,Citation_Entropy_p,reference_entropy,参考文献学科熵,OLS,15843,Citation_Entropy ~ HSS_Continuous * reference_entropy + log_team_size + log_prior_knowledge + C(year) + C(arxiv_primary_category)
C(year)[T.2021],-0.45949939186143074,0.13272931838983199,0.0005363198896133799,Citation_Entropy,Citation_Entropy_p,reference_entropy,参考文献学科熵,OLS,15843,Citation_Entropy ~ HSS_Continuous * reference_entropy + log_team_size + log_prior_knowledge + C(year) + C(arxiv_primary_category)
C(year)[T.2022],-0.214160790954982,0.16450663574522206,0.19297218359379087,Citation_Entropy,Citation_Entropy_p,reference_entropy,参考文献学科熵,OLS,15843,Citation_Entropy ~ HSS_Continuous * reference_entropy + log_team_size + log_prior_knowledge + C(year) + C(arxiv_primary_category)
C(year)[T.2023],-0.314805885071954,0.14013817336545611,0.02467863012839221,Citation_Entropy,Citation_Entropy_p,reference_entropy,参考文献学科熵,OLS,15843,Citation_Entropy ~ HSS_Continuous * reference_entropy + log_team_size + log_prior_knowledge + C(year) + C(arxiv_primary_category)
C(year)[T.2024],-0.743298626954794,0.19454199731574254,0.00013304011180919172,Citation_Entropy,Citation_Entropy_p,reference_entropy,参考文献学科熵,OLS,15843,Citation_Entropy ~ HSS_Continuous * reference_entropy + log_team_size + log_prior_knowledge + C(year) + C(arxiv_primary_category)
C(year)[T.2025],-1.3846130886199275,0.14558316707278368,1.891930510169128e-21,Citation_Entropy,Citation_Entropy_p,reference_entropy,参考文献学科熵,OLS,15843,Citation_Entropy ~ HSS_Continuous * reference_entropy + log_team_size + log_prior_knowledge + C(year) + C(arxiv_primary_category)
C(arxiv_primary_category)[T.astro-ph.GA],-0.3442770609643637,0.26850750033881693,0.19977674897165654,Citation_Entropy,Citation_Entropy_p,reference_entropy,参考文献学科熵,OLS,15843,Citation_Entropy ~ HSS_Continuous * reference_entropy + log_team_size + log_prior_knowledge + C(year) + C(arxiv_primary_category)
C(arxiv_primary_category)[T.astro-ph.HE],-1.1860245711245059,0.16308986310702778,3.536397793409714e-13,Citation_Entropy,Citation_Entropy_p,reference_entropy,参考文献学科熵,OLS,15843,Citation_Entropy ~ HSS_Continuous * reference_entropy + log_team_size + log_prior_knowledge + C(year) + C(arxiv_primary_category)
C(arxiv_primary_category)[T.astro-ph.IM],-0.10026559431086993,0.21865661402236913,0.6465553652582174,Citation_Entropy,Citation_Entropy_p,reference_entropy,参考文献学科熵,OLS,15843,Citation_Entropy ~ HSS_Continuous * reference_entropy + log_team_size + log_prior_knowledge + C(year) + C(arxiv_primary_category)
C(arxiv_primary_category)[T.astro-ph.SR],-0.5057510267231358,0.29068143241282296,0.08187996064961198,Citation_Entropy,Citation_Entropy_p,reference_entropy,参考文献学科熵,OLS,15843,Citation_Entropy ~ HSS_Continuous * reference_entropy + log_team_size + log_prior_knowledge + C(year) + C(arxiv_primary_category)
C(arxiv_primary_category)[T.cond-mat.dis-nn],0.1098575818000843,0.28003889529399206,0.6948409873893171,Citation_Entropy,Citation_Entropy_p,reference_entropy,参考文献学科熵,OLS,15843,Citation_Entropy ~ HSS_Continuous * reference_entropy + log_team_size + log_prior_knowledge + C(year) + C(arxiv_primary_category)
C(arxiv_primary_category)[T.cond-mat.mes-hall],0.2255367011056334,0.16363952119737432,0.16812511316015333,Citation_Entropy,Citation_Entropy_p,reference_entropy,参考文献学科熵,OLS,15843,Citation_Entropy ~ HSS_Continuous * reference_entropy + log_team_size + log_prior_knowledge + C(year) + C(arxiv_primary_category)
C(arxiv_primary_category)[T.cond-mat.mtrl-sci],-0.11060842643846953,0.2405228032677799,0.6456119076892173,Citation_Entropy,Citation_Entropy_p,reference_entropy,参考文献学科熵,OLS,15843,Citation_Entropy ~ HSS_Continuous * reference_entropy + log_team_size + log_prior_knowledge + C(year) + C(arxiv_primary_category)
C(arxiv_primary_category)[T.cond-mat.other],-0.3269836946551254,0.1634387204000451,0.045430108917355536,Citation_Entropy,Citation_Entropy_p,reference_entropy,参考文献学科熵,OLS,15843,Citation_Entropy ~ HSS_Continuous * reference_entropy + log_team_size + log_prior_knowledge + C(year) + C(arxiv_primary_category)
C(arxiv_primary_category)[T.cond-mat.soft],-0.5175192079557238,0.5143276603575481,0.3143168323875647,Citation_Entropy,Citation_Entropy_p,reference_entropy,参考文献学科熵,OLS,15843,Citation_Entropy ~ HSS_Continuous * reference_entropy + log_team_size + log_prior_knowledge + C(year) + C(arxiv_primary_category)
C(arxiv_primary_category)[T.cond-mat.stat-mech],-0.2178352462157836,0.27972272262789966,0.4361245193989627,Citation_Entropy,Citation_Entropy_p,reference_entropy,参考文献学科熵,OLS,15843,Citation_Entropy ~ HSS_Continuous * reference_entropy + log_team_size + log_prior_knowledge + C(year) + C(arxiv_primary_category)
C(arxiv_primary_category)[T.cond-mat.str-el],0.21390444111409912,0.16284175154550842,0.18899011965231316,Citation_Entropy,Citation_Entropy_p,reference_entropy,参考文献学科熵,OLS,15843,Citation_Entropy ~ HSS_Continuous * reference_entropy + log_team_size + log_prior_knowledge + C(year) + C(arxiv_primary_category)
C(arxiv_primary_category)[T.cs.AI],0.004639369617338426,0.17129375008280934,0.9783925048594669,Citation_Entropy,Citation_Entropy_p,reference_entropy,参考文献学科熵,OLS,15843,Citation_Entropy ~ HSS_Continuous * reference_entropy + log_team_size + log_prior_knowledge + C(year) + C(arxiv_primary_category)
C(arxiv_primary_category)[T.cs.AR],-0.24665882893822347,0.21119445470027873,0.2428378871691027,Citation_Entropy,Citation_Entropy_p,reference_entropy,参考文献学科熵,OLS,15843,Citation_Entropy ~ HSS_Continuous * reference_entropy + log_team_size + log_prior_knowledge + C(year) + C(arxiv_primary_category)
C(arxiv_primary_category)[T.cs.CC],-0.667732475234376,0.3297127170115628,0.042847366906799654,Citation_Entropy,Citation_Entropy_p,reference_entropy,参考文献学科熵,OLS,15843,Citation_Entropy ~ HSS_Continuous * reference_entropy + log_team_size + log_prior_knowledge + C(year) + C(arxiv_primary_category)
C(arxiv_primary_category)[T.cs.CE],0.14489453711499645,0.22752807761926133,0.5242417915352373,Citation_Entropy,Citation_Entropy_p,reference_entropy,参考文献学科熵,OLS,15843,Citation_Entropy ~ HSS_Continuous * reference_entropy + log_team_size + log_prior_knowledge + C(year) + C(arxiv_primary_category)
C(arxiv_primary_category)[T.cs.CG],0.1809839373466316,0.30971266014339893,0.5589775954297945,Citation_Entropy,Citation_Entropy_p,reference_entropy,参考文献学科熵,OLS,15843,Citation_Entropy ~ HSS_Continuous * reference_entropy + log_team_size + log_prior_knowledge + C(year) + C(arxiv_primary_category)
C(arxiv_primary_category)[T.cs.CL],-0.0005957768025741892,0.163614489716093,0.9970946334717335,Citation_Entropy,Citation_Entropy_p,reference_entropy,参考文献学科熵,OLS,15843,Citation_Entropy ~ HSS_Continuous * reference_entropy + log_team_size + log_prior_knowledge + C(year) + C(arxiv_primary_category)
C(arxiv_primary_category)[T.cs.CR],-0.13649311389724028,0.1720309284010288,0.42753202898247167,Citation_Entropy,Citation_Entropy_p,reference_entropy,参考文献学科熵,OLS,15843,Citation_Entropy ~ HSS_Continuous * reference_entropy + log_team_size + log_prior_knowledge + C(year) + C(arxiv_primary_category)
C(arxiv_primary_category)[T.cs.CV],0.07659490710035805,0.1635109553268645,0.6394706894860187,Citation_Entropy,Citation_Entropy_p,reference_entropy,参考文献学科熵,OLS,15843,Citation_Entropy ~ HSS_Continuous * reference_entropy + log_team_size + log_prior_knowledge + C(year) + C(arxiv_primary_category)
C(arxiv_primary_category)[T.cs.CY],0.25204110282756015,0.20557567227876702,0.2201889209384401,Citation_Entropy,Citation_Entropy_p,reference_entropy,参考文献学科熵,OLS,15843,Citation_Entropy ~ HSS_Continuous * reference_entropy + log_team_size + log_prior_knowledge + C(year) + C(arxiv_primary_category)
C(arxiv_primary_category)[T.cs.DB],-0.23193297876757202,0.2398471611322644,0.33354242054145644,Citation_Entropy,Citation_Entropy_p,reference_entropy,参考文献学科熵,OLS,15843,Citation_Entropy ~ HSS_Continuous * reference_entropy + log_team_size + log_prior_knowledge + C(year) + C(arxiv_primary_category)
C(arxiv_primary_category)[T.cs.DC],-0.10622049674564456,0.20021483899709033,0.5957427205860222,Citation_Entropy,Citation_Entropy_p,reference_entropy,参考文献学科熵,OLS,15843,Citation_Entropy ~ HSS_Continuous * reference_entropy + log_team_size + log_prior_knowledge + C(year) + C(arxiv_primary_category)
C(arxiv_primary_category)[T.cs.DL],-1.2069961106892588,0.18062384913053486,2.3510210365550073e-11,Citation_Entropy,Citation_Entropy_p,reference_entropy,参考文献学科熵,OLS,15843,Citation_Entropy ~ HSS_Continuous * reference_entropy + log_team_size + log_prior_knowledge + C(year) + C(arxiv_primary_category)
C(arxiv_primary_category)[T.cs.DM],-0.5023185308004574,0.1638561150280043,0.0021722829138076,Citation_Entropy,Citation_Entropy_p,reference_entropy,参考文献学科熵,OLS,15843,Citation_Entropy ~ HSS_Continuous * reference_entropy + log_team_size + log_prior_knowledge + C(year) + C(arxiv_primary_category)
C(arxiv_primary_category)[T.cs.DS],-0.4184401119682594,0.2140524262980198,0.05060092849011111,Citation_Entropy,Citation_Entropy_p,reference_entropy,参考文献学科熵,OLS,15843,Citation_Entropy ~ HSS_Continuous * reference_entropy + log_team_size + log_prior_knowledge + C(year) + C(arxiv_primary_category)
C(arxiv_primary_category)[T.cs.ET],-0.07490337887404323,0.29571493859499454,0.8000395710554069,Citation_Entropy,Citation_Entropy_p,reference_entropy,参考文献学科熵,OLS,15843,Citation_Entropy ~ HSS_Continuous * reference_entropy + log_team_size + log_prior_knowledge + C(year) + C(arxiv_primary_category)
C(arxiv_primary_category)[T.cs.FL],0.29135120863412023,0.31910799017647895,0.36123328958817824,Citation_Entropy,Citation_Entropy_p,reference_entropy,参考文献学科熵,OLS,15843,Citation_Entropy ~ HSS_Continuous * reference_entropy + log_team_size + log_prior_knowledge + C(year) + C(arxiv_primary_category)
C(arxiv_primary_category)[T.cs.GR],0.11308965047801561,0.18382486796727085,0.5384205223178375,Citation_Entropy,Citation_Entropy_p,reference_entropy,参考文献学科熵,OLS,15843,Citation_Entropy ~ HSS_Continuous * reference_entropy + log_team_size + log_prior_knowledge + C(year) + C(arxiv_primary_category)
C(arxiv_primary_category)[T.cs.GT],-0.39178533507332186,0.3529537380669562,0.2669908639476194,Citation_Entropy,Citation_Entropy_p,reference_entropy,参考文献学科熵,OLS,15843,Citation_Entropy ~ HSS_Continuous * reference_entropy + log_team_size + log_prior_knowledge + C(year) + C(arxiv_primary_category)
C(arxiv_primary_category)[T.cs.HC],-0.388983660644,0.19092330126130658,0.04161179550059431,Citation_Entropy,Citation_Entropy_p,reference_entropy,参考文献学科熵,OLS,15843,Citation_Entropy ~ HSS_Continuous * reference_entropy + log_team_size + log_prior_knowledge + C(year) + C(arxiv_primary_category)
C(arxiv_primary_category)[T.cs.IR],-0.03246589666888309,0.17094243885059848,0.8493694880922521,Citation_Entropy,Citation_Entropy_p,reference_entropy,参考文献学科熵,OLS,15843,Citation_Entropy ~ HSS_Continuous * reference_entropy + log_team_size + log_prior_knowledge + C(year) + C(arxiv_primary_category)
C(arxiv_primary_category)[T.cs.IT],-0.587445875921824,0.16470032585893618,0.0003614277157661183,Citation_Entropy,Citation_Entropy_p,reference_entropy,参考文献学科熵,OLS,15843,Citation_Entropy ~ HSS_Continuous * reference_entropy + log_team_size + log_prior_knowledge + C(year) + C(arxiv_primary_category)
C(arxiv_primary_category)[T.cs.LG],0.13275334718859486,0.16363401689871473,0.41720369297567295,Citation_Entropy,Citation_Entropy_p,reference_entropy,参考文献学科熵,OLS,15843,Citation_Entropy ~ HSS_Continuous * reference_entropy + log_team_size + log_prior_knowledge + C(year) + C(arxiv_primary_category)
C(arxiv_primary_category)[T.cs.LO],-0.09805465469923866,0.30173151030524376,0.7452013544463552,Citation_Entropy,Citation_Entropy_p,reference_entropy,参考文献学科熵,OLS,15843,Citation_Entropy ~ HSS_Continuous * reference_entropy + log_team_size + log_prior_knowledge + C(year) + C(arxiv_primary_category)
C(arxiv_primary_category)[T.cs.MA],-0.015694745903756,0.4567460643941203,0.972588419459581,Citation_Entropy,Citation_Entropy_p,reference_entropy,参考文献学科熵,OLS,15843,Citation_Entropy ~ HSS_Continuous * reference_entropy + log_team_size + log_prior_knowledge + C(year) + C(arxiv_primary_category)
C(arxiv_primary_category)[T.cs.MM],-0.3899243216923016,0.19267554229083192,0.04299738092379204,Citation_Entropy,Citation_Entropy_p,reference_entropy,参考文献学科熵,OLS,15843,Citation_Entropy ~ HSS_Continuous * reference_entropy + log_team_size + log_prior_knowledge + C(year) + C(arxiv_primary_category)
C(arxiv_primary_category)[T.cs.MS],-0.09996940609224161,0.3712689217640025,0.7877264272581419,Citation_Entropy,Citation_Entropy_p,reference_entropy,参考文献学科熵,OLS,15843,Citation_Entropy ~ HSS_Continuous * reference_entropy + log_team_size + log_prior_knowledge + C(year) + C(arxiv_primary_category)
C(arxiv_primary_category)[T.cs.NE],-0.06504702481457054,0.18051885536658252,0.7185976099782267,Citation_Entropy,Citation_Entropy_p,reference_entropy,参考文献学科熵,OLS,15843,Citation_Entropy ~ HSS_Continuous * reference_entropy + log_team_size + log_prior_knowledge + C(year) + C(arxiv_primary_category)
C(arxiv_primary_category)[T.cs.NI],-0.5755366440506612,0.1877724877713045,0.0021761586004743305,Citation_Entropy,Citation_Entropy_p,reference_entropy,参考文献学科熵,OLS,15843,Citation_Entropy ~ HSS_Continuous * reference_entropy + log_team_size + log_prior_knowledge + C(year) + C(arxiv_primary_category)
C(arxiv_primary_category)[T.cs.OH],0.4816124484967407,0.1770486057991926,0.006523705862466864,Citation_Entropy,Citation_Entropy_p,reference_entropy,参考文献学科熵,OLS,15843,Citation_Entropy ~ HSS_Continuous * reference_entropy + log_team_size + log_prior_knowledge + C(year) + C(arxiv_primary_category)
C(arxiv_primary_category)[T.cs.PF],-1.5223788264855995,0.16411513364903502,1.7549001218890057e-20,Citation_Entropy,Citation_Entropy_p,reference_entropy,参考文献学科熵,OLS,15843,Citation_Entropy ~ HSS_Continuous * reference_entropy + log_team_size + log_prior_knowledge + C(year) + C(arxiv_primary_category)
C(arxiv_primary_category)[T.cs.PL],-0.2838112587710755,0.2352795704583035,0.22771246509688836,Citation_Entropy,Citation_Entropy_p,reference_entropy,参考文献学科熵,OLS,15843,Citation_Entropy ~ HSS_Continuous * reference_entropy + log_team_size + log_prior_knowledge + C(year) + C(arxiv_primary_category)
C(arxiv_primary_category)[T.cs.RO],-0.06715219058762847,0.18101116941937812,0.7106496837825496,Citation_Entropy,Citation_Entropy_p,reference_entropy,参考文献学科熵,OLS,15843,Citation_Entropy ~ HSS_Continuous * reference_entropy + log_team_size + log_prior_knowledge + C(year) + C(arxiv_primary_category)
C(arxiv_primary_category)[T.cs.SC],0.22871134854340125,0.164084050126203,0.1633577603501668,Citation_Entropy,Citation_Entropy_p,reference_entropy,参考文献学科熵,OLS,15843,Citation_Entropy ~ HSS_Continuous * reference_entropy + log_team_size + log_prior_knowledge + C(year) + C(arxiv_primary_category)
C(arxiv_primary_category)[T.cs.SD],-0.07317076095705582,0.16932529135256974,0.6656459754658269,Citation_Entropy,Citation_Entropy_p,reference_entropy,参考文献学科熵,OLS,15843,Citation_Entropy ~ HSS_Continuous * reference_entropy + log_team_size + log_prior_knowledge + C(year) + C(arxiv_primary_category)
C(arxiv_primary_category)[T.cs.SE],-0.1629320632807379,0.18054947171352329,0.36683200962542994,Citation_Entropy,Citation_Entropy_p,reference_entropy,参考文献学科熵,OLS,15843,Citation_Entropy ~ HSS_Continuous * reference_entropy + log_team_size + log_prior_knowledge + C(year) + C(arxiv_primary_category)
C(arxiv_primary_category)[T.cs.SI],-0.2189408116049975,0.18731052874066495,0.2424578323548211,Citation_Entropy,Citation_Entropy_p,reference_entropy,参考文献学科熵,OLS,15843,Citation_Entropy ~ HSS_Continuous * reference_entropy + log_team_size + log_prior_knowledge + C(year) + C(arxiv_primary_category)
C(arxiv_primary_category)[T.econ.EM],-0.45971066369414787,0.44063275434899685,0.2968109356019344,Citation_Entropy,Citation_Entropy_p,reference_entropy,参考文献学科熵,OLS,15843,Citation_Entropy ~ HSS_Continuous * reference_entropy + log_team_size + log_prior_knowledge + C(year) + C(arxiv_primary_category)
C(arxiv_primary_category)[T.econ.GN],0.6074912246920874,0.1761299297699991,0.0005624408146819457,Citation_Entropy,Citation_Entropy_p,reference_entropy,参考文献学科熵,OLS,15843,Citation_Entropy ~ HSS_Continuous * reference_entropy + log_team_size + log_prior_knowledge + C(year) + C(arxiv_primary_category)
C(arxiv_primary_category)[T.eess.AS],-0.13117413093304794,0.16704518522539347,0.4323003402901191,Citation_Entropy,Citation_Entropy_p,reference_entropy,参考文献学科熵,OLS,15843,Citation_Entropy ~ HSS_Continuous * reference_entropy + log_team_size + log_prior_knowledge + C(year) + C(arxiv_primary_category)
C(arxiv_primary_category)[T.eess.IV],-0.13290272087570146,0.16550614335407354,0.4219702373682228,Citation_Entropy,Citation_Entropy_p,reference_entropy,参考文献学科熵,OLS,15843,Citation_Entropy ~ HSS_Continuous * reference_entropy + log_team_size + log_prior_knowledge + C(year) + C(arxiv_primary_category)
C(arxiv_primary_category)[T.eess.SP],-0.3997664275160122,0.16920927278318468,0.018149386178581074,Citation_Entropy,Citation_Entropy_p,reference_entropy,参考文献学科熵,OLS,15843,Citation_Entropy ~ HSS_Continuous * reference_entropy + log_team_size + log_prior_knowledge + C(year) + C(arxiv_primary_category)
C(arxiv_primary_category)[T.eess.SY],-0.41500669279514035,0.20604272659425324,0.043990866009696455,Citation_Entropy,Citation_Entropy_p,reference_entropy,参考文献学科熵,OLS,15843,Citation_Entropy ~ HSS_Continuous * reference_entropy + log_team_size + log_prior_knowledge + C(year) + C(arxiv_primary_category)
C(arxiv_primary_category)[T.gr-qc],-0.48907655381146176,0.1639585162261056,0.0028550455269857732,Citation_Entropy,Citation_Entropy_p,reference_entropy,参考文献学科熵,OLS,15843,Citation_Entropy ~ HSS_Continuous * reference_entropy + log_team_size + log_prior_knowledge + C(year) + C(arxiv_primary_category)
C(arxiv_primary_category)[T.hep-ex],0.515092686399912,0.1756917883592969,0.003370067792953706,Citation_Entropy,Citation_Entropy_p,reference_entropy,参考文献学科熵,OLS,15843,Citation_Entropy ~ HSS_Continuous * reference_entropy + log_team_size + log_prior_knowledge + C(year) + C(arxiv_primary_category)
C(arxiv_primary_category)[T.hep-lat],0.013820620507512267,0.3538598267868275,0.9688451302562269,Citation_Entropy,Citation_Entropy_p,reference_entropy,参考文献学科熵,OLS,15843,Citation_Entropy ~ HSS_Continuous * reference_entropy + log_team_size + log_prior_knowledge + C(year) + C(arxiv_primary_category)
C(arxiv_primary_category)[T.hep-ph],0.3015955577230278,0.25386601343366244,0.23482916717328295,Citation_Entropy,Citation_Entropy_p,reference_entropy,参考文献学科熵,OLS,15843,Citation_Entropy ~ HSS_Continuous * reference_entropy + log_team_size + log_prior_knowledge + C(year) + C(arxiv_primary_category)
C(arxiv_primary_category)[T.hep-th],0.5908286533758236,0.18997652303452373,0.0018708178701246048,Citation_Entropy,Citation_Entropy_p,reference_entropy,参考文献学科熵,OLS,15843,Citation_Entropy ~ HSS_Continuous * reference_entropy + log_team_size + log_prior_knowledge + C(year) + C(arxiv_primary_category)
C(arxiv_primary_category)[T.math-ph],-1.1070256283372193,0.16395948404452873,1.459976177288162e-11,Citation_Entropy,Citation_Entropy_p,reference_entropy,参考文献学科熵,OLS,15843,Citation_Entropy ~ HSS_Continuous * reference_entropy + log_team_size + log_prior_knowledge + C(year) + C(arxiv_primary_category)
C(arxiv_primary_category)[T.math.AG],-0.36185905902457466,0.16421670437079053,0.02755628982414115,Citation_Entropy,Citation_Entropy_p,reference_entropy,参考文献学科熵,OLS,15843,Citation_Entropy ~ HSS_Continuous * reference_entropy + log_team_size + log_prior_knowledge + C(year) + C(arxiv_primary_category)
C(arxiv_primary_category)[T.math.AP],-0.5831831694199137,0.2295637007800218,0.011072638162049054,Citation_Entropy,Citation_Entropy_p,reference_entropy,参考文献学科熵,OLS,15843,Citation_Entropy ~ HSS_Continuous * reference_entropy + log_team_size + log_prior_knowledge + C(year) + C(arxiv_primary_category)
C(arxiv_primary_category)[T.math.CO],-0.8112215675621014,0.3355697802432544,0.01562988560868239,Citation_Entropy,Citation_Entropy_p,reference_entropy,参考文献学科熵,OLS,15843,Citation_Entropy ~ HSS_Continuous * reference_entropy + log_team_size + log_prior_knowledge + C(year) + C(arxiv_primary_category)
C(arxiv_primary_category)[T.math.DS],-0.8215351530920756,0.281757543095634,0.003548322914942991,Citation_Entropy,Citation_Entropy_p,reference_entropy,参考文献学科熵,OLS,15843,Citation_Entropy ~ HSS_Continuous * reference_entropy + log_team_size + log_prior_knowledge + C(year) + C(arxiv_primary_category)
C(arxiv_primary_category)[T.math.GM],-1.3778406965685335,0.17143238335805788,9.189557713348485e-16,Citation_Entropy,Citation_Entropy_p,reference_entropy,参考文献学科熵,OLS,15843,Citation_Entropy ~ HSS_Continuous * reference_entropy + log_team_size + log_prior_knowledge + C(year) + C(arxiv_primary_category)
C(arxiv_primary_category)[T.math.GR],0.22331156687630943,0.16469176630343677,0.1751193928282062,Citation_Entropy,Citation_Entropy_p,reference_entropy,参考文献学科熵,OLS,15843,Citation_Entropy ~ HSS_Continuous * reference_entropy + log_team_size + log_prior_knowledge + C(year) + C(arxiv_primary_category)
C(arxiv_primary_category)[T.math.LO],0.3947693478423915,0.16463837467356124,0.016494017878968762,Citation_Entropy,Citation_Entropy_p,reference_entropy,参考文献学科熵,OLS,15843,Citation_Entropy ~ HSS_Continuous * reference_entropy + log_team_size + log_prior_knowledge + C(year) + C(arxiv_primary_category)
C(arxiv_primary_category)[T.math.NA],-0.1868257991870786,0.2179818030745526,0.39140585689706453,Citation_Entropy,Citation_Entropy_p,reference_entropy,参考文献学科熵,OLS,15843,Citation_Entropy ~ HSS_Continuous * reference_entropy + log_team_size + log_prior_knowledge + C(year) + C(arxiv_primary_category)
C(arxiv_primary_category)[T.math.NT],-1.3403925050932843,0.16804790254983495,1.5084318037008769e-15,Citation_Entropy,Citation_Entropy_p,reference_entropy,参考文献学科熵,OLS,15843,Citation_Entropy ~ HSS_Continuous * reference_entropy + log_team_size + log_prior_knowledge + C(year) + C(arxiv_primary_category)
C(arxiv_primary_category)[T.math.OC],0.018907641999033286,0.19246620571753476,0.9217427027669043,Citation_Entropy,Citation_Entropy_p,reference_entropy,参考文献学科熵,OLS,15843,Citation_Entropy ~ HSS_Continuous * reference_entropy + log_team_size + log_prior_knowledge + C(year) + C(arxiv_primary_category)
C(arxiv_primary_category)[T.math.PR],-0.42819219430943434,0.2506194312133449,0.08753702580553098,Citation_Entropy,Citation_Entropy_p,reference_entropy,参考文献学科熵,OLS,15843,Citation_Entropy ~ HSS_Continuous * reference_entropy + log_team_size + log_prior_knowledge + C(year) + C(arxiv_primary_category)
C(arxiv_primary_category)[T.math.ST],-0.4023133376291647,0.2673206147525569,0.13232810419763807,Citation_Entropy,Citation_Entropy_p,reference_entropy,参考文献学科熵,OLS,15843,Citation_Entropy ~ HSS_Continuous * reference_entropy + log_team_size + log_prior_knowledge + C(year) + C(arxiv_primary_category)
C(arxiv_primary_category)[T.nlin.AO],-0.14147569315690045,0.1672943868297373,0.39773736688921246,Citation_Entropy,Citation_Entropy_p,reference_entropy,参考文献学科熵,OLS,15843,Citation_Entropy ~ HSS_Continuous * reference_entropy + log_team_size + log_prior_knowledge + C(year) + C(arxiv_primary_category)
C(arxiv_primary_category)[T.nlin.PS],-1.173538700181419,0.16387110615096667,7.988513576118856e-13,Citation_Entropy,Citation_Entropy_p,reference_entropy,参考文献学科熵,OLS,15843,Citation_Entropy ~ HSS_Continuous * reference_entropy + log_team_size + log_prior_knowledge + C(year) + C(arxiv_primary_category)
C(arxiv_primary_category)[T.nucl-th],-1.166431430062196,0.1639167631720108,1.1110555625798661e-12,Citation_Entropy,Citation_Entropy_p,reference_entropy,参考文献学科熵,OLS,15843,Citation_Entropy ~ HSS_Continuous * reference_entropy + log_team_size + log_prior_knowledge + C(year) + C(arxiv_primary_category)
C(arxiv_primary_category)[T.physics.acc-ph],-0.3094790583182921,0.2166141880402792,0.15308733464153834,Citation_Entropy,Citation_Entropy_p,reference_entropy,参考文献学科熵,OLS,15843,Citation_Entropy ~ HSS_Continuous * reference_entropy + log_team_size + log_prior_knowledge + C(year) + C(arxiv_primary_category)
C(arxiv_primary_category)[T.physics.ao-ph],0.37150537488236346,0.278995180836429,0.18299709515277907,Citation_Entropy,Citation_Entropy_p,reference_entropy,参考文献学科熵,OLS,15843,Citation_Entropy ~ HSS_Continuous * reference_entropy + log_team_size + log_prior_knowledge + C(year) + C(arxiv_primary_category)
C(arxiv_primary_category)[T.physics.app-ph],-0.0767973285083309,0.24435653480049557,0.7533054134323206,Citation_Entropy,Citation_Entropy_p,reference_entropy,参考文献学科熵,OLS,15843,Citation_Entropy ~ HSS_Continuous * reference_entropy + log_team_size + log_prior_knowledge + C(year) + C(arxiv_primary_category)
C(arxiv_primary_category)[T.physics.atom-ph],-1.139836911190773,0.16316123315942282,2.8292625617915677e-12,Citation_Entropy,Citation_Entropy_p,reference_entropy,参考文献学科熵,OLS,15843,Citation_Entropy ~ HSS_Continuous * reference_entropy + log_team_size + log_prior_knowledge + C(year) + C(arxiv_primary_category)
C(arxiv_primary_category)[T.physics.bio-ph],-0.4938077457074277,0.25859157223269735,0.056184097632617606,Citation_Entropy,Citation_Entropy_p,reference_entropy,参考文献学科熵,OLS,15843,Citation_Entropy ~ HSS_Continuous * reference_entropy + log_team_size + log_prior_knowledge + C(year) + C(arxiv_primary_category)
C(arxiv_primary_category)[T.physics.chem-ph],0.05825904895776843,0.3466829528878508,0.866546261540164,Citation_Entropy,Citation_Entropy_p,reference_entropy,参考文献学科熵,OLS,15843,Citation_Entropy ~ HSS_Continuous * reference_entropy + log_team_size + log_prior_knowledge + C(year) + C(arxiv_primary_category)
C(arxiv_primary_category)[T.physics.comp-ph],0.049139144435695,0.2631223607955885,0.8518535415769017,Citation_Entropy,Citation_Entropy_p,reference_entropy,参考文献学科熵,OLS,15843,Citation_Entropy ~ HSS_Continuous * reference_entropy + log_team_size + log_prior_knowledge + C(year) + C(arxiv_primary_category)
C(arxiv_primary_category)[T.physics.data-an],0.17932548423965056,0.24238931533487668,0.45940666559567167,Citation_Entropy,Citation_Entropy_p,reference_entropy,参考文献学科熵,OLS,15843,Citation_Entropy ~ HSS_Continuous * reference_entropy + log_team_size + log_prior_knowledge + C(year) + C(arxiv_primary_category)
C(arxiv_primary_category)[T.physics.ed-ph],-0.2967780025019528,0.4972834304612441,0.5506419234035502,Citation_Entropy,Citation_Entropy_p,reference_entropy,参考文献学科熵,OLS,15843,Citation_Entropy ~ HSS_Continuous * reference_entropy + log_team_size + log_prior_knowledge + C(year) + C(arxiv_primary_category)
C(arxiv_primary_category)[T.physics.flu-dyn],-0.4459899585717485,0.27954914131767533,0.11062500765040471,Citation_Entropy,Citation_Entropy_p,reference_entropy,参考文献学科熵,OLS,15843,Citation_Entropy ~ HSS_Continuous * reference_entropy + log_team_size + log_prior_knowledge + C(year) + C(arxiv_primary_category)
C(arxiv_primary_category)[T.physics.geo-ph],-0.05505959777506652,0.25249053917311887,0.8273777007568862,Citation_Entropy,Citation_Entropy_p,reference_entropy,参考文献学科熵,OLS,15843,Citation_Entropy ~ HSS_Continuous * reference_entropy + log_team_size + log_prior_knowledge + C(year) + C(arxiv_primary_category)
C(arxiv_primary_category)[T.physics.ins-det],-0.5438628706902316,0.26538954139513604,0.04043275791637157,Citation_Entropy,Citation_Entropy_p,reference_entropy,参考文献学科熵,OLS,15843,Citation_Entropy ~ HSS_Continuous * reference_entropy + log_team_size + log_prior_knowledge + C(year) + C(arxiv_primary_category)
C(arxiv_primary_category)[T.physics.med-ph],0.07647009119919129,0.19087919379245785,0.6886996538851626,Citation_Entropy,Citation_Entropy_p,reference_entropy,参考文献学科熵,OLS,15843,Citation_Entropy ~ HSS_Continuous * reference_entropy + log_team_size + log_prior_knowledge + C(year) + C(arxiv_primary_category)
C(arxiv_primary_category)[T.physics.optics],-0.42474354362991984,0.25388452437669706,0.09433137908024473,Citation_Entropy,Citation_Entropy_p,reference_entropy,参考文献学科熵,OLS,15843,Citation_Entropy ~ HSS_Continuous * reference_entropy + log_team_size + log_prior_knowledge + C(year) + C(arxiv_primary_category)
C(arxiv_primary_category)[T.physics.soc-ph],-0.5845424634809184,0.31344716894201974,0.06219773124106453,Citation_Entropy,Citation_Entropy_p,reference_entropy,参考文献学科熵,OLS,15843,Citation_Entropy ~ HSS_Continuous * reference_entropy + log_team_size + log_prior_knowledge + C(year) + C(arxiv_primary_category)
C(arxiv_primary_category)[T.physics.space-ph],0.16519974423234404,0.1748890117555923,0.34486434266479304,Citation_Entropy,Citation_Entropy_p,reference_entropy,参考文献学科熵,OLS,15843,Citation_Entropy ~ HSS_Continuous * reference_entropy + log_team_size + log_prior_knowledge + C(year) + C(arxiv_primary_category)
C(arxiv_primary_category)[T.q-bio.BM],0.10975384632841724,0.22946100429574337,0.632428484040173,Citation_Entropy,Citation_Entropy_p,reference_entropy,参考文献学科熵,OLS,15843,Citation_Entropy ~ HSS_Continuous * reference_entropy + log_team_size + log_prior_knowledge + C(year) + C(arxiv_primary_category)
C(arxiv_primary_category)[T.q-bio.GN],-0.3317274460577644,0.2793868739197009,0.2350932044116204,Citation_Entropy,Citation_Entropy_p,reference_entropy,参考文献学科熵,OLS,15843,Citation_Entropy ~ HSS_Continuous * reference_entropy + log_team_size + log_prior_knowledge + C(year) + C(arxiv_primary_category)
C(arxiv_primary_category)[T.q-bio.MN],-1.100688681135601,0.23799851749093287,3.750121874077736e-06,Citation_Entropy,Citation_Entropy_p,reference_entropy,参考文献学科熵,OLS,15843,Citation_Entropy ~ HSS_Continuous * reference_entropy + log_team_size + log_prior_knowledge + C(year) + C(arxiv_primary_category)
C(arxiv_primary_category)[T.q-bio.NC],-0.3877054823104375,0.18729922227650064,0.038454298307623695,Citation_Entropy,Citation_Entropy_p,reference_entropy,参考文献学科熵,OLS,15843,Citation_Entropy ~ HSS_Continuous * reference_entropy + log_team_size + log_prior_knowledge + C(year) + C(arxiv_primary_category)
C(arxiv_primary_category)[T.q-bio.OT],-0.227086631366508,0.5477804931598115,0.6784657060012675,Citation_Entropy,Citation_Entropy_p,reference_entropy,参考文献学科熵,OLS,15843,Citation_Entropy ~ HSS_Continuous * reference_entropy + log_team_size + log_prior_knowledge + C(year) + C(arxiv_primary_category)
C(arxiv_primary_category)[T.q-bio.PE],-0.1533517384092803,0.4626903936007492,0.7403160164359674,Citation_Entropy,Citation_Entropy_p,reference_entropy,参考文献学科熵,OLS,15843,Citation_Entropy ~ HSS_Continuous * reference_entropy + log_team_size + log_prior_knowledge + C(year) + C(arxiv_primary_category)
C(arxiv_primary_category)[T.q-bio.QM],-0.07620134189295688,0.2178041183951185,0.7264424131986346,Citation_Entropy,Citation_Entropy_p,reference_entropy,参考文献学科熵,OLS,15843,Citation_Entropy ~ HSS_Continuous * reference_entropy + log_team_size + log_prior_knowledge + C(year) + C(arxiv_primary_category)
C(arxiv_primary_category)[T.q-bio.TO],-0.3441576267129048,0.5783623243306099,0.551806436994713,Citation_Entropy,Citation_Entropy_p,reference_entropy,参考文献学科熵,OLS,15843,Citation_Entropy ~ HSS_Continuous * reference_entropy + log_team_size + log_prior_knowledge + C(year) + C(arxiv_primary_category)
C(arxiv_primary_category)[T.q-fin.CP],-0.3419803979751562,0.275958471359689,0.21525445533329957,Citation_Entropy,Citation_Entropy_p,reference_entropy,参考文献学科熵,OLS,15843,Citation_Entropy ~ HSS_Continuous * reference_entropy + log_team_size + log_prior_knowledge + C(year) + C(arxiv_primary_category)
C(arxiv_primary_category)[T.q-fin.GN],-1.083324217333477,0.17038347469226722,2.0419390750800383e-10,Citation_Entropy,Citation_Entropy_p,reference_entropy,参考文献学科熵,OLS,15843,Citation_Entropy ~ HSS_Continuous * reference_entropy + log_team_size + log_prior_knowledge + C(year) + C(arxiv_primary_category)
C(arxiv_primary_category)[T.q-fin.MF],-0.4376908938891341,0.536617938066254,0.4147019719607896,Citation_Entropy,Citation_Entropy_p,reference_entropy,参考文献学科熵,OLS,15843,Citation_Entropy ~ HSS_Continuous * reference_entropy + log_team_size + log_prior_knowledge + C(year) + C(arxiv_primary_category)
C(arxiv_primary_category)[T.q-fin.PM],-1.4616206865058998,0.1819204947146919,9.40435726324157e-16,Citation_Entropy,Citation_Entropy_p,reference_entropy,参考文献学科熵,OLS,15843,Citation_Entropy ~ HSS_Continuous * reference_entropy + log_team_size + log_prior_knowledge + C(year) + C(arxiv_primary_category)
C(arxiv_primary_category)[T.q-fin.PR],0.875220174257906,0.19187020589673245,5.078414269892599e-06,Citation_Entropy,Citation_Entropy_p,reference_entropy,参考文献学科熵,OLS,15843,Citation_Entropy ~ HSS_Continuous * reference_entropy + log_team_size + log_prior_knowledge + C(year) + C(arxiv_primary_category)
C(arxiv_primary_category)[T.q-fin.ST],0.12428484341081739,0.3198287803542033,0.6975735024888425,Citation_Entropy,Citation_Entropy_p,reference_entropy,参考文献学科熵,OLS,15843,Citation_Entropy ~ HSS_Continuous * reference_entropy + log_team_size + log_prior_knowledge + C(year) + C(arxiv_primary_category)
C(arxiv_primary_category)[T.q-fin.TR],0.25711784284917727,0.19394560746123513,0.18493199527046078,Citation_Entropy,Citation_Entropy_p,reference_entropy,参考文献学科熵,OLS,15843,Citation_Entropy ~ HSS_Continuous * reference_entropy + log_team_size + log_prior_knowledge + C(year) + C(arxiv_primary_category)
C(arxiv_primary_category)[T.quant-ph],0.003475818871562271,0.17328743819335987,0.9839970150686734,Citation_Entropy,Citation_Entropy_p,reference_entropy,参考文献学科熵,OLS,15843,Citation_Entropy ~ HSS_Continuous * reference_entropy + log_team_size + log_prior_knowledge + C(year) + C(arxiv_primary_category)
C(arxiv_primary_category)[T.stat.AP],-0.11241722960978405,0.23319353586437824,0.6297512801478229,Citation_Entropy,Citation_Entropy_p,reference_entropy,参考文献学科熵,OLS,15843,Citation_Entropy ~ HSS_Continuous * reference_entropy + log_team_size + log_prior_knowledge + C(year) + C(arxiv_primary_category)
C(arxiv_primary_category)[T.stat.CO],-0.0819280899576361,0.46700780875236036,0.8607402383873293,Citation_Entropy,Citation_Entropy_p,reference_entropy,参考文献学科熵,OLS,15843,Citation_Entropy ~ HSS_Continuous * reference_entropy + log_team_size + log_prior_knowledge + C(year) + C(arxiv_primary_category)
C(arxiv_primary_category)[T.stat.ME],-0.6213959255363247,0.2718374641373663,0.022259535524011137,Citation_Entropy,Citation_Entropy_p,reference_entropy,参考文献学科熵,OLS,15843,Citation_Entropy ~ HSS_Continuous * reference_entropy + log_team_size + log_prior_knowledge + C(year) + C(arxiv_primary_category)
C(arxiv_primary_category)[T.stat.ML],0.17088903919271303,0.1661999544244538,0.30384940280204675,Citation_Entropy,Citation_Entropy_p,reference_entropy,参考文献学科熵,OLS,15843,Citation_Entropy ~ HSS_Continuous * reference_entropy + log_team_size + log_prior_knowledge + C(year) + C(arxiv_primary_category)
HSS_Continuous,-0.013261321084947899,0.012186161608575979,0.27649450978402246,Citation_Entropy,Citation_Entropy_p,reference_entropy,参考文献学科熵,OLS,15843,Citation_Entropy ~ HSS_Continuous * reference_entropy + log_team_size + log_prior_knowledge + C(year) + C(arxiv_primary_category)
reference_entropy,0.018532006912249228,0.018475378378982228,0.3158294613133694,Citation_Entropy,Citation_Entropy_p,reference_entropy,参考文献学科熵,OLS,15843,Citation_Entropy ~ HSS_Continuous * reference_entropy + log_team_size + log_prior_knowledge + C(year) + C(arxiv_primary_category)
HSS_Continuous:reference_entropy,0.0339361969536168,0.013734500548943589,0.01347839397454473,Citation_Entropy,Citation_Entropy_p,reference_entropy,参考文献学科熵,OLS,15843,Citation_Entropy ~ HSS_Continuous * reference_entropy + log_team_size + log_prior_knowledge + C(year) + C(arxiv_primary_category)
log_team_size,0.09256200479518269,0.01977424924288169,2.8556740716661974e-06,Citation_Entropy,Citation_Entropy_p,reference_entropy,参考文献学科熵,OLS,15843,Citation_Entropy ~ HSS_Continuous * reference_entropy + log_team_size + log_prior_knowledge + C(year) + C(arxiv_primary_category)
log_prior_knowledge,0.1061546207338311,0.00667399490780329,5.784473796222556e-57,Citation_Entropy,Citation_Entropy_p,reference_entropy,参考文献学科熵,OLS,15843,Citation_Entropy ~ HSS_Continuous * reference_entropy + log_team_size + log_prior_knowledge + C(year) + C(arxiv_primary_category)
Intercept,0.9197778539099941,0.21112911754262287,1.3217626439748726e-05,Citation_Entropy,Citation_Entropy_p,hss_reference_share,HSS参考文献占比,OLS,15843,Citation_Entropy ~ HSS_Continuous * hss_reference_share + log_team_size + log_prior_knowledge + C(year) + C(arxiv_primary_category)
C(year)[T.2015],0.14600863663416197,0.15366521667264824,0.34202403566410167,Citation_Entropy,Citation_Entropy_p,hss_reference_share,HSS参考文献占比,OLS,15843,Citation_Entropy ~ HSS_Continuous * hss_reference_share + log_team_size + log_prior_knowledge + C(year) + C(arxiv_primary_category)
C(year)[T.2016],0.21581825241813252,0.1363699741429975,0.11351411629895113,Citation_Entropy,Citation_Entropy_p,hss_reference_share,HSS参考文献占比,OLS,15843,Citation_Entropy ~ HSS_Continuous * hss_reference_share + log_team_size + log_prior_knowledge + C(year) + C(arxiv_primary_category)
C(year)[T.2017],0.03847992421521311,0.1331960843932078,0.7726603430545529,Citation_Entropy,Citation_Entropy_p,hss_reference_share,HSS参考文献占比,OLS,15843,Citation_Entropy ~ HSS_Continuous * hss_reference_share + log_team_size + log_prior_knowledge + C(year) + C(arxiv_primary_category)
C(year)[T.2018],-0.05381274961029179,0.13277673183380015,0.6852661941632047,Citation_Entropy,Citation_Entropy_p,hss_reference_share,HSS参考文献占比,OLS,15843,Citation_Entropy ~ HSS_Continuous * hss_reference_share + log_team_size + log_prior_knowledge + C(year) + C(arxiv_primary_category)
C(year)[T.2019],-0.09881914497693677,0.13243309851716598,0.45555770505233895,Citation_Entropy,Citation_Entropy_p,hss_reference_share,HSS参考文献占比,OLS,15843,Citation_Entropy ~ HSS_Continuous * hss_reference_share + log_team_size + log_prior_knowledge + C(year) + C(arxiv_primary_category)
C(year)[T.2020],-0.21245861062216478,0.1322944674664392,0.10828438042428434,Citation_Entropy,Citation_Entropy_p,hss_reference_share,HSS参考文献占比,OLS,15843,Citation_Entropy ~ HSS_Continuous * hss_reference_share + log_team_size + log_prior_knowledge + C(year) + C(arxiv_primary_category)
C(year)[T.2021],-0.4455253033018259,0.13226471559299366,0.0007559579268228162,Citation_Entropy,Citation_Entropy_p,hss_reference_share,HSS参考文献占比,OLS,15843,Citation_Entropy ~ HSS_Continuous * hss_reference_share + log_team_size + log_prior_knowledge + C(year) + C(arxiv_primary_category)
C(year)[T.2022],-0.19791776773443223,0.1637717283412793,0.22685585481468074,Citation_Entropy,Citation_Entropy_p,hss_reference_share,HSS参考文献占比,OLS,15843,Citation_Entropy ~ HSS_Continuous * hss_reference_share + log_team_size + log_prior_knowledge + C(year) + C(arxiv_primary_category)
C(year)[T.2023],-0.2855017686982535,0.13950677619364157,0.040706391409824905,Citation_Entropy,Citation_Entropy_p,hss_reference_share,HSS参考文献占比,OLS,15843,Citation_Entropy ~ HSS_Continuous * hss_reference_share + log_team_size + log_prior_knowledge + C(year) + C(arxiv_primary_category)
C(year)[T.2024],-0.7130353641720136,0.19377518664207974,0.00023350466713763934,Citation_Entropy,Citation_Entropy_p,hss_reference_share,HSS参考文献占比,OLS,15843,Citation_Entropy ~ HSS_Continuous * hss_reference_share + log_team_size + log_prior_knowledge + C(year) + C(arxiv_primary_category)
C(year)[T.2025],-1.3593885751542705,0.14561175337655152,1.0032004741384784e-20,Citation_Entropy,Citation_Entropy_p,hss_reference_share,HSS参考文献占比,OLS,15843,Citation_Entropy ~ HSS_Continuous * hss_reference_share + log_team_size + log_prior_knowledge + C(year) + C(arxiv_primary_category)
C(arxiv_primary_category)[T.astro-ph.GA],-0.3457989106067614,0.2671463587441916,0.19552126358353883,Citation_Entropy,Citation_Entropy_p,hss_reference_share,HSS参考文献占比,OLS,15843,Citation_Entropy ~ HSS_Continuous * hss_reference_share + log_team_size + log_prior_knowledge + C(year) + C(arxiv_primary_category)
C(arxiv_primary_category)[T.astro-ph.HE],-1.1953620555876507,0.16374839739430153,2.877839945100937e-13,Citation_Entropy,Citation_Entropy_p,hss_reference_share,HSS参考文献占比,OLS,15843,Citation_Entropy ~ HSS_Continuous * hss_reference_share + log_team_size + log_prior_knowledge + C(year) + C(arxiv_primary_category)
C(arxiv_primary_category)[T.astro-ph.IM],-0.09673360942732608,0.21889589075605637,0.6585499492082025,Citation_Entropy,Citation_Entropy_p,hss_reference_share,HSS参考文献占比,OLS,15843,Citation_Entropy ~ HSS_Continuous * hss_reference_share + log_team_size + log_prior_knowledge + C(year) + C(arxiv_primary_category)
C(arxiv_primary_category)[T.astro-ph.SR],-0.503204658106065,0.29294842126085197,0.0858468922716239,Citation_Entropy,Citation_Entropy_p,hss_reference_share,HSS参考文献占比,OLS,15843,Citation_Entropy ~ HSS_Continuous * hss_reference_share + log_team_size + log_prior_knowledge + C(year) + C(arxiv_primary_category)
C(arxiv_primary_category)[T.cond-mat.dis-nn],0.11774599150921011,0.2805837896942864,0.6747437494880739,Citation_Entropy,Citation_Entropy_p,hss_reference_share,HSS参考文献占比,OLS,15843,Citation_Entropy ~ HSS_Continuous * hss_reference_share + log_team_size + log_prior_knowledge + C(year) + C(arxiv_primary_category)
C(arxiv_primary_category)[T.cond-mat.mes-hall],0.23610238392561766,0.1642105792336183,0.15049009537845265,Citation_Entropy,Citation_Entropy_p,hss_reference_share,HSS参考文献占比,OLS,15843,Citation_Entropy ~ HSS_Continuous * hss_reference_share + log_team_size + log_prior_knowledge + C(year) + C(arxiv_primary_category)
C(arxiv_primary_category)[T.cond-mat.mtrl-sci],-0.1068450828084554,0.24144491596387815,0.6581103283179477,Citation_Entropy,Citation_Entropy_p,hss_reference_share,HSS参考文献占比,OLS,15843,Citation_Entropy ~ HSS_Continuous * hss_reference_share + log_team_size + log_prior_knowledge + C(year) + C(arxiv_primary_category)
C(arxiv_primary_category)[T.cond-mat.other],-0.3227446006284125,0.16432473894295155,0.0495224611472614,Citation_Entropy,Citation_Entropy_p,hss_reference_share,HSS参考文献占比,OLS,15843,Citation_Entropy ~ HSS_Continuous * hss_reference_share + log_team_size + log_prior_knowledge + C(year) + C(arxiv_primary_category)
C(arxiv_primary_category)[T.cond-mat.soft],-0.5229765694408197,0.5139896523758035,0.30892294204586,Citation_Entropy,Citation_Entropy_p,hss_reference_share,HSS参考文献占比,OLS,15843,Citation_Entropy ~ HSS_Continuous * hss_reference_share + log_team_size + log_prior_knowledge + C(year) + C(arxiv_primary_category)
C(arxiv_primary_category)[T.cond-mat.stat-mech],-0.22468122687242484,0.28245482468287797,0.4263465628377495,Citation_Entropy,Citation_Entropy_p,hss_reference_share,HSS参考文献占比,OLS,15843,Citation_Entropy ~ HSS_Continuous * hss_reference_share + log_team_size + log_prior_knowledge + C(year) + C(arxiv_primary_category)
C(arxiv_primary_category)[T.cond-mat.str-el],0.2200599894710973,0.16363142754701177,0.1786731583350043,Citation_Entropy,Citation_Entropy_p,hss_reference_share,HSS参考文献占比,OLS,15843,Citation_Entropy ~ HSS_Continuous * hss_reference_share + log_team_size + log_prior_knowledge + C(year) + C(arxiv_primary_category)
C(arxiv_primary_category)[T.cs.AI],0.00408675117963225,0.1721537086413532,0.9810608237171414,Citation_Entropy,Citation_Entropy_p,hss_reference_share,HSS参考文献占比,OLS,15843,Citation_Entropy ~ HSS_Continuous * hss_reference_share + log_team_size + log_prior_knowledge + C(year) + C(arxiv_primary_category)
C(arxiv_primary_category)[T.cs.AR],-0.24746538303057217,0.21164773082526023,0.24231001294945909,Citation_Entropy,Citation_Entropy_p,hss_reference_share,HSS参考文献占比,OLS,15843,Citation_Entropy ~ HSS_Continuous * hss_reference_share + log_team_size + log_prior_knowledge + C(year) + C(arxiv_primary_category)
C(arxiv_primary_category)[T.cs.CC],-0.6728178415044599,0.32916294746210706,0.04095091305784961,Citation_Entropy,Citation_Entropy_p,hss_reference_share,HSS参考文献占比,OLS,15843,Citation_Entropy ~ HSS_Continuous * hss_reference_share + log_team_size + log_prior_knowledge + C(year) + C(arxiv_primary_category)
C(arxiv_primary_category)[T.cs.CE],0.15172450506876542,0.22855448889639263,0.5067902200006351,Citation_Entropy,Citation_Entropy_p,hss_reference_share,HSS参考文献占比,OLS,15843,Citation_Entropy ~ HSS_Continuous * hss_reference_share + log_team_size + log_prior_knowledge + C(year) + C(arxiv_primary_category)
C(arxiv_primary_category)[T.cs.CG],0.18658497633842014,0.3110243605571528,0.5485697485844458,Citation_Entropy,Citation_Entropy_p,hss_reference_share,HSS参考文献占比,OLS,15843,Citation_Entropy ~ HSS_Continuous * hss_reference_share + log_team_size + log_prior_knowledge + C(year) + C(arxiv_primary_category)
C(arxiv_primary_category)[T.cs.CL],-0.006407493392704376,0.16449424267579602,0.9689281071402622,Citation_Entropy,Citation_Entropy_p,hss_reference_share,HSS参考文献占比,OLS,15843,Citation_Entropy ~ HSS_Continuous * hss_reference_share + log_team_size + log_prior_knowledge + C(year) + C(arxiv_primary_category)
C(arxiv_primary_category)[T.cs.CR],-0.14477189027187135,0.1728016190984462,0.4021472848452521,Citation_Entropy,Citation_Entropy_p,hss_reference_share,HSS参考文献占比,OLS,15843,Citation_Entropy ~ HSS_Continuous * hss_reference_share + log_team_size + log_prior_knowledge + C(year) + C(arxiv_primary_category)
C(arxiv_primary_category)[T.cs.CV],0.07390948618560919,0.16441092433403348,0.6530412856277623,Citation_Entropy,Citation_Entropy_p,hss_reference_share,HSS参考文献占比,OLS,15843,Citation_Entropy ~ HSS_Continuous * hss_reference_share + log_team_size + log_prior_knowledge + C(year) + C(arxiv_primary_category)
C(arxiv_primary_category)[T.cs.CY],0.26401145367570883,0.20622668546899298,0.20047471909294157,Citation_Entropy,Citation_Entropy_p,hss_reference_share,HSS参考文献占比,OLS,15843,Citation_Entropy ~ HSS_Continuous * hss_reference_share + log_team_size + log_prior_knowledge + C(year) + C(arxiv_primary_category)
C(arxiv_primary_category)[T.cs.DB],-0.23272709316546578,0.24063735822624663,0.3334801199496006,Citation_Entropy,Citation_Entropy_p,hss_reference_share,HSS参考文献占比,OLS,15843,Citation_Entropy ~ HSS_Continuous * hss_reference_share + log_team_size + log_prior_knowledge + C(year) + C(arxiv_primary_category)
C(arxiv_primary_category)[T.cs.DC],-0.10684399507723302,0.20125934587047925,0.5955038884721261,Citation_Entropy,Citation_Entropy_p,hss_reference_share,HSS参考文献占比,OLS,15843,Citation_Entropy ~ HSS_Continuous * hss_reference_share + log_team_size + log_prior_knowledge + C(year) + C(arxiv_primary_category)
C(arxiv_primary_category)[T.cs.DL],-1.1753379850104182,0.19220492269561737,9.654158316356874e-10,Citation_Entropy,Citation_Entropy_p,hss_reference_share,HSS参考文献占比,OLS,15843,Citation_Entropy ~ HSS_Continuous * hss_reference_share + log_team_size + log_prior_knowledge + C(year) + C(arxiv_primary_category)
C(arxiv_primary_category)[T.cs.DM],-0.4956461513969067,0.16462832745055855,0.002606480782714056,Citation_Entropy,Citation_Entropy_p,hss_reference_share,HSS参考文献占比,OLS,15843,Citation_Entropy ~ HSS_Continuous * hss_reference_share + log_team_size + log_prior_knowledge + C(year) + C(arxiv_primary_category)
C(arxiv_primary_category)[T.cs.DS],-0.41571220392308195,0.21467415504445064,0.05280894193537599,Citation_Entropy,Citation_Entropy_p,hss_reference_share,HSS参考文献占比,OLS,15843,Citation_Entropy ~ HSS_Continuous * hss_reference_share + log_team_size + log_prior_knowledge + C(year) + C(arxiv_primary_category)
C(arxiv_primary_category)[T.cs.ET],-0.07553674732213744,0.2970985194942495,0.7993038583283838,Citation_Entropy,Citation_Entropy_p,hss_reference_share,HSS参考文献占比,OLS,15843,Citation_Entropy ~ HSS_Continuous * hss_reference_share + log_team_size + log_prior_knowledge + C(year) + C(arxiv_primary_category)
C(arxiv_primary_category)[T.cs.FL],0.28987583731303773,0.3213112069100102,0.36696903852751017,Citation_Entropy,Citation_Entropy_p,hss_reference_share,HSS参考文献占比,OLS,15843,Citation_Entropy ~ HSS_Continuous * hss_reference_share + log_team_size + log_prior_knowledge + C(year) + C(arxiv_primary_category)
C(arxiv_primary_category)[T.cs.GR],0.11318676646535883,0.18458984135942366,0.539757443803009,Citation_Entropy,Citation_Entropy_p,hss_reference_share,HSS参考文献占比,OLS,15843,Citation_Entropy ~ HSS_Continuous * hss_reference_share + log_team_size + log_prior_knowledge + C(year) + C(arxiv_primary_category)
C(arxiv_primary_category)[T.cs.GT],-0.4119329070838673,0.41009759343656826,0.3151495663777314,Citation_Entropy,Citation_Entropy_p,hss_reference_share,HSS参考文献占比,OLS,15843,Citation_Entropy ~ HSS_Continuous * hss_reference_share + log_team_size + log_prior_knowledge + C(year) + C(arxiv_primary_category)
C(arxiv_primary_category)[T.cs.HC],-0.37698234577189055,0.1919947898907863,0.04958775633429558,Citation_Entropy,Citation_Entropy_p,hss_reference_share,HSS参考文献占比,OLS,15843,Citation_Entropy ~ HSS_Continuous * hss_reference_share + log_team_size + log_prior_knowledge + C(year) + C(arxiv_primary_category)
C(arxiv_primary_category)[T.cs.IR],-0.039721847140290506,0.171764639872025,0.8171148254865119,Citation_Entropy,Citation_Entropy_p,hss_reference_share,HSS参考文献占比,OLS,15843,Citation_Entropy ~ HSS_Continuous * hss_reference_share + log_team_size + log_prior_knowledge + C(year) + C(arxiv_primary_category)
C(arxiv_primary_category)[T.cs.IT],-0.5850291496521539,0.16559100044950203,0.00041090865318651917,Citation_Entropy,Citation_Entropy_p,hss_reference_share,HSS参考文献占比,OLS,15843,Citation_Entropy ~ HSS_Continuous * hss_reference_share + log_team_size + log_prior_knowledge + C(year) + C(arxiv_primary_category)
C(arxiv_primary_category)[T.cs.LG],0.1334587443245765,0.1645442581728447,0.41731907645089306,Citation_Entropy,Citation_Entropy_p,hss_reference_share,HSS参考文献占比,OLS,15843,Citation_Entropy ~ HSS_Continuous * hss_reference_share + log_team_size + log_prior_knowledge + C(year) + C(arxiv_primary_category)
C(arxiv_primary_category)[T.cs.LO],-0.098616775488123,0.30278486458967624,0.7446519812544716,Citation_Entropy,Citation_Entropy_p,hss_reference_share,HSS参考文献占比,OLS,15843,Citation_Entropy ~ HSS_Continuous * hss_reference_share + log_team_size + log_prior_knowledge + C(year) + C(arxiv_primary_category)
C(arxiv_primary_category)[T.cs.MA],-0.01047333192528861,0.4562360686218308,0.9816854112817511,Citation_Entropy,Citation_Entropy_p,hss_reference_share,HSS参考文献占比,OLS,15843,Citation_Entropy ~ HSS_Continuous * hss_reference_share + log_team_size + log_prior_knowledge + C(year) + C(arxiv_primary_category)
C(arxiv_primary_category)[T.cs.MM],-0.39434024127513156,0.193373866372996,0.04142374994197605,Citation_Entropy,Citation_Entropy_p,hss_reference_share,HSS参考文献占比,OLS,15843,Citation_Entropy ~ HSS_Continuous * hss_reference_share + log_team_size + log_prior_knowledge + C(year) + C(arxiv_primary_category)
C(arxiv_primary_category)[T.cs.MS],-0.10680057705748751,0.3746257379401064,0.775578206642466,Citation_Entropy,Citation_Entropy_p,hss_reference_share,HSS参考文献占比,OLS,15843,Citation_Entropy ~ HSS_Continuous * hss_reference_share + log_team_size + log_prior_knowledge + C(year) + C(arxiv_primary_category)
C(arxiv_primary_category)[T.cs.NE],-0.06458998225184023,0.1813345457188995,0.7216965029140676,Citation_Entropy,Citation_Entropy_p,hss_reference_share,HSS参考文献占比,OLS,15843,Citation_Entropy ~ HSS_Continuous * hss_reference_share + log_team_size + log_prior_knowledge + C(year) + C(arxiv_primary_category)
C(arxiv_primary_category)[T.cs.NI],-0.5753777275400394,0.18858308090638273,0.002280372856767586,Citation_Entropy,Citation_Entropy_p,hss_reference_share,HSS参考文献占比,OLS,15843,Citation_Entropy ~ HSS_Continuous * hss_reference_share + log_team_size + log_prior_knowledge + C(year) + C(arxiv_primary_category)
C(arxiv_primary_category)[T.cs.OH],0.5010558167829519,0.17094154020163288,0.0033770635844564204,Citation_Entropy,Citation_Entropy_p,hss_reference_share,HSS参考文献占比,OLS,15843,Citation_Entropy ~ HSS_Continuous * hss_reference_share + log_team_size + log_prior_knowledge + C(year) + C(arxiv_primary_category)
C(arxiv_primary_category)[T.cs.PF],-1.5226562194243873,0.1650234038279657,2.7854952932512937e-20,Citation_Entropy,Citation_Entropy_p,hss_reference_share,HSS参考文献占比,OLS,15843,Citation_Entropy ~ HSS_Continuous * hss_reference_share + log_team_size + log_prior_knowledge + C(year) + C(arxiv_primary_category)
C(arxiv_primary_category)[T.cs.PL],-0.2900343673563373,0.23592693312728816,0.21894443315600065,Citation_Entropy,Citation_Entropy_p,hss_reference_share,HSS参考文献占比,OLS,15843,Citation_Entropy ~ HSS_Continuous * hss_reference_share + log_team_size + log_prior_knowledge + C(year) + C(arxiv_primary_category)
C(arxiv_primary_category)[T.cs.RO],-0.06312705974975732,0.18175562808627632,0.7283521876187158,Citation_Entropy,Citation_Entropy_p,hss_reference_share,HSS参考文献占比,OLS,15843,Citation_Entropy ~ HSS_Continuous * hss_reference_share + log_team_size + log_prior_knowledge + C(year) + C(arxiv_primary_category)
C(arxiv_primary_category)[T.cs.SC],0.22981970399963433,0.16497762631189153,0.1636090304972282,Citation_Entropy,Citation_Entropy_p,hss_reference_share,HSS参考文献占比,OLS,15843,Citation_Entropy ~ HSS_Continuous * hss_reference_share + log_team_size + log_prior_knowledge + C(year) + C(arxiv_primary_category)
C(arxiv_primary_category)[T.cs.SD],-0.07987837959304978,0.17013167208992933,0.638705734170136,Citation_Entropy,Citation_Entropy_p,hss_reference_share,HSS参考文献占比,OLS,15843,Citation_Entropy ~ HSS_Continuous * hss_reference_share + log_team_size + log_prior_knowledge + C(year) + C(arxiv_primary_category)
C(arxiv_primary_category)[T.cs.SE],-0.17100606134778956,0.18131624779890768,0.3456108343619356,Citation_Entropy,Citation_Entropy_p,hss_reference_share,HSS参考文献占比,OLS,15843,Citation_Entropy ~ HSS_Continuous * hss_reference_share + log_team_size + log_prior_knowledge + C(year) + C(arxiv_primary_category)
C(arxiv_primary_category)[T.cs.SI],-0.1972938396739999,0.18780218434264642,0.29346958516711463,Citation_Entropy,Citation_Entropy_p,hss_reference_share,HSS参考文献占比,OLS,15843,Citation_Entropy ~ HSS_Continuous * hss_reference_share + log_team_size + log_prior_knowledge + C(year) + C(arxiv_primary_category)
C(arxiv_primary_category)[T.econ.EM],-0.5535238683503364,0.4682572133535775,0.23716855230212408,Citation_Entropy,Citation_Entropy_p,hss_reference_share,HSS参考文献占比,OLS,15843,Citation_Entropy ~ HSS_Continuous * hss_reference_share + log_team_size + log_prior_knowledge + C(year) + C(arxiv_primary_category)
C(arxiv_primary_category)[T.econ.GN],0.6669681091419133,0.17677206509315088,0.00016127028589786466,Citation_Entropy,Citation_Entropy_p,hss_reference_share,HSS参考文献占比,OLS,15843,Citation_Entropy ~ HSS_Continuous * hss_reference_share + log_team_size + log_prior_knowledge + C(year) + C(arxiv_primary_category)
C(arxiv_primary_category)[T.eess.AS],-0.13845365428192033,0.16785915642951005,0.40947357078615354,Citation_Entropy,Citation_Entropy_p,hss_reference_share,HSS参考文献占比,OLS,15843,Citation_Entropy ~ HSS_Continuous * hss_reference_share + log_team_size + log_prior_knowledge + C(year) + C(arxiv_primary_category)
C(arxiv_primary_category)[T.eess.IV],-0.12941183866702446,0.16637465133520432,0.4366669586907701,Citation_Entropy,Citation_Entropy_p,hss_reference_share,HSS参考文献占比,OLS,15843,Citation_Entropy ~ HSS_Continuous * hss_reference_share + log_team_size + log_prior_knowledge + C(year) + C(arxiv_primary_category)
C(arxiv_primary_category)[T.eess.SP],-0.39653710022293076,0.17009734203712293,0.019740902429443662,Citation_Entropy,Citation_Entropy_p,hss_reference_share,HSS参考文献占比,OLS,15843,Citation_Entropy ~ HSS_Continuous * hss_reference_share + log_team_size + log_prior_knowledge + C(year) + C(arxiv_primary_category)
C(arxiv_primary_category)[T.eess.SY],-0.4118714736868559,0.20685029357498433,0.04646359572526025,Citation_Entropy,Citation_Entropy_p,hss_reference_share,HSS参考文献占比,OLS,15843,Citation_Entropy ~ HSS_Continuous * hss_reference_share + log_team_size + log_prior_knowledge + C(year) + C(arxiv_primary_category)
C(arxiv_primary_category)[T.gr-qc],-0.4846681314948277,0.16483109780772048,0.003277966739953401,Citation_Entropy,Citation_Entropy_p,hss_reference_share,HSS参考文献占比,OLS,15843,Citation_Entropy ~ HSS_Continuous * hss_reference_share + log_team_size + log_prior_knowledge + C(year) + C(arxiv_primary_category)
C(arxiv_primary_category)[T.hep-ex],0.5222442448704319,0.176663500929307,0.0031150305865802626,Citation_Entropy,Citation_Entropy_p,hss_reference_share,HSS参考文献占比,OLS,15843,Citation_Entropy ~ HSS_Continuous * hss_reference_share + log_team_size + log_prior_knowledge + C(year) + C(arxiv_primary_category)
C(arxiv_primary_category)[T.hep-lat],0.025932177902282163,0.3574749927957265,0.942170077048845,Citation_Entropy,Citation_Entropy_p,hss_reference_share,HSS参考文献占比,OLS,15843,Citation_Entropy ~ HSS_Continuous * hss_reference_share + log_team_size + log_prior_knowledge + C(year) + C(arxiv_primary_category)
C(arxiv_primary_category)[T.hep-ph],0.30412721323993225,0.25561725630194165,0.23413454261947553,Citation_Entropy,Citation_Entropy_p,hss_reference_share,HSS参考文献占比,OLS,15843,Citation_Entropy ~ HSS_Continuous * hss_reference_share + log_team_size + log_prior_knowledge + C(year) + C(arxiv_primary_category)
C(arxiv_primary_category)[T.hep-th],0.5880773628187465,0.18961386600258878,0.001925773189709183,Citation_Entropy,Citation_Entropy_p,hss_reference_share,HSS参考文献占比,OLS,15843,Citation_Entropy ~ HSS_Continuous * hss_reference_share + log_team_size + log_prior_knowledge + C(year) + C(arxiv_primary_category)
C(arxiv_primary_category)[T.math-ph],-1.1155600651508046,0.16464578672951308,1.2396352820010523e-11,Citation_Entropy,Citation_Entropy_p,hss_reference_share,HSS参考文献占比,OLS,15843,Citation_Entropy ~ HSS_Continuous * hss_reference_share + log_team_size + log_prior_knowledge + C(year) + C(arxiv_primary_category)
C(arxiv_primary_category)[T.math.AG],-0.3677509959950669,0.16501206601246027,0.025838470586872546,Citation_Entropy,Citation_Entropy_p,hss_reference_share,HSS参考文献占比,OLS,15843,Citation_Entropy ~ HSS_Continuous * hss_reference_share + log_team_size + log_prior_knowledge + C(year) + C(arxiv_primary_category)
C(arxiv_primary_category)[T.math.AP],-0.5757344255861521,0.23159377108079784,0.012920001891839176,Citation_Entropy,Citation_Entropy_p,hss_reference_share,HSS参考文献占比,OLS,15843,Citation_Entropy ~ HSS_Continuous * hss_reference_share + log_team_size + log_prior_knowledge + C(year) + C(arxiv_primary_category)
C(arxiv_primary_category)[T.math.CO],-0.8086766140355696,0.33614283083041796,0.016139173762105795,Citation_Entropy,Citation_Entropy_p,hss_reference_share,HSS参考文献占比,OLS,15843,Citation_Entropy ~ HSS_Continuous * hss_reference_share + log_team_size + log_prior_knowledge + C(year) + C(arxiv_primary_category)
C(arxiv_primary_category)[T.math.DS],-0.8001426783015927,0.2794561429568577,0.004193675151657952,Citation_Entropy,Citation_Entropy_p,hss_reference_share,HSS参考文献占比,OLS,15843,Citation_Entropy ~ HSS_Continuous * hss_reference_share + log_team_size + log_prior_knowledge + C(year) + C(arxiv_primary_category)
C(arxiv_primary_category)[T.math.GM],-1.4362276795513513,0.17087314049860364,4.270317068717227e-17,Citation_Entropy,Citation_Entropy_p,hss_reference_share,HSS参考文献占比,OLS,15843,Citation_Entropy ~ HSS_Continuous * hss_reference_share + log_team_size + log_prior_knowledge + C(year) + C(arxiv_primary_category)
C(arxiv_primary_category)[T.math.GR],0.21650325619847352,0.1654172609256793,0.19059156843215852,Citation_Entropy,Citation_Entropy_p,hss_reference_share,HSS参考文献占比,OLS,15843,Citation_Entropy ~ HSS_Continuous * hss_reference_share + log_team_size + log_prior_knowledge + C(year) + C(arxiv_primary_category)
C(arxiv_primary_category)[T.math.LO],0.40198585918853436,0.16556952521583765,0.015186628859625143,Citation_Entropy,Citation_Entropy_p,hss_reference_share,HSS参考文献占比,OLS,15843,Citation_Entropy ~ HSS_Continuous * hss_reference_share + log_team_size + log_prior_knowledge + C(year) + C(arxiv_primary_category)
C(arxiv_primary_category)[T.math.NA],-0.17087522296434549,0.2187170249669497,0.4346486230383956,Citation_Entropy,Citation_Entropy_p,hss_reference_share,HSS参考文献占比,OLS,15843,Citation_Entropy ~ HSS_Continuous * hss_reference_share + log_team_size + log_prior_knowledge + C(year) + C(arxiv_primary_category)
C(arxiv_primary_category)[T.math.NT],-1.3449435886294534,0.1688749862708495,1.6638034674903452e-15,Citation_Entropy,Citation_Entropy_p,hss_reference_share,HSS参考文献占比,OLS,15843,Citation_Entropy ~ HSS_Continuous * hss_reference_share + log_team_size + log_prior_knowledge + C(year) + C(arxiv_primary_category)
C(arxiv_primary_category)[T.math.OC],0.02492315001079975,0.19408026278717175,0.897819203130718,Citation_Entropy,Citation_Entropy_p,hss_reference_share,HSS参考文献占比,OLS,15843,Citation_Entropy ~ HSS_Continuous * hss_reference_share + log_team_size + log_prior_knowledge + C(year) + C(arxiv_primary_category)
C(arxiv_primary_category)[T.math.PR],-0.40053426603672065,0.2585866671184765,0.12139704238799998,Citation_Entropy,Citation_Entropy_p,hss_reference_share,HSS参考文献占比,OLS,15843,Citation_Entropy ~ HSS_Continuous * hss_reference_share + log_team_size + log_prior_knowledge + C(year) + C(arxiv_primary_category)
C(arxiv_primary_category)[T.math.ST],-0.42346285609526174,0.274626399952756,0.12308337389272786,Citation_Entropy,Citation_Entropy_p,hss_reference_share,HSS参考文献占比,OLS,15843,Citation_Entropy ~ HSS_Continuous * hss_reference_share + log_team_size + log_prior_knowledge + C(year) + C(arxiv_primary_category)
C(arxiv_primary_category)[T.nlin.AO],-0.07912109551495217,0.16503566958856092,0.6316411834899068,Citation_Entropy,Citation_Entropy_p,hss_reference_share,HSS参考文献占比,OLS,15843,Citation_Entropy ~ HSS_Continuous * hss_reference_share + log_team_size + log_prior_knowledge + C(year) + C(arxiv_primary_category)
C(arxiv_primary_category)[T.nlin.PS],-1.1562310995578848,0.16392412289138886,1.745314539850966e-12,Citation_Entropy,Citation_Entropy_p,hss_reference_share,HSS参考文献占比,OLS,15843,Citation_Entropy ~ HSS_Continuous * hss_reference_share + log_team_size + log_prior_knowledge + C(year) + C(arxiv_primary_category)
C(arxiv_primary_category)[T.nucl-th],-1.1746853035650384,0.1646216749506531,9.631957486547807e-13,Citation_Entropy,Citation_Entropy_p,hss_reference_share,HSS参考文献占比,OLS,15843,Citation_Entropy ~ HSS_Continuous * hss_reference_share + log_team_size + log_prior_knowledge + C(year) + C(arxiv_primary_category)
C(arxiv_primary_category)[T.physics.acc-ph],-0.3120471224597056,0.21731724989634696,0.1510291178925464,Citation_Entropy,Citation_Entropy_p,hss_reference_share,HSS参考文献占比,OLS,15843,Citation_Entropy ~ HSS_Continuous * hss_reference_share + log_team_size + log_prior_knowledge + C(year) + C(arxiv_primary_category)
C(arxiv_primary_category)[T.physics.ao-ph],0.37549713695689924,0.281452646493362,0.18215809154280016,Citation_Entropy,Citation_Entropy_p,hss_reference_share,HSS参考文献占比,OLS,15843,Citation_Entropy ~ HSS_Continuous * hss_reference_share + log_team_size + log_prior_knowledge + C(year) + C(arxiv_primary_category)
C(arxiv_primary_category)[T.physics.app-ph],-0.07446809292494552,0.2446142089017055,0.7607997255047834,Citation_Entropy,Citation_Entropy_p,hss_reference_share,HSS参考文献占比,OLS,15843,Citation_Entropy ~ HSS_Continuous * hss_reference_share + log_team_size + log_prior_knowledge + C(year) + C(arxiv_primary_category)
C(arxiv_primary_category)[T.physics.atom-ph],-1.1288599424359624,0.1637161032288391,5.377828653180019e-12,Citation_Entropy,Citation_Entropy_p,hss_reference_share,HSS参考文献占比,OLS,15843,Citation_Entropy ~ HSS_Continuous * hss_reference_share + log_team_size + log_prior_knowledge + C(year) + C(arxiv_primary_category)
C(arxiv_primary_category)[T.physics.bio-ph],-0.4963780017117945,0.25869078382014915,0.055008609540854306,Citation_Entropy,Citation_Entropy_p,hss_reference_share,HSS参考文献占比,OLS,15843,Citation_Entropy ~ HSS_Continuous * hss_reference_share + log_team_size + log_prior_knowledge + C(year) + C(arxiv_primary_category)
C(arxiv_primary_category)[T.physics.chem-ph],0.0759890716400938,0.3490904790908545,0.8276805544651291,Citation_Entropy,Citation_Entropy_p,hss_reference_share,HSS参考文献占比,OLS,15843,Citation_Entropy ~ HSS_Continuous * hss_reference_share + log_team_size + log_prior_knowledge + C(year) + C(arxiv_primary_category)
C(arxiv_primary_category)[T.physics.comp-ph],0.060683828799184186,0.2648710703440837,0.818785716305784,Citation_Entropy,Citation_Entropy_p,hss_reference_share,HSS参考文献占比,OLS,15843,Citation_Entropy ~ HSS_Continuous * hss_reference_share + log_team_size + log_prior_knowledge + C(year) + C(arxiv_primary_category)
C(arxiv_primary_category)[T.physics.data-an],0.18667093211036268,0.24088716601244656,0.43838043378697156,Citation_Entropy,Citation_Entropy_p,hss_reference_share,HSS参考文献占比,OLS,15843,Citation_Entropy ~ HSS_Continuous * hss_reference_share + log_team_size + log_prior_knowledge + C(year) + C(arxiv_primary_category)
C(arxiv_primary_category)[T.physics.ed-ph],-0.263342881297324,0.47719687858548543,0.5810485660062215,Citation_Entropy,Citation_Entropy_p,hss_reference_share,HSS参考文献占比,OLS,15843,Citation_Entropy ~ HSS_Continuous * hss_reference_share + log_team_size + log_prior_knowledge + C(year) + C(arxiv_primary_category)
C(arxiv_primary_category)[T.physics.flu-dyn],-0.4324778052770814,0.27934905755749573,0.12158311721028559,Citation_Entropy,Citation_Entropy_p,hss_reference_share,HSS参考文献占比,OLS,15843,Citation_Entropy ~ HSS_Continuous * hss_reference_share + log_team_size + log_prior_knowledge + C(year) + C(arxiv_primary_category)
C(arxiv_primary_category)[T.physics.geo-ph],-0.05440314573677794,0.25319031694003546,0.8298682368064353,Citation_Entropy,Citation_Entropy_p,hss_reference_share,HSS参考文献占比,OLS,15843,Citation_Entropy ~ HSS_Continuous * hss_reference_share + log_team_size + log_prior_knowledge + C(year) + C(arxiv_primary_category)
C(arxiv_primary_category)[T.physics.ins-det],-0.5408121149257467,0.2650415723473888,0.04130250824362333,Citation_Entropy,Citation_Entropy_p,hss_reference_share,HSS参考文献占比,OLS,15843,Citation_Entropy ~ HSS_Continuous * hss_reference_share + log_team_size + log_prior_knowledge + C(year) + C(arxiv_primary_category)
C(arxiv_primary_category)[T.physics.med-ph],0.08488395835145762,0.1915048449311618,0.6575870475506633,Citation_Entropy,Citation_Entropy_p,hss_reference_share,HSS参考文献占比,OLS,15843,Citation_Entropy ~ HSS_Continuous * hss_reference_share + log_team_size + log_prior_knowledge + C(year) + C(arxiv_primary_category)
C(arxiv_primary_category)[T.physics.optics],-0.41435392708095886,0.2536410926331352,0.1023380317015148,Citation_Entropy,Citation_Entropy_p,hss_reference_share,HSS参考文献占比,OLS,15843,Citation_Entropy ~ HSS_Continuous * hss_reference_share + log_team_size + log_prior_knowledge + C(year) + C(arxiv_primary_category)
C(arxiv_primary_category)[T.physics.soc-ph],-0.5276414817369336,0.3135496325778974,0.09241371620726606,Citation_Entropy,Citation_Entropy_p,hss_reference_share,HSS参考文献占比,OLS,15843,Citation_Entropy ~ HSS_Continuous * hss_reference_share + log_team_size + log_prior_knowledge + C(year) + C(arxiv_primary_category)
C(arxiv_primary_category)[T.physics.space-ph],0.1630106012638241,0.17640738180419466,0.3554562699311864,Citation_Entropy,Citation_Entropy_p,hss_reference_share,HSS参考文献占比,OLS,15843,Citation_Entropy ~ HSS_Continuous * hss_reference_share + log_team_size + log_prior_knowledge + C(year) + C(arxiv_primary_category)
C(arxiv_primary_category)[T.q-bio.BM],0.12075051405652446,0.22959989179657114,0.5989457927248043,Citation_Entropy,Citation_Entropy_p,hss_reference_share,HSS参考文献占比,OLS,15843,Citation_Entropy ~ HSS_Continuous * hss_reference_share + log_team_size + log_prior_knowledge + C(year) + C(arxiv_primary_category)
C(arxiv_primary_category)[T.q-bio.GN],-0.3194192173853272,0.2802992887279812,0.25446763566312525,Citation_Entropy,Citation_Entropy_p,hss_reference_share,HSS参考文献占比,OLS,15843,Citation_Entropy ~ HSS_Continuous * hss_reference_share + log_team_size + log_prior_knowledge + C(year) + C(arxiv_primary_category)
C(arxiv_primary_category)[T.q-bio.MN],-1.0806731380721932,0.2384954046218598,5.864636630653005e-06,Citation_Entropy,Citation_Entropy_p,hss_reference_share,HSS参考文献占比,OLS,15843,Citation_Entropy ~ HSS_Continuous * hss_reference_share + log_team_size + log_prior_knowledge + C(year) + C(arxiv_primary_category)
C(arxiv_primary_category)[T.q-bio.NC],-0.3725711331826001,0.188115331882564,0.047642171012035134,Citation_Entropy,Citation_Entropy_p,hss_reference_share,HSS参考文献占比,OLS,15843,Citation_Entropy ~ HSS_Continuous * hss_reference_share + log_team_size + log_prior_knowledge + C(year) + C(arxiv_primary_category)
C(arxiv_primary_category)[T.q-bio.OT],-0.2182258032222327,0.5516052916873929,0.6923857581176882,Citation_Entropy,Citation_Entropy_p,hss_reference_share,HSS参考文献占比,OLS,15843,Citation_Entropy ~ HSS_Continuous * hss_reference_share + log_team_size + log_prior_knowledge + C(year) + C(arxiv_primary_category)
C(arxiv_primary_category)[T.q-bio.PE],-0.1314122848472995,0.4584881612677903,0.7744026173299786,Citation_Entropy,Citation_Entropy_p,hss_reference_share,HSS参考文献占比,OLS,15843,Citation_Entropy ~ HSS_Continuous * hss_reference_share + log_team_size + log_prior_knowledge + C(year) + C(arxiv_primary_category)
C(arxiv_primary_category)[T.q-bio.QM],-0.06525928035166784,0.21840884980568415,0.7650971367186732,Citation_Entropy,Citation_Entropy_p,hss_reference_share,HSS参考文献占比,OLS,15843,Citation_Entropy ~ HSS_Continuous * hss_reference_share + log_team_size + log_prior_knowledge + C(year) + C(arxiv_primary_category)
C(arxiv_primary_category)[T.q-bio.TO],-0.34556504357723117,0.58432418014169,0.5542573430676232,Citation_Entropy,Citation_Entropy_p,hss_reference_share,HSS参考文献占比,OLS,15843,Citation_Entropy ~ HSS_Continuous * hss_reference_share + log_team_size + log_prior_knowledge + C(year) + C(arxiv_primary_category)
C(arxiv_primary_category)[T.q-fin.CP],-0.42193612058706265,0.296035813425203,0.1540741352210116,Citation_Entropy,Citation_Entropy_p,hss_reference_share,HSS参考文献占比,OLS,15843,Citation_Entropy ~ HSS_Continuous * hss_reference_share + log_team_size + log_prior_knowledge + C(year) + C(arxiv_primary_category)
C(arxiv_primary_category)[T.q-fin.GN],-1.0507598394465263,0.17683448161812987,2.8147459541072102e-09,Citation_Entropy,Citation_Entropy_p,hss_reference_share,HSS参考文献占比,OLS,15843,Citation_Entropy ~ HSS_Continuous * hss_reference_share + log_team_size + log_prior_knowledge + C(year) + C(arxiv_primary_category)
C(arxiv_primary_category)[T.q-fin.MF],-0.5414014818009326,0.5451456995776509,0.3206457716955007,Citation_Entropy,Citation_Entropy_p,hss_reference_share,HSS参考文献占比,OLS,15843,Citation_Entropy ~ HSS_Continuous * hss_reference_share + log_team_size + log_prior_knowledge + C(year) + C(arxiv_primary_category)
C(arxiv_primary_category)[T.q-fin.PM],-1.496685315161721,0.22649723540170777,3.8964445237838376e-11,Citation_Entropy,Citation_Entropy_p,hss_reference_share,HSS参考文献占比,OLS,15843,Citation_Entropy ~ HSS_Continuous * hss_reference_share + log_team_size + log_prior_knowledge + C(year) + C(arxiv_primary_category)
C(arxiv_primary_category)[T.q-fin.PR],0.7386338193460501,0.18442521072545193,6.200204756398191e-05,Citation_Entropy,Citation_Entropy_p,hss_reference_share,HSS参考文献占比,OLS,15843,Citation_Entropy ~ HSS_Continuous * hss_reference_share + log_team_size + log_prior_knowledge + C(year) + C(arxiv_primary_category)
C(arxiv_primary_category)[T.q-fin.ST],0.0909537952010204,0.3291117099854382,0.7822704489834177,Citation_Entropy,Citation_Entropy_p,hss_reference_share,HSS参考文献占比,OLS,15843,Citation_Entropy ~ HSS_Continuous * hss_reference_share + log_team_size + log_prior_knowledge + C(year) + C(arxiv_primary_category)
C(arxiv_primary_category)[T.q-fin.TR],0.21286179457909468,0.2531298115875132,0.4003930334110427,Citation_Entropy,Citation_Entropy_p,hss_reference_share,HSS参考文献占比,OLS,15843,Citation_Entropy ~ HSS_Continuous * hss_reference_share + log_team_size + log_prior_knowledge + C(year) + C(arxiv_primary_category)
C(arxiv_primary_category)[T.quant-ph],0.004129542443225307,0.17419253271661203,0.981086505230117,Citation_Entropy,Citation_Entropy_p,hss_reference_share,HSS参考文献占比,OLS,15843,Citation_Entropy ~ HSS_Continuous * hss_reference_share + log_team_size + log_prior_knowledge + C(year) + C(arxiv_primary_category)
C(arxiv_primary_category)[T.stat.AP],-0.09415607063271875,0.23417675065390692,0.6876305479545983,Citation_Entropy,Citation_Entropy_p,hss_reference_share,HSS参考文献占比,OLS,15843,Citation_Entropy ~ HSS_Continuous * hss_reference_share + log_team_size + log_prior_knowledge + C(year) + C(arxiv_primary_category)
C(arxiv_primary_category)[T.stat.CO],-0.08509211177311123,0.46871419389756847,0.8559408306970087,Citation_Entropy,Citation_Entropy_p,hss_reference_share,HSS参考文献占比,OLS,15843,Citation_Entropy ~ HSS_Continuous * hss_reference_share + log_team_size + log_prior_knowledge + C(year) + C(arxiv_primary_category)
C(arxiv_primary_category)[T.stat.ME],-0.6062050100357342,0.2711638655088431,0.02538014324996824,Citation_Entropy,Citation_Entropy_p,hss_reference_share,HSS参考文献占比,OLS,15843,Citation_Entropy ~ HSS_Continuous * hss_reference_share + log_team_size + log_prior_knowledge + C(year) + C(arxiv_primary_category)
C(arxiv_primary_category)[T.stat.ML],0.1731884295239843,0.1670903223033037,0.2999708636808195,Citation_Entropy,Citation_Entropy_p,hss_reference_share,HSS参考文献占比,OLS,15843,Citation_Entropy ~ HSS_Continuous * hss_reference_share + log_team_size + log_prior_knowledge + C(year) + C(arxiv_primary_category)
HSS_Continuous,0.002420400792807142,0.009974651990241758,0.808272545043194,Citation_Entropy,Citation_Entropy_p,hss_reference_share,HSS参考文献占比,OLS,15843,Citation_Entropy ~ HSS_Continuous * hss_reference_share + log_team_size + log_prior_knowledge + C(year) + C(arxiv_primary_category)
hss_reference_share,0.00486975675088771,0.09981868313158111,0.9610898195058648,Citation_Entropy,Citation_Entropy_p,hss_reference_share,HSS参考文献占比,OLS,15843,Citation_Entropy ~ HSS_Continuous * hss_reference_share + log_team_size + log_prior_knowledge + C(year) + C(arxiv_primary_category)
HSS_Continuous:hss_reference_share,0.03637986247268786,0.032099640464297856,0.2570707684635284,Citation_Entropy,Citation_Entropy_p,hss_reference_share,HSS参考文献占比,OLS,15843,Citation_Entropy ~ HSS_Continuous * hss_reference_share + log_team_size + log_prior_knowledge + C(year) + C(arxiv_primary_category)
log_team_size,0.0938715398533467,0.01973541351800877,1.9697599280964716e-06,Citation_Entropy,Citation_Entropy_p,hss_reference_share,HSS参考文献占比,OLS,15843,Citation_Entropy ~ HSS_Continuous * hss_reference_share + log_team_size + log_prior_knowledge + C(year) + C(arxiv_primary_category)
log_prior_knowledge,0.1056532708491601,0.0066432027958412306,5.947727740265605e-57,Citation_Entropy,Citation_Entropy_p,hss_reference_share,HSS参考文献占比,OLS,15843,Citation_Entropy ~ HSS_Continuous * hss_reference_share + log_team_size + log_prior_knowledge + C(year) + C(arxiv_primary_category)
Intercept,0.908398921268137,0.20745942503708037,1.1939901746156377e-05,Citation_Entropy,Citation_Entropy_p,cs_core_reference_share,CS核心参考文献占比,OLS,15843,Citation_Entropy ~ HSS_Continuous * cs_core_reference_share + log_team_size + log_prior_knowledge + C(year) + C(arxiv_primary_category)
C(year)[T.2015],0.14210325099340917,0.15027667959001367,0.3443471343984006,Citation_Entropy,Citation_Entropy_p,cs_core_reference_share,CS核心参考文献占比,OLS,15843,Citation_Entropy ~ HSS_Continuous * cs_core_reference_share + log_team_size + log_prior_knowledge + C(year) + C(arxiv_primary_category)
C(year)[T.2016],0.20909356277027163,0.13335200247077084,0.11688529252088893,Citation_Entropy,Citation_Entropy_p,cs_core_reference_share,CS核心参考文献占比,OLS,15843,Citation_Entropy ~ HSS_Continuous * cs_core_reference_share + log_team_size + log_prior_knowledge + C(year) + C(arxiv_primary_category)
C(year)[T.2017],0.018504437189376263,0.13046090509411024,0.8872072210922674,Citation_Entropy,Citation_Entropy_p,cs_core_reference_share,CS核心参考文献占比,OLS,15843,Citation_Entropy ~ HSS_Continuous * cs_core_reference_share + log_team_size + log_prior_knowledge + C(year) + C(arxiv_primary_category)
C(year)[T.2018],-0.07648986686161027,0.13002183974248668,0.5563411727998016,Citation_Entropy,Citation_Entropy_p,cs_core_reference_share,CS核心参考文献占比,OLS,15843,Citation_Entropy ~ HSS_Continuous * cs_core_reference_share + log_team_size + log_prior_knowledge + C(year) + C(arxiv_primary_category)
C(year)[T.2019],-0.12296646996803152,0.12966901701061978,0.34297148707741565,Citation_Entropy,Citation_Entropy_p,cs_core_reference_share,CS核心参考文献占比,OLS,15843,Citation_Entropy ~ HSS_Continuous * cs_core_reference_share + log_team_size + log_prior_knowledge + C(year) + C(arxiv_primary_category)
C(year)[T.2020],-0.23395293020563485,0.1295350781704817,0.07090317233018072,Citation_Entropy,Citation_Entropy_p,cs_core_reference_share,CS核心参考文献占比,OLS,15843,Citation_Entropy ~ HSS_Continuous * cs_core_reference_share + log_team_size + log_prior_knowledge + C(year) + C(arxiv_primary_category)
C(year)[T.2021],-0.46468886574801876,0.12952859852084536,0.0003338141417594128,Citation_Entropy,Citation_Entropy_p,cs_core_reference_share,CS核心参考文献占比,OLS,15843,Citation_Entropy ~ HSS_Continuous * cs_core_reference_share + log_team_size + log_prior_knowledge + C(year) + C(arxiv_primary_category)
C(year)[T.2022],-0.21402176699487122,0.16133285886706294,0.18464596679806689,Citation_Entropy,Citation_Entropy_p,cs_core_reference_share,CS核心参考文献占比,OLS,15843,Citation_Entropy ~ HSS_Continuous * cs_core_reference_share + log_team_size + log_prior_knowledge + C(year) + C(arxiv_primary_category)
C(year)[T.2023],-0.2967278374520716,0.13725207482892057,0.03062443756895745,Citation_Entropy,Citation_Entropy_p,cs_core_reference_share,CS核心参考文献占比,OLS,15843,Citation_Entropy ~ HSS_Continuous * cs_core_reference_share + log_team_size + log_prior_knowledge + C(year) + C(arxiv_primary_category)
C(year)[T.2024],-0.7158707065066012,0.1927717784551295,0.0002043592031620711,Citation_Entropy,Citation_Entropy_p,cs_core_reference_share,CS核心参考文献占比,OLS,15843,Citation_Entropy ~ HSS_Continuous * cs_core_reference_share + log_team_size + log_prior_knowledge + C(year) + C(arxiv_primary_category)
C(year)[T.2025],-1.3582385921207716,0.1439394735993146,3.866226079343359e-21,Citation_Entropy,Citation_Entropy_p,cs_core_reference_share,CS核心参考文献占比,OLS,15843,Citation_Entropy ~ HSS_Continuous * cs_core_reference_share + log_team_size + log_prior_knowledge + C(year) + C(arxiv_primary_category)
C(arxiv_primary_category)[T.astro-ph.GA],-0.35233780612420906,0.2753760392788998,0.20072849806956472,Citation_Entropy,Citation_Entropy_p,cs_core_reference_share,CS核心参考文献占比,OLS,15843,Citation_Entropy ~ HSS_Continuous * cs_core_reference_share + log_team_size + log_prior_knowledge + C(year) + C(arxiv_primary_category)
C(arxiv_primary_category)[T.astro-ph.HE],-1.162394061659029,0.16122743576562504,5.609413779468583e-13,Citation_Entropy,Citation_Entropy_p,cs_core_reference_share,CS核心参考文献占比,OLS,15843,Citation_Entropy ~ HSS_Continuous * cs_core_reference_share + log_team_size + log_prior_knowledge + C(year) + C(arxiv_primary_category)
C(arxiv_primary_category)[T.astro-ph.IM],-0.1164277641665105,0.21565731758264325,0.5892839759149755,Citation_Entropy,Citation_Entropy_p,cs_core_reference_share,CS核心参考文献占比,OLS,15843,Citation_Entropy ~ HSS_Continuous * cs_core_reference_share + log_team_size + log_prior_knowledge + C(year) + C(arxiv_primary_category)
C(arxiv_primary_category)[T.astro-ph.SR],-0.482696285536017,0.29254137707611894,0.09894082929894468,Citation_Entropy,Citation_Entropy_p,cs_core_reference_share,CS核心参考文献占比,OLS,15843,Citation_Entropy ~ HSS_Continuous * cs_core_reference_share + log_team_size + log_prior_knowledge + C(year) + C(arxiv_primary_category)
C(arxiv_primary_category)[T.cond-mat.dis-nn],0.13809853378908957,0.27814327241989417,0.61954067543014,Citation_Entropy,Citation_Entropy_p,cs_core_reference_share,CS核心参考文献占比,OLS,15843,Citation_Entropy ~ HSS_Continuous * cs_core_reference_share + log_team_size + log_prior_knowledge + C(year) + C(arxiv_primary_category)
C(arxiv_primary_category)[T.cond-mat.mes-hall],0.2640591419989965,0.16165632362699575,0.10237228215068613,Citation_Entropy,Citation_Entropy_p,cs_core_reference_share,CS核心参考文献占比,OLS,15843,Citation_Entropy ~ HSS_Continuous * cs_core_reference_share + log_team_size + log_prior_knowledge + C(year) + C(arxiv_primary_category)
C(arxiv_primary_category)[T.cond-mat.mtrl-sci],-0.10580990000345676,0.23932642709310578,0.6584056981134292,Citation_Entropy,Citation_Entropy_p,cs_core_reference_share,CS核心参考文献占比,OLS,15843,Citation_Entropy ~ HSS_Continuous * cs_core_reference_share + log_team_size + log_prior_knowledge + C(year) + C(arxiv_primary_category)
C(arxiv_primary_category)[T.cond-mat.other],-0.3670916714740336,0.16186711100396156,0.02333784455474972,Citation_Entropy,Citation_Entropy_p,cs_core_reference_share,CS核心参考文献占比,OLS,15843,Citation_Entropy ~ HSS_Continuous * cs_core_reference_share + log_team_size + log_prior_knowledge + C(year) + C(arxiv_primary_category)
C(arxiv_primary_category)[T.cond-mat.soft],-0.49153840482209327,0.5126312246852953,0.33763239487762997,Citation_Entropy,Citation_Entropy_p,cs_core_reference_share,CS核心参考文献占比,OLS,15843,Citation_Entropy ~ HSS_Continuous * cs_core_reference_share + log_team_size + log_prior_knowledge + C(year) + C(arxiv_primary_category)
C(arxiv_primary_category)[T.cond-mat.stat-mech],-0.22973196726454145,0.2797753015032554,0.41157207297231846,Citation_Entropy,Citation_Entropy_p,cs_core_reference_share,CS核心参考文献占比,OLS,15843,Citation_Entropy ~ HSS_Continuous * cs_core_reference_share + log_team_size + log_prior_knowledge + C(year) + C(arxiv_primary_category)
C(arxiv_primary_category)[T.cond-mat.str-el],0.21870618814368104,0.1610499283468054,0.17446292472219016,Citation_Entropy,Citation_Entropy_p,cs_core_reference_share,CS核心参考文献占比,OLS,15843,Citation_Entropy ~ HSS_Continuous * cs_core_reference_share + log_team_size + log_prior_knowledge + C(year) + C(arxiv_primary_category)
C(arxiv_primary_category)[T.cs.AI],-0.08298305737828125,0.1701584899943264,0.6257758333911005,Citation_Entropy,Citation_Entropy_p,cs_core_reference_share,CS核心参考文献占比,OLS,15843,Citation_Entropy ~ HSS_Continuous * cs_core_reference_share + log_team_size + log_prior_knowledge + C(year) + C(arxiv_primary_category)
C(arxiv_primary_category)[T.cs.AR],-0.3239418428357065,0.20944115152158607,0.12193650873930671,Citation_Entropy,Citation_Entropy_p,cs_core_reference_share,CS核心参考文献占比,OLS,15843,Citation_Entropy ~ HSS_Continuous * cs_core_reference_share + log_team_size + log_prior_knowledge + C(year) + C(arxiv_primary_category)
C(arxiv_primary_category)[T.cs.CC],-0.7862776776755918,0.32555806322313374,0.015727918830932136,Citation_Entropy,Citation_Entropy_p,cs_core_reference_share,CS核心参考文献占比,OLS,15843,Citation_Entropy ~ HSS_Continuous * cs_core_reference_share + log_team_size + log_prior_knowledge + C(year) + C(arxiv_primary_category)
C(arxiv_primary_category)[T.cs.CE],0.13193408391918135,0.22636330184202405,0.5599995363759012,Citation_Entropy,Citation_Entropy_p,cs_core_reference_share,CS核心参考文献占比,OLS,15843,Citation_Entropy ~ HSS_Continuous * cs_core_reference_share + log_team_size + log_prior_knowledge + C(year) + C(arxiv_primary_category)
C(arxiv_primary_category)[T.cs.CG],0.09131214198581392,0.311323641970194,0.7692906004793212,Citation_Entropy,Citation_Entropy_p,cs_core_reference_share,CS核心参考文献占比,OLS,15843,Citation_Entropy ~ HSS_Continuous * cs_core_reference_share + log_team_size + log_prior_knowledge + C(year) + C(arxiv_primary_category)
C(arxiv_primary_category)[T.cs.CL],-0.11636023705897028,0.1626029791068868,0.4742325041371117,Citation_Entropy,Citation_Entropy_p,cs_core_reference_share,CS核心参考文献占比,OLS,15843,Citation_Entropy ~ HSS_Continuous * cs_core_reference_share + log_team_size + log_prior_knowledge + C(year) + C(arxiv_primary_category)
C(arxiv_primary_category)[T.cs.CR],-0.2404678317229166,0.17088503362190507,0.15937084575059746,Citation_Entropy,Citation_Entropy_p,cs_core_reference_share,CS核心参考文献占比,OLS,15843,Citation_Entropy ~ HSS_Continuous * cs_core_reference_share + log_team_size + log_prior_knowledge + C(year) + C(arxiv_primary_category)
C(arxiv_primary_category)[T.cs.CV],-0.01190009504934128,0.1622743985108537,0.9415410018263328,Citation_Entropy,Citation_Entropy_p,cs_core_reference_share,CS核心参考文献占比,OLS,15843,Citation_Entropy ~ HSS_Continuous * cs_core_reference_share + log_team_size + log_prior_knowledge + C(year) + C(arxiv_primary_category)
C(arxiv_primary_category)[T.cs.CY],0.22268172920495066,0.20430988345882958,0.2757477366422717,Citation_Entropy,Citation_Entropy_p,cs_core_reference_share,CS核心参考文献占比,OLS,15843,Citation_Entropy ~ HSS_Continuous * cs_core_reference_share + log_team_size + log_prior_knowledge + C(year) + C(arxiv_primary_category)
C(arxiv_primary_category)[T.cs.DB],-0.3403049608949095,0.23920995976943812,0.1548462363889087,Citation_Entropy,Citation_Entropy_p,cs_core_reference_share,CS核心参考文献占比,OLS,15843,Citation_Entropy ~ HSS_Continuous * cs_core_reference_share + log_team_size + log_prior_knowledge + C(year) + C(arxiv_primary_category)
C(arxiv_primary_category)[T.cs.DC],-0.2036002021409987,0.19914275825223882,0.3065995884392978,Citation_Entropy,Citation_Entropy_p,cs_core_reference_share,CS核心参考文献占比,OLS,15843,Citation_Entropy ~ HSS_Continuous * cs_core_reference_share + log_team_size + log_prior_knowledge + C(year) + C(arxiv_primary_category)
C(arxiv_primary_category)[T.cs.DL],-1.227698404308319,0.20270473948514034,1.390420268879405e-09,Citation_Entropy,Citation_Entropy_p,cs_core_reference_share,CS核心参考文献占比,OLS,15843,Citation_Entropy ~ HSS_Continuous * cs_core_reference_share + log_team_size + log_prior_knowledge + C(year) + C(arxiv_primary_category)
C(arxiv_primary_category)[T.cs.DM],-0.49184715840022947,0.16205008821842126,0.002404119859551962,Citation_Entropy,Citation_Entropy_p,cs_core_reference_share,CS核心参考文献占比,OLS,15843,Citation_Entropy ~ HSS_Continuous * cs_core_reference_share + log_team_size + log_prior_knowledge + C(year) + C(arxiv_primary_category)
C(arxiv_primary_category)[T.cs.DS],-0.5062666282992673,0.21329539875923945,0.017618156355807386,Citation_Entropy,Citation_Entropy_p,cs_core_reference_share,CS核心参考文献占比,OLS,15843,Citation_Entropy ~ HSS_Continuous * cs_core_reference_share + log_team_size + log_prior_knowledge + C(year) + C(arxiv_primary_category)
C(arxiv_primary_category)[T.cs.ET],-0.1218888088956652,0.29012688347470994,0.6743960238160276,Citation_Entropy,Citation_Entropy_p,cs_core_reference_share,CS核心参考文献占比,OLS,15843,Citation_Entropy ~ HSS_Continuous * cs_core_reference_share + log_team_size + log_prior_knowledge + C(year) + C(arxiv_primary_category)
C(arxiv_primary_category)[T.cs.FL],0.18336511140798784,0.32527418701546434,0.5729414673538572,Citation_Entropy,Citation_Entropy_p,cs_core_reference_share,CS核心参考文献占比,OLS,15843,Citation_Entropy ~ HSS_Continuous * cs_core_reference_share + log_team_size + log_prior_knowledge + C(year) + C(arxiv_primary_category)
C(arxiv_primary_category)[T.cs.GR],0.05969039782864519,0.18201744857702848,0.742958708308207,Citation_Entropy,Citation_Entropy_p,cs_core_reference_share,CS核心参考文献占比,OLS,15843,Citation_Entropy ~ HSS_Continuous * cs_core_reference_share + log_team_size + log_prior_knowledge + C(year) + C(arxiv_primary_category)
C(arxiv_primary_category)[T.cs.GT],-0.3984952605530669,0.387957014679482,0.30434351168801654,Citation_Entropy,Citation_Entropy_p,cs_core_reference_share,CS核心参考文献占比,OLS,15843,Citation_Entropy ~ HSS_Continuous * cs_core_reference_share + log_team_size + log_prior_knowledge + C(year) + C(arxiv_primary_category)
C(arxiv_primary_category)[T.cs.HC],-0.4322323753728022,0.18915087122289956,0.02230581205855266,Citation_Entropy,Citation_Entropy_p,cs_core_reference_share,CS核心参考文献占比,OLS,15843,Citation_Entropy ~ HSS_Continuous * cs_core_reference_share + log_team_size + log_prior_knowledge + C(year) + C(arxiv_primary_category)
C(arxiv_primary_category)[T.cs.IR],-0.15104997019985184,0.16996143399429736,0.37414774552579555,Citation_Entropy,Citation_Entropy_p,cs_core_reference_share,CS核心参考文献占比,OLS,15843,Citation_Entropy ~ HSS_Continuous * cs_core_reference_share + log_team_size + log_prior_knowledge + C(year) + C(arxiv_primary_category)
C(arxiv_primary_category)[T.cs.IT],-0.6310065528707339,0.16320193477197364,0.00011044653349810778,Citation_Entropy,Citation_Entropy_p,cs_core_reference_share,CS核心参考文献占比,OLS,15843,Citation_Entropy ~ HSS_Continuous * cs_core_reference_share + log_team_size + log_prior_knowledge + C(year) + C(arxiv_primary_category)
C(arxiv_primary_category)[T.cs.LG],0.05367084882081084,0.16233303982430844,0.7409301448770225,Citation_Entropy,Citation_Entropy_p,cs_core_reference_share,CS核心参考文献占比,OLS,15843,Citation_Entropy ~ HSS_Continuous * cs_core_reference_share + log_team_size + log_prior_knowledge + C(year) + C(arxiv_primary_category)
C(arxiv_primary_category)[T.cs.LO],-0.20462226233601608,0.3058299682361707,0.5034495630543134,Citation_Entropy,Citation_Entropy_p,cs_core_reference_share,CS核心参考文献占比,OLS,15843,Citation_Entropy ~ HSS_Continuous * cs_core_reference_share + log_team_size + log_prior_knowledge + C(year) + C(arxiv_primary_category)
C(arxiv_primary_category)[T.cs.MA],-0.061816965225963715,0.4595577124927655,0.8929961084563977,Citation_Entropy,Citation_Entropy_p,cs_core_reference_share,CS核心参考文献占比,OLS,15843,Citation_Entropy ~ HSS_Continuous * cs_core_reference_share + log_team_size + log_prior_knowledge + C(year) + C(arxiv_primary_category)
C(arxiv_primary_category)[T.cs.MM],-0.49406129010483835,0.19117192688089388,0.009755367465411054,Citation_Entropy,Citation_Entropy_p,cs_core_reference_share,CS核心参考文献占比,OLS,15843,Citation_Entropy ~ HSS_Continuous * cs_core_reference_share + log_team_size + log_prior_knowledge + C(year) + C(arxiv_primary_category)
C(arxiv_primary_category)[T.cs.MS],-0.22251044365459768,0.37863939634533006,0.5567619193707807,Citation_Entropy,Citation_Entropy_p,cs_core_reference_share,CS核心参考文献占比,OLS,15843,Citation_Entropy ~ HSS_Continuous * cs_core_reference_share + log_team_size + log_prior_knowledge + C(year) + C(arxiv_primary_category)
C(arxiv_primary_category)[T.cs.NE],-0.12802518923711723,0.17834220045155175,0.472842032626681,Citation_Entropy,Citation_Entropy_p,cs_core_reference_share,CS核心参考文献占比,OLS,15843,Citation_Entropy ~ HSS_Continuous * cs_core_reference_share + log_team_size + log_prior_knowledge + C(year) + C(arxiv_primary_category)
C(arxiv_primary_category)[T.cs.NI],-0.6308777295575241,0.18715168416138017,0.0007491125416913181,Citation_Entropy,Citation_Entropy_p,cs_core_reference_share,CS核心参考文献占比,OLS,15843,Citation_Entropy ~ HSS_Continuous * cs_core_reference_share + log_team_size + log_prior_knowledge + C(year) + C(arxiv_primary_category)
C(arxiv_primary_category)[T.cs.OH],0.5105211709045183,0.17473139585880387,0.003480726283621169,Citation_Entropy,Citation_Entropy_p,cs_core_reference_share,CS核心参考文献占比,OLS,15843,Citation_Entropy ~ HSS_Continuous * cs_core_reference_share + log_team_size + log_prior_knowledge + C(year) + C(arxiv_primary_category)
C(arxiv_primary_category)[T.cs.PF],-1.6272650500457115,0.1631351984086993,1.9620506085167664e-23,Citation_Entropy,Citation_Entropy_p,cs_core_reference_share,CS核心参考文献占比,OLS,15843,Citation_Entropy ~ HSS_Continuous * cs_core_reference_share + log_team_size + log_prior_knowledge + C(year) + C(arxiv_primary_category)
C(arxiv_primary_category)[T.cs.PL],-0.3982981443531417,0.2343964065590696,0.08927204850957193,Citation_Entropy,Citation_Entropy_p,cs_core_reference_share,CS核心参考文献占比,OLS,15843,Citation_Entropy ~ HSS_Continuous * cs_core_reference_share + log_team_size + log_prior_knowledge + C(year) + C(arxiv_primary_category)
C(arxiv_primary_category)[T.cs.RO],-0.11568014142487773,0.17928945075091118,0.5187882338788278,Citation_Entropy,Citation_Entropy_p,cs_core_reference_share,CS核心参考文献占比,OLS,15843,Citation_Entropy ~ HSS_Continuous * cs_core_reference_share + log_team_size + log_prior_knowledge + C(year) + C(arxiv_primary_category)
C(arxiv_primary_category)[T.cs.SC],0.12425528062432259,0.16314350418773613,0.44627979037434884,Citation_Entropy,Citation_Entropy_p,cs_core_reference_share,CS核心参考文献占比,OLS,15843,Citation_Entropy ~ HSS_Continuous * cs_core_reference_share + log_team_size + log_prior_knowledge + C(year) + C(arxiv_primary_category)
C(arxiv_primary_category)[T.cs.SD],-0.17859058084686621,0.16809746736135375,0.288043790663712,Citation_Entropy,Citation_Entropy_p,cs_core_reference_share,CS核心参考文献占比,OLS,15843,Citation_Entropy ~ HSS_Continuous * cs_core_reference_share + log_team_size + log_prior_knowledge + C(year) + C(arxiv_primary_category)
C(arxiv_primary_category)[T.cs.SE],-0.2847024765954568,0.1796099924054618,0.11294022899692581,Citation_Entropy,Citation_Entropy_p,cs_core_reference_share,CS核心参考文献占比,OLS,15843,Citation_Entropy ~ HSS_Continuous * cs_core_reference_share + log_team_size + log_prior_knowledge + C(year) + C(arxiv_primary_category)
C(arxiv_primary_category)[T.cs.SI],-0.21432628474015283,0.1860703237402437,0.24938010590815496,Citation_Entropy,Citation_Entropy_p,cs_core_reference_share,CS核心参考文献占比,OLS,15843,Citation_Entropy ~ HSS_Continuous * cs_core_reference_share + log_team_size + log_prior_knowledge + C(year) + C(arxiv_primary_category)
C(arxiv_primary_category)[T.econ.EM],-0.4369239166231725,0.45886712413435454,0.34100590294982613,Citation_Entropy,Citation_Entropy_p,cs_core_reference_share,CS核心参考文献占比,OLS,15843,Citation_Entropy ~ HSS_Continuous * cs_core_reference_share + log_team_size + log_prior_knowledge + C(year) + C(arxiv_primary_category)
C(arxiv_primary_category)[T.econ.GN],0.6263873651280655,0.17054984060898087,0.00023995179700911346,Citation_Entropy,Citation_Entropy_p,cs_core_reference_share,CS核心参考文献占比,OLS,15843,Citation_Entropy ~ HSS_Continuous * cs_core_reference_share + log_team_size + log_prior_knowledge + C(year) + C(arxiv_primary_category)
C(arxiv_primary_category)[T.eess.AS],-0.24690804415532858,0.16598819017680536,0.1368818313195537,Citation_Entropy,Citation_Entropy_p,cs_core_reference_share,CS核心参考文献占比,OLS,15843,Citation_Entropy ~ HSS_Continuous * cs_core_reference_share + log_team_size + log_prior_knowledge + C(year) + C(arxiv_primary_category)
C(arxiv_primary_category)[T.eess.IV],-0.17927869997287443,0.16395282863548338,0.27418428076384604,Citation_Entropy,Citation_Entropy_p,cs_core_reference_share,CS核心参考文献占比,OLS,15843,Citation_Entropy ~ HSS_Continuous * cs_core_reference_share + log_team_size + log_prior_knowledge + C(year) + C(arxiv_primary_category)
C(arxiv_primary_category)[T.eess.SP],-0.4162246068860608,0.16766042869878717,0.013044748567580587,Citation_Entropy,Citation_Entropy_p,cs_core_reference_share,CS核心参考文献占比,OLS,15843,Citation_Entropy ~ HSS_Continuous * cs_core_reference_share + log_team_size + log_prior_knowledge + C(year) + C(arxiv_primary_category)
C(arxiv_primary_category)[T.eess.SY],-0.40152806377037803,0.20508879150721895,0.05025049329796442,Citation_Entropy,Citation_Entropy_p,cs_core_reference_share,CS核心参考文献占比,OLS,15843,Citation_Entropy ~ HSS_Continuous * cs_core_reference_share + log_team_size + log_prior_knowledge + C(year) + C(arxiv_primary_category)
C(arxiv_primary_category)[T.gr-qc],-0.5497909565192635,0.16250451171457528,0.0007163729740802046,Citation_Entropy,Citation_Entropy_p,cs_core_reference_share,CS核心参考文献占比,OLS,15843,Citation_Entropy ~ HSS_Continuous * cs_core_reference_share + log_team_size + log_prior_knowledge + C(year) + C(arxiv_primary_category)
C(arxiv_primary_category)[T.hep-ex],0.49723249102784833,0.16873103873615297,0.0032098318027664143,Citation_Entropy,Citation_Entropy_p,cs_core_reference_share,CS核心参考文献占比,OLS,15843,Citation_Entropy ~ HSS_Continuous * cs_core_reference_share + log_team_size + log_prior_knowledge + C(year) + C(arxiv_primary_category)
C(arxiv_primary_category)[T.hep-lat],0.034031985049690315,0.354273470974992,0.9234718539028569,Citation_Entropy,Citation_Entropy_p,cs_core_reference_share,CS核心参考文献占比,OLS,15843,Citation_Entropy ~ HSS_Continuous * cs_core_reference_share + log_team_size + log_prior_knowledge + C(year) + C(arxiv_primary_category)
C(arxiv_primary_category)[T.hep-ph],0.2900824109483816,0.2498913310406504,0.245709319555227,Citation_Entropy,Citation_Entropy_p,cs_core_reference_share,CS核心参考文献占比,OLS,15843,Citation_Entropy ~ HSS_Continuous * cs_core_reference_share + log_team_size + log_prior_knowledge + C(year) + C(arxiv_primary_category)
C(arxiv_primary_category)[T.hep-th],0.6042352083132112,0.19094845155528983,0.0015540884913834033,Citation_Entropy,Citation_Entropy_p,cs_core_reference_share,CS核心参考文献占比,OLS,15843,Citation_Entropy ~ HSS_Continuous * cs_core_reference_share + log_team_size + log_prior_knowledge + C(year) + C(arxiv_primary_category)
C(arxiv_primary_category)[T.math-ph],-1.0821473866529105,0.1621358024530934,2.4836903169914114e-11,Citation_Entropy,Citation_Entropy_p,cs_core_reference_share,CS核心参考文献占比,OLS,15843,Citation_Entropy ~ HSS_Continuous * cs_core_reference_share + log_team_size + log_prior_knowledge + C(year) + C(arxiv_primary_category)
C(arxiv_primary_category)[T.math.AG],-0.4878762937522233,0.16337982999654868,0.002825162097464411,Citation_Entropy,Citation_Entropy_p,cs_core_reference_share,CS核心参考文献占比,OLS,15843,Citation_Entropy ~ HSS_Continuous * cs_core_reference_share + log_team_size + log_prior_knowledge + C(year) + C(arxiv_primary_category)
C(arxiv_primary_category)[T.math.AP],-0.5596037489103034,0.2296322275854796,0.014811461137154609,Citation_Entropy,Citation_Entropy_p,cs_core_reference_share,CS核心参考文献占比,OLS,15843,Citation_Entropy ~ HSS_Continuous * cs_core_reference_share + log_team_size + log_prior_knowledge + C(year) + C(arxiv_primary_category)
C(arxiv_primary_category)[T.math.CO],-0.8904713570545087,0.3323799399868683,0.007382547819108806,Citation_Entropy,Citation_Entropy_p,cs_core_reference_share,CS核心参考文献占比,OLS,15843,Citation_Entropy ~ HSS_Continuous * cs_core_reference_share + log_team_size + log_prior_knowledge + C(year) + C(arxiv_primary_category)
C(arxiv_primary_category)[T.math.DS],-0.8693100039642506,0.30715896792458175,0.004652426755410347,Citation_Entropy,Citation_Entropy_p,cs_core_reference_share,CS核心参考文献占比,OLS,15843,Citation_Entropy ~ HSS_Continuous * cs_core_reference_share + log_team_size + log_prior_knowledge + C(year) + C(arxiv_primary_category)
C(arxiv_primary_category)[T.math.GM],-1.438900056785533,0.1707480838190307,3.545342244518572e-17,Citation_Entropy,Citation_Entropy_p,cs_core_reference_share,CS核心参考文献占比,OLS,15843,Citation_Entropy ~ HSS_Continuous * cs_core_reference_share + log_team_size + log_prior_knowledge + C(year) + C(arxiv_primary_category)
C(arxiv_primary_category)[T.math.GR],0.24890384040433206,0.16290074764696627,0.12652549671857014,Citation_Entropy,Citation_Entropy_p,cs_core_reference_share,CS核心参考文献占比,OLS,15843,Citation_Entropy ~ HSS_Continuous * cs_core_reference_share + log_team_size + log_prior_knowledge + C(year) + C(arxiv_primary_category)
C(arxiv_primary_category)[T.math.LO],0.4013252882747287,0.16285692424946882,0.01372882816334883,Citation_Entropy,Citation_Entropy_p,cs_core_reference_share,CS核心参考文献占比,OLS,15843,Citation_Entropy ~ HSS_Continuous * cs_core_reference_share + log_team_size + log_prior_knowledge + C(year) + C(arxiv_primary_category)
C(arxiv_primary_category)[T.math.NA],-0.17144620215424533,0.2158684979705316,0.42706973009056837,Citation_Entropy,Citation_Entropy_p,cs_core_reference_share,CS核心参考文献占比,OLS,15843,Citation_Entropy ~ HSS_Continuous * cs_core_reference_share + log_team_size + log_prior_knowledge + C(year) + C(arxiv_primary_category)
C(arxiv_primary_category)[T.math.NT],-1.3999435946482235,0.1747601438127524,1.1409712183123621e-15,Citation_Entropy,Citation_Entropy_p,cs_core_reference_share,CS核心参考文献占比,OLS,15843,Citation_Entropy ~ HSS_Continuous * cs_core_reference_share + log_team_size + log_prior_knowledge + C(year) + C(arxiv_primary_category)
C(arxiv_primary_category)[T.math.OC],0.034323056867361944,0.19024113583411686,0.8568238811109602,Citation_Entropy,Citation_Entropy_p,cs_core_reference_share,CS核心参考文献占比,OLS,15843,Citation_Entropy ~ HSS_Continuous * cs_core_reference_share + log_team_size + log_prior_knowledge + C(year) + C(arxiv_primary_category)
C(arxiv_primary_category)[T.math.PR],-0.386812921922792,0.25796975244141856,0.1337567531702932,Citation_Entropy,Citation_Entropy_p,cs_core_reference_share,CS核心参考文献占比,OLS,15843,Citation_Entropy ~ HSS_Continuous * cs_core_reference_share + log_team_size + log_prior_knowledge + C(year) + C(arxiv_primary_category)
C(arxiv_primary_category)[T.math.ST],-0.410730112263498,0.26697618485420566,0.12393807518647612,Citation_Entropy,Citation_Entropy_p,cs_core_reference_share,CS核心参考文献占比,OLS,15843,Citation_Entropy ~ HSS_Continuous * cs_core_reference_share + log_team_size + log_prior_knowledge + C(year) + C(arxiv_primary_category)
C(arxiv_primary_category)[T.nlin.AO],-0.06960315111628798,0.1626572952647396,0.6687145519039586,Citation_Entropy,Citation_Entropy_p,cs_core_reference_share,CS核心参考文献占比,OLS,15843,Citation_Entropy ~ HSS_Continuous * cs_core_reference_share + log_team_size + log_prior_knowledge + C(year) + C(arxiv_primary_category)
C(arxiv_primary_category)[T.nlin.PS],-1.158522845547335,0.1613244386200201,6.904020046458388e-13,Citation_Entropy,Citation_Entropy_p,cs_core_reference_share,CS核心参考文献占比,OLS,15843,Citation_Entropy ~ HSS_Continuous * cs_core_reference_share + log_team_size + log_prior_knowledge + C(year) + C(arxiv_primary_category)
C(arxiv_primary_category)[T.nucl-th],-1.1396843781804784,0.16212381640275875,2.0695441521001547e-12,Citation_Entropy,Citation_Entropy_p,cs_core_reference_share,CS核心参考文献占比,OLS,15843,Citation_Entropy ~ HSS_Continuous * cs_core_reference_share + log_team_size + log_prior_knowledge + C(year) + C(arxiv_primary_category)
C(arxiv_primary_category)[T.physics.acc-ph],-0.2798344473107388,0.21605300403973962,0.19524710018875802,Citation_Entropy,Citation_Entropy_p,cs_core_reference_share,CS核心参考文献占比,OLS,15843,Citation_Entropy ~ HSS_Continuous * cs_core_reference_share + log_team_size + log_prior_knowledge + C(year) + C(arxiv_primary_category)
C(arxiv_primary_category)[T.physics.ao-ph],0.38775072201177757,0.27754797874065185,0.16239602432460654,Citation_Entropy,Citation_Entropy_p,cs_core_reference_share,CS核心参考文献占比,OLS,15843,Citation_Entropy ~ HSS_Continuous * cs_core_reference_share + log_team_size + log_prior_knowledge + C(year) + C(arxiv_primary_category)
C(arxiv_primary_category)[T.physics.app-ph],-0.04563645292692328,0.2429520057701598,0.851000954963265,Citation_Entropy,Citation_Entropy_p,cs_core_reference_share,CS核心参考文献占比,OLS,15843,Citation_Entropy ~ HSS_Continuous * cs_core_reference_share + log_team_size + log_prior_knowledge + C(year) + C(arxiv_primary_category)
C(arxiv_primary_category)[T.physics.atom-ph],-1.0966473154296763,0.1611866762154891,1.020469568117565e-11,Citation_Entropy,Citation_Entropy_p,cs_core_reference_share,CS核心参考文献占比,OLS,15843,Citation_Entropy ~ HSS_Continuous * cs_core_reference_share + log_team_size + log_prior_knowledge + C(year) + C(arxiv_primary_category)
C(arxiv_primary_category)[T.physics.bio-ph],-0.4904341933239606,0.2613545585001989,0.06058541368169749,Citation_Entropy,Citation_Entropy_p,cs_core_reference_share,CS核心参考文献占比,OLS,15843,Citation_Entropy ~ HSS_Continuous * cs_core_reference_share + log_team_size + log_prior_knowledge + C(year) + C(arxiv_primary_category)
C(arxiv_primary_category)[T.physics.chem-ph],0.03219202390804137,0.34371394675480293,0.9253797644309716,Citation_Entropy,Citation_Entropy_p,cs_core_reference_share,CS核心参考文献占比,OLS,15843,Citation_Entropy ~ HSS_Continuous * cs_core_reference_share + log_team_size + log_prior_knowledge + C(year) + C(arxiv_primary_category)
C(arxiv_primary_category)[T.physics.comp-ph],0.046704579955398166,0.26320890674457137,0.8591604283327074,Citation_Entropy,Citation_Entropy_p,cs_core_reference_share,CS核心参考文献占比,OLS,15843,Citation_Entropy ~ HSS_Continuous * cs_core_reference_share + log_team_size + log_prior_knowledge + C(year) + C(arxiv_primary_category)
C(arxiv_primary_category)[T.physics.data-an],0.16164185179087376,0.23389207254623154,0.489505278261268,Citation_Entropy,Citation_Entropy_p,cs_core_reference_share,CS核心参考文献占比,OLS,15843,Citation_Entropy ~ HSS_Continuous * cs_core_reference_share + log_team_size + log_prior_knowledge + C(year) + C(arxiv_primary_category)
C(arxiv_primary_category)[T.physics.ed-ph],-0.2338721963766791,0.47880701228542266,0.625232743677529,Citation_Entropy,Citation_Entropy_p,cs_core_reference_share,CS核心参考文献占比,OLS,15843,Citation_Entropy ~ HSS_Continuous * cs_core_reference_share + log_team_size + log_prior_knowledge + C(year) + C(arxiv_primary_category)
C(arxiv_primary_category)[T.physics.flu-dyn],-0.4306515090603936,0.2797578949531104,0.12371347181517128,Citation_Entropy,Citation_Entropy_p,cs_core_reference_share,CS核心参考文献占比,OLS,15843,Citation_Entropy ~ HSS_Continuous * cs_core_reference_share + log_team_size + log_prior_knowledge + C(year) + C(arxiv_primary_category)
C(arxiv_primary_category)[T.physics.geo-ph],-0.06764225256388957,0.25058924408278166,0.7872119642206916,Citation_Entropy,Citation_Entropy_p,cs_core_reference_share,CS核心参考文献占比,OLS,15843,Citation_Entropy ~ HSS_Continuous * cs_core_reference_share + log_team_size + log_prior_knowledge + C(year) + C(arxiv_primary_category)
C(arxiv_primary_category)[T.physics.ins-det],-0.5246873815195645,0.2609633937024266,0.0443699997938946,Citation_Entropy,Citation_Entropy_p,cs_core_reference_share,CS核心参考文献占比,OLS,15843,Citation_Entropy ~ HSS_Continuous * cs_core_reference_share + log_team_size + log_prior_knowledge + C(year) + C(arxiv_primary_category)
C(arxiv_primary_category)[T.physics.med-ph],0.08798008746397681,0.18920102988094498,0.6419253681991032,Citation_Entropy,Citation_Entropy_p,cs_core_reference_share,CS核心参考文献占比,OLS,15843,Citation_Entropy ~ HSS_Continuous * cs_core_reference_share + log_team_size + log_prior_knowledge + C(year) + C(arxiv_primary_category)
C(arxiv_primary_category)[T.physics.optics],-0.40420525394647144,0.25323774220032347,0.11045545602967047,Citation_Entropy,Citation_Entropy_p,cs_core_reference_share,CS核心参考文献占比,OLS,15843,Citation_Entropy ~ HSS_Continuous * cs_core_reference_share + log_team_size + log_prior_knowledge + C(year) + C(arxiv_primary_category)
C(arxiv_primary_category)[T.physics.soc-ph],-0.5410846561540742,0.31020953320058625,0.08111456338649525,Citation_Entropy,Citation_Entropy_p,cs_core_reference_share,CS核心参考文献占比,OLS,15843,Citation_Entropy ~ HSS_Continuous * cs_core_reference_share + log_team_size + log_prior_knowledge + C(year) + C(arxiv_primary_category)
C(arxiv_primary_category)[T.physics.space-ph],0.1713974346549834,0.17420718867012172,0.32517884892922877,Citation_Entropy,Citation_Entropy_p,cs_core_reference_share,CS核心参考文献占比,OLS,15843,Citation_Entropy ~ HSS_Continuous * cs_core_reference_share + log_team_size + log_prior_knowledge + C(year) + C(arxiv_primary_category)
C(arxiv_primary_category)[T.q-bio.BM],0.08390584649385577,0.22776145937176748,0.7125798260711357,Citation_Entropy,Citation_Entropy_p,cs_core_reference_share,CS核心参考文献占比,OLS,15843,Citation_Entropy ~ HSS_Continuous * cs_core_reference_share + log_team_size + log_prior_knowledge + C(year) + C(arxiv_primary_category)
C(arxiv_primary_category)[T.q-bio.GN],-0.3187934313942524,0.2787516186011198,0.25277009279947094,Citation_Entropy,Citation_Entropy_p,cs_core_reference_share,CS核心参考文献占比,OLS,15843,Citation_Entropy ~ HSS_Continuous * cs_core_reference_share + log_team_size + log_prior_knowledge + C(year) + C(arxiv_primary_category)
C(arxiv_primary_category)[T.q-bio.MN],-1.0745498467998078,0.23911002898176492,6.991222072987324e-06,Citation_Entropy,Citation_Entropy_p,cs_core_reference_share,CS核心参考文献占比,OLS,15843,Citation_Entropy ~ HSS_Continuous * cs_core_reference_share + log_team_size + log_prior_knowledge + C(year) + C(arxiv_primary_category)
C(arxiv_primary_category)[T.q-bio.NC],-0.3675930970158223,0.18569923704487049,0.047758856975054165,Citation_Entropy,Citation_Entropy_p,cs_core_reference_share,CS核心参考文献占比,OLS,15843,Citation_Entropy ~ HSS_Continuous * cs_core_reference_share + log_team_size + log_prior_knowledge + C(year) + C(arxiv_primary_category)
C(arxiv_primary_category)[T.q-bio.OT],-0.27871945955391425,0.5545804447737792,0.6152615975791598,Citation_Entropy,Citation_Entropy_p,cs_core_reference_share,CS核心参考文献占比,OLS,15843,Citation_Entropy ~ HSS_Continuous * cs_core_reference_share + log_team_size + log_prior_knowledge + C(year) + C(arxiv_primary_category)
C(arxiv_primary_category)[T.q-bio.PE],-0.11136093426077165,0.4563806506349878,0.8072239376860253,Citation_Entropy,Citation_Entropy_p,cs_core_reference_share,CS核心参考文献占比,OLS,15843,Citation_Entropy ~ HSS_Continuous * cs_core_reference_share + log_team_size + log_prior_knowledge + C(year) + C(arxiv_primary_category)
C(arxiv_primary_category)[T.q-bio.QM],-0.09905332896580306,0.214339711045725,0.6439863637876708,Citation_Entropy,Citation_Entropy_p,cs_core_reference_share,CS核心参考文献占比,OLS,15843,Citation_Entropy ~ HSS_Continuous * cs_core_reference_share + log_team_size + log_prior_knowledge + C(year) + C(arxiv_primary_category)
C(arxiv_primary_category)[T.q-bio.TO],-0.31238104522033106,0.5826966158686578,0.5918925362723999,Citation_Entropy,Citation_Entropy_p,cs_core_reference_share,CS核心参考文献占比,OLS,15843,Citation_Entropy ~ HSS_Continuous * cs_core_reference_share + log_team_size + log_prior_knowledge + C(year) + C(arxiv_primary_category)
C(arxiv_primary_category)[T.q-fin.CP],-0.3479802984462894,0.28014089382285734,0.21417689502737136,Citation_Entropy,Citation_Entropy_p,cs_core_reference_share,CS核心参考文献占比,OLS,15843,Citation_Entropy ~ HSS_Continuous * cs_core_reference_share + log_team_size + log_prior_knowledge + C(year) + C(arxiv_primary_category)
C(arxiv_primary_category)[T.q-fin.GN],-0.9794081934152363,0.16761284583313746,5.118397326366724e-09,Citation_Entropy,Citation_Entropy_p,cs_core_reference_share,CS核心参考文献占比,OLS,15843,Citation_Entropy ~ HSS_Continuous * cs_core_reference_share + log_team_size + log_prior_knowledge + C(year) + C(arxiv_primary_category)
C(arxiv_primary_category)[T.q-fin.MF],-0.5209671375248127,0.5171225160325105,0.31372595031878303,Citation_Entropy,Citation_Entropy_p,cs_core_reference_share,CS核心参考文献占比,OLS,15843,Citation_Entropy ~ HSS_Continuous * cs_core_reference_share + log_team_size + log_prior_knowledge + C(year) + C(arxiv_primary_category)
C(arxiv_primary_category)[T.q-fin.PM],-1.3214826575442464,0.18232478614533246,4.2309721536280484e-13,Citation_Entropy,Citation_Entropy_p,cs_core_reference_share,CS核心参考文献占比,OLS,15843,Citation_Entropy ~ HSS_Continuous * cs_core_reference_share + log_team_size + log_prior_knowledge + C(year) + C(arxiv_primary_category)
C(arxiv_primary_category)[T.q-fin.PR],0.724390583947057,0.19793712799329755,0.0002525103155626587,Citation_Entropy,Citation_Entropy_p,cs_core_reference_share,CS核心参考文献占比,OLS,15843,Citation_Entropy ~ HSS_Continuous * cs_core_reference_share + log_team_size + log_prior_knowledge + C(year) + C(arxiv_primary_category)
C(arxiv_primary_category)[T.q-fin.ST],0.11096814042126718,0.33210277561384205,0.7382754646735119,Citation_Entropy,Citation_Entropy_p,cs_core_reference_share,CS核心参考文献占比,OLS,15843,Citation_Entropy ~ HSS_Continuous * cs_core_reference_share + log_team_size + log_prior_knowledge + C(year) + C(arxiv_primary_category)
C(arxiv_primary_category)[T.q-fin.TR],0.4271626589615137,0.1955225599611784,0.02890915328953514,Citation_Entropy,Citation_Entropy_p,cs_core_reference_share,CS核心参考文献占比,OLS,15843,Citation_Entropy ~ HSS_Continuous * cs_core_reference_share + log_team_size + log_prior_knowledge + C(year) + C(arxiv_primary_category)
C(arxiv_primary_category)[T.quant-ph],-0.06770869969169517,0.17202566483296627,0.6938789652281326,Citation_Entropy,Citation_Entropy_p,cs_core_reference_share,CS核心参考文献占比,OLS,15843,Citation_Entropy ~ HSS_Continuous * cs_core_reference_share + log_team_size + log_prior_knowledge + C(year) + C(arxiv_primary_category)
C(arxiv_primary_category)[T.stat.AP],-0.0832785066968564,0.23049542779285911,0.7178735442692541,Citation_Entropy,Citation_Entropy_p,cs_core_reference_share,CS核心参考文献占比,OLS,15843,Citation_Entropy ~ HSS_Continuous * cs_core_reference_share + log_team_size + log_prior_knowledge + C(year) + C(arxiv_primary_category)
C(arxiv_primary_category)[T.stat.CO],-0.09302167679005734,0.4645761847889096,0.8413014003279782,Citation_Entropy,Citation_Entropy_p,cs_core_reference_share,CS核心参考文献占比,OLS,15843,Citation_Entropy ~ HSS_Continuous * cs_core_reference_share + log_team_size + log_prior_knowledge + C(year) + C(arxiv_primary_category)
C(arxiv_primary_category)[T.stat.ME],-0.5970358912466169,0.26977358830315773,0.026890761576521306,Citation_Entropy,Citation_Entropy_p,cs_core_reference_share,CS核心参考文献占比,OLS,15843,Citation_Entropy ~ HSS_Continuous * cs_core_reference_share + log_team_size + log_prior_knowledge + C(year) + C(arxiv_primary_category)
C(arxiv_primary_category)[T.stat.ML],0.10275391736068748,0.16483436752884012,0.5330369527271666,Citation_Entropy,Citation_Entropy_p,cs_core_reference_share,CS核心参考文献占比,OLS,15843,Citation_Entropy ~ HSS_Continuous * cs_core_reference_share + log_team_size + log_prior_knowledge + C(year) + C(arxiv_primary_category)
HSS_Continuous,0.008704244786765094,0.013965347483064345,0.5331041605261868,Citation_Entropy,Citation_Entropy_p,cs_core_reference_share,CS核心参考文献占比,OLS,15843,Citation_Entropy ~ HSS_Continuous * cs_core_reference_share + log_team_size + log_prior_knowledge + C(year) + C(arxiv_primary_category)
cs_core_reference_share,0.15790454073996385,0.022914976351338722,5.5445091987475885e-12,Citation_Entropy,Citation_Entropy_p,cs_core_reference_share,CS核心参考文献占比,OLS,15843,Citation_Entropy ~ HSS_Continuous * cs_core_reference_share + log_team_size + log_prior_knowledge + C(year) + C(arxiv_primary_category)
HSS_Continuous:cs_core_reference_share,0.017315428165981184,0.021441188414611918,0.4193336601698292,Citation_Entropy,Citation_Entropy_p,cs_core_reference_share,CS核心参考文献占比,OLS,15843,Citation_Entropy ~ HSS_Continuous * cs_core_reference_share + log_team_size + log_prior_knowledge + C(year) + C(arxiv_primary_category)
log_team_size,0.0980384481758226,0.01969003100685807,6.388373634298829e-07,Citation_Entropy,Citation_Entropy_p,cs_core_reference_share,CS核心参考文献占比,OLS,15843,Citation_Entropy ~ HSS_Continuous * cs_core_reference_share + log_team_size + log_prior_knowledge + C(year) + C(arxiv_primary_category)
log_prior_knowledge,0.10281516849233294,0.0066455084714271695,5.413631873097086e-54,Citation_Entropy,Citation_Entropy_p,cs_core_reference_share,CS核心参考文献占比,OLS,15843,Citation_Entropy ~ HSS_Continuous * cs_core_reference_share + log_team_size + log_prior_knowledge + C(year) + C(arxiv_primary_category)
