model_name,model_type,sample_name,formula,term,coef,std_err,stat,p_value,ci_low,ci_high,nobs,aic,bic,rsquared,rsquared_adj
S1_LogRCR_Threshold_YearFE,ols,main,"Log_RCR ~ C(HSS_Bin, Treatment(reference='Pure STEM')) + has_hss_concepts + log_team_size + log_prior_knowledge + HSS_Diversity + C(year) + C(arxiv_primary_category)",Intercept,-0.05663221847024222,0.11219163195435196,-0.5047811274666589,0.6137125726050197,-0.2765237764675451,0.1632593395270607,138824.0,226193.20741356048,227718.55655808988,0.08041788901485092,0.07939663952800302
S1_LogRCR_Threshold_YearFE,ols,main,"Log_RCR ~ C(HSS_Bin, Treatment(reference='Pure STEM')) + has_hss_concepts + log_team_size + log_prior_knowledge + HSS_Diversity + C(year) + C(arxiv_primary_category)","C(HSS_Bin, Treatment(reference='Pure STEM'))[T.Low HSS]",-0.010557367165773794,0.0035124127770242578,-3.005730771403831,0.002649434674680132,-0.017441569707579655,-0.0036731646239679333,138824.0,226193.20741356048,227718.55655808988,0.08041788901485092,0.07939663952800302
S1_LogRCR_Threshold_YearFE,ols,main,"Log_RCR ~ C(HSS_Bin, Treatment(reference='Pure STEM')) + has_hss_concepts + log_team_size + log_prior_knowledge + HSS_Diversity + C(year) + C(arxiv_primary_category)","C(HSS_Bin, Treatment(reference='Pure STEM'))[T.Medium HSS]",0.028248179938959603,0.0066018604033665435,4.278821152376195,1.8788575208893907e-05,0.015308771317400103,0.0411875885605191,138824.0,226193.20741356048,227718.55655808988,0.08041788901485092,0.07939663952800302
S1_LogRCR_Threshold_YearFE,ols,main,"Log_RCR ~ C(HSS_Bin, Treatment(reference='Pure STEM')) + has_hss_concepts + log_team_size + log_prior_knowledge + HSS_Diversity + C(year) + C(arxiv_primary_category)","C(HSS_Bin, Treatment(reference='Pure STEM'))[T.High HSS]",0.08909666410778534,0.012577036941633398,7.084074295182457,1.3997680140305718e-12,0.06444612466995409,0.1137472035456166,138824.0,226193.20741356048,227718.55655808988,0.08041788901485092,0.07939663952800302
S1_LogRCR_Threshold_YearFE,ols,main,"Log_RCR ~ C(HSS_Bin, Treatment(reference='Pure STEM')) + has_hss_concepts + log_team_size + log_prior_knowledge + HSS_Diversity + C(year) + C(arxiv_primary_category)","C(HSS_Bin, Treatment(reference='Pure STEM'))[T.HSS-dominant]",0.14692324284237454,0.017221124325282954,8.531570881621894,1.4437371172189292e-17,0.1131704593915333,0.18067602629321577,138824.0,226193.20741356048,227718.55655808988,0.08041788901485092,0.07939663952800302
S1_LogRCR_Threshold_YearFE,ols,main,"Log_RCR ~ C(HSS_Bin, Treatment(reference='Pure STEM')) + has_hss_concepts + log_team_size + log_prior_knowledge + HSS_Diversity + C(year) + C(arxiv_primary_category)",C(year)[T.2015],0.038304560695891755,0.12599828284356623,0.3040085930651052,0.7611213444978613,-0.20864753579138906,0.28525665718317256,138824.0,226193.20741356048,227718.55655808988,0.08041788901485092,0.07939663952800302
S1_LogRCR_Threshold_YearFE,ols,main,"Log_RCR ~ C(HSS_Bin, Treatment(reference='Pure STEM')) + has_hss_concepts + log_team_size + log_prior_knowledge + HSS_Diversity + C(year) + C(arxiv_primary_category)",C(year)[T.2016],0.07349096398252614,0.11279599454382715,0.651538773869945,0.5146987560647837,-0.1475851229237515,0.29456705088880375,138824.0,226193.20741356048,227718.55655808988,0.08041788901485092,0.07939663952800302
S1_LogRCR_Threshold_YearFE,ols,main,"Log_RCR ~ C(HSS_Bin, Treatment(reference='Pure STEM')) + has_hss_concepts + log_team_size + log_prior_knowledge + HSS_Diversity + C(year) + C(arxiv_primary_category)",C(year)[T.2017],0.07548442025054912,0.10895237580278044,0.6928203235070967,0.48842231632161237,-0.13805831235297383,0.28902715285407204,138824.0,226193.20741356048,227718.55655808988,0.08041788901485092,0.07939663952800302
S1_LogRCR_Threshold_YearFE,ols,main,"Log_RCR ~ C(HSS_Bin, Treatment(reference='Pure STEM')) + has_hss_concepts + log_team_size + log_prior_knowledge + HSS_Diversity + C(year) + C(arxiv_primary_category)",C(year)[T.2018],0.06024665823873579,0.10845692729469103,0.5554892595752606,0.578560054512332,-0.15232501313273777,0.27281832961020935,138824.0,226193.20741356048,227718.55655808988,0.08041788901485092,0.07939663952800302
S1_LogRCR_Threshold_YearFE,ols,main,"Log_RCR ~ C(HSS_Bin, Treatment(reference='Pure STEM')) + has_hss_concepts + log_team_size + log_prior_knowledge + HSS_Diversity + C(year) + C(arxiv_primary_category)",C(year)[T.2019],0.020293145940270423,0.10822661598463593,0.18750605621034366,0.8512638757322362,-0.1918271235582629,0.23241341543880376,138824.0,226193.20741356048,227718.55655808988,0.08041788901485092,0.07939663952800302
S1_LogRCR_Threshold_YearFE,ols,main,"Log_RCR ~ C(HSS_Bin, Treatment(reference='Pure STEM')) + has_hss_concepts + log_team_size + log_prior_knowledge + HSS_Diversity + C(year) + C(arxiv_primary_category)",C(year)[T.2020],-0.019540143394849524,0.10808437661460443,-0.18078601188147342,0.8565355430926103,-0.23138162885093747,0.19230134206123842,138824.0,226193.20741356048,227718.55655808988,0.08041788901485092,0.07939663952800302
S1_LogRCR_Threshold_YearFE,ols,main,"Log_RCR ~ C(HSS_Bin, Treatment(reference='Pure STEM')) + has_hss_concepts + log_team_size + log_prior_knowledge + HSS_Diversity + C(year) + C(arxiv_primary_category)",C(year)[T.2021],-0.027555195025073632,0.10803697664365519,-0.25505337043964654,0.7986818782916261,-0.23930377824523283,0.18419338819508554,138824.0,226193.20741356048,227718.55655808988,0.08041788901485092,0.07939663952800302
S1_LogRCR_Threshold_YearFE,ols,main,"Log_RCR ~ C(HSS_Bin, Treatment(reference='Pure STEM')) + has_hss_concepts + log_team_size + log_prior_knowledge + HSS_Diversity + C(year) + C(arxiv_primary_category)",C(year)[T.2022],-0.011394994951458189,0.10800123954655223,-0.10550800156832048,0.915972721095943,-0.22307353474838357,0.2002835448454672,138824.0,226193.20741356048,227718.55655808988,0.08041788901485092,0.07939663952800302
S1_LogRCR_Threshold_YearFE,ols,main,"Log_RCR ~ C(HSS_Bin, Treatment(reference='Pure STEM')) + has_hss_concepts + log_team_size + log_prior_knowledge + HSS_Diversity + C(year) + C(arxiv_primary_category)",C(year)[T.2023],0.009004954708472167,0.1079261201868123,0.08343628671988988,0.9335046364592389,-0.20252635384882123,0.2205362632657656,138824.0,226193.20741356048,227718.55655808988,0.08041788901485092,0.07939663952800302
S1_LogRCR_Threshold_YearFE,ols,main,"Log_RCR ~ C(HSS_Bin, Treatment(reference='Pure STEM')) + has_hss_concepts + log_team_size + log_prior_knowledge + HSS_Diversity + C(year) + C(arxiv_primary_category)",C(year)[T.2024],0.01895049833349147,0.10790545576292793,0.17562131774992343,0.8605914535096819,-0.1925403086972273,0.23044130536421023,138824.0,226193.20741356048,227718.55655808988,0.08041788901485092,0.07939663952800302
S1_LogRCR_Threshold_YearFE,ols,main,"Log_RCR ~ C(HSS_Bin, Treatment(reference='Pure STEM')) + has_hss_concepts + log_team_size + log_prior_knowledge + HSS_Diversity + C(year) + C(arxiv_primary_category)",C(year)[T.2025],-0.19374306930217694,0.10791434239066217,-1.7953412401921984,0.0725993482041347,-0.4052512938031988,0.017765155198844945,138824.0,226193.20741356048,227718.55655808988,0.08041788901485092,0.07939663952800302
S1_LogRCR_Threshold_YearFE,ols,main,"Log_RCR ~ C(HSS_Bin, Treatment(reference='Pure STEM')) + has_hss_concepts + log_team_size + log_prior_knowledge + HSS_Diversity + C(year) + C(arxiv_primary_category)",C(year)[T.2026],-0.31837596981936556,0.10790197968473733,-2.95060360106071,0.003171536612033528,-0.5298599638620233,-0.10689197577670781,138824.0,226193.20741356048,227718.55655808988,0.08041788901485092,0.07939663952800302
S1_LogRCR_Threshold_YearFE,ols,main,"Log_RCR ~ C(HSS_Bin, Treatment(reference='Pure STEM')) + has_hss_concepts + log_team_size + log_prior_knowledge + HSS_Diversity + C(year) + C(arxiv_primary_category)",C(arxiv_primary_category)[T.astro-ph.EP],-0.13316153221059876,0.054719463550372785,-2.4335313903071256,0.014952338873337745,-0.24040971002268166,-0.02591335439851586,138824.0,226193.20741356048,227718.55655808988,0.08041788901485092,0.07939663952800302
S1_LogRCR_Threshold_YearFE,ols,main,"Log_RCR ~ C(HSS_Bin, Treatment(reference='Pure STEM')) + has_hss_concepts + log_team_size + log_prior_knowledge + HSS_Diversity + C(year) + C(arxiv_primary_category)",C(arxiv_primary_category)[T.astro-ph.GA],0.005024478124654741,0.0931924824968032,0.053915058275511615,0.9570028393468437,-0.1776294311989589,0.18767838744826837,138824.0,226193.20741356048,227718.55655808988,0.08041788901485092,0.07939663952800302
S1_LogRCR_Threshold_YearFE,ols,main,"Log_RCR ~ C(HSS_Bin, Treatment(reference='Pure STEM')) + has_hss_concepts + log_team_size + log_prior_knowledge + HSS_Diversity + C(year) + C(arxiv_primary_category)",C(arxiv_primary_category)[T.astro-ph.HE],-0.0860147802361085,0.06534355299428261,-1.316346851289745,0.18805765244629513,-0.21408579072678685,0.04205623025456984,138824.0,226193.20741356048,227718.55655808988,0.08041788901485092,0.07939663952800302
S1_LogRCR_Threshold_YearFE,ols,main,"Log_RCR ~ C(HSS_Bin, Treatment(reference='Pure STEM')) + has_hss_concepts + log_team_size + log_prior_knowledge + HSS_Diversity + C(year) + C(arxiv_primary_category)",C(arxiv_primary_category)[T.astro-ph.IM],-0.028697125725300858,0.04470357568337781,-0.641942513246683,0.5209105093547961,-0.1163145240448819,0.05892027259428018,138824.0,226193.20741356048,227718.55655808988,0.08041788901485092,0.07939663952800302
S1_LogRCR_Threshold_YearFE,ols,main,"Log_RCR ~ C(HSS_Bin, Treatment(reference='Pure STEM')) + has_hss_concepts + log_team_size + log_prior_knowledge + HSS_Diversity + C(year) + C(arxiv_primary_category)",C(arxiv_primary_category)[T.astro-ph.SR],-0.06655587641416359,0.10118108044500042,-0.6577897381748335,0.5106732492743794,-0.26486715000321437,0.13175539717488716,138824.0,226193.20741356048,227718.55655808988,0.08041788901485092,0.07939663952800302
S1_LogRCR_Threshold_YearFE,ols,main,"Log_RCR ~ C(HSS_Bin, Treatment(reference='Pure STEM')) + has_hss_concepts + log_team_size + log_prior_knowledge + HSS_Diversity + C(year) + C(arxiv_primary_category)",C(arxiv_primary_category)[T.cond-mat.dis-nn],0.05658236786520142,0.08387509882551476,0.6746026968374682,0.4999282191411768,-0.1078098050325453,0.22097454076294815,138824.0,226193.20741356048,227718.55655808988,0.08041788901485092,0.07939663952800302
S1_LogRCR_Threshold_YearFE,ols,main,"Log_RCR ~ C(HSS_Bin, Treatment(reference='Pure STEM')) + has_hss_concepts + log_team_size + log_prior_knowledge + HSS_Diversity + C(year) + C(arxiv_primary_category)",C(arxiv_primary_category)[T.cond-mat.mes-hall],-0.10968478977623351,0.05580823538457348,-1.965387169481309,0.0493694433620705,-0.2190669211707314,-0.0003026583817356404,138824.0,226193.20741356048,227718.55655808988,0.08041788901485092,0.07939663952800302
S1_LogRCR_Threshold_YearFE,ols,main,"Log_RCR ~ C(HSS_Bin, Treatment(reference='Pure STEM')) + has_hss_concepts + log_team_size + log_prior_knowledge + HSS_Diversity + C(year) + C(arxiv_primary_category)",C(arxiv_primary_category)[T.cond-mat.mtrl-sci],0.3483442825705343,0.06766597763766127,5.147997483105219,2.6328202421093444e-07,0.2157214034220255,0.4809671617190431,138824.0,226193.20741356048,227718.55655808988,0.08041788901485092,0.07939663952800302
S1_LogRCR_Threshold_YearFE,ols,main,"Log_RCR ~ C(HSS_Bin, Treatment(reference='Pure STEM')) + has_hss_concepts + log_team_size + log_prior_knowledge + HSS_Diversity + C(year) + C(arxiv_primary_category)",C(arxiv_primary_category)[T.cond-mat.other],0.021616107371603563,0.04514805823774503,0.4787826589966586,0.6320932544155836,-0.06687246074629359,0.11010467548950072,138824.0,226193.20741356048,227718.55655808988,0.08041788901485092,0.07939663952800302
S1_LogRCR_Threshold_YearFE,ols,main,"Log_RCR ~ C(HSS_Bin, Treatment(reference='Pure STEM')) + has_hss_concepts + log_team_size + log_prior_knowledge + HSS_Diversity + C(year) + C(arxiv_primary_category)",C(arxiv_primary_category)[T.cond-mat.quant-gas],-0.22663482036622373,0.03507181406038685,-6.462021610173988,1.033133402427911e-10,-0.29537431279706744,-0.15789532793538003,138824.0,226193.20741356048,227718.55655808988,0.08041788901485092,0.07939663952800302
S1_LogRCR_Threshold_YearFE,ols,main,"Log_RCR ~ C(HSS_Bin, Treatment(reference='Pure STEM')) + has_hss_concepts + log_team_size + log_prior_knowledge + HSS_Diversity + C(year) + C(arxiv_primary_category)",C(arxiv_primary_category)[T.cond-mat.soft],-0.025003516360148855,0.06723740354119163,-0.3718691538234512,0.7099902724540084,-0.15678640571487035,0.10677937299457263,138824.0,226193.20741356048,227718.55655808988,0.08041788901485092,0.07939663952800302
S1_LogRCR_Threshold_YearFE,ols,main,"Log_RCR ~ C(HSS_Bin, Treatment(reference='Pure STEM')) + has_hss_concepts + log_team_size + log_prior_knowledge + HSS_Diversity + C(year) + C(arxiv_primary_category)",C(arxiv_primary_category)[T.cond-mat.stat-mech],0.0488284921790611,0.08096136755535943,0.6031085399548538,0.5464364856210417,-0.10985287236855304,0.20750985672667524,138824.0,226193.20741356048,227718.55655808988,0.08041788901485092,0.07939663952800302
S1_LogRCR_Threshold_YearFE,ols,main,"Log_RCR ~ C(HSS_Bin, Treatment(reference='Pure STEM')) + has_hss_concepts + log_team_size + log_prior_knowledge + HSS_Diversity + C(year) + C(arxiv_primary_category)",C(arxiv_primary_category)[T.cond-mat.str-el],-0.02035006182319342,0.05757950489287134,-0.3534254395041328,0.7237695168669,-0.13320381766086908,0.09250369401448223,138824.0,226193.20741356048,227718.55655808988,0.08041788901485092,0.07939663952800302
S1_LogRCR_Threshold_YearFE,ols,main,"Log_RCR ~ C(HSS_Bin, Treatment(reference='Pure STEM')) + has_hss_concepts + log_team_size + log_prior_knowledge + HSS_Diversity + C(year) + C(arxiv_primary_category)",C(arxiv_primary_category)[T.cond-mat.supr-con],-0.09014489714222351,0.10126141519618836,-0.8902196060322956,0.3733479790841524,-0.28861362395030965,0.10832382966586263,138824.0,226193.20741356048,227718.55655808988,0.08041788901485092,0.07939663952800302
S1_LogRCR_Threshold_YearFE,ols,main,"Log_RCR ~ C(HSS_Bin, Treatment(reference='Pure STEM')) + has_hss_concepts + log_team_size + log_prior_knowledge + HSS_Diversity + C(year) + C(arxiv_primary_category)",C(arxiv_primary_category)[T.cs.AI],0.11260988070247818,0.03096447703412701,3.636744149703125,0.0002761059336094294,0.05192062091547161,0.17329914048948475,138824.0,226193.20741356048,227718.55655808988,0.08041788901485092,0.07939663952800302
S1_LogRCR_Threshold_YearFE,ols,main,"Log_RCR ~ C(HSS_Bin, Treatment(reference='Pure STEM')) + has_hss_concepts + log_team_size + log_prior_knowledge + HSS_Diversity + C(year) + C(arxiv_primary_category)",C(arxiv_primary_category)[T.cs.AR],0.021281732126319983,0.03539360358410216,0.6012875200952739,0.5476485003402789,-0.04808845618160802,0.09065192043424798,138824.0,226193.20741356048,227718.55655808988,0.08041788901485092,0.07939663952800302
S1_LogRCR_Threshold_YearFE,ols,main,"Log_RCR ~ C(HSS_Bin, Treatment(reference='Pure STEM')) + has_hss_concepts + log_team_size + log_prior_knowledge + HSS_Diversity + C(year) + C(arxiv_primary_category)",C(arxiv_primary_category)[T.cs.CC],-0.06531619975100375,0.052384663196645434,-1.2468573006915202,0.21244982563328962,-0.16798825295868966,0.03735585345668216,138824.0,226193.20741356048,227718.55655808988,0.08041788901485092,0.07939663952800302
S1_LogRCR_Threshold_YearFE,ols,main,"Log_RCR ~ C(HSS_Bin, Treatment(reference='Pure STEM')) + has_hss_concepts + log_team_size + log_prior_knowledge + HSS_Diversity + C(year) + C(arxiv_primary_category)",C(arxiv_primary_category)[T.cs.CE],0.11948056954395715,0.04690205156288359,2.5474486842812074,0.010851381139426752,0.027554237679664764,0.21140690140824953,138824.0,226193.20741356048,227718.55655808988,0.08041788901485092,0.07939663952800302
S1_LogRCR_Threshold_YearFE,ols,main,"Log_RCR ~ C(HSS_Bin, Treatment(reference='Pure STEM')) + has_hss_concepts + log_team_size + log_prior_knowledge + HSS_Diversity + C(year) + C(arxiv_primary_category)",C(arxiv_primary_category)[T.cs.CG],-0.03280846994040079,0.04906425158280362,-0.6686837948609357,0.5036972069362038,-0.12897263597110822,0.06335569609030664,138824.0,226193.20741356048,227718.55655808988,0.08041788901485092,0.07939663952800302
S1_LogRCR_Threshold_YearFE,ols,main,"Log_RCR ~ C(HSS_Bin, Treatment(reference='Pure STEM')) + has_hss_concepts + log_team_size + log_prior_knowledge + HSS_Diversity + C(year) + C(arxiv_primary_category)",C(arxiv_primary_category)[T.cs.CL],0.059359602561771536,0.030409278794321752,1.9520227021252343,0.05093550935688786,-0.00024148867093669313,0.11896069379447977,138824.0,226193.20741356048,227718.55655808988,0.08041788901485092,0.07939663952800302
S1_LogRCR_Threshold_YearFE,ols,main,"Log_RCR ~ C(HSS_Bin, Treatment(reference='Pure STEM')) + has_hss_concepts + log_team_size + log_prior_knowledge + HSS_Diversity + C(year) + C(arxiv_primary_category)",C(arxiv_primary_category)[T.cs.CR],0.12024655970113104,0.03171141519956235,3.791901400313114,0.00014949827216677094,0.05809332801119278,0.18239979139106932,138824.0,226193.20741356048,227718.55655808988,0.08041788901485092,0.07939663952800302
S1_LogRCR_Threshold_YearFE,ols,main,"Log_RCR ~ C(HSS_Bin, Treatment(reference='Pure STEM')) + has_hss_concepts + log_team_size + log_prior_knowledge + HSS_Diversity + C(year) + C(arxiv_primary_category)",C(arxiv_primary_category)[T.cs.CV],0.020709254806514043,0.030322579762506886,0.6829648060525682,0.4946290815994421,-0.03872190944634256,0.08014041905937065,138824.0,226193.20741356048,227718.55655808988,0.08041788901485092,0.07939663952800302
S1_LogRCR_Threshold_YearFE,ols,main,"Log_RCR ~ C(HSS_Bin, Treatment(reference='Pure STEM')) + has_hss_concepts + log_team_size + log_prior_knowledge + HSS_Diversity + C(year) + C(arxiv_primary_category)",C(arxiv_primary_category)[T.cs.CY],0.30475601155859783,0.03667961395017406,8.308593759263152,9.684284285184204e-17,0.23286528924942373,0.3766467338677719,138824.0,226193.20741356048,227718.55655808988,0.08041788901485092,0.07939663952800302
S1_LogRCR_Threshold_YearFE,ols,main,"Log_RCR ~ C(HSS_Bin, Treatment(reference='Pure STEM')) + has_hss_concepts + log_team_size + log_prior_knowledge + HSS_Diversity + C(year) + C(arxiv_primary_category)",C(arxiv_primary_category)[T.cs.DB],0.1029851598169349,0.03879334576800374,2.6547119816067983,0.007937614928090987,0.026951599271838253,0.17901872036203154,138824.0,226193.20741356048,227718.55655808988,0.08041788901485092,0.07939663952800302
S1_LogRCR_Threshold_YearFE,ols,main,"Log_RCR ~ C(HSS_Bin, Treatment(reference='Pure STEM')) + has_hss_concepts + log_team_size + log_prior_knowledge + HSS_Diversity + C(year) + C(arxiv_primary_category)",C(arxiv_primary_category)[T.cs.DC],0.03760557833303144,0.03427701803865594,1.0971076390198737,0.27259434127884674,-0.02957614252016396,0.10478729918622684,138824.0,226193.20741356048,227718.55655808988,0.08041788901485092,0.07939663952800302
S1_LogRCR_Threshold_YearFE,ols,main,"Log_RCR ~ C(HSS_Bin, Treatment(reference='Pure STEM')) + has_hss_concepts + log_team_size + log_prior_knowledge + HSS_Diversity + C(year) + C(arxiv_primary_category)",C(arxiv_primary_category)[T.cs.DL],0.19475206443304277,0.05792947900069157,3.361881856916369,0.000774132374568704,0.08121237194851794,0.3082917569175676,138824.0,226193.20741356048,227718.55655808988,0.08041788901485092,0.07939663952800302
S1_LogRCR_Threshold_YearFE,ols,main,"Log_RCR ~ C(HSS_Bin, Treatment(reference='Pure STEM')) + has_hss_concepts + log_team_size + log_prior_knowledge + HSS_Diversity + C(year) + C(arxiv_primary_category)",C(arxiv_primary_category)[T.cs.DM],0.042146571225354784,0.1038257649000199,0.40593557163715827,0.6847899405116373,-0.1613481886460071,0.24564133109671668,138824.0,226193.20741356048,227718.55655808988,0.08041788901485092,0.07939663952800302
S1_LogRCR_Threshold_YearFE,ols,main,"Log_RCR ~ C(HSS_Bin, Treatment(reference='Pure STEM')) + has_hss_concepts + log_team_size + log_prior_knowledge + HSS_Diversity + C(year) + C(arxiv_primary_category)",C(arxiv_primary_category)[T.cs.DS],-0.046311291788645466,0.04043095690573839,-1.1454413977046503,0.2520263579132045,-0.1255545111843837,0.03293192760709277,138824.0,226193.20741356048,227718.55655808988,0.08041788901485092,0.07939663952800302
S1_LogRCR_Threshold_YearFE,ols,main,"Log_RCR ~ C(HSS_Bin, Treatment(reference='Pure STEM')) + has_hss_concepts + log_team_size + log_prior_knowledge + HSS_Diversity + C(year) + C(arxiv_primary_category)",C(arxiv_primary_category)[T.cs.ET],0.09927971829882361,0.07085420007232152,1.401183249510797,0.16115928196967677,-0.03959196199632185,0.23815139859396905,138824.0,226193.20741356048,227718.55655808988,0.08041788901485092,0.07939663952800302
S1_LogRCR_Threshold_YearFE,ols,main,"Log_RCR ~ C(HSS_Bin, Treatment(reference='Pure STEM')) + has_hss_concepts + log_team_size + log_prior_knowledge + HSS_Diversity + C(year) + C(arxiv_primary_category)",C(arxiv_primary_category)[T.cs.FL],0.06091802135099474,0.1085774040374979,0.5610561598061077,0.5747592531213725,-0.151889780097355,0.2737258227993445,138824.0,226193.20741356048,227718.55655808988,0.08041788901485092,0.07939663952800302
S1_LogRCR_Threshold_YearFE,ols,main,"Log_RCR ~ C(HSS_Bin, Treatment(reference='Pure STEM')) + has_hss_concepts + log_team_size + log_prior_knowledge + HSS_Diversity + C(year) + C(arxiv_primary_category)",C(arxiv_primary_category)[T.cs.GL],0.8297529471938604,0.6451841976575388,1.2860714044243997,0.1984181428285443,-0.43478484360928704,2.094290737997008,138824.0,226193.20741356048,227718.55655808988,0.08041788901485092,0.07939663952800302
S1_LogRCR_Threshold_YearFE,ols,main,"Log_RCR ~ C(HSS_Bin, Treatment(reference='Pure STEM')) + has_hss_concepts + log_team_size + log_prior_knowledge + HSS_Diversity + C(year) + C(arxiv_primary_category)",C(arxiv_primary_category)[T.cs.GR],-0.029653528254659847,0.035042027953412845,-0.8462275155445678,0.39742583493277617,-0.09833464098859485,0.03902758447927515,138824.0,226193.20741356048,227718.55655808988,0.08041788901485092,0.07939663952800302
S1_LogRCR_Threshold_YearFE,ols,main,"Log_RCR ~ C(HSS_Bin, Treatment(reference='Pure STEM')) + has_hss_concepts + log_team_size + log_prior_knowledge + HSS_Diversity + C(year) + C(arxiv_primary_category)",C(arxiv_primary_category)[T.cs.GT],-0.07392605634331384,0.039639968767403194,-1.8649373004578358,0.06219019327742656,-0.15161896747571668,0.0037668547890890164,138824.0,226193.20741356048,227718.55655808988,0.08041788901485092,0.07939663952800302
S1_LogRCR_Threshold_YearFE,ols,main,"Log_RCR ~ C(HSS_Bin, Treatment(reference='Pure STEM')) + has_hss_concepts + log_team_size + log_prior_knowledge + HSS_Diversity + C(year) + C(arxiv_primary_category)",C(arxiv_primary_category)[T.cs.HC],0.15767023844931244,0.033149306668459035,4.756366099183993,1.9710887394073064e-06,0.09269879126665928,0.2226416856319656,138824.0,226193.20741356048,227718.55655808988,0.08041788901485092,0.07939663952800302
S1_LogRCR_Threshold_YearFE,ols,main,"Log_RCR ~ C(HSS_Bin, Treatment(reference='Pure STEM')) + has_hss_concepts + log_team_size + log_prior_knowledge + HSS_Diversity + C(year) + C(arxiv_primary_category)",C(arxiv_primary_category)[T.cs.IR],0.050850998732356996,0.03170622545098287,1.6038174840764798,0.10875428950031726,-0.011292061237276656,0.11299405870199064,138824.0,226193.20741356048,227718.55655808988,0.08041788901485092,0.07939663952800302
S1_LogRCR_Threshold_YearFE,ols,main,"Log_RCR ~ C(HSS_Bin, Treatment(reference='Pure STEM')) + has_hss_concepts + log_team_size + log_prior_knowledge + HSS_Diversity + C(year) + C(arxiv_primary_category)",C(arxiv_primary_category)[T.cs.IT],-0.1484433318310964,0.03102025639542278,-4.785367662305979,1.7067461316259752e-06,-0.20924191715732332,-0.08764474650486948,138824.0,226193.20741356048,227718.55655808988,0.08041788901485092,0.07939663952800302
S1_LogRCR_Threshold_YearFE,ols,main,"Log_RCR ~ C(HSS_Bin, Treatment(reference='Pure STEM')) + has_hss_concepts + log_team_size + log_prior_knowledge + HSS_Diversity + C(year) + C(arxiv_primary_category)",C(arxiv_primary_category)[T.cs.LG],0.10322291502070848,0.030440024582457155,3.3910260072587692,0.0006963149319423552,0.043561563150578554,0.1628842668908384,138824.0,226193.20741356048,227718.55655808988,0.08041788901485092,0.07939663952800302
S1_LogRCR_Threshold_YearFE,ols,main,"Log_RCR ~ C(HSS_Bin, Treatment(reference='Pure STEM')) + has_hss_concepts + log_team_size + log_prior_knowledge + HSS_Diversity + C(year) + C(arxiv_primary_category)",C(arxiv_primary_category)[T.cs.LO],3.0171332959360447e-06,0.042546739833475004,7.091338391013967e-05,0.9999434193058713,-0.08338706059991077,0.08339309486650265,138824.0,226193.20741356048,227718.55655808988,0.08041788901485092,0.07939663952800302
S1_LogRCR_Threshold_YearFE,ols,main,"Log_RCR ~ C(HSS_Bin, Treatment(reference='Pure STEM')) + has_hss_concepts + log_team_size + log_prior_knowledge + HSS_Diversity + C(year) + C(arxiv_primary_category)",C(arxiv_primary_category)[T.cs.MA],0.14195057105472478,0.04300921822388087,3.300468525510346,0.0009652353970357669,0.05765405233269452,0.22624708977675503,138824.0,226193.20741356048,227718.55655808988,0.08041788901485092,0.07939663952800302
S1_LogRCR_Threshold_YearFE,ols,main,"Log_RCR ~ C(HSS_Bin, Treatment(reference='Pure STEM')) + has_hss_concepts + log_team_size + log_prior_knowledge + HSS_Diversity + C(year) + C(arxiv_primary_category)",C(arxiv_primary_category)[T.cs.MM],-0.05455249032417213,0.037310701434119714,-1.4621137697048285,0.14371003601765808,-0.12768012137297371,0.018575140724629458,138824.0,226193.20741356048,227718.55655808988,0.08041788901485092,0.07939663952800302
S1_LogRCR_Threshold_YearFE,ols,main,"Log_RCR ~ C(HSS_Bin, Treatment(reference='Pure STEM')) + has_hss_concepts + log_team_size + log_prior_knowledge + HSS_Diversity + C(year) + C(arxiv_primary_category)",C(arxiv_primary_category)[T.cs.MS],0.0241739442200036,0.09251282756162957,0.2613037008721798,0.7938583128079623,-0.15714786590875482,0.20549575434876202,138824.0,226193.20741356048,227718.55655808988,0.08041788901485092,0.07939663952800302
S1_LogRCR_Threshold_YearFE,ols,main,"Log_RCR ~ C(HSS_Bin, Treatment(reference='Pure STEM')) + has_hss_concepts + log_team_size + log_prior_knowledge + HSS_Diversity + C(year) + C(arxiv_primary_category)",C(arxiv_primary_category)[T.cs.NE],0.10913267845011143,0.04157766091163227,2.624791199342798,0.008670211817418378,0.02764196050189338,0.19062339639832948,138824.0,226193.20741356048,227718.55655808988,0.08041788901485092,0.07939663952800302
S1_LogRCR_Threshold_YearFE,ols,main,"Log_RCR ~ C(HSS_Bin, Treatment(reference='Pure STEM')) + has_hss_concepts + log_team_size + log_prior_knowledge + HSS_Diversity + C(year) + C(arxiv_primary_category)",C(arxiv_primary_category)[T.cs.NI],0.01103790306368923,0.0358126713054636,0.3082122238115558,0.7579208516775511,-0.059153642885190476,0.08122944901256893,138824.0,226193.20741356048,227718.55655808988,0.08041788901485092,0.07939663952800302
S1_LogRCR_Threshold_YearFE,ols,main,"Log_RCR ~ C(HSS_Bin, Treatment(reference='Pure STEM')) + has_hss_concepts + log_team_size + log_prior_knowledge + HSS_Diversity + C(year) + C(arxiv_primary_category)",C(arxiv_primary_category)[T.cs.OH],0.0827047710789679,0.1621001210436033,0.5102079538652605,0.6099057804212075,-0.2350056280560779,0.4004151702140137,138824.0,226193.20741356048,227718.55655808988,0.08041788901485092,0.07939663952800302
S1_LogRCR_Threshold_YearFE,ols,main,"Log_RCR ~ C(HSS_Bin, Treatment(reference='Pure STEM')) + has_hss_concepts + log_team_size + log_prior_knowledge + HSS_Diversity + C(year) + C(arxiv_primary_category)",C(arxiv_primary_category)[T.cs.OS],0.1890734685260469,0.1312601875057625,1.4404479539368809,0.14974070484290558,-0.06819177158922196,0.44633870864131575,138824.0,226193.20741356048,227718.55655808988,0.08041788901485092,0.07939663952800302
S1_LogRCR_Threshold_YearFE,ols,main,"Log_RCR ~ C(HSS_Bin, Treatment(reference='Pure STEM')) + has_hss_concepts + log_team_size + log_prior_knowledge + HSS_Diversity + C(year) + C(arxiv_primary_category)",C(arxiv_primary_category)[T.cs.PF],0.0380879006574611,0.059091639261112626,0.6445565080562287,0.519214627042651,-0.0777295840817527,0.1539053853966749,138824.0,226193.20741356048,227718.55655808988,0.08041788901485092,0.07939663952800302
S1_LogRCR_Threshold_YearFE,ols,main,"Log_RCR ~ C(HSS_Bin, Treatment(reference='Pure STEM')) + has_hss_concepts + log_team_size + log_prior_knowledge + HSS_Diversity + C(year) + C(arxiv_primary_category)",C(arxiv_primary_category)[T.cs.PL],0.04152886204629862,0.04620948122211377,0.8987086837587084,0.3688078503935077,-0.04904005689332429,0.1320977809859215,138824.0,226193.20741356048,227718.55655808988,0.08041788901485092,0.07939663952800302
S1_LogRCR_Threshold_YearFE,ols,main,"Log_RCR ~ C(HSS_Bin, Treatment(reference='Pure STEM')) + has_hss_concepts + log_team_size + log_prior_knowledge + HSS_Diversity + C(year) + C(arxiv_primary_category)",C(arxiv_primary_category)[T.cs.RO],0.030818214833751897,0.0315865246082224,0.9756760269133724,0.32922503581009777,-0.031090235795152146,0.09272666546265594,138824.0,226193.20741356048,227718.55655808988,0.08041788901485092,0.07939663952800302
S1_LogRCR_Threshold_YearFE,ols,main,"Log_RCR ~ C(HSS_Bin, Treatment(reference='Pure STEM')) + has_hss_concepts + log_team_size + log_prior_knowledge + HSS_Diversity + C(year) + C(arxiv_primary_category)",C(arxiv_primary_category)[T.cs.SC],-0.005370031007432226,0.06626155780483914,-0.08104293326831576,0.9354078089655652,-0.13524029786443587,0.12450023584957143,138824.0,226193.20741356048,227718.55655808988,0.08041788901485092,0.07939663952800302
S1_LogRCR_Threshold_YearFE,ols,main,"Log_RCR ~ C(HSS_Bin, Treatment(reference='Pure STEM')) + has_hss_concepts + log_team_size + log_prior_knowledge + HSS_Diversity + C(year) + C(arxiv_primary_category)",C(arxiv_primary_category)[T.cs.SD],-0.04987115522751112,0.031383123597923196,-1.5891074408798296,0.11203613817622007,-0.11138094720180966,0.011638636746787424,138824.0,226193.20741356048,227718.55655808988,0.08041788901485092,0.07939663952800302
S1_LogRCR_Threshold_YearFE,ols,main,"Log_RCR ~ C(HSS_Bin, Treatment(reference='Pure STEM')) + has_hss_concepts + log_team_size + log_prior_knowledge + HSS_Diversity + C(year) + C(arxiv_primary_category)",C(arxiv_primary_category)[T.cs.SE],0.1281673048146441,0.031788673505192634,4.031854452615274,5.533845635799471e-05,0.0658626496281639,0.19047196000112432,138824.0,226193.20741356048,227718.55655808988,0.08041788901485092,0.07939663952800302
S1_LogRCR_Threshold_YearFE,ols,main,"Log_RCR ~ C(HSS_Bin, Treatment(reference='Pure STEM')) + has_hss_concepts + log_team_size + log_prior_knowledge + HSS_Diversity + C(year) + C(arxiv_primary_category)",C(arxiv_primary_category)[T.cs.SI],0.0031090839978153845,0.038427895009567926,0.08090695566440141,0.9355159482828682,-0.07220820622262422,0.07842637421825499,138824.0,226193.20741356048,227718.55655808988,0.08041788901485092,0.07939663952800302
S1_LogRCR_Threshold_YearFE,ols,main,"Log_RCR ~ C(HSS_Bin, Treatment(reference='Pure STEM')) + has_hss_concepts + log_team_size + log_prior_knowledge + HSS_Diversity + C(year) + C(arxiv_primary_category)",C(arxiv_primary_category)[T.econ.EM],-0.01959149181781214,0.06399277150779221,-0.30615163800846695,0.7594891927682431,-0.1450150192439858,0.10583203560836152,138824.0,226193.20741356048,227718.55655808988,0.08041788901485092,0.07939663952800302
S1_LogRCR_Threshold_YearFE,ols,main,"Log_RCR ~ C(HSS_Bin, Treatment(reference='Pure STEM')) + has_hss_concepts + log_team_size + log_prior_knowledge + HSS_Diversity + C(year) + C(arxiv_primary_category)",C(arxiv_primary_category)[T.econ.GN],0.2588928120648504,0.08432129398994283,3.070313556807241,0.0021383414689094514,0.09362611271474872,0.424159511414952,138824.0,226193.20741356048,227718.55655808988,0.08041788901485092,0.07939663952800302
S1_LogRCR_Threshold_YearFE,ols,main,"Log_RCR ~ C(HSS_Bin, Treatment(reference='Pure STEM')) + has_hss_concepts + log_team_size + log_prior_knowledge + HSS_Diversity + C(year) + C(arxiv_primary_category)",C(arxiv_primary_category)[T.econ.TH],0.05132657689773146,0.17245661207764099,0.2976202320072479,0.7659930310677553,-0.2866821716702402,0.3893353254657031,138824.0,226193.20741356048,227718.55655808988,0.08041788901485092,0.07939663952800302
S1_LogRCR_Threshold_YearFE,ols,main,"Log_RCR ~ C(HSS_Bin, Treatment(reference='Pure STEM')) + has_hss_concepts + log_team_size + log_prior_knowledge + HSS_Diversity + C(year) + C(arxiv_primary_category)",C(arxiv_primary_category)[T.eess.AS],-0.07040894590394946,0.03184546519752784,-2.21095673959303,0.027038832926474462,-0.13282491076202774,-0.007992981045871178,138824.0,226193.20741356048,227718.55655808988,0.08041788901485092,0.07939663952800302
S1_LogRCR_Threshold_YearFE,ols,main,"Log_RCR ~ C(HSS_Bin, Treatment(reference='Pure STEM')) + has_hss_concepts + log_team_size + log_prior_knowledge + HSS_Diversity + C(year) + C(arxiv_primary_category)",C(arxiv_primary_category)[T.eess.IV],0.03278742876371742,0.03170862115594281,1.0340225329404595,0.30112562934785236,-0.029360326701355292,0.09493518422879013,138824.0,226193.20741356048,227718.55655808988,0.08041788901485092,0.07939663952800302
S1_LogRCR_Threshold_YearFE,ols,main,"Log_RCR ~ C(HSS_Bin, Treatment(reference='Pure STEM')) + has_hss_concepts + log_team_size + log_prior_knowledge + HSS_Diversity + C(year) + C(arxiv_primary_category)",C(arxiv_primary_category)[T.eess.SP],-0.044529212062349624,0.03251876529902223,-1.3693389540742658,0.17089334679023216,-0.10826482087014408,0.01920639674544483,138824.0,226193.20741356048,227718.55655808988,0.08041788901485092,0.07939663952800302
S1_LogRCR_Threshold_YearFE,ols,main,"Log_RCR ~ C(HSS_Bin, Treatment(reference='Pure STEM')) + has_hss_concepts + log_team_size + log_prior_knowledge + HSS_Diversity + C(year) + C(arxiv_primary_category)",C(arxiv_primary_category)[T.eess.SY],0.029415744471044274,0.038455685402026527,0.7649257623033845,0.44431575221953246,-0.04595601391773043,0.10478750285981897,138824.0,226193.20741356048,227718.55655808988,0.08041788901485092,0.07939663952800302
S1_LogRCR_Threshold_YearFE,ols,main,"Log_RCR ~ C(HSS_Bin, Treatment(reference='Pure STEM')) + has_hss_concepts + log_team_size + log_prior_knowledge + HSS_Diversity + C(year) + C(arxiv_primary_category)",C(arxiv_primary_category)[T.gr-qc],-0.07846645626269635,0.048059483318516866,-1.632694545271234,0.10253325524030478,-0.17266131268259294,0.015728400157200215,138824.0,226193.20741356048,227718.55655808988,0.08041788901485092,0.07939663952800302
S1_LogRCR_Threshold_YearFE,ols,main,"Log_RCR ~ C(HSS_Bin, Treatment(reference='Pure STEM')) + has_hss_concepts + log_team_size + log_prior_knowledge + HSS_Diversity + C(year) + C(arxiv_primary_category)",C(arxiv_primary_category)[T.hep-ex],0.16094164472320446,0.06827281538577845,2.357331301101278,0.01840681665512686,0.027129385443926624,0.2947539040024823,138824.0,226193.20741356048,227718.55655808988,0.08041788901485092,0.07939663952800302
S1_LogRCR_Threshold_YearFE,ols,main,"Log_RCR ~ C(HSS_Bin, Treatment(reference='Pure STEM')) + has_hss_concepts + log_team_size + log_prior_knowledge + HSS_Diversity + C(year) + C(arxiv_primary_category)",C(arxiv_primary_category)[T.hep-lat],0.021870187095524424,0.05333805090077458,0.4100297391108235,0.681784132156632,-0.08267047167555794,0.12641084586660678,138824.0,226193.20741356048,227718.55655808988,0.08041788901485092,0.07939663952800302
S1_LogRCR_Threshold_YearFE,ols,main,"Log_RCR ~ C(HSS_Bin, Treatment(reference='Pure STEM')) + has_hss_concepts + log_team_size + log_prior_knowledge + HSS_Diversity + C(year) + C(arxiv_primary_category)",C(arxiv_primary_category)[T.hep-ph],0.235132281205323,0.06944257200267796,3.385996146517376,0.0007092037950678796,0.0990273410862447,0.3712372213244013,138824.0,226193.20741356048,227718.55655808988,0.08041788901485092,0.07939663952800302
S1_LogRCR_Threshold_YearFE,ols,main,"Log_RCR ~ C(HSS_Bin, Treatment(reference='Pure STEM')) + has_hss_concepts + log_team_size + log_prior_knowledge + HSS_Diversity + C(year) + C(arxiv_primary_category)",C(arxiv_primary_category)[T.hep-th],0.20724565669716713,0.10286146147212695,2.014803734373596,0.0439252176181869,0.005640896814643942,0.40885041657969035,138824.0,226193.20741356048,227718.55655808988,0.08041788901485092,0.07939663952800302
S1_LogRCR_Threshold_YearFE,ols,main,"Log_RCR ~ C(HSS_Bin, Treatment(reference='Pure STEM')) + has_hss_concepts + log_team_size + log_prior_knowledge + HSS_Diversity + C(year) + C(arxiv_primary_category)",C(arxiv_primary_category)[T.math-ph],0.013344433168102946,0.07607718883483862,0.17540649664478697,0.8607602361427692,-0.13576411699323349,0.16245298332943936,138824.0,226193.20741356048,227718.55655808988,0.08041788901485092,0.07939663952800302
S1_LogRCR_Threshold_YearFE,ols,main,"Log_RCR ~ C(HSS_Bin, Treatment(reference='Pure STEM')) + has_hss_concepts + log_team_size + log_prior_knowledge + HSS_Diversity + C(year) + C(arxiv_primary_category)",C(arxiv_primary_category)[T.math.AC],-0.15885072545043066,0.030374885584528936,-5.229673211718673,1.6980993589844773e-07,-0.21838440723063224,-0.09931704367022909,138824.0,226193.20741356048,227718.55655808988,0.08041788901485092,0.07939663952800302
S1_LogRCR_Threshold_YearFE,ols,main,"Log_RCR ~ C(HSS_Bin, Treatment(reference='Pure STEM')) + has_hss_concepts + log_team_size + log_prior_knowledge + HSS_Diversity + C(year) + C(arxiv_primary_category)",C(arxiv_primary_category)[T.math.AG],0.03244509936133875,0.05558527495758036,0.5836995388814586,0.5594224775499681,-0.07650003762627494,0.14139023634895242,138824.0,226193.20741356048,227718.55655808988,0.08041788901485092,0.07939663952800302
S1_LogRCR_Threshold_YearFE,ols,main,"Log_RCR ~ C(HSS_Bin, Treatment(reference='Pure STEM')) + has_hss_concepts + log_team_size + log_prior_knowledge + HSS_Diversity + C(year) + C(arxiv_primary_category)",C(arxiv_primary_category)[T.math.AP],-0.09858091867494581,0.036054646355648694,-2.7342084485458034,0.00625304446607394,-0.16924672700734555,-0.027915110342546054,138824.0,226193.20741356048,227718.55655808988,0.08041788901485092,0.07939663952800302
S1_LogRCR_Threshold_YearFE,ols,main,"Log_RCR ~ C(HSS_Bin, Treatment(reference='Pure STEM')) + has_hss_concepts + log_team_size + log_prior_knowledge + HSS_Diversity + C(year) + C(arxiv_primary_category)",C(arxiv_primary_category)[T.math.AT],-0.22348363634471866,0.030330639219688992,-7.368246832056388,1.7288646938322636e-13,-0.2829305968433871,-0.1640366758460502,138824.0,226193.20741356048,227718.55655808988,0.08041788901485092,0.07939663952800302
S1_LogRCR_Threshold_YearFE,ols,main,"Log_RCR ~ C(HSS_Bin, Treatment(reference='Pure STEM')) + has_hss_concepts + log_team_size + log_prior_knowledge + HSS_Diversity + C(year) + C(arxiv_primary_category)",C(arxiv_primary_category)[T.math.CO],-0.05841993990467655,0.043734288630317926,-1.3357926179729396,0.18161706649862408,-0.14413757050957926,0.027297690700226147,138824.0,226193.20741356048,227718.55655808988,0.08041788901485092,0.07939663952800302
S1_LogRCR_Threshold_YearFE,ols,main,"Log_RCR ~ C(HSS_Bin, Treatment(reference='Pure STEM')) + has_hss_concepts + log_team_size + log_prior_knowledge + HSS_Diversity + C(year) + C(arxiv_primary_category)",C(arxiv_primary_category)[T.math.CT],0.017532910176703304,0.08591706550223464,0.20406784233392242,0.8383004836330171,-0.15086144386504532,0.18592726421845193,138824.0,226193.20741356048,227718.55655808988,0.08041788901485092,0.07939663952800302
S1_LogRCR_Threshold_YearFE,ols,main,"Log_RCR ~ C(HSS_Bin, Treatment(reference='Pure STEM')) + has_hss_concepts + log_team_size + log_prior_knowledge + HSS_Diversity + C(year) + C(arxiv_primary_category)",C(arxiv_primary_category)[T.math.DG],-0.09330995292570343,0.0718635665749574,-1.2984319784403735,0.194138936362252,-0.2341599552132164,0.04754004936180953,138824.0,226193.20741356048,227718.55655808988,0.08041788901485092,0.07939663952800302
S1_LogRCR_Threshold_YearFE,ols,main,"Log_RCR ~ C(HSS_Bin, Treatment(reference='Pure STEM')) + has_hss_concepts + log_team_size + log_prior_knowledge + HSS_Diversity + C(year) + C(arxiv_primary_category)",C(arxiv_primary_category)[T.math.DS],-0.0306558519281152,0.04024680136182734,-0.7616966042223466,0.4462411025326216,-0.10953813309023439,0.04822642923400398,138824.0,226193.20741356048,227718.55655808988,0.08041788901485092,0.07939663952800302
S1_LogRCR_Threshold_YearFE,ols,main,"Log_RCR ~ C(HSS_Bin, Treatment(reference='Pure STEM')) + has_hss_concepts + log_team_size + log_prior_knowledge + HSS_Diversity + C(year) + C(arxiv_primary_category)",C(arxiv_primary_category)[T.math.FA],-0.09250734291446179,0.04694301784651988,-1.970630503921039,0.04876615489658332,-0.18451396721926178,-0.0005007186096618182,138824.0,226193.20741356048,227718.55655808988,0.08041788901485092,0.07939663952800302
S1_LogRCR_Threshold_YearFE,ols,main,"Log_RCR ~ C(HSS_Bin, Treatment(reference='Pure STEM')) + has_hss_concepts + log_team_size + log_prior_knowledge + HSS_Diversity + C(year) + C(arxiv_primary_category)",C(arxiv_primary_category)[T.math.GM],-0.20046716634145423,0.03813280247879427,-5.25707929420961,1.4636121701458664e-07,-0.2752060858294707,-0.12572824685343775,138824.0,226193.20741356048,227718.55655808988,0.08041788901485092,0.07939663952800302
S1_LogRCR_Threshold_YearFE,ols,main,"Log_RCR ~ C(HSS_Bin, Treatment(reference='Pure STEM')) + has_hss_concepts + log_team_size + log_prior_knowledge + HSS_Diversity + C(year) + C(arxiv_primary_category)",C(arxiv_primary_category)[T.math.GR],-0.12279883026824187,0.03398796419112337,-3.6130092869849855,0.0003026638589640617,-0.1894140159906807,-0.05618364454580303,138824.0,226193.20741356048,227718.55655808988,0.08041788901485092,0.07939663952800302
S1_LogRCR_Threshold_YearFE,ols,main,"Log_RCR ~ C(HSS_Bin, Treatment(reference='Pure STEM')) + has_hss_concepts + log_team_size + log_prior_knowledge + HSS_Diversity + C(year) + C(arxiv_primary_category)",C(arxiv_primary_category)[T.math.GT],0.02627990225093612,0.08781831068072711,0.299253106182827,0.76474693180371,-0.14584082386643818,0.19840062836831043,138824.0,226193.20741356048,227718.55655808988,0.08041788901485092,0.07939663952800302
S1_LogRCR_Threshold_YearFE,ols,main,"Log_RCR ~ C(HSS_Bin, Treatment(reference='Pure STEM')) + has_hss_concepts + log_team_size + log_prior_knowledge + HSS_Diversity + C(year) + C(arxiv_primary_category)",C(arxiv_primary_category)[T.math.HO],0.09330593860549237,0.09043570553406363,1.0317378302571834,0.30219495030365884,-0.08394478715774199,0.2705566643687267,138824.0,226193.20741356048,227718.55655808988,0.08041788901485092,0.07939663952800302
S1_LogRCR_Threshold_YearFE,ols,main,"Log_RCR ~ C(HSS_Bin, Treatment(reference='Pure STEM')) + has_hss_concepts + log_team_size + log_prior_knowledge + HSS_Diversity + C(year) + C(arxiv_primary_category)",C(arxiv_primary_category)[T.math.LO],0.025074467232942717,0.05366190333522656,0.46726757111655576,0.6403084548023772,-0.08010093064597115,0.13024986511185657,138824.0,226193.20741356048,227718.55655808988,0.08041788901485092,0.07939663952800302
S1_LogRCR_Threshold_YearFE,ols,main,"Log_RCR ~ C(HSS_Bin, Treatment(reference='Pure STEM')) + has_hss_concepts + log_team_size + log_prior_knowledge + HSS_Diversity + C(year) + C(arxiv_primary_category)",C(arxiv_primary_category)[T.math.NA],-0.02451217407589572,0.0354364859782976,-0.6917213543946692,0.48911233385830544,-0.09396641033201764,0.0449420621802262,138824.0,226193.20741356048,227718.55655808988,0.08041788901485092,0.07939663952800302
S1_LogRCR_Threshold_YearFE,ols,main,"Log_RCR ~ C(HSS_Bin, Treatment(reference='Pure STEM')) + has_hss_concepts + log_team_size + log_prior_knowledge + HSS_Diversity + C(year) + C(arxiv_primary_category)",C(arxiv_primary_category)[T.math.NT],-0.018761757987192377,0.09347195115440034,-0.20072072697189158,0.8409169517604373,-0.20196341581450417,0.16443989984011942,138824.0,226193.20741356048,227718.55655808988,0.08041788901485092,0.07939663952800302
S1_LogRCR_Threshold_YearFE,ols,main,"Log_RCR ~ C(HSS_Bin, Treatment(reference='Pure STEM')) + has_hss_concepts + log_team_size + log_prior_knowledge + HSS_Diversity + C(year) + C(arxiv_primary_category)",C(arxiv_primary_category)[T.math.OC],-0.02801414338076818,0.03699280020071801,-0.7572863700170619,0.4488783149076281,-0.10051869946146155,0.0444904126999252,138824.0,226193.20741356048,227718.55655808988,0.08041788901485092,0.07939663952800302
S1_LogRCR_Threshold_YearFE,ols,main,"Log_RCR ~ C(HSS_Bin, Treatment(reference='Pure STEM')) + has_hss_concepts + log_team_size + log_prior_knowledge + HSS_Diversity + C(year) + C(arxiv_primary_category)",C(arxiv_primary_category)[T.math.PR],-0.1215633269110771,0.03667921050048621,-3.314229648139937,0.0009189599847617473,-0.19345325847339345,-0.04967339534876075,138824.0,226193.20741356048,227718.55655808988,0.08041788901485092,0.07939663952800302
S1_LogRCR_Threshold_YearFE,ols,main,"Log_RCR ~ C(HSS_Bin, Treatment(reference='Pure STEM')) + has_hss_concepts + log_team_size + log_prior_knowledge + HSS_Diversity + C(year) + C(arxiv_primary_category)",C(arxiv_primary_category)[T.math.SP],0.08822209795355472,0.030250762149775665,2.916359512423358,0.0035414217095449886,0.028931693635106955,0.1475125022720025,138824.0,226193.20741356048,227718.55655808988,0.08041788901485092,0.07939663952800302
S1_LogRCR_Threshold_YearFE,ols,main,"Log_RCR ~ C(HSS_Bin, Treatment(reference='Pure STEM')) + has_hss_concepts + log_team_size + log_prior_knowledge + HSS_Diversity + C(year) + C(arxiv_primary_category)",C(arxiv_primary_category)[T.math.ST],-0.023737589009080805,0.04931219500128308,-0.4813736035977138,0.6302509937389296,-0.12038771521021173,0.07291253719205011,138824.0,226193.20741356048,227718.55655808988,0.08041788901485092,0.07939663952800302
S1_LogRCR_Threshold_YearFE,ols,main,"Log_RCR ~ C(HSS_Bin, Treatment(reference='Pure STEM')) + has_hss_concepts + log_team_size + log_prior_knowledge + HSS_Diversity + C(year) + C(arxiv_primary_category)",C(arxiv_primary_category)[T.nlin.AO],-0.09525404769976029,0.07782597010826288,-1.223936528735246,0.2209761722254523,-0.24779014617384634,0.05728205077432577,138824.0,226193.20741356048,227718.55655808988,0.08041788901485092,0.07939663952800302
S1_LogRCR_Threshold_YearFE,ols,main,"Log_RCR ~ C(HSS_Bin, Treatment(reference='Pure STEM')) + has_hss_concepts + log_team_size + log_prior_knowledge + HSS_Diversity + C(year) + C(arxiv_primary_category)",C(arxiv_primary_category)[T.nlin.CD],0.6061633880431975,0.5208277810278928,1.1638461121388117,0.24448638114716925,-0.4146403049193862,1.6269670810057812,138824.0,226193.20741356048,227718.55655808988,0.08041788901485092,0.07939663952800302
S1_LogRCR_Threshold_YearFE,ols,main,"Log_RCR ~ C(HSS_Bin, Treatment(reference='Pure STEM')) + has_hss_concepts + log_team_size + log_prior_knowledge + HSS_Diversity + C(year) + C(arxiv_primary_category)",C(arxiv_primary_category)[T.nlin.CG],0.2584459191705169,0.03067707110034882,8.424726021760865,3.6159535369565245e-17,0.1983199646626587,0.31857187367837514,138824.0,226193.20741356048,227718.55655808988,0.08041788901485092,0.07939663952800302
S1_LogRCR_Threshold_YearFE,ols,main,"Log_RCR ~ C(HSS_Bin, Treatment(reference='Pure STEM')) + has_hss_concepts + log_team_size + log_prior_knowledge + HSS_Diversity + C(year) + C(arxiv_primary_category)",C(arxiv_primary_category)[T.nlin.PS],-0.026329525159522426,0.11281120697923686,-0.23339458786544523,0.8154550154025555,-0.24743542789132023,0.1947763775722754,138824.0,226193.20741356048,227718.55655808988,0.08041788901485092,0.07939663952800302
S1_LogRCR_Threshold_YearFE,ols,main,"Log_RCR ~ C(HSS_Bin, Treatment(reference='Pure STEM')) + has_hss_concepts + log_team_size + log_prior_knowledge + HSS_Diversity + C(year) + C(arxiv_primary_category)",C(arxiv_primary_category)[T.nucl-ex],-0.34767083176836927,0.0716824597683464,-4.8501520859067115,1.2336684569738821e-06,-0.4881658712375696,-0.20717579229916894,138824.0,226193.20741356048,227718.55655808988,0.08041788901485092,0.07939663952800302
S1_LogRCR_Threshold_YearFE,ols,main,"Log_RCR ~ C(HSS_Bin, Treatment(reference='Pure STEM')) + has_hss_concepts + log_team_size + log_prior_knowledge + HSS_Diversity + C(year) + C(arxiv_primary_category)",C(arxiv_primary_category)[T.nucl-th],-0.1542887216275854,0.049560081699586825,-3.113165199420397,0.0018509238114635244,-0.2514246968296382,-0.057152746425532586,138824.0,226193.20741356048,227718.55655808988,0.08041788901485092,0.07939663952800302
S1_LogRCR_Threshold_YearFE,ols,main,"Log_RCR ~ C(HSS_Bin, Treatment(reference='Pure STEM')) + has_hss_concepts + log_team_size + log_prior_knowledge + HSS_Diversity + C(year) + C(arxiv_primary_category)",C(arxiv_primary_category)[T.physics.acc-ph],0.26278143026965844,0.21600335319250993,1.2165618097393989,0.22377098058059008,-0.16057736252754595,0.6861402230668628,138824.0,226193.20741356048,227718.55655808988,0.08041788901485092,0.07939663952800302
S1_LogRCR_Threshold_YearFE,ols,main,"Log_RCR ~ C(HSS_Bin, Treatment(reference='Pure STEM')) + has_hss_concepts + log_team_size + log_prior_knowledge + HSS_Diversity + C(year) + C(arxiv_primary_category)",C(arxiv_primary_category)[T.physics.ao-ph],0.23307797720285964,0.07970054964981399,2.924421201948431,0.00345097439265762,0.07686777034117781,0.38928818406454146,138824.0,226193.20741356048,227718.55655808988,0.08041788901485092,0.07939663952800302
S1_LogRCR_Threshold_YearFE,ols,main,"Log_RCR ~ C(HSS_Bin, Treatment(reference='Pure STEM')) + has_hss_concepts + log_team_size + log_prior_knowledge + HSS_Diversity + C(year) + C(arxiv_primary_category)",C(arxiv_primary_category)[T.physics.app-ph],-0.04109024324152926,0.0533601184041473,-0.7700553235342074,0.4412670760441537,-0.14567415352445087,0.06349366704139234,138824.0,226193.20741356048,227718.55655808988,0.08041788901485092,0.07939663952800302
S1_LogRCR_Threshold_YearFE,ols,main,"Log_RCR ~ C(HSS_Bin, Treatment(reference='Pure STEM')) + has_hss_concepts + log_team_size + log_prior_knowledge + HSS_Diversity + C(year) + C(arxiv_primary_category)",C(arxiv_primary_category)[T.physics.atom-ph],0.03243733957596769,0.07319690447601201,0.44315179457620385,0.6576559436953867,-0.11102595697683454,0.17590063612876994,138824.0,226193.20741356048,227718.55655808988,0.08041788901485092,0.07939663952800302
S1_LogRCR_Threshold_YearFE,ols,main,"Log_RCR ~ C(HSS_Bin, Treatment(reference='Pure STEM')) + has_hss_concepts + log_team_size + log_prior_knowledge + HSS_Diversity + C(year) + C(arxiv_primary_category)",C(arxiv_primary_category)[T.physics.bio-ph],-0.11373591766162033,0.060960816549020615,-1.865721689770371,0.06208031346903176,-0.23321692256585405,0.005745087242613384,138824.0,226193.20741356048,227718.55655808988,0.08041788901485092,0.07939663952800302
S1_LogRCR_Threshold_YearFE,ols,main,"Log_RCR ~ C(HSS_Bin, Treatment(reference='Pure STEM')) + has_hss_concepts + log_team_size + log_prior_knowledge + HSS_Diversity + C(year) + C(arxiv_primary_category)",C(arxiv_primary_category)[T.physics.chem-ph],0.3750845705044556,0.08951126568140463,4.190361600287113,2.7851025184947113e-05,0.19964571355830638,0.5505234274506048,138824.0,226193.20741356048,227718.55655808988,0.08041788901485092,0.07939663952800302
S1_LogRCR_Threshold_YearFE,ols,main,"Log_RCR ~ C(HSS_Bin, Treatment(reference='Pure STEM')) + has_hss_concepts + log_team_size + log_prior_knowledge + HSS_Diversity + C(year) + C(arxiv_primary_category)",C(arxiv_primary_category)[T.physics.class-ph],-0.20753021944522193,0.03035720932015028,-6.836274614592754,8.127907011444437e-12,-0.26702925638386016,-0.14803118250658373,138824.0,226193.20741356048,227718.55655808988,0.08041788901485092,0.07939663952800302
S1_LogRCR_Threshold_YearFE,ols,main,"Log_RCR ~ C(HSS_Bin, Treatment(reference='Pure STEM')) + has_hss_concepts + log_team_size + log_prior_knowledge + HSS_Diversity + C(year) + C(arxiv_primary_category)",C(arxiv_primary_category)[T.physics.comp-ph],0.19658940385018966,0.08169467859291787,2.406391789969439,0.01611097615008675,0.03647077607949528,0.35670803162088405,138824.0,226193.20741356048,227718.55655808988,0.08041788901485092,0.07939663952800302
S1_LogRCR_Threshold_YearFE,ols,main,"Log_RCR ~ C(HSS_Bin, Treatment(reference='Pure STEM')) + has_hss_concepts + log_team_size + log_prior_knowledge + HSS_Diversity + C(year) + C(arxiv_primary_category)",C(arxiv_primary_category)[T.physics.data-an],0.005461550324308511,0.07607893313575628,0.07178794574528072,0.9427706659705645,-0.14365041860400474,0.15457351925262175,138824.0,226193.20741356048,227718.55655808988,0.08041788901485092,0.07939663952800302
S1_LogRCR_Threshold_YearFE,ols,main,"Log_RCR ~ C(HSS_Bin, Treatment(reference='Pure STEM')) + has_hss_concepts + log_team_size + log_prior_knowledge + HSS_Diversity + C(year) + C(arxiv_primary_category)",C(arxiv_primary_category)[T.physics.ed-ph],0.15820759118975175,0.06530381480833439,2.422639345864991,0.015408215174645216,0.030214466112342908,0.2862007162671606,138824.0,226193.20741356048,227718.55655808988,0.08041788901485092,0.07939663952800302
S1_LogRCR_Threshold_YearFE,ols,main,"Log_RCR ~ C(HSS_Bin, Treatment(reference='Pure STEM')) + has_hss_concepts + log_team_size + log_prior_knowledge + HSS_Diversity + C(year) + C(arxiv_primary_category)",C(arxiv_primary_category)[T.physics.flu-dyn],0.01616653664154602,0.041973851415503347,0.3851573323951586,0.7001208531493305,-0.0661007004252761,0.09843377370836814,138824.0,226193.20741356048,227718.55655808988,0.08041788901485092,0.07939663952800302
S1_LogRCR_Threshold_YearFE,ols,main,"Log_RCR ~ C(HSS_Bin, Treatment(reference='Pure STEM')) + has_hss_concepts + log_team_size + log_prior_knowledge + HSS_Diversity + C(year) + C(arxiv_primary_category)",C(arxiv_primary_category)[T.physics.gen-ph],-0.08176719890356955,0.07793291756038868,-1.0491997664556798,0.29408618612723936,-0.23451291053206053,0.07097851272492141,138824.0,226193.20741356048,227718.55655808988,0.08041788901485092,0.07939663952800302
S1_LogRCR_Threshold_YearFE,ols,main,"Log_RCR ~ C(HSS_Bin, Treatment(reference='Pure STEM')) + has_hss_concepts + log_team_size + log_prior_knowledge + HSS_Diversity + C(year) + C(arxiv_primary_category)",C(arxiv_primary_category)[T.physics.geo-ph],0.09454491021954879,0.06554784942119869,1.442380048382979,0.1491951891611608,-0.033926513910055286,0.22301633434915286,138824.0,226193.20741356048,227718.55655808988,0.08041788901485092,0.07939663952800302
S1_LogRCR_Threshold_YearFE,ols,main,"Log_RCR ~ C(HSS_Bin, Treatment(reference='Pure STEM')) + has_hss_concepts + log_team_size + log_prior_knowledge + HSS_Diversity + C(year) + C(arxiv_primary_category)",C(arxiv_primary_category)[T.physics.ins-det],0.0486722145017795,0.06350939308295271,0.7663782023268014,0.44345129888160084,-0.07580390862080505,0.17314833762436405,138824.0,226193.20741356048,227718.55655808988,0.08041788901485092,0.07939663952800302
S1_LogRCR_Threshold_YearFE,ols,main,"Log_RCR ~ C(HSS_Bin, Treatment(reference='Pure STEM')) + has_hss_concepts + log_team_size + log_prior_knowledge + HSS_Diversity + C(year) + C(arxiv_primary_category)",C(arxiv_primary_category)[T.physics.med-ph],-0.0951494898995262,0.03868503133633007,-2.4595944894626194,0.01390940775777087,-0.17097075805953654,-0.019328221739515858,138824.0,226193.20741356048,227718.55655808988,0.08041788901485092,0.07939663952800302
S1_LogRCR_Threshold_YearFE,ols,main,"Log_RCR ~ C(HSS_Bin, Treatment(reference='Pure STEM')) + has_hss_concepts + log_team_size + log_prior_knowledge + HSS_Diversity + C(year) + C(arxiv_primary_category)",C(arxiv_primary_category)[T.physics.optics],-0.06960873898588951,0.03986595217168385,-1.7460698965903914,0.08079880697395575,-0.1477445694517862,0.008527091480007187,138824.0,226193.20741356048,227718.55655808988,0.08041788901485092,0.07939663952800302
S1_LogRCR_Threshold_YearFE,ols,main,"Log_RCR ~ C(HSS_Bin, Treatment(reference='Pure STEM')) + has_hss_concepts + log_team_size + log_prior_knowledge + HSS_Diversity + C(year) + C(arxiv_primary_category)",C(arxiv_primary_category)[T.physics.plasm-ph],0.12869938459035074,0.13210470837964258,0.9742225403540832,0.32994605522379417,-0.1302210860219154,0.3876198552026169,138824.0,226193.20741356048,227718.55655808988,0.08041788901485092,0.07939663952800302
S1_LogRCR_Threshold_YearFE,ols,main,"Log_RCR ~ C(HSS_Bin, Treatment(reference='Pure STEM')) + has_hss_concepts + log_team_size + log_prior_knowledge + HSS_Diversity + C(year) + C(arxiv_primary_category)",C(arxiv_primary_category)[T.physics.pop-ph],0.21064889788784352,0.1879995465913239,1.1204755634105603,0.2625111602736423,-0.15782344254101122,0.5791212383166983,138824.0,226193.20741356048,227718.55655808988,0.08041788901485092,0.07939663952800302
S1_LogRCR_Threshold_YearFE,ols,main,"Log_RCR ~ C(HSS_Bin, Treatment(reference='Pure STEM')) + has_hss_concepts + log_team_size + log_prior_knowledge + HSS_Diversity + C(year) + C(arxiv_primary_category)",C(arxiv_primary_category)[T.physics.soc-ph],0.045546808799624056,0.06919884118701172,0.6582019007591845,0.5104084036020327,-0.09008042769882585,0.18117404529807396,138824.0,226193.20741356048,227718.55655808988,0.08041788901485092,0.07939663952800302
S1_LogRCR_Threshold_YearFE,ols,main,"Log_RCR ~ C(HSS_Bin, Treatment(reference='Pure STEM')) + has_hss_concepts + log_team_size + log_prior_knowledge + HSS_Diversity + C(year) + C(arxiv_primary_category)",C(arxiv_primary_category)[T.physics.space-ph],0.056354342712214026,0.18844775680039832,0.2990449112742896,0.7649057782965781,-0.31299647358392974,0.42570515900835776,138824.0,226193.20741356048,227718.55655808988,0.08041788901485092,0.07939663952800302
S1_LogRCR_Threshold_YearFE,ols,main,"Log_RCR ~ C(HSS_Bin, Treatment(reference='Pure STEM')) + has_hss_concepts + log_team_size + log_prior_knowledge + HSS_Diversity + C(year) + C(arxiv_primary_category)",C(arxiv_primary_category)[T.q-bio.BM],0.38951412452215284,0.06482433935431435,6.00876350460221,1.8694358441172222e-09,0.26246075406609426,0.5165674949782114,138824.0,226193.20741356048,227718.55655808988,0.08041788901485092,0.07939663952800302
S1_LogRCR_Threshold_YearFE,ols,main,"Log_RCR ~ C(HSS_Bin, Treatment(reference='Pure STEM')) + has_hss_concepts + log_team_size + log_prior_knowledge + HSS_Diversity + C(year) + C(arxiv_primary_category)",C(arxiv_primary_category)[T.q-bio.CB],-0.025731962609130063,0.09041230620833636,-0.2846068603740303,0.7759453547201679,-0.20293682653667644,0.15147290131841634,138824.0,226193.20741356048,227718.55655808988,0.08041788901485092,0.07939663952800302
S1_LogRCR_Threshold_YearFE,ols,main,"Log_RCR ~ C(HSS_Bin, Treatment(reference='Pure STEM')) + has_hss_concepts + log_team_size + log_prior_knowledge + HSS_Diversity + C(year) + C(arxiv_primary_category)",C(arxiv_primary_category)[T.q-bio.GN],0.22053896296875036,0.07015146886947748,3.143754029998731,0.0016679557484167947,0.08304461052199172,0.358033315415509,138824.0,226193.20741356048,227718.55655808988,0.08041788901485092,0.07939663952800302
S1_LogRCR_Threshold_YearFE,ols,main,"Log_RCR ~ C(HSS_Bin, Treatment(reference='Pure STEM')) + has_hss_concepts + log_team_size + log_prior_knowledge + HSS_Diversity + C(year) + C(arxiv_primary_category)",C(arxiv_primary_category)[T.q-bio.MN],0.03230998469339343,0.0877368450196687,0.3682601612372799,0.7126792551038568,-0.13965107166232962,0.2042710410491165,138824.0,226193.20741356048,227718.55655808988,0.08041788901485092,0.07939663952800302
S1_LogRCR_Threshold_YearFE,ols,main,"Log_RCR ~ C(HSS_Bin, Treatment(reference='Pure STEM')) + has_hss_concepts + log_team_size + log_prior_knowledge + HSS_Diversity + C(year) + C(arxiv_primary_category)",C(arxiv_primary_category)[T.q-bio.NC],-0.019901570693633346,0.04092455014490987,-0.48629907043971915,0.6267551382073328,-0.10011221506116014,0.06030907367389345,138824.0,226193.20741356048,227718.55655808988,0.08041788901485092,0.07939663952800302
S1_LogRCR_Threshold_YearFE,ols,main,"Log_RCR ~ C(HSS_Bin, Treatment(reference='Pure STEM')) + has_hss_concepts + log_team_size + log_prior_knowledge + HSS_Diversity + C(year) + C(arxiv_primary_category)",C(arxiv_primary_category)[T.q-bio.OT],0.23915128016888104,0.11496353300972902,2.080236000999051,0.037503891662516366,0.013826895934330535,0.4644756644034316,138824.0,226193.20741356048,227718.55655808988,0.08041788901485092,0.07939663952800302
S1_LogRCR_Threshold_YearFE,ols,main,"Log_RCR ~ C(HSS_Bin, Treatment(reference='Pure STEM')) + has_hss_concepts + log_team_size + log_prior_knowledge + HSS_Diversity + C(year) + C(arxiv_primary_category)",C(arxiv_primary_category)[T.q-bio.PE],0.07328847638501206,0.1402535572875138,0.5225427276313128,0.6012925050487294,-0.2016034446021402,0.34818039737216433,138824.0,226193.20741356048,227718.55655808988,0.08041788901485092,0.07939663952800302
S1_LogRCR_Threshold_YearFE,ols,main,"Log_RCR ~ C(HSS_Bin, Treatment(reference='Pure STEM')) + has_hss_concepts + log_team_size + log_prior_knowledge + HSS_Diversity + C(year) + C(arxiv_primary_category)",C(arxiv_primary_category)[T.q-bio.QM],0.299424899031892,0.05808295845581026,5.155124790340968,2.5346207762269157e-07,0.1855843923429677,0.4132654057208163,138824.0,226193.20741356048,227718.55655808988,0.08041788901485092,0.07939663952800302
S1_LogRCR_Threshold_YearFE,ols,main,"Log_RCR ~ C(HSS_Bin, Treatment(reference='Pure STEM')) + has_hss_concepts + log_team_size + log_prior_knowledge + HSS_Diversity + C(year) + C(arxiv_primary_category)",C(arxiv_primary_category)[T.q-bio.TO],0.00044511236635773224,0.07784838710024417,0.005717682574265385,0.995437974207313,-0.1521349226046534,0.15302514733736883,138824.0,226193.20741356048,227718.55655808988,0.08041788901485092,0.07939663952800302
S1_LogRCR_Threshold_YearFE,ols,main,"Log_RCR ~ C(HSS_Bin, Treatment(reference='Pure STEM')) + has_hss_concepts + log_team_size + log_prior_knowledge + HSS_Diversity + C(year) + C(arxiv_primary_category)",C(arxiv_primary_category)[T.q-fin.CP],0.06402596804143854,0.06597397842548375,0.9704730496699475,0.33181075210810884,-0.06528065358933216,0.19333258967220923,138824.0,226193.20741356048,227718.55655808988,0.08041788901485092,0.07939663952800302
S1_LogRCR_Threshold_YearFE,ols,main,"Log_RCR ~ C(HSS_Bin, Treatment(reference='Pure STEM')) + has_hss_concepts + log_team_size + log_prior_knowledge + HSS_Diversity + C(year) + C(arxiv_primary_category)",C(arxiv_primary_category)[T.q-fin.GN],0.3151977713724652,0.1703740014145797,1.8500344463089673,0.06430858501156153,-0.018729135302087252,0.6491246780470177,138824.0,226193.20741356048,227718.55655808988,0.08041788901485092,0.07939663952800302
S1_LogRCR_Threshold_YearFE,ols,main,"Log_RCR ~ C(HSS_Bin, Treatment(reference='Pure STEM')) + has_hss_concepts + log_team_size + log_prior_knowledge + HSS_Diversity + C(year) + C(arxiv_primary_category)",C(arxiv_primary_category)[T.q-fin.MF],-0.1457845656154659,0.053829297032685394,-2.70827548661735,0.0067633855499120545,-0.2512880491126381,-0.04028108211829373,138824.0,226193.20741356048,227718.55655808988,0.08041788901485092,0.07939663952800302
S1_LogRCR_Threshold_YearFE,ols,main,"Log_RCR ~ C(HSS_Bin, Treatment(reference='Pure STEM')) + has_hss_concepts + log_team_size + log_prior_knowledge + HSS_Diversity + C(year) + C(arxiv_primary_category)",C(arxiv_primary_category)[T.q-fin.PM],-0.08186220382358644,0.05488868255419495,-1.491422275307098,0.13585066343192714,-0.18944204478866053,0.025717637141487643,138824.0,226193.20741356048,227718.55655808988,0.08041788901485092,0.07939663952800302
S1_LogRCR_Threshold_YearFE,ols,main,"Log_RCR ~ C(HSS_Bin, Treatment(reference='Pure STEM')) + has_hss_concepts + log_team_size + log_prior_knowledge + HSS_Diversity + C(year) + C(arxiv_primary_category)",C(arxiv_primary_category)[T.q-fin.PR],-0.011523549563217142,0.09470389978867254,-0.12167977864619536,0.9031526285238655,-0.19713978234450574,0.17409268321807148,138824.0,226193.20741356048,227718.55655808988,0.08041788901485092,0.07939663952800302
S1_LogRCR_Threshold_YearFE,ols,main,"Log_RCR ~ C(HSS_Bin, Treatment(reference='Pure STEM')) + has_hss_concepts + log_team_size + log_prior_knowledge + HSS_Diversity + C(year) + C(arxiv_primary_category)",C(arxiv_primary_category)[T.q-fin.RM],0.18805775205550293,0.11305380750719765,1.6634358116910843,0.0962252295919136,-0.033523638973728453,0.4096391430847343,138824.0,226193.20741356048,227718.55655808988,0.08041788901485092,0.07939663952800302
S1_LogRCR_Threshold_YearFE,ols,main,"Log_RCR ~ C(HSS_Bin, Treatment(reference='Pure STEM')) + has_hss_concepts + log_team_size + log_prior_knowledge + HSS_Diversity + C(year) + C(arxiv_primary_category)",C(arxiv_primary_category)[T.q-fin.ST],0.0318982824393842,0.05389790709190641,0.591827849363268,0.5539658722602885,-0.07373967430283832,0.13753623918160673,138824.0,226193.20741356048,227718.55655808988,0.08041788901485092,0.07939663952800302
S1_LogRCR_Threshold_YearFE,ols,main,"Log_RCR ~ C(HSS_Bin, Treatment(reference='Pure STEM')) + has_hss_concepts + log_team_size + log_prior_knowledge + HSS_Diversity + C(year) + C(arxiv_primary_category)",C(arxiv_primary_category)[T.q-fin.TR],0.35801177451617405,0.21490002374403433,1.665945718752451,0.0957242264138747,-0.06318453229893567,0.7792080813312838,138824.0,226193.20741356048,227718.55655808988,0.08041788901485092,0.07939663952800302
S1_LogRCR_Threshold_YearFE,ols,main,"Log_RCR ~ C(HSS_Bin, Treatment(reference='Pure STEM')) + has_hss_concepts + log_team_size + log_prior_knowledge + HSS_Diversity + C(year) + C(arxiv_primary_category)",C(arxiv_primary_category)[T.quant-ph],0.0714273892694337,0.03823259925143074,1.868232625244823,0.06172965311289117,-0.0035071282987235858,0.14636190683759098,138824.0,226193.20741356048,227718.55655808988,0.08041788901485092,0.07939663952800302
S1_LogRCR_Threshold_YearFE,ols,main,"Log_RCR ~ C(HSS_Bin, Treatment(reference='Pure STEM')) + has_hss_concepts + log_team_size + log_prior_knowledge + HSS_Diversity + C(year) + C(arxiv_primary_category)",C(arxiv_primary_category)[T.stat.AP],0.09152041402192837,0.07152465110636014,1.279564634098441,0.2006982945253647,-0.04866532615333044,0.23170615419718718,138824.0,226193.20741356048,227718.55655808988,0.08041788901485092,0.07939663952800302
S1_LogRCR_Threshold_YearFE,ols,main,"Log_RCR ~ C(HSS_Bin, Treatment(reference='Pure STEM')) + has_hss_concepts + log_team_size + log_prior_knowledge + HSS_Diversity + C(year) + C(arxiv_primary_category)",C(arxiv_primary_category)[T.stat.CO],0.11884211580449722,0.06881044891686794,1.7270940340481444,0.0841507768882564,-0.016023885832597118,0.25370811744159155,138824.0,226193.20741356048,227718.55655808988,0.08041788901485092,0.07939663952800302
S1_LogRCR_Threshold_YearFE,ols,main,"Log_RCR ~ C(HSS_Bin, Treatment(reference='Pure STEM')) + has_hss_concepts + log_team_size + log_prior_knowledge + HSS_Diversity + C(year) + C(arxiv_primary_category)",C(arxiv_primary_category)[T.stat.ME],0.027364628531035294,0.04186234898111032,0.653681152564638,0.5133172484092571,-0.05468406778018795,0.10941332484225855,138824.0,226193.20741356048,227718.55655808988,0.08041788901485092,0.07939663952800302
S1_LogRCR_Threshold_YearFE,ols,main,"Log_RCR ~ C(HSS_Bin, Treatment(reference='Pure STEM')) + has_hss_concepts + log_team_size + log_prior_knowledge + HSS_Diversity + C(year) + C(arxiv_primary_category)",C(arxiv_primary_category)[T.stat.ML],0.09895103927776328,0.03310096653721157,2.9893700888318206,0.002795532983818033,0.03407433701136309,0.16382774154416346,138824.0,226193.20741356048,227718.55655808988,0.08041788901485092,0.07939663952800302
S1_LogRCR_Threshold_YearFE,ols,main,"Log_RCR ~ C(HSS_Bin, Treatment(reference='Pure STEM')) + has_hss_concepts + log_team_size + log_prior_knowledge + HSS_Diversity + C(year) + C(arxiv_primary_category)",C(arxiv_primary_category)[T.stat.OT],-0.011847567142667484,0.04633551901552721,-0.2556908262686627,0.7981895793366451,-0.10266351561807163,0.07896838133273668,138824.0,226193.20741356048,227718.55655808988,0.08041788901485092,0.07939663952800302
S1_LogRCR_Threshold_YearFE,ols,main,"Log_RCR ~ C(HSS_Bin, Treatment(reference='Pure STEM')) + has_hss_concepts + log_team_size + log_prior_knowledge + HSS_Diversity + C(year) + C(arxiv_primary_category)",has_hss_concepts,0.029471972869288623,0.003760484808239722,7.837280130666029,4.604101504346846e-15,0.022101558080728757,0.03684238765784849,138824.0,226193.20741356048,227718.55655808988,0.08041788901485092,0.07939663952800302
S1_LogRCR_Threshold_YearFE,ols,main,"Log_RCR ~ C(HSS_Bin, Treatment(reference='Pure STEM')) + has_hss_concepts + log_team_size + log_prior_knowledge + HSS_Diversity + C(year) + C(arxiv_primary_category)",log_team_size,0.11608314748306785,0.005887779168906567,19.715947924151838,1.5734038144174446e-86,0.10454331236308581,0.12762298260304988,138824.0,226193.20741356048,227718.55655808988,0.08041788901485092,0.07939663952800302
S1_LogRCR_Threshold_YearFE,ols,main,"Log_RCR ~ C(HSS_Bin, Treatment(reference='Pure STEM')) + has_hss_concepts + log_team_size + log_prior_knowledge + HSS_Diversity + C(year) + C(arxiv_primary_category)",log_prior_knowledge,0.032859238061521856,0.0017490927292390657,18.786447117539108,9.749188096007919e-79,0.02943107930659242,0.036287396816451295,138824.0,226193.20741356048,227718.55655808988,0.08041788901485092,0.07939663952800302
S1_LogRCR_Threshold_YearFE,ols,main,"Log_RCR ~ C(HSS_Bin, Treatment(reference='Pure STEM')) + has_hss_concepts + log_team_size + log_prior_knowledge + HSS_Diversity + C(year) + C(arxiv_primary_category)",HSS_Diversity,-0.02581920479452692,0.023034193355786006,-1.120907704286564,0.26232715113605,-0.0709653941847993,0.019326984595745462,138824.0,226193.20741356048,227718.55655808988,0.08041788901485092,0.07939663952800302
S2_AnyCitation_Continuous_LPM,ols,main,Any_Citation ~ HSS_Continuous + has_hss_concepts + log_team_size + log_prior_knowledge + HSS_Diversity + C(stage) + C(arxiv_primary_category),Intercept,0.8197744302188521,0.07011145945280281,11.69244566604269,1.393161088453049e-31,0.6823584947878183,0.9571903656498859,138824.0,162431.7965439004,163829.21317953378,0.16858467273313427,0.1677393607161124
S2_AnyCitation_Continuous_LPM,ols,main,Any_Citation ~ HSS_Continuous + has_hss_concepts + log_team_size + log_prior_knowledge + HSS_Diversity + C(stage) + C(arxiv_primary_category),C(stage)[T.Phase2],-0.1641618710282858,0.016044504957157292,-10.231656973315019,1.4305054890802192e-24,-0.19560852289408848,-0.13271521916248313,138824.0,162431.7965439004,163829.21317953378,0.16858467273313427,0.1677393607161124
S2_AnyCitation_Continuous_LPM,ols,main,Any_Citation ~ HSS_Continuous + has_hss_concepts + log_team_size + log_prior_knowledge + HSS_Diversity + C(stage) + C(arxiv_primary_category),C(stage)[T.Phase3],-0.5111703708430939,0.01584128998735419,-32.268228865903716,1.952814293361694e-228,-0.5422187286869631,-0.48012201299922475,138824.0,162431.7965439004,163829.21317953378,0.16858467273313427,0.1677393607161124
S2_AnyCitation_Continuous_LPM,ols,main,Any_Citation ~ HSS_Continuous + has_hss_concepts + log_team_size + log_prior_knowledge + HSS_Diversity + C(stage) + C(arxiv_primary_category),C(arxiv_primary_category)[T.astro-ph.EP],-0.20297956976406267,0.10364938265808292,-1.9583287865172216,0.050191445059995225,-0.40612862679371564,0.0001694872655902957,138824.0,162431.7965439004,163829.21317953378,0.16858467273313427,0.1677393607161124
S2_AnyCitation_Continuous_LPM,ols,main,Any_Citation ~ HSS_Continuous + has_hss_concepts + log_team_size + log_prior_knowledge + HSS_Diversity + C(stage) + C(arxiv_primary_category),C(arxiv_primary_category)[T.astro-ph.GA],-0.1558364588494588,0.08927499093269567,-1.7455779857423201,0.08088431032324885,-0.3308122257976822,0.0191393080987646,138824.0,162431.7965439004,163829.21317953378,0.16858467273313427,0.1677393607161124
S2_AnyCitation_Continuous_LPM,ols,main,Any_Citation ~ HSS_Continuous + has_hss_concepts + log_team_size + log_prior_knowledge + HSS_Diversity + C(stage) + C(arxiv_primary_category),C(arxiv_primary_category)[T.astro-ph.HE],-0.1664745796735722,0.14097548848449362,-1.1808760619537297,0.2376519621638613,-0.4427814598061208,0.1098323004589764,138824.0,162431.7965439004,163829.21317953378,0.16858467273313427,0.1677393607161124
S2_AnyCitation_Continuous_LPM,ols,main,Any_Citation ~ HSS_Continuous + has_hss_concepts + log_team_size + log_prior_knowledge + HSS_Diversity + C(stage) + C(arxiv_primary_category),C(arxiv_primary_category)[T.astro-ph.IM],-0.16952823933319128,0.07607329619881675,-2.228485523883848,0.02584815561065581,-0.3186291600681199,-0.020427318598262634,138824.0,162431.7965439004,163829.21317953378,0.16858467273313427,0.1677393607161124
S2_AnyCitation_Continuous_LPM,ols,main,Any_Citation ~ HSS_Continuous + has_hss_concepts + log_team_size + log_prior_knowledge + HSS_Diversity + C(stage) + C(arxiv_primary_category),C(arxiv_primary_category)[T.astro-ph.SR],-0.2753650278206541,0.09608261022441844,-2.8659195163150635,0.004157999420844565,-0.4636834834011142,-0.08704657224019399,138824.0,162431.7965439004,163829.21317953378,0.16858467273313427,0.1677393607161124
S2_AnyCitation_Continuous_LPM,ols,main,Any_Citation ~ HSS_Continuous + has_hss_concepts + log_team_size + log_prior_knowledge + HSS_Diversity + C(stage) + C(arxiv_primary_category),C(arxiv_primary_category)[T.cond-mat.dis-nn],-0.20548834544286027,0.09386593597018322,-2.189168448798446,0.028584598961679593,-0.38946219931956216,-0.021514491566158367,138824.0,162431.7965439004,163829.21317953378,0.16858467273313427,0.1677393607161124
S2_AnyCitation_Continuous_LPM,ols,main,Any_Citation ~ HSS_Continuous + has_hss_concepts + log_team_size + log_prior_knowledge + HSS_Diversity + C(stage) + C(arxiv_primary_category),C(arxiv_primary_category)[T.cond-mat.mes-hall],-0.3239342404934816,0.09605858151313905,-3.372257172558532,0.0007455479715136696,-0.5122056006652391,-0.135662880321724,138824.0,162431.7965439004,163829.21317953378,0.16858467273313427,0.1677393607161124
S2_AnyCitation_Continuous_LPM,ols,main,Any_Citation ~ HSS_Continuous + has_hss_concepts + log_team_size + log_prior_knowledge + HSS_Diversity + C(stage) + C(arxiv_primary_category),C(arxiv_primary_category)[T.cond-mat.mtrl-sci],-0.03374352850162504,0.07514654348570873,-0.4490363353577579,0.6534054453240774,-0.1810280472962872,0.1135409902930371,138824.0,162431.7965439004,163829.21317953378,0.16858467273313427,0.1677393607161124
S2_AnyCitation_Continuous_LPM,ols,main,Any_Citation ~ HSS_Continuous + has_hss_concepts + log_team_size + log_prior_knowledge + HSS_Diversity + C(stage) + C(arxiv_primary_category),C(arxiv_primary_category)[T.cond-mat.other],-0.09221434944584275,0.22234302561140695,-0.41473911399859914,0.6783328955560035,-0.5279986718578672,0.34356997296618175,138824.0,162431.7965439004,163829.21317953378,0.16858467273313427,0.1677393607161124
S2_AnyCitation_Continuous_LPM,ols,main,Any_Citation ~ HSS_Continuous + has_hss_concepts + log_team_size + log_prior_knowledge + HSS_Diversity + C(stage) + C(arxiv_primary_category),C(arxiv_primary_category)[T.cond-mat.quant-gas],-0.4586066387061053,0.09028841924345532,-5.0793517324687025,3.7872496140248066e-07,-0.6355686886443309,-0.2816445887678797,138824.0,162431.7965439004,163829.21317953378,0.16858467273313427,0.1677393607161124
S2_AnyCitation_Continuous_LPM,ols,main,Any_Citation ~ HSS_Continuous + has_hss_concepts + log_team_size + log_prior_knowledge + HSS_Diversity + C(stage) + C(arxiv_primary_category),C(arxiv_primary_category)[T.cond-mat.soft],-0.2808244407504071,0.11008229939829411,-2.551040832953012,0.010740174175812937,-0.4965817829064188,-0.06506709859439536,138824.0,162431.7965439004,163829.21317953378,0.16858467273313427,0.1677393607161124
S2_AnyCitation_Continuous_LPM,ols,main,Any_Citation ~ HSS_Continuous + has_hss_concepts + log_team_size + log_prior_knowledge + HSS_Diversity + C(stage) + C(arxiv_primary_category),C(arxiv_primary_category)[T.cond-mat.stat-mech],-0.24456350922202796,0.09381389457985309,-2.606900718889342,0.009136584729613454,-0.4284353638479774,-0.06069165459607853,138824.0,162431.7965439004,163829.21317953378,0.16858467273313427,0.1677393607161124
S2_AnyCitation_Continuous_LPM,ols,main,Any_Citation ~ HSS_Continuous + has_hss_concepts + log_team_size + log_prior_knowledge + HSS_Diversity + C(stage) + C(arxiv_primary_category),C(arxiv_primary_category)[T.cond-mat.str-el],-0.01100398394383121,0.16452820740918755,-0.06688205090853452,0.9466756023392212,-0.33347334490677494,0.3114653770191125,138824.0,162431.7965439004,163829.21317953378,0.16858467273313427,0.1677393607161124
S2_AnyCitation_Continuous_LPM,ols,main,Any_Citation ~ HSS_Continuous + has_hss_concepts + log_team_size + log_prior_knowledge + HSS_Diversity + C(stage) + C(arxiv_primary_category),C(arxiv_primary_category)[T.cond-mat.supr-con],-0.149604413551681,0.24870699425382922,-0.6015287748562287,0.5474878522431874,-0.6370611649923964,0.33785233788903446,138824.0,162431.7965439004,163829.21317953378,0.16858467273313427,0.1677393607161124
S2_AnyCitation_Continuous_LPM,ols,main,Any_Citation ~ HSS_Continuous + has_hss_concepts + log_team_size + log_prior_knowledge + HSS_Diversity + C(stage) + C(arxiv_primary_category),C(arxiv_primary_category)[T.cs.AI],-0.29550926970710617,0.06835463841224332,-4.323178010611437,1.5379753987734867e-05,-0.42948189917136126,-0.1615366402428511,138824.0,162431.7965439004,163829.21317953378,0.16858467273313427,0.1677393607161124
S2_AnyCitation_Continuous_LPM,ols,main,Any_Citation ~ HSS_Continuous + has_hss_concepts + log_team_size + log_prior_knowledge + HSS_Diversity + C(stage) + C(arxiv_primary_category),C(arxiv_primary_category)[T.cs.AR],-0.2851428003012883,0.07033270242633868,-4.054199404607351,5.03062918108074e-05,-0.422992363992285,-0.14729323661029162,138824.0,162431.7965439004,163829.21317953378,0.16858467273313427,0.1677393607161124
S2_AnyCitation_Continuous_LPM,ols,main,Any_Citation ~ HSS_Continuous + has_hss_concepts + log_team_size + log_prior_knowledge + HSS_Diversity + C(stage) + C(arxiv_primary_category),C(arxiv_primary_category)[T.cs.CC],-0.35751292743718777,0.09841389992426926,-3.63274829787559,0.0002804185241393749,-0.5504006268668846,-0.16462522800749088,138824.0,162431.7965439004,163829.21317953378,0.16858467273313427,0.1677393607161124
S2_AnyCitation_Continuous_LPM,ols,main,Any_Citation ~ HSS_Continuous + has_hss_concepts + log_team_size + log_prior_knowledge + HSS_Diversity + C(stage) + C(arxiv_primary_category),C(arxiv_primary_category)[T.cs.CE],-0.25263460040094365,0.0727119986489317,-3.4744554557042893,0.0005118913467995435,-0.3951474989967748,-0.11012170180511247,138824.0,162431.7965439004,163829.21317953378,0.16858467273313427,0.1677393607161124
S2_AnyCitation_Continuous_LPM,ols,main,Any_Citation ~ HSS_Continuous + has_hss_concepts + log_team_size + log_prior_knowledge + HSS_Diversity + C(stage) + C(arxiv_primary_category),C(arxiv_primary_category)[T.cs.CG],-0.20907498585899922,0.12485663411293595,-1.6745204397379931,0.09402836076963769,-0.4537894919512488,0.035639520233250344,138824.0,162431.7965439004,163829.21317953378,0.16858467273313427,0.1677393607161124
S2_AnyCitation_Continuous_LPM,ols,main,Any_Citation ~ HSS_Continuous + has_hss_concepts + log_team_size + log_prior_knowledge + HSS_Diversity + C(stage) + C(arxiv_primary_category),C(arxiv_primary_category)[T.cs.CL],-0.28202359699316826,0.06826650562007434,-4.131214779949668,3.608512258804866e-05,-0.41582348935891517,-0.14822370462742135,138824.0,162431.7965439004,163829.21317953378,0.16858467273313427,0.1677393607161124
S2_AnyCitation_Continuous_LPM,ols,main,Any_Citation ~ HSS_Continuous + has_hss_concepts + log_team_size + log_prior_knowledge + HSS_Diversity + C(stage) + C(arxiv_primary_category),C(arxiv_primary_category)[T.cs.CR],-0.24010803832398792,0.06862075254629939,-3.4990586581221717,0.00046690385290590135,-0.37460224190676994,-0.10561383474120592,138824.0,162431.7965439004,163829.21317953378,0.16858467273313427,0.1677393607161124
S2_AnyCitation_Continuous_LPM,ols,main,Any_Citation ~ HSS_Continuous + has_hss_concepts + log_team_size + log_prior_knowledge + HSS_Diversity + C(stage) + C(arxiv_primary_category),C(arxiv_primary_category)[T.cs.CV],-0.2540309735724714,0.06826062936765363,-3.72148595648384,0.00019805388206741822,-0.38781934869510964,-0.12024259844983315,138824.0,162431.7965439004,163829.21317953378,0.16858467273313427,0.1677393607161124
S2_AnyCitation_Continuous_LPM,ols,main,Any_Citation ~ HSS_Continuous + has_hss_concepts + log_team_size + log_prior_knowledge + HSS_Diversity + C(stage) + C(arxiv_primary_category),C(arxiv_primary_category)[T.cs.CY],-0.15818362428887844,0.06941845701440963,-2.2786969214260013,0.022685087884115173,-0.29424129989946324,-0.022125948678293678,138824.0,162431.7965439004,163829.21317953378,0.16858467273313427,0.1677393607161124
S2_AnyCitation_Continuous_LPM,ols,main,Any_Citation ~ HSS_Continuous + has_hss_concepts + log_team_size + log_prior_knowledge + HSS_Diversity + C(stage) + C(arxiv_primary_category),C(arxiv_primary_category)[T.cs.DB],-0.227554649333637,0.07069601293946753,-3.2187762770791255,0.0012873888571543854,-0.366116288545571,-0.08899301012170299,138824.0,162431.7965439004,163829.21317953378,0.16858467273313427,0.1677393607161124
S2_AnyCitation_Continuous_LPM,ols,main,Any_Citation ~ HSS_Continuous + has_hss_concepts + log_team_size + log_prior_knowledge + HSS_Diversity + C(stage) + C(arxiv_primary_category),C(arxiv_primary_category)[T.cs.DC],-0.26773662491131406,0.06954048691983035,-3.8500826895269493,0.00011807795389906941,-0.40403347474156026,-0.13143977508106786,138824.0,162431.7965439004,163829.21317953378,0.16858467273313427,0.1677393607161124
S2_AnyCitation_Continuous_LPM,ols,main,Any_Citation ~ HSS_Continuous + has_hss_concepts + log_team_size + log_prior_knowledge + HSS_Diversity + C(stage) + C(arxiv_primary_category),C(arxiv_primary_category)[T.cs.DL],-0.20517601241193648,0.0793354989942207,-2.5861816590689473,0.009704576877947917,-0.36067073313612275,-0.049681291687750234,138824.0,162431.7965439004,163829.21317953378,0.16858467273313427,0.1677393607161124
S2_AnyCitation_Continuous_LPM,ols,main,Any_Citation ~ HSS_Continuous + has_hss_concepts + log_team_size + log_prior_knowledge + HSS_Diversity + C(stage) + C(arxiv_primary_category),C(arxiv_primary_category)[T.cs.DM],-0.148223889797831,0.18046707063643577,-0.8213348245477922,0.41145557663849375,-0.501932848640691,0.20548506904502903,138824.0,162431.7965439004,163829.21317953378,0.16858467273313427,0.1677393607161124
S2_AnyCitation_Continuous_LPM,ols,main,Any_Citation ~ HSS_Continuous + has_hss_concepts + log_team_size + log_prior_knowledge + HSS_Diversity + C(stage) + C(arxiv_primary_category),C(arxiv_primary_category)[T.cs.DS],-0.24876172946854974,0.08748079021247279,-2.843615482488885,0.004460484191016872,-0.42022092762410046,-0.077302531312999,138824.0,162431.7965439004,163829.21317953378,0.16858467273313427,0.1677393607161124
S2_AnyCitation_Continuous_LPM,ols,main,Any_Citation ~ HSS_Continuous + has_hss_concepts + log_team_size + log_prior_knowledge + HSS_Diversity + C(stage) + C(arxiv_primary_category),C(arxiv_primary_category)[T.cs.ET],-0.23668260291530946,0.08741383919853331,-2.707610203205452,0.006776956678953391,-0.40801057949481034,-0.06535462633580855,138824.0,162431.7965439004,163829.21317953378,0.16858467273313427,0.1677393607161124
S2_AnyCitation_Continuous_LPM,ols,main,Any_Citation ~ HSS_Continuous + has_hss_concepts + log_team_size + log_prior_knowledge + HSS_Diversity + C(stage) + C(arxiv_primary_category),C(arxiv_primary_category)[T.cs.FL],-0.12744945565949592,0.12152617259551338,-1.0487408015695314,0.294297429950379,-0.36563637712570063,0.11073746580670879,138824.0,162431.7965439004,163829.21317953378,0.16858467273313427,0.1677393607161124
S2_AnyCitation_Continuous_LPM,ols,main,Any_Citation ~ HSS_Continuous + has_hss_concepts + log_team_size + log_prior_knowledge + HSS_Diversity + C(stage) + C(arxiv_primary_category),C(arxiv_primary_category)[T.cs.GL],0.019924613585766034,0.24591365172395646,0.08102280392359776,0.9354238172148721,-0.46205728709991484,0.501906514271447,138824.0,162431.7965439004,163829.21317953378,0.16858467273313427,0.1677393607161124
S2_AnyCitation_Continuous_LPM,ols,main,Any_Citation ~ HSS_Continuous + has_hss_concepts + log_team_size + log_prior_knowledge + HSS_Diversity + C(stage) + C(arxiv_primary_category),C(arxiv_primary_category)[T.cs.GR],-0.3502192267086545,0.07009130455851179,-4.996614471860681,5.83455471001623e-07,-0.4875956592727657,-0.2128427941445433,138824.0,162431.7965439004,163829.21317953378,0.16858467273313427,0.1677393607161124
S2_AnyCitation_Continuous_LPM,ols,main,Any_Citation ~ HSS_Continuous + has_hss_concepts + log_team_size + log_prior_knowledge + HSS_Diversity + C(stage) + C(arxiv_primary_category),C(arxiv_primary_category)[T.cs.GT],-0.4351979201986897,0.07676028235951114,-5.669571643319594,1.4315498017449507e-08,-0.5856453090664567,-0.28475053133092265,138824.0,162431.7965439004,163829.21317953378,0.16858467273313427,0.1677393607161124
S2_AnyCitation_Continuous_LPM,ols,main,Any_Citation ~ HSS_Continuous + has_hss_concepts + log_team_size + log_prior_knowledge + HSS_Diversity + C(stage) + C(arxiv_primary_category),C(arxiv_primary_category)[T.cs.HC],-0.21882585172400792,0.06895182294012124,-3.173605024395649,0.001505584207070287,-0.35396894135502827,-0.08368276209298758,138824.0,162431.7965439004,163829.21317953378,0.16858467273313427,0.1677393607161124
S2_AnyCitation_Continuous_LPM,ols,main,Any_Citation ~ HSS_Continuous + has_hss_concepts + log_team_size + log_prior_knowledge + HSS_Diversity + C(stage) + C(arxiv_primary_category),C(arxiv_primary_category)[T.cs.IR],-0.265537282970119,0.06867139690190946,-3.866781439576855,0.0001102811792309947,-0.40013074766591705,-0.13094381827432103,138824.0,162431.7965439004,163829.21317953378,0.16858467273313427,0.1677393607161124
S2_AnyCitation_Continuous_LPM,ols,main,Any_Citation ~ HSS_Continuous + has_hss_concepts + log_team_size + log_prior_knowledge + HSS_Diversity + C(stage) + C(arxiv_primary_category),C(arxiv_primary_category)[T.cs.IT],-0.411950839738729,0.06942106219898488,-5.934090126105169,2.9547949578519944e-09,-0.5480136214172543,-0.27588805806020367,138824.0,162431.7965439004,163829.21317953378,0.16858467273313427,0.1677393607161124
S2_AnyCitation_Continuous_LPM,ols,main,Any_Citation ~ HSS_Continuous + has_hss_concepts + log_team_size + log_prior_knowledge + HSS_Diversity + C(stage) + C(arxiv_primary_category),C(arxiv_primary_category)[T.cs.LG],-0.24519054838224308,0.06827441117046183,-3.591251014528296,0.0003290944833035936,-0.3790059353420274,-0.11137516142245873,138824.0,162431.7965439004,163829.21317953378,0.16858467273313427,0.1677393607161124
S2_AnyCitation_Continuous_LPM,ols,main,Any_Citation ~ HSS_Continuous + has_hss_concepts + log_team_size + log_prior_knowledge + HSS_Diversity + C(stage) + C(arxiv_primary_category),C(arxiv_primary_category)[T.cs.LO],-0.22408145604477006,0.08246868104611775,-2.7171703633705535,0.006584270646160026,-0.38571710074768184,-0.06244581134185828,138824.0,162431.7965439004,163829.21317953378,0.16858467273313427,0.1677393607161124
S2_AnyCitation_Continuous_LPM,ols,main,Any_Citation ~ HSS_Continuous + has_hss_concepts + log_team_size + log_prior_knowledge + HSS_Diversity + C(stage) + C(arxiv_primary_category),C(arxiv_primary_category)[T.cs.MA],-0.32276659983724026,0.07058913208046386,-4.572468740220828,4.820111516820281e-06,-0.46111875641489036,-0.18441444325959017,138824.0,162431.7965439004,163829.21317953378,0.16858467273313427,0.1677393607161124
S2_AnyCitation_Continuous_LPM,ols,main,Any_Citation ~ HSS_Continuous + has_hss_concepts + log_team_size + log_prior_knowledge + HSS_Diversity + C(stage) + C(arxiv_primary_category),C(arxiv_primary_category)[T.cs.MM],-0.3283012858709984,0.07152855878531227,-4.5897931042672155,4.436855694924754e-06,-0.4684946849562665,-0.18810788678573026,138824.0,162431.7965439004,163829.21317953378,0.16858467273313427,0.1677393607161124
S2_AnyCitation_Continuous_LPM,ols,main,Any_Citation ~ HSS_Continuous + has_hss_concepts + log_team_size + log_prior_knowledge + HSS_Diversity + C(stage) + C(arxiv_primary_category),C(arxiv_primary_category)[T.cs.MS],0.35616948273205334,0.13582193035912676,2.6223267611519407,0.008733165447236249,0.08996339091745753,0.6223755745466492,138824.0,162431.7965439004,163829.21317953378,0.16858467273313427,0.1677393607161124
S2_AnyCitation_Continuous_LPM,ols,main,Any_Citation ~ HSS_Continuous + has_hss_concepts + log_team_size + log_prior_knowledge + HSS_Diversity + C(stage) + C(arxiv_primary_category),C(arxiv_primary_category)[T.cs.NE],-0.194619461835336,0.07227118437795522,-2.6929053883708107,0.007083236614663344,-0.336268380336182,-0.052970543334489945,138824.0,162431.7965439004,163829.21317953378,0.16858467273313427,0.1677393607161124
S2_AnyCitation_Continuous_LPM,ols,main,Any_Citation ~ HSS_Continuous + has_hss_concepts + log_team_size + log_prior_knowledge + HSS_Diversity + C(stage) + C(arxiv_primary_category),C(arxiv_primary_category)[T.cs.NI],-0.29423451505678133,0.07083723042247746,-4.153670510576842,3.2718420236392215e-05,-0.4330729354494022,-0.1553960946641605,138824.0,162431.7965439004,163829.21317953378,0.16858467273313427,0.1677393607161124
S2_AnyCitation_Continuous_LPM,ols,main,Any_Citation ~ HSS_Continuous + has_hss_concepts + log_team_size + log_prior_knowledge + HSS_Diversity + C(stage) + C(arxiv_primary_category),C(arxiv_primary_category)[T.cs.OH],-0.17419357852028042,0.13083843405779894,-1.331363981651821,0.18306927492596503,-0.43063219706718514,0.08224504002662428,138824.0,162431.7965439004,163829.21317953378,0.16858467273313427,0.1677393607161124
S2_AnyCitation_Continuous_LPM,ols,main,Any_Citation ~ HSS_Continuous + has_hss_concepts + log_team_size + log_prior_knowledge + HSS_Diversity + C(stage) + C(arxiv_primary_category),C(arxiv_primary_category)[T.cs.OS],-0.25701231073924335,0.09975403910211969,-2.5764601920142405,0.009981769847601591,-0.4525266346917982,-0.0614979867866885,138824.0,162431.7965439004,163829.21317953378,0.16858467273313427,0.1677393607161124
S2_AnyCitation_Continuous_LPM,ols,main,Any_Citation ~ HSS_Continuous + has_hss_concepts + log_team_size + log_prior_knowledge + HSS_Diversity + C(stage) + C(arxiv_primary_category),C(arxiv_primary_category)[T.cs.PF],-0.2790897014092862,0.08250678289209537,-3.3826273625804477,0.0007179597818765194,-0.4408000243580586,-0.11737937846051377,138824.0,162431.7965439004,163829.21317953378,0.16858467273313427,0.1677393607161124
S2_AnyCitation_Continuous_LPM,ols,main,Any_Citation ~ HSS_Continuous + has_hss_concepts + log_team_size + log_prior_knowledge + HSS_Diversity + C(stage) + C(arxiv_primary_category),C(arxiv_primary_category)[T.cs.PL],-0.20699638307282228,0.07628738289848444,-2.7133763829370343,0.006660141205164208,-0.3565169060286686,-0.057475860116975946,138824.0,162431.7965439004,163829.21317953378,0.16858467273313427,0.1677393607161124
S2_AnyCitation_Continuous_LPM,ols,main,Any_Citation ~ HSS_Continuous + has_hss_concepts + log_team_size + log_prior_knowledge + HSS_Diversity + C(stage) + C(arxiv_primary_category),C(arxiv_primary_category)[T.cs.RO],-0.2700274361328426,0.06865387356693939,-3.933171168696818,8.383249589434667e-05,-0.40458655572321023,-0.13546831654247496,138824.0,162431.7965439004,163829.21317953378,0.16858467273313427,0.1677393607161124
S2_AnyCitation_Continuous_LPM,ols,main,Any_Citation ~ HSS_Continuous + has_hss_concepts + log_team_size + log_prior_knowledge + HSS_Diversity + C(stage) + C(arxiv_primary_category),C(arxiv_primary_category)[T.cs.SC],-0.33178065864813383,0.1308924554113955,-2.5347576955856312,0.01125251292977803,-0.5883251571024839,-0.07523616019378376,138824.0,162431.7965439004,163829.21317953378,0.16858467273313427,0.1677393607161124
S2_AnyCitation_Continuous_LPM,ols,main,Any_Citation ~ HSS_Continuous + has_hss_concepts + log_team_size + log_prior_knowledge + HSS_Diversity + C(stage) + C(arxiv_primary_category),C(arxiv_primary_category)[T.cs.SD],-0.32947695286222617,0.06886855768852627,-4.784141906272535,1.7171933862327627e-06,-0.4644568455989567,-0.19449706012549564,138824.0,162431.7965439004,163829.21317953378,0.16858467273313427,0.1677393607161124
S2_AnyCitation_Continuous_LPM,ols,main,Any_Citation ~ HSS_Continuous + has_hss_concepts + log_team_size + log_prior_knowledge + HSS_Diversity + C(stage) + C(arxiv_primary_category),C(arxiv_primary_category)[T.cs.SE],-0.2358331291927238,0.06859791410154535,-3.4379052523903355,0.0005862327828996851,-0.370282570246325,-0.10138368813912263,138824.0,162431.7965439004,163829.21317953378,0.16858467273313427,0.1677393607161124
S2_AnyCitation_Continuous_LPM,ols,main,Any_Citation ~ HSS_Continuous + has_hss_concepts + log_team_size + log_prior_knowledge + HSS_Diversity + C(stage) + C(arxiv_primary_category),C(arxiv_primary_category)[T.cs.SI],-0.28159522609103954,0.07199807254658959,-3.911149509020824,9.185788516865881e-05,-0.42270885523865714,-0.14048159694342194,138824.0,162431.7965439004,163829.21317953378,0.16858467273313427,0.1677393607161124
S2_AnyCitation_Continuous_LPM,ols,main,Any_Citation ~ HSS_Continuous + has_hss_concepts + log_team_size + log_prior_knowledge + HSS_Diversity + C(stage) + C(arxiv_primary_category),C(arxiv_primary_category)[T.econ.EM],-0.362731251332677,0.09312368034532467,-3.8951558828815993,9.813559619092217e-05,-0.5452503109173339,-0.1802121917480201,138824.0,162431.7965439004,163829.21317953378,0.16858467273313427,0.1677393607161124
S2_AnyCitation_Continuous_LPM,ols,main,Any_Citation ~ HSS_Continuous + has_hss_concepts + log_team_size + log_prior_knowledge + HSS_Diversity + C(stage) + C(arxiv_primary_category),C(arxiv_primary_category)[T.econ.GN],-0.14733838243695901,0.08332502813578412,-1.768236815916348,0.07702132181997813,-0.31065243659388253,0.01597567171996453,138824.0,162431.7965439004,163829.21317953378,0.16858467273313427,0.1677393607161124
S2_AnyCitation_Continuous_LPM,ols,main,Any_Citation ~ HSS_Continuous + has_hss_concepts + log_team_size + log_prior_knowledge + HSS_Diversity + C(stage) + C(arxiv_primary_category),C(arxiv_primary_category)[T.econ.TH],-0.40372213239532645,0.10479056430439496,-3.8526572986342265,0.00011684286858136584,-0.6091078643515692,-0.19833640043908377,138824.0,162431.7965439004,163829.21317953378,0.16858467273313427,0.1677393607161124
S2_AnyCitation_Continuous_LPM,ols,main,Any_Citation ~ HSS_Continuous + has_hss_concepts + log_team_size + log_prior_knowledge + HSS_Diversity + C(stage) + C(arxiv_primary_category),C(arxiv_primary_category)[T.eess.AS],-0.32775845851506524,0.06909649772813953,-4.743488733750766,2.100686318178793e-06,-0.4631851055200724,-0.1923318115100581,138824.0,162431.7965439004,163829.21317953378,0.16858467273313427,0.1677393607161124
S2_AnyCitation_Continuous_LPM,ols,main,Any_Citation ~ HSS_Continuous + has_hss_concepts + log_team_size + log_prior_knowledge + HSS_Diversity + C(stage) + C(arxiv_primary_category),C(arxiv_primary_category)[T.eess.IV],-0.17094337058926526,0.06874413791314321,-2.4866610561797815,0.012894818774047108,-0.3056794050472804,-0.0362073361312501,138824.0,162431.7965439004,163829.21317953378,0.16858467273313427,0.1677393607161124
S2_AnyCitation_Continuous_LPM,ols,main,Any_Citation ~ HSS_Continuous + has_hss_concepts + log_team_size + log_prior_knowledge + HSS_Diversity + C(stage) + C(arxiv_primary_category),C(arxiv_primary_category)[T.eess.SP],-0.30079216456375063,0.06974928241824258,-4.312476833239505,1.614358023390542e-05,-0.4374982460510189,-0.16408608307648237,138824.0,162431.7965439004,163829.21317953378,0.16858467273313427,0.1677393607161124
S2_AnyCitation_Continuous_LPM,ols,main,Any_Citation ~ HSS_Continuous + has_hss_concepts + log_team_size + log_prior_knowledge + HSS_Diversity + C(stage) + C(arxiv_primary_category),C(arxiv_primary_category)[T.eess.SY],-0.2793984771821683,0.07172054115625914,-3.8956548943689175,9.793375087956031e-05,-0.4199681548001589,-0.1388287995641777,138824.0,162431.7965439004,163829.21317953378,0.16858467273313427,0.1677393607161124
S2_AnyCitation_Continuous_LPM,ols,main,Any_Citation ~ HSS_Continuous + has_hss_concepts + log_team_size + log_prior_knowledge + HSS_Diversity + C(stage) + C(arxiv_primary_category),C(arxiv_primary_category)[T.gr-qc],-0.2842683548264266,0.09368888378540079,-3.034173781785659,0.0024119544893446056,-0.46789519279757075,-0.10064151685528241,138824.0,162431.7965439004,163829.21317953378,0.16858467273313427,0.1677393607161124
S2_AnyCitation_Continuous_LPM,ols,main,Any_Citation ~ HSS_Continuous + has_hss_concepts + log_team_size + log_prior_knowledge + HSS_Diversity + C(stage) + C(arxiv_primary_category),C(arxiv_primary_category)[T.hep-ex],-0.075040157728929,0.08796803516458908,-0.8530389202001398,0.3936377213119694,-0.2474543384422766,0.0973740229844186,138824.0,162431.7965439004,163829.21317953378,0.16858467273313427,0.1677393607161124
S2_AnyCitation_Continuous_LPM,ols,main,Any_Citation ~ HSS_Continuous + has_hss_concepts + log_team_size + log_prior_knowledge + HSS_Diversity + C(stage) + C(arxiv_primary_category),C(arxiv_primary_category)[T.hep-lat],-0.22022516160984645,0.11277507571995732,-1.9527822101109364,0.05084540740066959,-0.4412602483747403,0.0008099251550474085,138824.0,162431.7965439004,163829.21317953378,0.16858467273313427,0.1677393607161124
S2_AnyCitation_Continuous_LPM,ols,main,Any_Citation ~ HSS_Continuous + has_hss_concepts + log_team_size + log_prior_knowledge + HSS_Diversity + C(stage) + C(arxiv_primary_category),C(arxiv_primary_category)[T.hep-ph],-0.02657665466485511,0.0830320632148442,-0.3200770116489629,0.7489099517411038,-0.1893165081280028,0.13616319879829256,138824.0,162431.7965439004,163829.21317953378,0.16858467273313427,0.1677393607161124
S2_AnyCitation_Continuous_LPM,ols,main,Any_Citation ~ HSS_Continuous + has_hss_concepts + log_team_size + log_prior_knowledge + HSS_Diversity + C(stage) + C(arxiv_primary_category),C(arxiv_primary_category)[T.hep-th],0.012740146615342644,0.14051868232988898,0.09066514433599093,0.927758667315015,-0.2626714099062647,0.28815170313694993,138824.0,162431.7965439004,163829.21317953378,0.16858467273313427,0.1677393607161124
S2_AnyCitation_Continuous_LPM,ols,main,Any_Citation ~ HSS_Continuous + has_hss_concepts + log_team_size + log_prior_knowledge + HSS_Diversity + C(stage) + C(arxiv_primary_category),C(arxiv_primary_category)[T.math-ph],-0.20874230168311325,0.1790107657732262,-1.1660879767843206,0.243578877264632,-0.559596955443572,0.14211235207734546,138824.0,162431.7965439004,163829.21317953378,0.16858467273313427,0.1677393607161124
S2_AnyCitation_Continuous_LPM,ols,main,Any_Citation ~ HSS_Continuous + has_hss_concepts + log_team_size + log_prior_knowledge + HSS_Diversity + C(stage) + C(arxiv_primary_category),C(arxiv_primary_category)[T.math.AC],-0.2978280042973019,0.0682165294791757,-4.365921376698285,1.2658801082564498e-05,-0.4315299452268011,-0.16412606336780264,138824.0,162431.7965439004,163829.21317953378,0.16858467273313427,0.1677393607161124
S2_AnyCitation_Continuous_LPM,ols,main,Any_Citation ~ HSS_Continuous + has_hss_concepts + log_team_size + log_prior_knowledge + HSS_Diversity + C(stage) + C(arxiv_primary_category),C(arxiv_primary_category)[T.math.AG],-0.047497129170729395,0.2892247148000554,-0.16422223530781158,0.869556197491432,-0.6143671536177067,0.519372895276248,138824.0,162431.7965439004,163829.21317953378,0.16858467273313427,0.1677393607161124
S2_AnyCitation_Continuous_LPM,ols,main,Any_Citation ~ HSS_Continuous + has_hss_concepts + log_team_size + log_prior_knowledge + HSS_Diversity + C(stage) + C(arxiv_primary_category),C(arxiv_primary_category)[T.math.AP],-0.33857719889841265,0.09094857731860338,-3.7227322172653405,0.00019707850931970116,-0.5168331348880317,-0.1603212629087936,138824.0,162431.7965439004,163829.21317953378,0.16858467273313427,0.1677393607161124
S2_AnyCitation_Continuous_LPM,ols,main,Any_Citation ~ HSS_Continuous + has_hss_concepts + log_team_size + log_prior_knowledge + HSS_Diversity + C(stage) + C(arxiv_primary_category),C(arxiv_primary_category)[T.math.AT],-0.38601978695598516,0.06821206573138393,-5.659112985613335,1.5215736176270677e-08,-0.5197129791005765,-0.25232659481139386,138824.0,162431.7965439004,163829.21317953378,0.16858467273313427,0.1677393607161124
S2_AnyCitation_Continuous_LPM,ols,main,Any_Citation ~ HSS_Continuous + has_hss_concepts + log_team_size + log_prior_knowledge + HSS_Diversity + C(stage) + C(arxiv_primary_category),C(arxiv_primary_category)[T.math.CO],-0.32348418698511744,0.1375820833250387,-2.351208668797983,0.018712536627352346,-0.5931401152201821,-0.053828258750052815,138824.0,162431.7965439004,163829.21317953378,0.16858467273313427,0.1677393607161124
S2_AnyCitation_Continuous_LPM,ols,main,Any_Citation ~ HSS_Continuous + has_hss_concepts + log_team_size + log_prior_knowledge + HSS_Diversity + C(stage) + C(arxiv_primary_category),C(arxiv_primary_category)[T.math.CT],-0.4599114088466994,0.1225537708050247,-3.7527316036516685,0.00017491810192735895,-0.7001123857941242,-0.21971043189927464,138824.0,162431.7965439004,163829.21317953378,0.16858467273313427,0.1677393607161124
S2_AnyCitation_Continuous_LPM,ols,main,Any_Citation ~ HSS_Continuous + has_hss_concepts + log_team_size + log_prior_knowledge + HSS_Diversity + C(stage) + C(arxiv_primary_category),C(arxiv_primary_category)[T.math.DG],-0.42578110259038726,0.07523938910871261,-5.659018602279992,1.52241054816417e-08,-0.5732475954622591,-0.27831460971851535,138824.0,162431.7965439004,163829.21317953378,0.16858467273313427,0.1677393607161124
S2_AnyCitation_Continuous_LPM,ols,main,Any_Citation ~ HSS_Continuous + has_hss_concepts + log_team_size + log_prior_knowledge + HSS_Diversity + C(stage) + C(arxiv_primary_category),C(arxiv_primary_category)[T.math.DS],-0.3571952390371547,0.08613411765776155,-4.1469657871971926,3.369103831644851e-05,-0.5260150074865029,-0.18837547058780657,138824.0,162431.7965439004,163829.21317953378,0.16858467273313427,0.1677393607161124
S2_AnyCitation_Continuous_LPM,ols,main,Any_Citation ~ HSS_Continuous + has_hss_concepts + log_team_size + log_prior_knowledge + HSS_Diversity + C(stage) + C(arxiv_primary_category),C(arxiv_primary_category)[T.math.FA],-0.5075520475450744,0.09355498941136209,-5.4251734807361665,5.789827897235594e-08,-0.6909164573653702,-0.32418763772477865,138824.0,162431.7965439004,163829.21317953378,0.16858467273313427,0.1677393607161124
S2_AnyCitation_Continuous_LPM,ols,main,Any_Citation ~ HSS_Continuous + has_hss_concepts + log_team_size + log_prior_knowledge + HSS_Diversity + C(stage) + C(arxiv_primary_category),C(arxiv_primary_category)[T.math.GM],-0.8861823130693705,0.07597349344682251,-11.664361777567224,1.9385127438875184e-31,-1.0350876240048323,-0.7372770021339086,138824.0,162431.7965439004,163829.21317953378,0.16858467273313427,0.1677393607161124
S2_AnyCitation_Continuous_LPM,ols,main,Any_Citation ~ HSS_Continuous + has_hss_concepts + log_team_size + log_prior_knowledge + HSS_Diversity + C(stage) + C(arxiv_primary_category),C(arxiv_primary_category)[T.math.GR],0.2845410963037405,0.06828671527492142,4.166858739041435,3.088257337375897e-05,0.15070159374235337,0.4183805988651277,138824.0,162431.7965439004,163829.21317953378,0.16858467273313427,0.1677393607161124
S2_AnyCitation_Continuous_LPM,ols,main,Any_Citation ~ HSS_Continuous + has_hss_concepts + log_team_size + log_prior_knowledge + HSS_Diversity + C(stage) + C(arxiv_primary_category),C(arxiv_primary_category)[T.math.GT],-0.18498303348461265,0.18441148206415298,-1.0030993266474635,0.31581293955897516,-0.5464228966660066,0.17645682969678134,138824.0,162431.7965439004,163829.21317953378,0.16858467273313427,0.1677393607161124
S2_AnyCitation_Continuous_LPM,ols,main,Any_Citation ~ HSS_Continuous + has_hss_concepts + log_team_size + log_prior_knowledge + HSS_Diversity + C(stage) + C(arxiv_primary_category),C(arxiv_primary_category)[T.math.HO],-0.3274717674805037,0.0914102749369421,-3.5824393669793118,0.00034040064130765735,-0.5066326141738147,-0.14831092078719282,138824.0,162431.7965439004,163829.21317953378,0.16858467273313427,0.1677393607161124
S2_AnyCitation_Continuous_LPM,ols,main,Any_Citation ~ HSS_Continuous + has_hss_concepts + log_team_size + log_prior_knowledge + HSS_Diversity + C(stage) + C(arxiv_primary_category),C(arxiv_primary_category)[T.math.LO],0.024855615287787257,0.2397837965635224,0.10365844416514869,0.917440405685804,-0.44511199005299584,0.4948232206285703,138824.0,162431.7965439004,163829.21317953378,0.16858467273313427,0.1677393607161124
S2_AnyCitation_Continuous_LPM,ols,main,Any_Citation ~ HSS_Continuous + has_hss_concepts + log_team_size + log_prior_knowledge + HSS_Diversity + C(stage) + C(arxiv_primary_category),C(arxiv_primary_category)[T.math.NA],-0.2552845987597055,0.07453123977974466,-3.425202633340391,0.0006143410387594783,-0.401363144451124,-0.10920605306828698,138824.0,162431.7965439004,163829.21317953378,0.16858467273313427,0.1677393607161124
S2_AnyCitation_Continuous_LPM,ols,main,Any_Citation ~ HSS_Continuous + has_hss_concepts + log_team_size + log_prior_knowledge + HSS_Diversity + C(stage) + C(arxiv_primary_category),C(arxiv_primary_category)[T.math.NT],-0.38359193527727586,0.1448555462874871,-2.6480997456319786,0.008094563824635607,-0.6675035889616253,-0.09968028159292641,138824.0,162431.7965439004,163829.21317953378,0.16858467273313427,0.1677393607161124
S2_AnyCitation_Continuous_LPM,ols,main,Any_Citation ~ HSS_Continuous + has_hss_concepts + log_team_size + log_prior_knowledge + HSS_Diversity + C(stage) + C(arxiv_primary_category),C(arxiv_primary_category)[T.math.OC],-0.23726248467652383,0.0752716967105241,-3.1520809951843565,0.0016211129912972896,-0.3847922992843731,-0.08973267006867455,138824.0,162431.7965439004,163829.21317953378,0.16858467273313427,0.1677393607161124
S2_AnyCitation_Continuous_LPM,ols,main,Any_Citation ~ HSS_Continuous + has_hss_concepts + log_team_size + log_prior_knowledge + HSS_Diversity + C(stage) + C(arxiv_primary_category),C(arxiv_primary_category)[T.math.PR],-0.35693574881496615,0.09894073942036799,-3.6075710663375857,0.0003090768969035002,-0.5508560346826498,-0.1630154629472825,138824.0,162431.7965439004,163829.21317953378,0.16858467273313427,0.1677393607161124
S2_AnyCitation_Continuous_LPM,ols,main,Any_Citation ~ HSS_Continuous + has_hss_concepts + log_team_size + log_prior_knowledge + HSS_Diversity + C(stage) + C(arxiv_primary_category),C(arxiv_primary_category)[T.math.SP],-0.35172165401392935,0.06821370284443123,-5.156173017261192,2.520480209360585e-07,-0.485418054841132,-0.2180252531867267,138824.0,162431.7965439004,163829.21317953378,0.16858467273313427,0.1677393607161124
S2_AnyCitation_Continuous_LPM,ols,main,Any_Citation ~ HSS_Continuous + has_hss_concepts + log_team_size + log_prior_knowledge + HSS_Diversity + C(stage) + C(arxiv_primary_category),C(arxiv_primary_category)[T.math.ST],-0.3630018411506934,0.0837264279189503,-4.335570621764613,1.453824880005324e-05,-0.5271026244260248,-0.19890105787536194,138824.0,162431.7965439004,163829.21317953378,0.16858467273313427,0.1677393607161124
S2_AnyCitation_Continuous_LPM,ols,main,Any_Citation ~ HSS_Continuous + has_hss_concepts + log_team_size + log_prior_knowledge + HSS_Diversity + C(stage) + C(arxiv_primary_category),C(arxiv_primary_category)[T.nlin.AO],-0.18075743831848698,0.14963749318258293,-1.2079689018709534,0.2270592244441797,-0.4740415356932074,0.11252665905623346,138824.0,162431.7965439004,163829.21317953378,0.16858467273313427,0.1677393607161124
S2_AnyCitation_Continuous_LPM,ols,main,Any_Citation ~ HSS_Continuous + has_hss_concepts + log_team_size + log_prior_knowledge + HSS_Diversity + C(stage) + C(arxiv_primary_category),C(arxiv_primary_category)[T.nlin.CD],-0.163303215680453,0.2279670594937381,-0.7163456687256111,0.47377793409988944,-0.6101104419496794,0.2835040105887735,138824.0,162431.7965439004,163829.21317953378,0.16858467273313427,0.1677393607161124
S2_AnyCitation_Continuous_LPM,ols,main,Any_Citation ~ HSS_Continuous + has_hss_concepts + log_team_size + log_prior_knowledge + HSS_Diversity + C(stage) + C(arxiv_primary_category),C(arxiv_primary_category)[T.nlin.CG],-0.3413756932409511,0.06825161140508484,-5.001723566859523,5.682002448702686e-07,-0.4751463934817406,-0.20760499300016158,138824.0,162431.7965439004,163829.21317953378,0.16858467273313427,0.1677393607161124
S2_AnyCitation_Continuous_LPM,ols,main,Any_Citation ~ HSS_Continuous + has_hss_concepts + log_team_size + log_prior_knowledge + HSS_Diversity + C(stage) + C(arxiv_primary_category),C(arxiv_primary_category)[T.nlin.PS],-0.2573663137989712,0.18222893369763224,-1.4123240946249098,0.1578545550026974,-0.6145284607874678,0.09979583318952545,138824.0,162431.7965439004,163829.21317953378,0.16858467273313427,0.1677393607161124
S2_AnyCitation_Continuous_LPM,ols,main,Any_Citation ~ HSS_Continuous + has_hss_concepts + log_team_size + log_prior_knowledge + HSS_Diversity + C(stage) + C(arxiv_primary_category),C(arxiv_primary_category)[T.nucl-ex],-0.4073046393260496,0.06987477198518417,-5.829065737952061,5.573854474305327e-09,-0.544256675844959,-0.2703526028071403,138824.0,162431.7965439004,163829.21317953378,0.16858467273313427,0.1677393607161124
S2_AnyCitation_Continuous_LPM,ols,main,Any_Citation ~ HSS_Continuous + has_hss_concepts + log_team_size + log_prior_knowledge + HSS_Diversity + C(stage) + C(arxiv_primary_category),C(arxiv_primary_category)[T.nucl-th],-0.4153696437969653,0.0861826166464968,-4.819645306207461,1.4381367578071238e-06,-0.5842844685175211,-0.24645481907640943,138824.0,162431.7965439004,163829.21317953378,0.16858467273313427,0.1677393607161124
S2_AnyCitation_Continuous_LPM,ols,main,Any_Citation ~ HSS_Continuous + has_hss_concepts + log_team_size + log_prior_knowledge + HSS_Diversity + C(stage) + C(arxiv_primary_category),C(arxiv_primary_category)[T.physics.acc-ph],0.2289659258368081,0.1195872165436533,1.9146354640107202,0.05553900910532095,-0.005420711600144873,0.46335256327376106,138824.0,162431.7965439004,163829.21317953378,0.16858467273313427,0.1677393607161124
S2_AnyCitation_Continuous_LPM,ols,main,Any_Citation ~ HSS_Continuous + has_hss_concepts + log_team_size + log_prior_knowledge + HSS_Diversity + C(stage) + C(arxiv_primary_category),C(arxiv_primary_category)[T.physics.ao-ph],-0.025100706775518632,0.08571706103633088,-0.29283209750833367,0.769650492866828,-0.19310305926734872,0.14290164571631148,138824.0,162431.7965439004,163829.21317953378,0.16858467273313427,0.1677393607161124
S2_AnyCitation_Continuous_LPM,ols,main,Any_Citation ~ HSS_Continuous + has_hss_concepts + log_team_size + log_prior_knowledge + HSS_Diversity + C(stage) + C(arxiv_primary_category),C(arxiv_primary_category)[T.physics.app-ph],-0.07110144025030303,0.10748382406714466,-0.6615082861760323,0.5082864024319133,-0.281765864342546,0.13956298384194,138824.0,162431.7965439004,163829.21317953378,0.16858467273313427,0.1677393607161124
S2_AnyCitation_Continuous_LPM,ols,main,Any_Citation ~ HSS_Continuous + has_hss_concepts + log_team_size + log_prior_knowledge + HSS_Diversity + C(stage) + C(arxiv_primary_category),C(arxiv_primary_category)[T.physics.atom-ph],-0.29252652324840706,0.14689759815561415,-1.9913635547568498,0.04644093295431501,-0.5804405250488482,-0.004612521447965867,138824.0,162431.7965439004,163829.21317953378,0.16858467273313427,0.1677393607161124
S2_AnyCitation_Continuous_LPM,ols,main,Any_Citation ~ HSS_Continuous + has_hss_concepts + log_team_size + log_prior_knowledge + HSS_Diversity + C(stage) + C(arxiv_primary_category),C(arxiv_primary_category)[T.physics.bio-ph],-0.2475849201685341,0.13103461643040143,-1.8894619369534151,0.05882995840561438,-0.5044080491001413,0.009238208763073102,138824.0,162431.7965439004,163829.21317953378,0.16858467273313427,0.1677393607161124
S2_AnyCitation_Continuous_LPM,ols,main,Any_Citation ~ HSS_Continuous + has_hss_concepts + log_team_size + log_prior_knowledge + HSS_Diversity + C(stage) + C(arxiv_primary_category),C(arxiv_primary_category)[T.physics.chem-ph],-0.052331444719943554,0.08259034119678615,-0.6336266924391872,0.5263244767023993,-0.2142055389365191,0.109542649496632,138824.0,162431.7965439004,163829.21317953378,0.16858467273313427,0.1677393607161124
S2_AnyCitation_Continuous_LPM,ols,main,Any_Citation ~ HSS_Continuous + has_hss_concepts + log_team_size + log_prior_knowledge + HSS_Diversity + C(stage) + C(arxiv_primary_category),C(arxiv_primary_category)[T.physics.class-ph],-0.3403270417877082,0.06821175576345993,-4.989272567149144,6.060708183439559e-07,-0.4740196264063321,-0.20663445716908424,138824.0,162431.7965439004,163829.21317953378,0.16858467273313427,0.1677393607161124
S2_AnyCitation_Continuous_LPM,ols,main,Any_Citation ~ HSS_Continuous + has_hss_concepts + log_team_size + log_prior_knowledge + HSS_Diversity + C(stage) + C(arxiv_primary_category),C(arxiv_primary_category)[T.physics.comp-ph],-0.21732759206078414,0.08183672908216505,-2.6556241249889725,0.00791617945101924,-0.37772463367438924,-0.05693055044717901,138824.0,162431.7965439004,163829.21317953378,0.16858467273313427,0.1677393607161124
S2_AnyCitation_Continuous_LPM,ols,main,Any_Citation ~ HSS_Continuous + has_hss_concepts + log_team_size + log_prior_knowledge + HSS_Diversity + C(stage) + C(arxiv_primary_category),C(arxiv_primary_category)[T.physics.data-an],-0.06139965502092937,0.10333958079947152,-0.5941542876980914,0.5524089238101391,-0.2639415115653604,0.14114220152350168,138824.0,162431.7965439004,163829.21317953378,0.16858467273313427,0.1677393607161124
S2_AnyCitation_Continuous_LPM,ols,main,Any_Citation ~ HSS_Continuous + has_hss_concepts + log_team_size + log_prior_knowledge + HSS_Diversity + C(stage) + C(arxiv_primary_category),C(arxiv_primary_category)[T.physics.ed-ph],-0.1802253857806393,0.08796005682713214,-2.0489457633575223,0.04046741870790423,-0.3526239292399148,-0.007826842321363797,138824.0,162431.7965439004,163829.21317953378,0.16858467273313427,0.1677393607161124
S2_AnyCitation_Continuous_LPM,ols,main,Any_Citation ~ HSS_Continuous + has_hss_concepts + log_team_size + log_prior_knowledge + HSS_Diversity + C(stage) + C(arxiv_primary_category),C(arxiv_primary_category)[T.physics.flu-dyn],-0.1968003892816466,0.07552478413699036,-2.605772284296515,0.009166738217777012,-0.34482624613030965,-0.04877453243298349,138824.0,162431.7965439004,163829.21317953378,0.16858467273313427,0.1677393607161124
S2_AnyCitation_Continuous_LPM,ols,main,Any_Citation ~ HSS_Continuous + has_hss_concepts + log_team_size + log_prior_knowledge + HSS_Diversity + C(stage) + C(arxiv_primary_category),C(arxiv_primary_category)[T.physics.gen-ph],-0.3915982115759267,0.07692081678161924,-5.090926331264618,3.563184542107584e-07,-0.5423602421293047,-0.2408361810225488,138824.0,162431.7965439004,163829.21317953378,0.16858467273313427,0.1677393607161124
S2_AnyCitation_Continuous_LPM,ols,main,Any_Citation ~ HSS_Continuous + has_hss_concepts + log_team_size + log_prior_knowledge + HSS_Diversity + C(stage) + C(arxiv_primary_category),C(arxiv_primary_category)[T.physics.geo-ph],-0.1692153334507365,0.08233894776901193,-2.055106824117326,0.03986868794857924,-0.33059670560292453,-0.007833961298548464,138824.0,162431.7965439004,163829.21317953378,0.16858467273313427,0.1677393607161124
S2_AnyCitation_Continuous_LPM,ols,main,Any_Citation ~ HSS_Continuous + has_hss_concepts + log_team_size + log_prior_knowledge + HSS_Diversity + C(stage) + C(arxiv_primary_category),C(arxiv_primary_category)[T.physics.ins-det],-0.1067924943609621,0.09845506458719441,-1.0846825890443028,0.278062261830631,-0.29976087504742804,0.08617588632550384,138824.0,162431.7965439004,163829.21317953378,0.16858467273313427,0.1677393607161124
S2_AnyCitation_Continuous_LPM,ols,main,Any_Citation ~ HSS_Continuous + has_hss_concepts + log_team_size + log_prior_knowledge + HSS_Diversity + C(stage) + C(arxiv_primary_category),C(arxiv_primary_category)[T.physics.med-ph],-0.1764884171209474,0.07949960628679446,-2.21999108378306,0.02641937286691802,-0.3323047822281786,-0.02067205201371619,138824.0,162431.7965439004,163829.21317953378,0.16858467273313427,0.1677393607161124
S2_AnyCitation_Continuous_LPM,ols,main,Any_Citation ~ HSS_Continuous + has_hss_concepts + log_team_size + log_prior_knowledge + HSS_Diversity + C(stage) + C(arxiv_primary_category),C(arxiv_primary_category)[T.physics.optics],-0.22364389131617984,0.0811771116857058,-2.7550116858316427,0.005869003923555027,-0.38274810658914876,-0.06453967604321093,138824.0,162431.7965439004,163829.21317953378,0.16858467273313427,0.1677393607161124
S2_AnyCitation_Continuous_LPM,ols,main,Any_Citation ~ HSS_Continuous + has_hss_concepts + log_team_size + log_prior_knowledge + HSS_Diversity + C(stage) + C(arxiv_primary_category),C(arxiv_primary_category)[T.physics.plasm-ph],-0.14519527633351628,0.11293243570999624,-1.2856826776176962,0.19855382912391883,-0.366538783011494,0.07614823034446144,138824.0,162431.7965439004,163829.21317953378,0.16858467273313427,0.1677393607161124
S2_AnyCitation_Continuous_LPM,ols,main,Any_Citation ~ HSS_Continuous + has_hss_concepts + log_team_size + log_prior_knowledge + HSS_Diversity + C(stage) + C(arxiv_primary_category),C(arxiv_primary_category)[T.physics.pop-ph],-0.018981678432755784,0.21798869783134628,-0.08707643387751024,0.9306107572629524,-0.44623167521897905,0.4082683183534675,138824.0,162431.7965439004,163829.21317953378,0.16858467273313427,0.1677393607161124
S2_AnyCitation_Continuous_LPM,ols,main,Any_Citation ~ HSS_Continuous + has_hss_concepts + log_team_size + log_prior_knowledge + HSS_Diversity + C(stage) + C(arxiv_primary_category),C(arxiv_primary_category)[T.physics.soc-ph],-0.2919158019200454,0.08875885084899544,-3.288864142874933,0.0010059256644159497,-0.4658799528932389,-0.11795165094685192,138824.0,162431.7965439004,163829.21317953378,0.16858467273313427,0.1677393607161124
S2_AnyCitation_Continuous_LPM,ols,main,Any_Citation ~ HSS_Continuous + has_hss_concepts + log_team_size + log_prior_knowledge + HSS_Diversity + C(stage) + C(arxiv_primary_category),C(arxiv_primary_category)[T.physics.space-ph],-0.15529006827303907,0.21044869789843237,-0.7378998769000975,0.4605752937877392,-0.5677619367473167,0.2571818002012386,138824.0,162431.7965439004,163829.21317953378,0.16858467273313427,0.1677393607161124
S2_AnyCitation_Continuous_LPM,ols,main,Any_Citation ~ HSS_Continuous + has_hss_concepts + log_team_size + log_prior_knowledge + HSS_Diversity + C(stage) + C(arxiv_primary_category),C(arxiv_primary_category)[T.q-bio.BM],-0.0012669558494335892,0.07589275351208698,-0.01669402928214759,0.9866807104412203,-0.15001401942069978,0.1474801077218326,138824.0,162431.7965439004,163829.21317953378,0.16858467273313427,0.1677393607161124
S2_AnyCitation_Continuous_LPM,ols,main,Any_Citation ~ HSS_Continuous + has_hss_concepts + log_team_size + log_prior_knowledge + HSS_Diversity + C(stage) + C(arxiv_primary_category),C(arxiv_primary_category)[T.q-bio.CB],-0.16848257393870333,0.16792541825794619,-1.0033178757959162,0.31570751392390306,-0.4976103458131027,0.160645197935696,138824.0,162431.7965439004,163829.21317953378,0.16858467273313427,0.1677393607161124
S2_AnyCitation_Continuous_LPM,ols,main,Any_Citation ~ HSS_Continuous + has_hss_concepts + log_team_size + log_prior_knowledge + HSS_Diversity + C(stage) + C(arxiv_primary_category),C(arxiv_primary_category)[T.q-bio.GN],-0.16381342611603955,0.07952201056446652,-2.0599759104838036,0.039400843813162036,-0.3196737028006076,-0.00795314943147149,138824.0,162431.7965439004,163829.21317953378,0.16858467273313427,0.1677393607161124
S2_AnyCitation_Continuous_LPM,ols,main,Any_Citation ~ HSS_Continuous + has_hss_concepts + log_team_size + log_prior_knowledge + HSS_Diversity + C(stage) + C(arxiv_primary_category),C(arxiv_primary_category)[T.q-bio.MN],-0.24933065271905236,0.13128299060388013,-1.8991847426096284,0.057540190080055065,-0.5066405860853678,0.007979280647262998,138824.0,162431.7965439004,163829.21317953378,0.16858467273313427,0.1677393607161124
S2_AnyCitation_Continuous_LPM,ols,main,Any_Citation ~ HSS_Continuous + has_hss_concepts + log_team_size + log_prior_knowledge + HSS_Diversity + C(stage) + C(arxiv_primary_category),C(arxiv_primary_category)[T.q-bio.NC],-0.33393067114423275,0.07350397919352492,-4.543028483737507,5.545175534546632e-06,-0.4779958230839231,-0.18986551920454242,138824.0,162431.7965439004,163829.21317953378,0.16858467273313427,0.1677393607161124
S2_AnyCitation_Continuous_LPM,ols,main,Any_Citation ~ HSS_Continuous + has_hss_concepts + log_team_size + log_prior_knowledge + HSS_Diversity + C(stage) + C(arxiv_primary_category),C(arxiv_primary_category)[T.q-bio.OT],-0.19249985760965937,0.14000770413152502,-1.374923321568237,0.1691552181507161,-0.46690991526558817,0.08191020004626942,138824.0,162431.7965439004,163829.21317953378,0.16858467273313427,0.1677393607161124
S2_AnyCitation_Continuous_LPM,ols,main,Any_Citation ~ HSS_Continuous + has_hss_concepts + log_team_size + log_prior_knowledge + HSS_Diversity + C(stage) + C(arxiv_primary_category),C(arxiv_primary_category)[T.q-bio.PE],-0.3668152546738265,0.11252827973782864,-3.2597606177615295,0.0011150628300107598,-0.5873666302022189,-0.146263879145434,138824.0,162431.7965439004,163829.21317953378,0.16858467273313427,0.1677393607161124
S2_AnyCitation_Continuous_LPM,ols,main,Any_Citation ~ HSS_Continuous + has_hss_concepts + log_team_size + log_prior_knowledge + HSS_Diversity + C(stage) + C(arxiv_primary_category),C(arxiv_primary_category)[T.q-bio.QM],-0.08584894911450902,0.07394111200337371,-1.161044874610379,0.2456236507378181,-0.23077086561796378,0.05907296738894574,138824.0,162431.7965439004,163829.21317953378,0.16858467273313427,0.1677393607161124
S2_AnyCitation_Continuous_LPM,ols,main,Any_Citation ~ HSS_Continuous + has_hss_concepts + log_team_size + log_prior_knowledge + HSS_Diversity + C(stage) + C(arxiv_primary_category),C(arxiv_primary_category)[T.q-bio.TO],-0.3940510394447988,0.11303190780798708,-3.486192943979968,0.000489947488563309,-0.6155895078523053,-0.1725125710372924,138824.0,162431.7965439004,163829.21317953378,0.16858467273313427,0.1677393607161124
S2_AnyCitation_Continuous_LPM,ols,main,Any_Citation ~ HSS_Continuous + has_hss_concepts + log_team_size + log_prior_knowledge + HSS_Diversity + C(stage) + C(arxiv_primary_category),C(arxiv_primary_category)[T.q-fin.CP],-0.29561108559594773,0.08284102456895105,-3.568414165977653,0.00035914847117586633,-0.45797651019348956,-0.1332456609984059,138824.0,162431.7965439004,163829.21317953378,0.16858467273313427,0.1677393607161124
S2_AnyCitation_Continuous_LPM,ols,main,Any_Citation ~ HSS_Continuous + has_hss_concepts + log_team_size + log_prior_knowledge + HSS_Diversity + C(stage) + C(arxiv_primary_category),C(arxiv_primary_category)[T.q-fin.GN],-0.20967795542032577,0.11603126065262263,-1.8070815937100349,0.07074955809362872,-0.4370950473802456,0.01773913653959408,138824.0,162431.7965439004,163829.21317953378,0.16858467273313427,0.1677393607161124
S2_AnyCitation_Continuous_LPM,ols,main,Any_Citation ~ HSS_Continuous + has_hss_concepts + log_team_size + log_prior_knowledge + HSS_Diversity + C(stage) + C(arxiv_primary_category),C(arxiv_primary_category)[T.q-fin.MF],-0.4107911750731405,0.10366732603990322,-3.962590632607041,7.414084735124067e-05,-0.6139754004849222,-0.20760694966135887,138824.0,162431.7965439004,163829.21317953378,0.16858467273313427,0.1677393607161124
S2_AnyCitation_Continuous_LPM,ols,main,Any_Citation ~ HSS_Continuous + has_hss_concepts + log_team_size + log_prior_knowledge + HSS_Diversity + C(stage) + C(arxiv_primary_category),C(arxiv_primary_category)[T.q-fin.PM],-0.3283155767902101,0.09765517287394504,-3.361988588295322,0.0007738332156563694,-0.5197161985271752,-0.136914955053245,138824.0,162431.7965439004,163829.21317953378,0.16858467273313427,0.1677393607161124
S2_AnyCitation_Continuous_LPM,ols,main,Any_Citation ~ HSS_Continuous + has_hss_concepts + log_team_size + log_prior_knowledge + HSS_Diversity + C(stage) + C(arxiv_primary_category),C(arxiv_primary_category)[T.q-fin.PR],-0.41688986964655983,0.10285719309154157,-4.053093975406593,5.0544686563368504e-05,-0.6184862636568633,-0.2152934756362563,138824.0,162431.7965439004,163829.21317953378,0.16858467273313427,0.1677393607161124
S2_AnyCitation_Continuous_LPM,ols,main,Any_Citation ~ HSS_Continuous + has_hss_concepts + log_team_size + log_prior_knowledge + HSS_Diversity + C(stage) + C(arxiv_primary_category),C(arxiv_primary_category)[T.q-fin.RM],-0.1491759444383046,0.11939882841529681,-1.2493920285334466,0.2115217225965882,-0.38319334792856397,0.08484145905195478,138824.0,162431.7965439004,163829.21317953378,0.16858467273313427,0.1677393607161124
S2_AnyCitation_Continuous_LPM,ols,main,Any_Citation ~ HSS_Continuous + has_hss_concepts + log_team_size + log_prior_knowledge + HSS_Diversity + C(stage) + C(arxiv_primary_category),C(arxiv_primary_category)[T.q-fin.ST],-0.2501447832053949,0.08656600743270527,-2.889642142729669,0.0038568059855385592,-0.4198110400589239,-0.08047852635186595,138824.0,162431.7965439004,163829.21317953378,0.16858467273313427,0.1677393607161124
S2_AnyCitation_Continuous_LPM,ols,main,Any_Citation ~ HSS_Continuous + has_hss_concepts + log_team_size + log_prior_knowledge + HSS_Diversity + C(stage) + C(arxiv_primary_category),C(arxiv_primary_category)[T.q-fin.TR],-0.1441127085283437,0.10699984075905541,-1.3468497476819603,0.17802862888388582,-0.3538285427676132,0.06560312571092583,138824.0,162431.7965439004,163829.21317953378,0.16858467273313427,0.1677393607161124
S2_AnyCitation_Continuous_LPM,ols,main,Any_Citation ~ HSS_Continuous + has_hss_concepts + log_team_size + log_prior_knowledge + HSS_Diversity + C(stage) + C(arxiv_primary_category),C(arxiv_primary_category)[T.quant-ph],-0.09109428008983918,0.07192698632170791,-1.266482647867404,0.20534033795835838,-0.2320685827968918,0.04988002261721343,138824.0,162431.7965439004,163829.21317953378,0.16858467273313427,0.1677393607161124
S2_AnyCitation_Continuous_LPM,ols,main,Any_Citation ~ HSS_Continuous + has_hss_concepts + log_team_size + log_prior_knowledge + HSS_Diversity + C(stage) + C(arxiv_primary_category),C(arxiv_primary_category)[T.stat.AP],-0.16548909665606523,0.0840520388419133,-1.96888854733578,0.04896589098791137,-0.33022806561337703,-0.0007501276987534611,138824.0,162431.7965439004,163829.21317953378,0.16858467273313427,0.1677393607161124
S2_AnyCitation_Continuous_LPM,ols,main,Any_Citation ~ HSS_Continuous + has_hss_concepts + log_team_size + log_prior_knowledge + HSS_Diversity + C(stage) + C(arxiv_primary_category),C(arxiv_primary_category)[T.stat.CO],-0.2536152638045267,0.08509683888007272,-2.980313571482339,0.0028795345319085424,-0.420402003207677,-0.0868285244013764,138824.0,162431.7965439004,163829.21317953378,0.16858467273313427,0.1677393607161124
S2_AnyCitation_Continuous_LPM,ols,main,Any_Citation ~ HSS_Continuous + has_hss_concepts + log_team_size + log_prior_knowledge + HSS_Diversity + C(stage) + C(arxiv_primary_category),C(arxiv_primary_category)[T.stat.ME],-0.3353210503480679,0.07700010531193245,-4.354812879666339,1.3318063318499444e-05,-0.4862384835652468,-0.184403617130889,138824.0,162431.7965439004,163829.21317953378,0.16858467273313427,0.1677393607161124
S2_AnyCitation_Continuous_LPM,ols,main,Any_Citation ~ HSS_Continuous + has_hss_concepts + log_team_size + log_prior_knowledge + HSS_Diversity + C(stage) + C(arxiv_primary_category),C(arxiv_primary_category)[T.stat.ML],-0.20285018450397016,0.06910227989300347,-2.9355063945510795,0.003330037477377919,-0.33828816434386333,-0.06741220466407702,138824.0,162431.7965439004,163829.21317953378,0.16858467273313427,0.1677393607161124
S2_AnyCitation_Continuous_LPM,ols,main,Any_Citation ~ HSS_Continuous + has_hss_concepts + log_team_size + log_prior_knowledge + HSS_Diversity + C(stage) + C(arxiv_primary_category),C(arxiv_primary_category)[T.stat.OT],-0.45623829435992724,0.07660987084760917,-5.95534608415497,2.5952204488576357e-09,-0.6063908820815063,-0.3060857066383482,138824.0,162431.7965439004,163829.21317953378,0.16858467273313427,0.1677393607161124
S2_AnyCitation_Continuous_LPM,ols,main,Any_Citation ~ HSS_Continuous + has_hss_concepts + log_team_size + log_prior_knowledge + HSS_Diversity + C(stage) + C(arxiv_primary_category),HSS_Continuous,-0.0026522328397518245,0.0010971565954283416,-2.41736945373451,0.015633140574760052,-0.004802620252191957,-0.000501845427311692,138824.0,162431.7965439004,163829.21317953378,0.16858467273313427,0.1677393607161124
S2_AnyCitation_Continuous_LPM,ols,main,Any_Citation ~ HSS_Continuous + has_hss_concepts + log_team_size + log_prior_knowledge + HSS_Diversity + C(stage) + C(arxiv_primary_category),has_hss_concepts,0.1428653883666061,0.002689568142767064,53.11833751110104,0.0,0.13759393167281636,0.14813684506039582,138824.0,162431.7965439004,163829.21317953378,0.16858467273313427,0.1677393607161124
S2_AnyCitation_Continuous_LPM,ols,main,Any_Citation ~ HSS_Continuous + has_hss_concepts + log_team_size + log_prior_knowledge + HSS_Diversity + C(stage) + C(arxiv_primary_category),log_team_size,-0.10188658565579496,0.0032526107070064833,-31.32455582105783,2.1612485326415317e-215,-0.10826158549725703,-0.09551158581433289,138824.0,162431.7965439004,163829.21317953378,0.16858467273313427,0.1677393607161124
S2_AnyCitation_Continuous_LPM,ols,main,Any_Citation ~ HSS_Continuous + has_hss_concepts + log_team_size + log_prior_knowledge + HSS_Diversity + C(stage) + C(arxiv_primary_category),log_prior_knowledge,0.09411330504474959,0.0012216255733258218,77.03940315241623,0.0,0.09171896291843788,0.09650764717106129,138824.0,162431.7965439004,163829.21317953378,0.16858467273313427,0.1677393607161124
S2_AnyCitation_Continuous_LPM,ols,main,Any_Citation ~ HSS_Continuous + has_hss_concepts + log_team_size + log_prior_knowledge + HSS_Diversity + C(stage) + C(arxiv_primary_category),HSS_Diversity,0.19046228009875396,0.016019192458540416,11.889630553580844,1.3399798921045938e-32,0.1590652398185991,0.22185932037890882,138824.0,162431.7965439004,163829.21317953378,0.16858467273313427,0.1677393607161124
S2b_AnyCitation_Threshold_LPM,ols,main,"Any_Citation ~ C(HSS_Bin, Treatment(reference='Pure STEM')) + has_hss_concepts + log_team_size + log_prior_knowledge + HSS_Diversity + C(stage) + C(arxiv_primary_category)",Intercept,0.8124260980543229,0.07045617317425316,11.530942732938668,9.212928770180253e-31,0.6743345361442695,0.9505176599643762,138824.0,162325.49803406076,163752.43755636245,0.16925695525674556,0.1683943372796688
S2b_AnyCitation_Threshold_LPM,ols,main,"Any_Citation ~ C(HSS_Bin, Treatment(reference='Pure STEM')) + has_hss_concepts + log_team_size + log_prior_knowledge + HSS_Diversity + C(stage) + C(arxiv_primary_category)","C(HSS_Bin, Treatment(reference='Pure STEM'))[T.Low HSS]",-0.02442445259662632,0.0027987141479680075,-8.727026521933142,2.614557847388934e-18,-0.02990983152966632,-0.018939073663586322,138824.0,162325.49803406076,163752.43755636245,0.16925695525674556,0.1683943372796688
S2b_AnyCitation_Threshold_LPM,ols,main,"Any_Citation ~ C(HSS_Bin, Treatment(reference='Pure STEM')) + has_hss_concepts + log_team_size + log_prior_knowledge + HSS_Diversity + C(stage) + C(arxiv_primary_category)","C(HSS_Bin, Treatment(reference='Pure STEM'))[T.Medium HSS]",-0.03998806755315836,0.0049747877491758885,-8.038145458523871,9.120832215354395e-16,-0.04973847237227418,-0.03023766273404254,138824.0,162325.49803406076,163752.43755636245,0.16925695525674556,0.1683943372796688
S2b_AnyCitation_Threshold_LPM,ols,main,"Any_Citation ~ C(HSS_Bin, Treatment(reference='Pure STEM')) + has_hss_concepts + log_team_size + log_prior_knowledge + HSS_Diversity + C(stage) + C(arxiv_primary_category)","C(HSS_Bin, Treatment(reference='Pure STEM'))[T.High HSS]",-0.0074723222086513505,0.009180102192826247,-0.8139693928996309,0.41566248519751303,-0.02546499188098797,0.01052034746368527,138824.0,162325.49803406076,163752.43755636245,0.16925695525674556,0.1683943372796688
S2b_AnyCitation_Threshold_LPM,ols,main,"Any_Citation ~ C(HSS_Bin, Treatment(reference='Pure STEM')) + has_hss_concepts + log_team_size + log_prior_knowledge + HSS_Diversity + C(stage) + C(arxiv_primary_category)","C(HSS_Bin, Treatment(reference='Pure STEM'))[T.HSS-dominant]",0.024987892125594012,0.0113101955524103,2.209324499280552,0.02715207831846695,0.002820316184764724,0.0471554680664233,138824.0,162325.49803406076,163752.43755636245,0.16925695525674556,0.1683943372796688
S2b_AnyCitation_Threshold_LPM,ols,main,"Any_Citation ~ C(HSS_Bin, Treatment(reference='Pure STEM')) + has_hss_concepts + log_team_size + log_prior_knowledge + HSS_Diversity + C(stage) + C(arxiv_primary_category)",C(stage)[T.Phase2],-0.16273662466410727,0.01603287814589884,-10.150181594546378,3.3074740869883018e-24,-0.1941604883985883,-0.13131276092962624,138824.0,162325.49803406076,163752.43755636245,0.16925695525674556,0.1683943372796688
S2b_AnyCitation_Threshold_LPM,ols,main,"Any_Citation ~ C(HSS_Bin, Treatment(reference='Pure STEM')) + has_hss_concepts + log_team_size + log_prior_knowledge + HSS_Diversity + C(stage) + C(arxiv_primary_category)",C(stage)[T.Phase3],-0.5077346141261461,0.015833552629458538,-32.06700517617878,1.2720710604837046e-225,-0.5387678070272043,-0.47670142122508785,138824.0,162325.49803406076,163752.43755636245,0.16925695525674556,0.1683943372796688
S2b_AnyCitation_Threshold_LPM,ols,main,"Any_Citation ~ C(HSS_Bin, Treatment(reference='Pure STEM')) + has_hss_concepts + log_team_size + log_prior_knowledge + HSS_Diversity + C(stage) + C(arxiv_primary_category)",C(arxiv_primary_category)[T.astro-ph.EP],-0.20664728739644053,0.10378891722912648,-1.9910342348041061,0.04647712364492897,-0.4100698271599371,-0.0032247476329439473,138824.0,162325.49803406076,163752.43755636245,0.16925695525674556,0.1683943372796688
S2b_AnyCitation_Threshold_LPM,ols,main,"Any_Citation ~ C(HSS_Bin, Treatment(reference='Pure STEM')) + has_hss_concepts + log_team_size + log_prior_knowledge + HSS_Diversity + C(stage) + C(arxiv_primary_category)",C(arxiv_primary_category)[T.astro-ph.GA],-0.1574972245565806,0.08936346054445922,-1.7624342611287322,0.07799595425953522,-0.3326463887575868,0.0176519396444256,138824.0,162325.49803406076,163752.43755636245,0.16925695525674556,0.1683943372796688
S2b_AnyCitation_Threshold_LPM,ols,main,"Any_Citation ~ C(HSS_Bin, Treatment(reference='Pure STEM')) + has_hss_concepts + log_team_size + log_prior_knowledge + HSS_Diversity + C(stage) + C(arxiv_primary_category)",C(arxiv_primary_category)[T.astro-ph.HE],-0.16925654118238037,0.14066514983434672,-1.2032585283682853,0.22887629215952487,-0.4449551687376303,0.10644208637286956,138824.0,162325.49803406076,163752.43755636245,0.16925695525674556,0.1683943372796688
S2b_AnyCitation_Threshold_LPM,ols,main,"Any_Citation ~ C(HSS_Bin, Treatment(reference='Pure STEM')) + has_hss_concepts + log_team_size + log_prior_knowledge + HSS_Diversity + C(stage) + C(arxiv_primary_category)",C(arxiv_primary_category)[T.astro-ph.IM],-0.16894444495509556,0.07640079451635731,-2.2112917283723372,0.027015641781744225,-0.3186872505974011,-0.01920163931278998,138824.0,162325.49803406076,163752.43755636245,0.16925695525674556,0.1683943372796688
S2b_AnyCitation_Threshold_LPM,ols,main,"Any_Citation ~ C(HSS_Bin, Treatment(reference='Pure STEM')) + has_hss_concepts + log_team_size + log_prior_knowledge + HSS_Diversity + C(stage) + C(arxiv_primary_category)",C(arxiv_primary_category)[T.astro-ph.SR],-0.2777401834930078,0.09622284926494236,-2.8864265152684383,0.0038964372554842665,-0.46633350254212125,-0.08914686444389433,138824.0,162325.49803406076,163752.43755636245,0.16925695525674556,0.1683943372796688
S2b_AnyCitation_Threshold_LPM,ols,main,"Any_Citation ~ C(HSS_Bin, Treatment(reference='Pure STEM')) + has_hss_concepts + log_team_size + log_prior_knowledge + HSS_Diversity + C(stage) + C(arxiv_primary_category)",C(arxiv_primary_category)[T.cond-mat.dis-nn],-0.20339232708788998,0.09394545853228692,-2.1650043574803424,0.03038735157260417,-0.3875220423222735,-0.0192626118535065,138824.0,162325.49803406076,163752.43755636245,0.16925695525674556,0.1683943372796688
S2b_AnyCitation_Threshold_LPM,ols,main,"Any_Citation ~ C(HSS_Bin, Treatment(reference='Pure STEM')) + has_hss_concepts + log_team_size + log_prior_knowledge + HSS_Diversity + C(stage) + C(arxiv_primary_category)",C(arxiv_primary_category)[T.cond-mat.mes-hall],-0.3209566037717886,0.09608671146334084,-3.34028086593681,0.0008369370075881049,-0.5092830976328286,-0.13263010991074858,138824.0,162325.49803406076,163752.43755636245,0.16925695525674556,0.1683943372796688
S2b_AnyCitation_Threshold_LPM,ols,main,"Any_Citation ~ C(HSS_Bin, Treatment(reference='Pure STEM')) + has_hss_concepts + log_team_size + log_prior_knowledge + HSS_Diversity + C(stage) + C(arxiv_primary_category)",C(arxiv_primary_category)[T.cond-mat.mtrl-sci],-0.03257094204969134,0.0754604483663857,-0.43162932045604246,0.666010844784021,-0.18047070310505164,0.11532881900566898,138824.0,162325.49803406076,163752.43755636245,0.16925695525674556,0.1683943372796688
S2b_AnyCitation_Threshold_LPM,ols,main,"Any_Citation ~ C(HSS_Bin, Treatment(reference='Pure STEM')) + has_hss_concepts + log_team_size + log_prior_knowledge + HSS_Diversity + C(stage) + C(arxiv_primary_category)",C(arxiv_primary_category)[T.cond-mat.other],-0.08379787556360113,0.21860978274567514,-0.38332170917112784,0.70148124472078,-0.5122651764132502,0.3446694252860479,138824.0,162325.49803406076,163752.43755636245,0.16925695525674556,0.1683943372796688
S2b_AnyCitation_Threshold_LPM,ols,main,"Any_Citation ~ C(HSS_Bin, Treatment(reference='Pure STEM')) + has_hss_concepts + log_team_size + log_prior_knowledge + HSS_Diversity + C(stage) + C(arxiv_primary_category)",C(arxiv_primary_category)[T.cond-mat.quant-gas],-0.4621294208057486,0.0904118820136293,-5.111379284595404,3.198151568562792e-07,-0.6393334533269468,-0.28492538828455044,138824.0,162325.49803406076,163752.43755636245,0.16925695525674556,0.1683943372796688
S2b_AnyCitation_Threshold_LPM,ols,main,"Any_Citation ~ C(HSS_Bin, Treatment(reference='Pure STEM')) + has_hss_concepts + log_team_size + log_prior_knowledge + HSS_Diversity + C(stage) + C(arxiv_primary_category)",C(arxiv_primary_category)[T.cond-mat.soft],-0.2789985861746953,0.10981821088951718,-2.5405493671298505,0.011067846751864154,-0.49423832436477333,-0.06375884798461726,138824.0,162325.49803406076,163752.43755636245,0.16925695525674556,0.1683943372796688
S2b_AnyCitation_Threshold_LPM,ols,main,"Any_Citation ~ C(HSS_Bin, Treatment(reference='Pure STEM')) + has_hss_concepts + log_team_size + log_prior_knowledge + HSS_Diversity + C(stage) + C(arxiv_primary_category)",C(arxiv_primary_category)[T.cond-mat.stat-mech],-0.24219678565642036,0.09374049570021964,-2.5836943131916135,0.009774838759354698,-0.42592478112178267,-0.05846879019105808,138824.0,162325.49803406076,163752.43755636245,0.16925695525674556,0.1683943372796688
S2b_AnyCitation_Threshold_LPM,ols,main,"Any_Citation ~ C(HSS_Bin, Treatment(reference='Pure STEM')) + has_hss_concepts + log_team_size + log_prior_knowledge + HSS_Diversity + C(stage) + C(arxiv_primary_category)",C(arxiv_primary_category)[T.cond-mat.str-el],-0.012007788746335903,0.1650172195684974,-0.07276688322427806,0.941991624427081,-0.33543559592952904,0.31142001843685724,138824.0,162325.49803406076,163752.43755636245,0.16925695525674556,0.1683943372796688
S2b_AnyCitation_Threshold_LPM,ols,main,"Any_Citation ~ C(HSS_Bin, Treatment(reference='Pure STEM')) + has_hss_concepts + log_team_size + log_prior_knowledge + HSS_Diversity + C(stage) + C(arxiv_primary_category)",C(arxiv_primary_category)[T.cond-mat.supr-con],-0.15310989678419615,0.24937635976890998,-0.6139711756402201,0.5392343747906825,-0.641878580526963,0.33565878695857065,138824.0,162325.49803406076,163752.43755636245,0.16925695525674556,0.1683943372796688
S2b_AnyCitation_Threshold_LPM,ols,main,"Any_Citation ~ C(HSS_Bin, Treatment(reference='Pure STEM')) + has_hss_concepts + log_team_size + log_prior_knowledge + HSS_Diversity + C(stage) + C(arxiv_primary_category)",C(arxiv_primary_category)[T.cs.AI],-0.29031381070892165,0.06870791344266713,-4.225332951657339,2.3858775596821255e-05,-0.4249788465094447,-0.15564877490839862,138824.0,162325.49803406076,163752.43755636245,0.16925695525674556,0.1683943372796688
S2b_AnyCitation_Threshold_LPM,ols,main,"Any_Citation ~ C(HSS_Bin, Treatment(reference='Pure STEM')) + has_hss_concepts + log_team_size + log_prior_knowledge + HSS_Diversity + C(stage) + C(arxiv_primary_category)",C(arxiv_primary_category)[T.cs.AR],-0.28474503804676954,0.07066463964311855,-4.029526499884989,5.588931543355565e-05,-0.4232451867277832,-0.14624488936575586,138824.0,162325.49803406076,163752.43755636245,0.16925695525674556,0.1683943372796688
S2b_AnyCitation_Threshold_LPM,ols,main,"Any_Citation ~ C(HSS_Bin, Treatment(reference='Pure STEM')) + has_hss_concepts + log_team_size + log_prior_knowledge + HSS_Diversity + C(stage) + C(arxiv_primary_category)",C(arxiv_primary_category)[T.cs.CC],-0.3584939752914772,0.09771383448250669,-3.6688149348560968,0.00024367738696363142,-0.5500095716684983,-0.16697837891445605,138824.0,162325.49803406076,163752.43755636245,0.16925695525674556,0.1683943372796688
S2b_AnyCitation_Threshold_LPM,ols,main,"Any_Citation ~ C(HSS_Bin, Treatment(reference='Pure STEM')) + has_hss_concepts + log_team_size + log_prior_knowledge + HSS_Diversity + C(stage) + C(arxiv_primary_category)",C(arxiv_primary_category)[T.cs.CE],-0.2512970340244598,0.07306436150399873,-3.4393927333602528,0.0005830207772944679,-0.3945005511257121,-0.10809351692320751,138824.0,162325.49803406076,163752.43755636245,0.16925695525674556,0.1683943372796688
S2b_AnyCitation_Threshold_LPM,ols,main,"Any_Citation ~ C(HSS_Bin, Treatment(reference='Pure STEM')) + has_hss_concepts + log_team_size + log_prior_knowledge + HSS_Diversity + C(stage) + C(arxiv_primary_category)",C(arxiv_primary_category)[T.cs.CG],-0.2039575120088081,0.12482847367645236,-1.633902153906434,0.10227939741997237,-0.44861682465976094,0.04070180064214471,138824.0,162325.49803406076,163752.43755636245,0.16925695525674556,0.1683943372796688
S2b_AnyCitation_Threshold_LPM,ols,main,"Any_Citation ~ C(HSS_Bin, Treatment(reference='Pure STEM')) + has_hss_concepts + log_team_size + log_prior_knowledge + HSS_Diversity + C(stage) + C(arxiv_primary_category)",C(arxiv_primary_category)[T.cs.CL],-0.27608878818660243,0.06862094467069262,-4.023389498811686,5.7366505953977376e-05,-0.41058336832627573,-0.14159420804692915,138824.0,162325.49803406076,163752.43755636245,0.16925695525674556,0.1683943372796688
S2b_AnyCitation_Threshold_LPM,ols,main,"Any_Citation ~ C(HSS_Bin, Treatment(reference='Pure STEM')) + has_hss_concepts + log_team_size + log_prior_knowledge + HSS_Diversity + C(stage) + C(arxiv_primary_category)",C(arxiv_primary_category)[T.cs.CR],-0.23506620296294709,0.06897245500377187,-3.4081170947168995,0.0006541281826827783,-0.37024973069564937,-0.09988267523024477,138824.0,162325.49803406076,163752.43755636245,0.16925695525674556,0.1683943372796688
S2b_AnyCitation_Threshold_LPM,ols,main,"Any_Citation ~ C(HSS_Bin, Treatment(reference='Pure STEM')) + has_hss_concepts + log_team_size + log_prior_knowledge + HSS_Diversity + C(stage) + C(arxiv_primary_category)",C(arxiv_primary_category)[T.cs.CV],-0.25224300102442804,0.0686122717862697,-3.6763540174005063,0.0002365911416212969,-0.38672058262299036,-0.11776541942586574,138824.0,162325.49803406076,163752.43755636245,0.16925695525674556,0.1683943372796688
S2b_AnyCitation_Threshold_LPM,ols,main,"Any_Citation ~ C(HSS_Bin, Treatment(reference='Pure STEM')) + has_hss_concepts + log_team_size + log_prior_knowledge + HSS_Diversity + C(stage) + C(arxiv_primary_category)",C(arxiv_primary_category)[T.cs.CY],-0.1591695007826197,0.06975276794618084,-2.2819094563448745,0.022494686434559923,-0.29588241377911406,-0.02245658778612536,138824.0,162325.49803406076,163752.43755636245,0.16925695525674556,0.1683943372796688
S2b_AnyCitation_Threshold_LPM,ols,main,"Any_Citation ~ C(HSS_Bin, Treatment(reference='Pure STEM')) + has_hss_concepts + log_team_size + log_prior_knowledge + HSS_Diversity + C(stage) + C(arxiv_primary_category)",C(arxiv_primary_category)[T.cs.DB],-0.21880201220302498,0.07104039652892816,-3.0799660882231596,0.0020702416540119653,-0.35803863084716847,-0.07956539355888151,138824.0,162325.49803406076,163752.43755636245,0.16925695525674556,0.1683943372796688
S2b_AnyCitation_Threshold_LPM,ols,main,"Any_Citation ~ C(HSS_Bin, Treatment(reference='Pure STEM')) + has_hss_concepts + log_team_size + log_prior_knowledge + HSS_Diversity + C(stage) + C(arxiv_primary_category)",C(arxiv_primary_category)[T.cs.DC],-0.2644502617205008,0.06988622876499896,-3.7840110475805946,0.00015432096868900583,-0.4014247531152259,-0.12747577032577567,138824.0,162325.49803406076,163752.43755636245,0.16925695525674556,0.1683943372796688
S2b_AnyCitation_Threshold_LPM,ols,main,"Any_Citation ~ C(HSS_Bin, Treatment(reference='Pure STEM')) + has_hss_concepts + log_team_size + log_prior_knowledge + HSS_Diversity + C(stage) + C(arxiv_primary_category)",C(arxiv_primary_category)[T.cs.DL],-0.20293026700582084,0.07968450683026491,-2.5466715560915794,0.0108755739734482,-0.359109030518976,-0.04675150349266566,138824.0,162325.49803406076,163752.43755636245,0.16925695525674556,0.1683943372796688
S2b_AnyCitation_Threshold_LPM,ols,main,"Any_Citation ~ C(HSS_Bin, Treatment(reference='Pure STEM')) + has_hss_concepts + log_team_size + log_prior_knowledge + HSS_Diversity + C(stage) + C(arxiv_primary_category)",C(arxiv_primary_category)[T.cs.DM],-0.1389593602878211,0.17715241261121817,-0.7844056890875304,0.43280210126454033,-0.486171708780188,0.20825298820454577,138824.0,162325.49803406076,163752.43755636245,0.16925695525674556,0.1683943372796688
S2b_AnyCitation_Threshold_LPM,ols,main,"Any_Citation ~ C(HSS_Bin, Treatment(reference='Pure STEM')) + has_hss_concepts + log_team_size + log_prior_knowledge + HSS_Diversity + C(stage) + C(arxiv_primary_category)",C(arxiv_primary_category)[T.cs.DS],-0.2479758590333233,0.08785821670841444,-2.8224549543989768,0.004765751646224565,-0.42017479952773085,-0.0757769185389158,138824.0,162325.49803406076,163752.43755636245,0.16925695525674556,0.1683943372796688
S2b_AnyCitation_Threshold_LPM,ols,main,"Any_Citation ~ C(HSS_Bin, Treatment(reference='Pure STEM')) + has_hss_concepts + log_team_size + log_prior_knowledge + HSS_Diversity + C(stage) + C(arxiv_primary_category)",C(arxiv_primary_category)[T.cs.ET],-0.2343611658689936,0.08762650256303489,-2.6745466156246946,0.007483037221028058,-0.40610595498374874,-0.06261637675423848,138824.0,162325.49803406076,163752.43755636245,0.16925695525674556,0.1683943372796688
S2b_AnyCitation_Threshold_LPM,ols,main,"Any_Citation ~ C(HSS_Bin, Treatment(reference='Pure STEM')) + has_hss_concepts + log_team_size + log_prior_knowledge + HSS_Diversity + C(stage) + C(arxiv_primary_category)",C(arxiv_primary_category)[T.cs.FL],-0.12199400192248842,0.12119647361744976,-1.0065804580053708,0.31413642932470964,-0.35953472526594876,0.11554672142097193,138824.0,162325.49803406076,163752.43755636245,0.16925695525674556,0.1683943372796688
S2b_AnyCitation_Threshold_LPM,ols,main,"Any_Citation ~ C(HSS_Bin, Treatment(reference='Pure STEM')) + has_hss_concepts + log_team_size + log_prior_knowledge + HSS_Diversity + C(stage) + C(arxiv_primary_category)",C(arxiv_primary_category)[T.cs.GL],0.034557164384498844,0.24758124048929123,0.1395790905490417,0.888992562199724,-0.45069315022226175,0.5198074789912595,138824.0,162325.49803406076,163752.43755636245,0.16925695525674556,0.1683943372796688
S2b_AnyCitation_Threshold_LPM,ols,main,"Any_Citation ~ C(HSS_Bin, Treatment(reference='Pure STEM')) + has_hss_concepts + log_team_size + log_prior_knowledge + HSS_Diversity + C(stage) + C(arxiv_primary_category)",C(arxiv_primary_category)[T.cs.GR],-0.3482340283528675,0.0704380740500232,-4.943832338538405,7.66015892346565e-07,-0.4862901166312783,-0.21017794007445664,138824.0,162325.49803406076,163752.43755636245,0.16925695525674556,0.1683943372796688
S2b_AnyCitation_Threshold_LPM,ols,main,"Any_Citation ~ C(HSS_Bin, Treatment(reference='Pure STEM')) + has_hss_concepts + log_team_size + log_prior_knowledge + HSS_Diversity + C(stage) + C(arxiv_primary_category)",C(arxiv_primary_category)[T.cs.GT],-0.4435982629941608,0.07726453219356604,-5.741292290268989,9.39567544096439e-09,-0.5950339633758858,-0.2921625626124358,138824.0,162325.49803406076,163752.43755636245,0.16925695525674556,0.1683943372796688
S2b_AnyCitation_Threshold_LPM,ols,main,"Any_Citation ~ C(HSS_Bin, Treatment(reference='Pure STEM')) + has_hss_concepts + log_team_size + log_prior_knowledge + HSS_Diversity + C(stage) + C(arxiv_primary_category)",C(arxiv_primary_category)[T.cs.HC],-0.2140948212779517,0.06930186082941776,-3.0893084069550865,0.002006230592993037,-0.3499239725652177,-0.07826566999068577,138824.0,162325.49803406076,163752.43755636245,0.16925695525674556,0.1683943372796688
S2b_AnyCitation_Threshold_LPM,ols,main,"Any_Citation ~ C(HSS_Bin, Treatment(reference='Pure STEM')) + has_hss_concepts + log_team_size + log_prior_knowledge + HSS_Diversity + C(stage) + C(arxiv_primary_category)",C(arxiv_primary_category)[T.cs.IR],-0.25895784155272106,0.0690243891300379,-3.7516861042386,0.00017564929594437296,-0.39424315830247336,-0.12367252480296878,138824.0,162325.49803406076,163752.43755636245,0.16925695525674556,0.1683943372796688
S2b_AnyCitation_Threshold_LPM,ols,main,"Any_Citation ~ C(HSS_Bin, Treatment(reference='Pure STEM')) + has_hss_concepts + log_team_size + log_prior_knowledge + HSS_Diversity + C(stage) + C(arxiv_primary_category)",C(arxiv_primary_category)[T.cs.IT],-0.41186192907879476,0.06976647623415658,-5.903436024151003,3.5600771786119783e-09,-0.5486017098260113,-0.2751221483315782,138824.0,162325.49803406076,163752.43755636245,0.16925695525674556,0.1683943372796688
S2b_AnyCitation_Threshold_LPM,ols,main,"Any_Citation ~ C(HSS_Bin, Treatment(reference='Pure STEM')) + has_hss_concepts + log_team_size + log_prior_knowledge + HSS_Diversity + C(stage) + C(arxiv_primary_category)",C(arxiv_primary_category)[T.cs.LG],-0.24047454862787876,0.06862777162746168,-3.5040413366948355,0.0004582542190134367,-0.37498250935694344,-0.10596658789881408,138824.0,162325.49803406076,163752.43755636245,0.16925695525674556,0.1683943372796688
S2b_AnyCitation_Threshold_LPM,ols,main,"Any_Citation ~ C(HSS_Bin, Treatment(reference='Pure STEM')) + has_hss_concepts + log_team_size + log_prior_knowledge + HSS_Diversity + C(stage) + C(arxiv_primary_category)",C(arxiv_primary_category)[T.cs.LO],-0.21970046632719475,0.08272403565234646,-2.655823843634773,0.007911492963734142,-0.3818365968616012,-0.0575643357927883,138824.0,162325.49803406076,163752.43755636245,0.16925695525674556,0.1683943372796688
S2b_AnyCitation_Threshold_LPM,ols,main,"Any_Citation ~ C(HSS_Bin, Treatment(reference='Pure STEM')) + has_hss_concepts + log_team_size + log_prior_knowledge + HSS_Diversity + C(stage) + C(arxiv_primary_category)",C(arxiv_primary_category)[T.cs.MA],-0.3171162101441484,0.07092485083897354,-4.471157942427305,7.779721447370499e-06,-0.45612636339741197,-0.17810605689088485,138824.0,162325.49803406076,163752.43755636245,0.16925695525674556,0.1683943372796688
S2b_AnyCitation_Threshold_LPM,ols,main,"Any_Citation ~ C(HSS_Bin, Treatment(reference='Pure STEM')) + has_hss_concepts + log_team_size + log_prior_knowledge + HSS_Diversity + C(stage) + C(arxiv_primary_category)",C(arxiv_primary_category)[T.cs.MM],-0.3236604449203117,0.07186820655409165,-4.503527504567802,6.6834713304070625e-06,-0.46451954139981677,-0.18280134844080662,138824.0,162325.49803406076,163752.43755636245,0.16925695525674556,0.1683943372796688
S2b_AnyCitation_Threshold_LPM,ols,main,"Any_Citation ~ C(HSS_Bin, Treatment(reference='Pure STEM')) + has_hss_concepts + log_team_size + log_prior_knowledge + HSS_Diversity + C(stage) + C(arxiv_primary_category)",C(arxiv_primary_category)[T.cs.MS],0.3667132030814907,0.1350362618631387,2.715664652011473,0.006614287767831672,0.10204699322281924,0.6313794129401622,138824.0,162325.49803406076,163752.43755636245,0.16925695525674556,0.1683943372796688
S2b_AnyCitation_Threshold_LPM,ols,main,"Any_Citation ~ C(HSS_Bin, Treatment(reference='Pure STEM')) + has_hss_concepts + log_team_size + log_prior_knowledge + HSS_Diversity + C(stage) + C(arxiv_primary_category)",C(arxiv_primary_category)[T.cs.NE],-0.19082836316926635,0.07262625741273411,-2.6275395424108274,0.008600484531764043,-0.33317321203016037,-0.04848351430837236,138824.0,162325.49803406076,163752.43755636245,0.16925695525674556,0.1683943372796688
S2b_AnyCitation_Threshold_LPM,ols,main,"Any_Citation ~ C(HSS_Bin, Treatment(reference='Pure STEM')) + has_hss_concepts + log_team_size + log_prior_knowledge + HSS_Diversity + C(stage) + C(arxiv_primary_category)",C(arxiv_primary_category)[T.cs.NI],-0.2940076487127332,0.07117268149665845,-4.130905883130691,3.613365061764202e-05,-0.4335035411293241,-0.15451175629614233,138824.0,162325.49803406076,163752.43755636245,0.16925695525674556,0.1683943372796688
S2b_AnyCitation_Threshold_LPM,ols,main,"Any_Citation ~ C(HSS_Bin, Treatment(reference='Pure STEM')) + has_hss_concepts + log_team_size + log_prior_knowledge + HSS_Diversity + C(stage) + C(arxiv_primary_category)",C(arxiv_primary_category)[T.cs.OH],-0.17732369517889016,0.13357882012291158,-1.3274836161580634,0.18434875609473633,-0.43913337171715106,0.08448598135937077,138824.0,162325.49803406076,163752.43755636245,0.16925695525674556,0.1683943372796688
S2b_AnyCitation_Threshold_LPM,ols,main,"Any_Citation ~ C(HSS_Bin, Treatment(reference='Pure STEM')) + has_hss_concepts + log_team_size + log_prior_knowledge + HSS_Diversity + C(stage) + C(arxiv_primary_category)",C(arxiv_primary_category)[T.cs.OS],-0.2532976246073532,0.1001155672802322,-2.5300523334033667,0.011404551477101411,-0.449520530768405,-0.057074718446301465,138824.0,162325.49803406076,163752.43755636245,0.16925695525674556,0.1683943372796688
S2b_AnyCitation_Threshold_LPM,ols,main,"Any_Citation ~ C(HSS_Bin, Treatment(reference='Pure STEM')) + has_hss_concepts + log_team_size + log_prior_knowledge + HSS_Diversity + C(stage) + C(arxiv_primary_category)",C(arxiv_primary_category)[T.cs.PF],-0.27556478686768965,0.08304365013138586,-3.318312555285206,0.0009056308378990906,-0.43832735026995084,-0.11280222346542845,138824.0,162325.49803406076,163752.43755636245,0.16925695525674556,0.1683943372796688
S2b_AnyCitation_Threshold_LPM,ols,main,"Any_Citation ~ C(HSS_Bin, Treatment(reference='Pure STEM')) + has_hss_concepts + log_team_size + log_prior_knowledge + HSS_Diversity + C(stage) + C(arxiv_primary_category)",C(arxiv_primary_category)[T.cs.PL],-0.20508490906364288,0.0766103541005944,-2.6769868312363236,0.007428755470937918,-0.3552384439436683,-0.054931374183617404,138824.0,162325.49803406076,163752.43755636245,0.16925695525674556,0.1683943372796688
S2b_AnyCitation_Threshold_LPM,ols,main,"Any_Citation ~ C(HSS_Bin, Treatment(reference='Pure STEM')) + has_hss_concepts + log_team_size + log_prior_knowledge + HSS_Diversity + C(stage) + C(arxiv_primary_category)",C(arxiv_primary_category)[T.cs.RO],-0.26559294102273096,0.0690046374948391,-3.848914372495542,0.00011864246768212052,-0.4008395452788578,-0.13034633676660412,138824.0,162325.49803406076,163752.43755636245,0.16925695525674556,0.1683943372796688
S2b_AnyCitation_Threshold_LPM,ols,main,"Any_Citation ~ C(HSS_Bin, Treatment(reference='Pure STEM')) + has_hss_concepts + log_team_size + log_prior_knowledge + HSS_Diversity + C(stage) + C(arxiv_primary_category)",C(arxiv_primary_category)[T.cs.SC],-0.33124533759735186,0.13120615310724515,-2.524617403625872,0.011582430983059751,-0.5884046722376004,-0.07408600295710327,138824.0,162325.49803406076,163752.43755636245,0.16925695525674556,0.1683943372796688
S2b_AnyCitation_Threshold_LPM,ols,main,"Any_Citation ~ C(HSS_Bin, Treatment(reference='Pure STEM')) + has_hss_concepts + log_team_size + log_prior_knowledge + HSS_Diversity + C(stage) + C(arxiv_primary_category)",C(arxiv_primary_category)[T.cs.SD],-0.32382505735147965,0.0692195180126831,-4.678233345862726,2.893571481253909e-06,-0.45949281968356004,-0.18815729501939923,138824.0,162325.49803406076,163752.43755636245,0.16925695525674556,0.1683943372796688
S2b_AnyCitation_Threshold_LPM,ols,main,"Any_Citation ~ C(HSS_Bin, Treatment(reference='Pure STEM')) + has_hss_concepts + log_team_size + log_prior_knowledge + HSS_Diversity + C(stage) + C(arxiv_primary_category)",C(arxiv_primary_category)[T.cs.SE],-0.23026961900543327,0.0689503998006019,-3.3396415346589934,0.0008388659293269157,-0.3654099193342507,-0.09512931867661584,138824.0,162325.49803406076,163752.43755636245,0.16925695525674556,0.1683943372796688
S2b_AnyCitation_Threshold_LPM,ols,main,"Any_Citation ~ C(HSS_Bin, Treatment(reference='Pure STEM')) + has_hss_concepts + log_team_size + log_prior_knowledge + HSS_Diversity + C(stage) + C(arxiv_primary_category)",C(arxiv_primary_category)[T.cs.SI],-0.2743773566269678,0.07230164015101628,-3.7948980971092277,0.00014770410897680045,-0.41608596734613484,-0.1326687459078008,138824.0,162325.49803406076,163752.43755636245,0.16925695525674556,0.1683943372796688
S2b_AnyCitation_Threshold_LPM,ols,main,"Any_Citation ~ C(HSS_Bin, Treatment(reference='Pure STEM')) + has_hss_concepts + log_team_size + log_prior_knowledge + HSS_Diversity + C(stage) + C(arxiv_primary_category)",C(arxiv_primary_category)[T.econ.EM],-0.3885728044403651,0.0929999628949957,-4.178203865297178,2.9382023768975043e-05,-0.5708493822781181,-0.20629622660261218,138824.0,162325.49803406076,163752.43755636245,0.16925695525674556,0.1683943372796688
S2b_AnyCitation_Threshold_LPM,ols,main,"Any_Citation ~ C(HSS_Bin, Treatment(reference='Pure STEM')) + has_hss_concepts + log_team_size + log_prior_knowledge + HSS_Diversity + C(stage) + C(arxiv_primary_category)",C(arxiv_primary_category)[T.econ.GN],-0.17967948755998592,0.08360963873103612,-2.1490283929822604,0.03163214929439653,-0.3435513682332219,-0.015807606886749925,138824.0,162325.49803406076,163752.43755636245,0.16925695525674556,0.1683943372796688
S2b_AnyCitation_Threshold_LPM,ols,main,"Any_Citation ~ C(HSS_Bin, Treatment(reference='Pure STEM')) + has_hss_concepts + log_team_size + log_prior_knowledge + HSS_Diversity + C(stage) + C(arxiv_primary_category)",C(arxiv_primary_category)[T.econ.TH],-0.44242580140385307,0.10450514320278825,-4.233531363574543,2.300500820639039e-05,-0.6472521182805189,-0.23759948452718727,138824.0,162325.49803406076,163752.43755636245,0.16925695525674556,0.1683943372796688
S2b_AnyCitation_Threshold_LPM,ols,main,"Any_Citation ~ C(HSS_Bin, Treatment(reference='Pure STEM')) + has_hss_concepts + log_team_size + log_prior_knowledge + HSS_Diversity + C(stage) + C(arxiv_primary_category)",C(arxiv_primary_category)[T.eess.AS],-0.32317226967696083,0.06944499029160858,-4.653644104778736,3.261194980825048e-06,-0.45928194955524737,-0.1870625897986743,138824.0,162325.49803406076,163752.43755636245,0.16925695525674556,0.1683943372796688
S2b_AnyCitation_Threshold_LPM,ols,main,"Any_Citation ~ C(HSS_Bin, Treatment(reference='Pure STEM')) + has_hss_concepts + log_team_size + log_prior_knowledge + HSS_Diversity + C(stage) + C(arxiv_primary_category)",C(arxiv_primary_category)[T.eess.IV],-0.17071994164218335,0.06909357962552777,-2.4708510192618247,0.013479196018415266,-0.30614086927116824,-0.03529901401319843,138824.0,162325.49803406076,163752.43755636245,0.16925695525674556,0.1683943372796688
S2b_AnyCitation_Threshold_LPM,ols,main,"Any_Citation ~ C(HSS_Bin, Treatment(reference='Pure STEM')) + has_hss_concepts + log_team_size + log_prior_knowledge + HSS_Diversity + C(stage) + C(arxiv_primary_category)",C(arxiv_primary_category)[T.eess.SP],-0.29960924708192316,0.07009424168533707,-4.274377464940862,1.9167208111924803e-05,-0.43699143630883,-0.16222705785501637,138824.0,162325.49803406076,163752.43755636245,0.16925695525674556,0.1683943372796688
S2b_AnyCitation_Threshold_LPM,ols,main,"Any_Citation ~ C(HSS_Bin, Treatment(reference='Pure STEM')) + has_hss_concepts + log_team_size + log_prior_knowledge + HSS_Diversity + C(stage) + C(arxiv_primary_category)",C(arxiv_primary_category)[T.eess.SY],-0.2775957672179207,0.07206385257935476,-3.852080582456229,0.00011711846599209028,-0.41883832286065986,-0.1363532115751815,138824.0,162325.49803406076,163752.43755636245,0.16925695525674556,0.1683943372796688
S2b_AnyCitation_Threshold_LPM,ols,main,"Any_Citation ~ C(HSS_Bin, Treatment(reference='Pure STEM')) + has_hss_concepts + log_team_size + log_prior_knowledge + HSS_Diversity + C(stage) + C(arxiv_primary_category)",C(arxiv_primary_category)[T.gr-qc],-0.28440020321386217,0.0944858066143524,-3.009978042254039,0.002612665769048685,-0.46958898122820925,-0.09921142519951506,138824.0,162325.49803406076,163752.43755636245,0.16925695525674556,0.1683943372796688
S2b_AnyCitation_Threshold_LPM,ols,main,"Any_Citation ~ C(HSS_Bin, Treatment(reference='Pure STEM')) + has_hss_concepts + log_team_size + log_prior_knowledge + HSS_Diversity + C(stage) + C(arxiv_primary_category)",C(arxiv_primary_category)[T.hep-ex],-0.0755534847395514,0.0881305229415165,-0.85729077983219,0.39128420283582765,-0.24828613564360474,0.09717916616450195,138824.0,162325.49803406076,163752.43755636245,0.16925695525674556,0.1683943372796688
S2b_AnyCitation_Threshold_LPM,ols,main,"Any_Citation ~ C(HSS_Bin, Treatment(reference='Pure STEM')) + has_hss_concepts + log_team_size + log_prior_knowledge + HSS_Diversity + C(stage) + C(arxiv_primary_category)",C(arxiv_primary_category)[T.hep-lat],-0.21345933347442017,0.11360140683193516,-1.8790201585286475,0.06024174075765351,-0.43611399945809554,0.009195332509255194,138824.0,162325.49803406076,163752.43755636245,0.16925695525674556,0.1683943372796688
S2b_AnyCitation_Threshold_LPM,ols,main,"Any_Citation ~ C(HSS_Bin, Treatment(reference='Pure STEM')) + has_hss_concepts + log_team_size + log_prior_knowledge + HSS_Diversity + C(stage) + C(arxiv_primary_category)",C(arxiv_primary_category)[T.hep-ph],-0.026324160336957766,0.0832400056505139,-0.3162440959876995,0.7518172400991012,-0.1894715734848756,0.13682325281096008,138824.0,162325.49803406076,163752.43755636245,0.16925695525674556,0.1683943372796688
S2b_AnyCitation_Threshold_LPM,ols,main,"Any_Citation ~ C(HSS_Bin, Treatment(reference='Pure STEM')) + has_hss_concepts + log_team_size + log_prior_knowledge + HSS_Diversity + C(stage) + C(arxiv_primary_category)",C(arxiv_primary_category)[T.hep-th],0.014317393126611344,0.14092968689683416,0.10159245679082658,0.9190801670790827,-0.26189971754368996,0.29053450379691265,138824.0,162325.49803406076,163752.43755636245,0.16925695525674556,0.1683943372796688
S2b_AnyCitation_Threshold_LPM,ols,main,"Any_Citation ~ C(HSS_Bin, Treatment(reference='Pure STEM')) + has_hss_concepts + log_team_size + log_prior_knowledge + HSS_Diversity + C(stage) + C(arxiv_primary_category)",C(arxiv_primary_category)[T.math-ph],-0.19684681078063798,0.17970527533881242,-1.0953869351331356,0.2733471553934761,-0.5490626782765643,0.15536905671528833,138824.0,162325.49803406076,163752.43755636245,0.16925695525674556,0.1683943372796688
S2b_AnyCitation_Threshold_LPM,ols,main,"Any_Citation ~ C(HSS_Bin, Treatment(reference='Pure STEM')) + has_hss_concepts + log_team_size + log_prior_knowledge + HSS_Diversity + C(stage) + C(arxiv_primary_category)",C(arxiv_primary_category)[T.math.AC],-0.3004124725902498,0.06856789555561986,-4.381240960597453,1.1800527978600593e-05,-0.43480307837496873,-0.16602186680553083,138824.0,162325.49803406076,163752.43755636245,0.16925695525674556,0.1683943372796688
S2b_AnyCitation_Threshold_LPM,ols,main,"Any_Citation ~ C(HSS_Bin, Treatment(reference='Pure STEM')) + has_hss_concepts + log_team_size + log_prior_knowledge + HSS_Diversity + C(stage) + C(arxiv_primary_category)",C(arxiv_primary_category)[T.math.AG],-0.04618817949057443,0.29024940994316767,-0.15913272485073549,0.8735643060185272,-0.615066569513185,0.5226902105320361,138824.0,162325.49803406076,163752.43755636245,0.16925695525674556,0.1683943372796688
S2b_AnyCitation_Threshold_LPM,ols,main,"Any_Citation ~ C(HSS_Bin, Treatment(reference='Pure STEM')) + has_hss_concepts + log_team_size + log_prior_knowledge + HSS_Diversity + C(stage) + C(arxiv_primary_category)",C(arxiv_primary_category)[T.math.AP],-0.33545171987756084,0.09119520223231821,-3.6783921924204233,0.00023470886045619236,-0.5141910318157512,-0.1567124079393704,138824.0,162325.49803406076,163752.43755636245,0.16925695525674556,0.1683943372796688
S2b_AnyCitation_Threshold_LPM,ols,main,"Any_Citation ~ C(HSS_Bin, Treatment(reference='Pure STEM')) + has_hss_concepts + log_team_size + log_prior_knowledge + HSS_Diversity + C(stage) + C(arxiv_primary_category)",C(arxiv_primary_category)[T.math.AT],-0.3901079040843911,0.06856426898695082,-5.689667662884827,1.2728685681959474e-08,-0.5244914019251313,-0.2557244062436509,138824.0,162325.49803406076,163752.43755636245,0.16925695525674556,0.1683943372796688
S2b_AnyCitation_Threshold_LPM,ols,main,"Any_Citation ~ C(HSS_Bin, Treatment(reference='Pure STEM')) + has_hss_concepts + log_team_size + log_prior_knowledge + HSS_Diversity + C(stage) + C(arxiv_primary_category)",C(arxiv_primary_category)[T.math.CO],-0.32029769397113367,0.13686136111117725,-2.340307676108414,0.01926785932140985,-0.5885410326241718,-0.05205435531809549,138824.0,162325.49803406076,163752.43755636245,0.16925695525674556,0.1683943372796688
S2b_AnyCitation_Threshold_LPM,ols,main,"Any_Citation ~ C(HSS_Bin, Treatment(reference='Pure STEM')) + has_hss_concepts + log_team_size + log_prior_knowledge + HSS_Diversity + C(stage) + C(arxiv_primary_category)",C(arxiv_primary_category)[T.math.CT],-0.4608335775079124,0.12284369703264532,-3.7513815412560185,0.0001758628390837797,-0.7016027994196471,-0.22006435559617765,138824.0,162325.49803406076,163752.43755636245,0.16925695525674556,0.1683943372796688
S2b_AnyCitation_Threshold_LPM,ols,main,"Any_Citation ~ C(HSS_Bin, Treatment(reference='Pure STEM')) + has_hss_concepts + log_team_size + log_prior_knowledge + HSS_Diversity + C(stage) + C(arxiv_primary_category)",C(arxiv_primary_category)[T.math.DG],-0.4246896877370407,0.07585949781944606,-5.598371989593825,2.1637408277934332e-08,-0.5733715713484497,-0.27600780412563164,138824.0,162325.49803406076,163752.43755636245,0.16925695525674556,0.1683943372796688
S2b_AnyCitation_Threshold_LPM,ols,main,"Any_Citation ~ C(HSS_Bin, Treatment(reference='Pure STEM')) + has_hss_concepts + log_team_size + log_prior_knowledge + HSS_Diversity + C(stage) + C(arxiv_primary_category)",C(arxiv_primary_category)[T.math.DS],-0.35172354818853646,0.08634071303435795,-4.0736697188101,4.6278098834292624e-05,-0.5209482361353861,-0.18249886024168688,138824.0,162325.49803406076,163752.43755636245,0.16925695525674556,0.1683943372796688
S2b_AnyCitation_Threshold_LPM,ols,main,"Any_Citation ~ C(HSS_Bin, Treatment(reference='Pure STEM')) + has_hss_concepts + log_team_size + log_prior_knowledge + HSS_Diversity + C(stage) + C(arxiv_primary_category)",C(arxiv_primary_category)[T.math.FA],-0.502942083468409,0.0934998738688082,-5.379066972583283,7.487285413869088e-08,-0.6861984688103108,-0.31968569812650716,138824.0,162325.49803406076,163752.43755636245,0.16925695525674556,0.1683943372796688
S2b_AnyCitation_Threshold_LPM,ols,main,"Any_Citation ~ C(HSS_Bin, Treatment(reference='Pure STEM')) + has_hss_concepts + log_team_size + log_prior_knowledge + HSS_Diversity + C(stage) + C(arxiv_primary_category)",C(arxiv_primary_category)[T.math.GM],-0.8781412950534188,0.07385776301340659,-11.889627565541343,1.3400278301532087e-32,-1.0228998505383902,-0.7333827395684474,138824.0,162325.49803406076,163752.43755636245,0.16925695525674556,0.1683943372796688
S2b_AnyCitation_Threshold_LPM,ols,main,"Any_Citation ~ C(HSS_Bin, Treatment(reference='Pure STEM')) + has_hss_concepts + log_team_size + log_prior_knowledge + HSS_Diversity + C(stage) + C(arxiv_primary_category)",C(arxiv_primary_category)[T.math.GR],0.2868835205763161,0.06863852866788532,4.179628062315146,2.919862562509519e-05,0.15235447643544087,0.42141256471719135,138824.0,162325.49803406076,163752.43755636245,0.16925695525674556,0.1683943372796688
S2b_AnyCitation_Threshold_LPM,ols,main,"Any_Citation ~ C(HSS_Bin, Treatment(reference='Pure STEM')) + has_hss_concepts + log_team_size + log_prior_knowledge + HSS_Diversity + C(stage) + C(arxiv_primary_category)",C(arxiv_primary_category)[T.math.GT],-0.18687612627216557,0.18441796504558391,-1.0133292937375926,0.31090289982320496,-0.5483286958636766,0.1745764433193455,138824.0,162325.49803406076,163752.43755636245,0.16925695525674556,0.1683943372796688
S2b_AnyCitation_Threshold_LPM,ols,main,"Any_Citation ~ C(HSS_Bin, Treatment(reference='Pure STEM')) + has_hss_concepts + log_team_size + log_prior_knowledge + HSS_Diversity + C(stage) + C(arxiv_primary_category)",C(arxiv_primary_category)[T.math.HO],-0.3245884406837719,0.09282511200341446,-3.4967740267507814,0.00047092055698845053,-0.5065223170713609,-0.1426545642961829,138824.0,162325.49803406076,163752.43755636245,0.16925695525674556,0.1683943372796688
S2b_AnyCitation_Threshold_LPM,ols,main,"Any_Citation ~ C(HSS_Bin, Treatment(reference='Pure STEM')) + has_hss_concepts + log_team_size + log_prior_knowledge + HSS_Diversity + C(stage) + C(arxiv_primary_category)",C(arxiv_primary_category)[T.math.LO],0.02557479230300926,0.24121231455134085,0.10602606401161078,0.9155616726480756,-0.4471926568451656,0.4983422414511841,138824.0,162325.49803406076,163752.43755636245,0.16925695525674556,0.1683943372796688
S2b_AnyCitation_Threshold_LPM,ols,main,"Any_Citation ~ C(HSS_Bin, Treatment(reference='Pure STEM')) + has_hss_concepts + log_team_size + log_prior_knowledge + HSS_Diversity + C(stage) + C(arxiv_primary_category)",C(arxiv_primary_category)[T.math.NA],-0.2505510746028312,0.07482891280967352,-3.3483190546962107,0.0008130335286385382,-0.3972130487120792,-0.10388910049358321,138824.0,162325.49803406076,163752.43755636245,0.16925695525674556,0.1683943372796688
S2b_AnyCitation_Threshold_LPM,ols,main,"Any_Citation ~ C(HSS_Bin, Treatment(reference='Pure STEM')) + has_hss_concepts + log_team_size + log_prior_knowledge + HSS_Diversity + C(stage) + C(arxiv_primary_category)",C(arxiv_primary_category)[T.math.NT],-0.37983255024915447,0.14383745925848337,-2.6407067547444347,0.008273329464463958,-0.6617487900235293,-0.09791631047477972,138824.0,162325.49803406076,163752.43755636245,0.16925695525674556,0.1683943372796688
S2b_AnyCitation_Threshold_LPM,ols,main,"Any_Citation ~ C(HSS_Bin, Treatment(reference='Pure STEM')) + has_hss_concepts + log_team_size + log_prior_knowledge + HSS_Diversity + C(stage) + C(arxiv_primary_category)",C(arxiv_primary_category)[T.math.OC],-0.23586014103104458,0.07566043236166102,-3.1173512187139,0.0018248402924269467,-0.38415186351462893,-0.0875684185474602,138824.0,162325.49803406076,163752.43755636245,0.16925695525674556,0.1683943372796688
S2b_AnyCitation_Threshold_LPM,ols,main,"Any_Citation ~ C(HSS_Bin, Treatment(reference='Pure STEM')) + has_hss_concepts + log_team_size + log_prior_knowledge + HSS_Diversity + C(stage) + C(arxiv_primary_category)",C(arxiv_primary_category)[T.math.PR],-0.3533312563489493,0.09945064743947261,-3.5528301267620486,0.000381110485156944,-0.5482509435695062,-0.15841156912839244,138824.0,162325.49803406076,163752.43755636245,0.16925695525674556,0.1683943372796688
S2b_AnyCitation_Threshold_LPM,ols,main,"Any_Citation ~ C(HSS_Bin, Treatment(reference='Pure STEM')) + has_hss_concepts + log_team_size + log_prior_knowledge + HSS_Diversity + C(stage) + C(arxiv_primary_category)",C(arxiv_primary_category)[T.math.SP],-0.3564968316571858,0.06856630297844282,-5.19930076686894,2.000396136373165e-07,-0.4908843160479952,-0.22210934726637646,138824.0,162325.49803406076,163752.43755636245,0.16925695525674556,0.1683943372796688
S2b_AnyCitation_Threshold_LPM,ols,main,"Any_Citation ~ C(HSS_Bin, Treatment(reference='Pure STEM')) + has_hss_concepts + log_team_size + log_prior_knowledge + HSS_Diversity + C(stage) + C(arxiv_primary_category)",C(arxiv_primary_category)[T.math.ST],-0.36093770996917646,0.08432478107453976,-4.280327862934169,1.8661818357424143e-05,-0.5262112438794991,-0.19566417605885375,138824.0,162325.49803406076,163752.43755636245,0.16925695525674556,0.1683943372796688
S2b_AnyCitation_Threshold_LPM,ols,main,"Any_Citation ~ C(HSS_Bin, Treatment(reference='Pure STEM')) + has_hss_concepts + log_team_size + log_prior_knowledge + HSS_Diversity + C(stage) + C(arxiv_primary_category)",C(arxiv_primary_category)[T.nlin.AO],-0.16842102930713343,0.14995450025926632,-1.1231475481958801,0.2613748348969678,-0.4623264491349976,0.12548439052073074,138824.0,162325.49803406076,163752.43755636245,0.16925695525674556,0.1683943372796688
S2b_AnyCitation_Threshold_LPM,ols,main,"Any_Citation ~ C(HSS_Bin, Treatment(reference='Pure STEM')) + has_hss_concepts + log_team_size + log_prior_knowledge + HSS_Diversity + C(stage) + C(arxiv_primary_category)",C(arxiv_primary_category)[T.nlin.CD],-0.15329422788386562,0.2241346400076393,-0.6839381359286579,0.4940142313604331,-0.592590049986689,0.28600159421895777,138824.0,162325.49803406076,163752.43755636245,0.16925695525674556,0.1683943372796688
S2b_AnyCitation_Threshold_LPM,ols,main,"Any_Citation ~ C(HSS_Bin, Treatment(reference='Pure STEM')) + has_hss_concepts + log_team_size + log_prior_knowledge + HSS_Diversity + C(stage) + C(arxiv_primary_category)",C(arxiv_primary_category)[T.nlin.CG],-0.3409059289083471,0.06860213589850478,-4.969319459859228,6.71882960679664e-07,-0.4753636445319388,-0.20644821328475538,138824.0,162325.49803406076,163752.43755636245,0.16925695525674556,0.1683943372796688
S2b_AnyCitation_Threshold_LPM,ols,main,"Any_Citation ~ C(HSS_Bin, Treatment(reference='Pure STEM')) + has_hss_concepts + log_team_size + log_prior_knowledge + HSS_Diversity + C(stage) + C(arxiv_primary_category)",C(arxiv_primary_category)[T.nlin.PS],-0.2664008067224898,0.18351070242552758,-1.4516908452824473,0.1465875859483133,-0.626075174254171,0.09327356080919141,138824.0,162325.49803406076,163752.43755636245,0.16925695525674556,0.1683943372796688
S2b_AnyCitation_Threshold_LPM,ols,main,"Any_Citation ~ C(HSS_Bin, Treatment(reference='Pure STEM')) + has_hss_concepts + log_team_size + log_prior_knowledge + HSS_Diversity + C(stage) + C(arxiv_primary_category)",C(arxiv_primary_category)[T.nucl-ex],-0.4168007443986352,0.07030233291220721,-5.928690089404735,3.0536077883422623e-09,-0.5545907849357062,-0.2790107038615641,138824.0,162325.49803406076,163752.43755636245,0.16925695525674556,0.1683943372796688
S2b_AnyCitation_Threshold_LPM,ols,main,"Any_Citation ~ C(HSS_Bin, Treatment(reference='Pure STEM')) + has_hss_concepts + log_team_size + log_prior_knowledge + HSS_Diversity + C(stage) + C(arxiv_primary_category)",C(arxiv_primary_category)[T.nucl-th],-0.41341056684969046,0.08633692487913967,-4.7883401850182965,1.681664067342674e-06,-0.5826278301487444,-0.24419330355063654,138824.0,162325.49803406076,163752.43755636245,0.16925695525674556,0.1683943372796688
S2b_AnyCitation_Threshold_LPM,ols,main,"Any_Citation ~ C(HSS_Bin, Treatment(reference='Pure STEM')) + has_hss_concepts + log_team_size + log_prior_knowledge + HSS_Diversity + C(stage) + C(arxiv_primary_category)",C(arxiv_primary_category)[T.physics.acc-ph],0.2291940588010465,0.11993991177986431,1.9109073485205277,0.05601648855190607,-0.0058838485963989,0.4642719661984919,138824.0,162325.49803406076,163752.43755636245,0.16925695525674556,0.1683943372796688
S2b_AnyCitation_Threshold_LPM,ols,main,"Any_Citation ~ C(HSS_Bin, Treatment(reference='Pure STEM')) + has_hss_concepts + log_team_size + log_prior_knowledge + HSS_Diversity + C(stage) + C(arxiv_primary_category)",C(arxiv_primary_category)[T.physics.ao-ph],-0.022030550622532345,0.08599218491963942,-0.2561924742710064,0.7978022194282993,-0.19057213601693396,0.14651103477186928,138824.0,162325.49803406076,163752.43755636245,0.16925695525674556,0.1683943372796688
S2b_AnyCitation_Threshold_LPM,ols,main,"Any_Citation ~ C(HSS_Bin, Treatment(reference='Pure STEM')) + has_hss_concepts + log_team_size + log_prior_knowledge + HSS_Diversity + C(stage) + C(arxiv_primary_category)",C(arxiv_primary_category)[T.physics.app-ph],-0.07084295494138941,0.10795801143831686,-0.6562084091542053,0.5116900390063899,-0.28243676920305366,0.1407508593202748,138824.0,162325.49803406076,163752.43755636245,0.16925695525674556,0.1683943372796688
S2b_AnyCitation_Threshold_LPM,ols,main,"Any_Citation ~ C(HSS_Bin, Treatment(reference='Pure STEM')) + has_hss_concepts + log_team_size + log_prior_knowledge + HSS_Diversity + C(stage) + C(arxiv_primary_category)",C(arxiv_primary_category)[T.physics.atom-ph],-0.29065045152209695,0.1497772693680033,-1.9405511446998522,0.05231274487855512,-0.5842085051861376,0.002907602141943799,138824.0,162325.49803406076,163752.43755636245,0.16925695525674556,0.1683943372796688
S2b_AnyCitation_Threshold_LPM,ols,main,"Any_Citation ~ C(HSS_Bin, Treatment(reference='Pure STEM')) + has_hss_concepts + log_team_size + log_prior_knowledge + HSS_Diversity + C(stage) + C(arxiv_primary_category)",C(arxiv_primary_category)[T.physics.bio-ph],-0.24706602525816565,0.13050514353916717,-1.8931516303341427,0.05833770773829846,-0.5028514063921634,0.008719355875832141,138824.0,162325.49803406076,163752.43755636245,0.16925695525674556,0.1683943372796688
S2b_AnyCitation_Threshold_LPM,ols,main,"Any_Citation ~ C(HSS_Bin, Treatment(reference='Pure STEM')) + has_hss_concepts + log_team_size + log_prior_knowledge + HSS_Diversity + C(stage) + C(arxiv_primary_category)",C(arxiv_primary_category)[T.physics.chem-ph],-0.04936645193033442,0.08295338961501854,-0.595110726149239,0.5517694592813424,-0.2119521079712897,0.11321920411062084,138824.0,162325.49803406076,163752.43755636245,0.16925695525674556,0.1683943372796688
S2b_AnyCitation_Threshold_LPM,ols,main,"Any_Citation ~ C(HSS_Bin, Treatment(reference='Pure STEM')) + has_hss_concepts + log_team_size + log_prior_knowledge + HSS_Diversity + C(stage) + C(arxiv_primary_category)",C(arxiv_primary_category)[T.physics.class-ph],-0.3441825151079646,0.06856377742618629,-5.019888460470271,5.170149140316409e-07,-0.4785650495073101,-0.2097999807086191,138824.0,162325.49803406076,163752.43755636245,0.16925695525674556,0.1683943372796688
S2b_AnyCitation_Threshold_LPM,ols,main,"Any_Citation ~ C(HSS_Bin, Treatment(reference='Pure STEM')) + has_hss_concepts + log_team_size + log_prior_knowledge + HSS_Diversity + C(stage) + C(arxiv_primary_category)",C(arxiv_primary_category)[T.physics.comp-ph],-0.21565968996426402,0.08214647095080224,-2.625306814378225,0.00865709194577654,-0.37666381448490216,-0.05465556544362585,138824.0,162325.49803406076,163752.43755636245,0.16925695525674556,0.1683943372796688
S2b_AnyCitation_Threshold_LPM,ols,main,"Any_Citation ~ C(HSS_Bin, Treatment(reference='Pure STEM')) + has_hss_concepts + log_team_size + log_prior_knowledge + HSS_Diversity + C(stage) + C(arxiv_primary_category)",C(arxiv_primary_category)[T.physics.data-an],-0.05695294520225008,0.10308703358606024,-0.5524743822869246,0.5806233812158399,-0.2589998183039991,0.1450939278994989,138824.0,162325.49803406076,163752.43755636245,0.16925695525674556,0.1683943372796688
S2b_AnyCitation_Threshold_LPM,ols,main,"Any_Citation ~ C(HSS_Bin, Treatment(reference='Pure STEM')) + has_hss_concepts + log_team_size + log_prior_knowledge + HSS_Diversity + C(stage) + C(arxiv_primary_category)",C(arxiv_primary_category)[T.physics.ed-ph],-0.1808033388533324,0.08821447954993103,-2.0495880016045933,0.04040465226005833,-0.35370054168614234,-0.00790613602052248,138824.0,162325.49803406076,163752.43755636245,0.16925695525674556,0.1683943372796688
S2b_AnyCitation_Threshold_LPM,ols,main,"Any_Citation ~ C(HSS_Bin, Treatment(reference='Pure STEM')) + has_hss_concepts + log_team_size + log_prior_knowledge + HSS_Diversity + C(stage) + C(arxiv_primary_category)",C(arxiv_primary_category)[T.physics.flu-dyn],-0.19516031308258255,0.07582202395404354,-2.5739264517770075,0.010055164543927964,-0.34376874926744116,-0.04655187689772394,138824.0,162325.49803406076,163752.43755636245,0.16925695525674556,0.1683943372796688
S2b_AnyCitation_Threshold_LPM,ols,main,"Any_Citation ~ C(HSS_Bin, Treatment(reference='Pure STEM')) + has_hss_concepts + log_team_size + log_prior_knowledge + HSS_Diversity + C(stage) + C(arxiv_primary_category)",C(arxiv_primary_category)[T.physics.gen-ph],-0.37602800835941047,0.07503388641863219,-5.01144251360591,5.402352287683989e-07,-0.5230917233599987,-0.22896429335882226,138824.0,162325.49803406076,163752.43755636245,0.16925695525674556,0.1683943372796688
S2b_AnyCitation_Threshold_LPM,ols,main,"Any_Citation ~ C(HSS_Bin, Treatment(reference='Pure STEM')) + has_hss_concepts + log_team_size + log_prior_knowledge + HSS_Diversity + C(stage) + C(arxiv_primary_category)",C(arxiv_primary_category)[T.physics.geo-ph],-0.168138390578087,0.08264381959778498,-2.034494429182862,0.04190176971099987,-0.33011730053457106,-0.006159480621602931,138824.0,162325.49803406076,163752.43755636245,0.16925695525674556,0.1683943372796688
S2b_AnyCitation_Threshold_LPM,ols,main,"Any_Citation ~ C(HSS_Bin, Treatment(reference='Pure STEM')) + has_hss_concepts + log_team_size + log_prior_knowledge + HSS_Diversity + C(stage) + C(arxiv_primary_category)",C(arxiv_primary_category)[T.physics.ins-det],-0.10411885166530002,0.09871071221466682,-1.0547877664875125,0.29152240084849956,-0.297588292494345,0.08935058916374494,138824.0,162325.49803406076,163752.43755636245,0.16925695525674556,0.1683943372796688
S2b_AnyCitation_Threshold_LPM,ols,main,"Any_Citation ~ C(HSS_Bin, Treatment(reference='Pure STEM')) + has_hss_concepts + log_team_size + log_prior_knowledge + HSS_Diversity + C(stage) + C(arxiv_primary_category)",C(arxiv_primary_category)[T.physics.med-ph],-0.1780454121510503,0.07980581785057318,-2.230982864988853,0.025682264058032235,-0.33446194089493747,-0.021628883407163124,138824.0,162325.49803406076,163752.43755636245,0.16925695525674556,0.1683943372796688
S2b_AnyCitation_Threshold_LPM,ols,main,"Any_Citation ~ C(HSS_Bin, Treatment(reference='Pure STEM')) + has_hss_concepts + log_team_size + log_prior_knowledge + HSS_Diversity + C(stage) + C(arxiv_primary_category)",C(arxiv_primary_category)[T.physics.optics],-0.22467628922005417,0.08149075607334512,-2.757076999234564,0.005832061636946438,-0.3843952361967493,-0.06495734224335906,138824.0,162325.49803406076,163752.43755636245,0.16925695525674556,0.1683943372796688
S2b_AnyCitation_Threshold_LPM,ols,main,"Any_Citation ~ C(HSS_Bin, Treatment(reference='Pure STEM')) + has_hss_concepts + log_team_size + log_prior_knowledge + HSS_Diversity + C(stage) + C(arxiv_primary_category)",C(arxiv_primary_category)[T.physics.plasm-ph],-0.14289009913974998,0.1137881575457413,-1.2557554513729612,0.20920464778011272,-0.36591078979657254,0.08013059151707255,138824.0,162325.49803406076,163752.43755636245,0.16925695525674556,0.1683943372796688
S2b_AnyCitation_Threshold_LPM,ols,main,"Any_Citation ~ C(HSS_Bin, Treatment(reference='Pure STEM')) + has_hss_concepts + log_team_size + log_prior_knowledge + HSS_Diversity + C(stage) + C(arxiv_primary_category)",C(arxiv_primary_category)[T.physics.pop-ph],-0.02013541382564536,0.22127795735445574,-0.09099602177451095,0.9274957521073561,-0.4538322408129686,0.4135614131616778,138824.0,162325.49803406076,163752.43755636245,0.16925695525674556,0.1683943372796688
S2b_AnyCitation_Threshold_LPM,ols,main,"Any_Citation ~ C(HSS_Bin, Treatment(reference='Pure STEM')) + has_hss_concepts + log_team_size + log_prior_knowledge + HSS_Diversity + C(stage) + C(arxiv_primary_category)",C(arxiv_primary_category)[T.physics.soc-ph],-0.28186397074677266,0.08921864788787612,-3.1592495225998043,0.001581760009581397,-0.4567293073563704,-0.10699863413717492,138824.0,162325.49803406076,163752.43755636245,0.16925695525674556,0.1683943372796688
S2b_AnyCitation_Threshold_LPM,ols,main,"Any_Citation ~ C(HSS_Bin, Treatment(reference='Pure STEM')) + has_hss_concepts + log_team_size + log_prior_knowledge + HSS_Diversity + C(stage) + C(arxiv_primary_category)",C(arxiv_primary_category)[T.physics.space-ph],-0.15470723176476586,0.2139829144245935,-0.7229887123501344,0.4696868190386153,-0.5741060373438855,0.2646915738143538,138824.0,162325.49803406076,163752.43755636245,0.16925695525674556,0.1683943372796688
S2b_AnyCitation_Threshold_LPM,ols,main,"Any_Citation ~ C(HSS_Bin, Treatment(reference='Pure STEM')) + has_hss_concepts + log_team_size + log_prior_knowledge + HSS_Diversity + C(stage) + C(arxiv_primary_category)",C(arxiv_primary_category)[T.q-bio.BM],0.0007617780549190175,0.07617636432640638,0.010000189188012333,0.9920211364280901,-0.14854115249803929,0.1500647086078773,138824.0,162325.49803406076,163752.43755636245,0.16925695525674556,0.1683943372796688
S2b_AnyCitation_Threshold_LPM,ols,main,"Any_Citation ~ C(HSS_Bin, Treatment(reference='Pure STEM')) + has_hss_concepts + log_team_size + log_prior_knowledge + HSS_Diversity + C(stage) + C(arxiv_primary_category)",C(arxiv_primary_category)[T.q-bio.CB],-0.17047011431812414,0.1677068598434126,-1.016476693185309,0.30940244068052214,-0.4991695195715195,0.15822929093527122,138824.0,162325.49803406076,163752.43755636245,0.16925695525674556,0.1683943372796688
S2b_AnyCitation_Threshold_LPM,ols,main,"Any_Citation ~ C(HSS_Bin, Treatment(reference='Pure STEM')) + has_hss_concepts + log_team_size + log_prior_knowledge + HSS_Diversity + C(stage) + C(arxiv_primary_category)",C(arxiv_primary_category)[T.q-bio.GN],-0.16249966982693223,0.07977536302439714,-2.0369655952206207,0.041653489869195315,-0.318856508208359,-0.006142831445505509,138824.0,162325.49803406076,163752.43755636245,0.16925695525674556,0.1683943372796688
S2b_AnyCitation_Threshold_LPM,ols,main,"Any_Citation ~ C(HSS_Bin, Treatment(reference='Pure STEM')) + has_hss_concepts + log_team_size + log_prior_knowledge + HSS_Diversity + C(stage) + C(arxiv_primary_category)",C(arxiv_primary_category)[T.q-bio.MN],-0.2435180944833077,0.1310515348946408,-1.8581857486757758,0.06314264110007571,-0.5003743829954979,0.013338194028882422,138824.0,162325.49803406076,163752.43755636245,0.16925695525674556,0.1683943372796688
S2b_AnyCitation_Threshold_LPM,ols,main,"Any_Citation ~ C(HSS_Bin, Treatment(reference='Pure STEM')) + has_hss_concepts + log_team_size + log_prior_knowledge + HSS_Diversity + C(stage) + C(arxiv_primary_category)",C(arxiv_primary_category)[T.q-bio.NC],-0.32920670724744316,0.0738465322824446,-4.457984648328638,8.273382559558168e-06,-0.473943250904209,-0.1844701635906773,138824.0,162325.49803406076,163752.43755636245,0.16925695525674556,0.1683943372796688
S2b_AnyCitation_Threshold_LPM,ols,main,"Any_Citation ~ C(HSS_Bin, Treatment(reference='Pure STEM')) + has_hss_concepts + log_team_size + log_prior_knowledge + HSS_Diversity + C(stage) + C(arxiv_primary_category)",C(arxiv_primary_category)[T.q-bio.OT],-0.18876614640346195,0.14055080089145172,-1.3430456831707935,0.17925718189086282,-0.4642406541489674,0.08670836134204352,138824.0,162325.49803406076,163752.43755636245,0.16925695525674556,0.1683943372796688
S2b_AnyCitation_Threshold_LPM,ols,main,"Any_Citation ~ C(HSS_Bin, Treatment(reference='Pure STEM')) + has_hss_concepts + log_team_size + log_prior_knowledge + HSS_Diversity + C(stage) + C(arxiv_primary_category)",C(arxiv_primary_category)[T.q-bio.PE],-0.36377837375953354,0.1122882423495518,-3.2396835692475827,0.0011966241351618325,-0.5838592846519604,-0.14369746286710675,138824.0,162325.49803406076,163752.43755636245,0.16925695525674556,0.1683943372796688
S2b_AnyCitation_Threshold_LPM,ols,main,"Any_Citation ~ C(HSS_Bin, Treatment(reference='Pure STEM')) + has_hss_concepts + log_team_size + log_prior_knowledge + HSS_Diversity + C(stage) + C(arxiv_primary_category)",C(arxiv_primary_category)[T.q-bio.QM],-0.0842670129781844,0.07426762717933433,-1.1346398986829687,0.25652622872231834,-0.22982888746692773,0.061294861510558935,138824.0,162325.49803406076,163752.43755636245,0.16925695525674556,0.1683943372796688
S2b_AnyCitation_Threshold_LPM,ols,main,"Any_Citation ~ C(HSS_Bin, Treatment(reference='Pure STEM')) + has_hss_concepts + log_team_size + log_prior_knowledge + HSS_Diversity + C(stage) + C(arxiv_primary_category)",C(arxiv_primary_category)[T.q-bio.TO],-0.3906832140838742,0.11313348741171715,-3.4532941839059,0.0005537847113583917,-0.6124207748562553,-0.168945653311493,138824.0,162325.49803406076,163752.43755636245,0.16925695525674556,0.1683943372796688
S2b_AnyCitation_Threshold_LPM,ols,main,"Any_Citation ~ C(HSS_Bin, Treatment(reference='Pure STEM')) + has_hss_concepts + log_team_size + log_prior_knowledge + HSS_Diversity + C(stage) + C(arxiv_primary_category)",C(arxiv_primary_category)[T.q-fin.CP],-0.30482434137669945,0.08351871319093858,-3.649772963812517,0.0002624721929480473,-0.4685180112660694,-0.1411306714873295,138824.0,162325.49803406076,163752.43755636245,0.16925695525674556,0.1683943372796688
S2b_AnyCitation_Threshold_LPM,ols,main,"Any_Citation ~ C(HSS_Bin, Treatment(reference='Pure STEM')) + has_hss_concepts + log_team_size + log_prior_knowledge + HSS_Diversity + C(stage) + C(arxiv_primary_category)",C(arxiv_primary_category)[T.q-fin.GN],-0.2366263422405381,0.11516382429928669,-2.0546933351709105,0.03990863409805551,-0.46234329018903875,-0.010909394292037466,138824.0,162325.49803406076,163752.43755636245,0.16925695525674556,0.1683943372796688
S2b_AnyCitation_Threshold_LPM,ols,main,"Any_Citation ~ C(HSS_Bin, Treatment(reference='Pure STEM')) + has_hss_concepts + log_team_size + log_prior_knowledge + HSS_Diversity + C(stage) + C(arxiv_primary_category)",C(arxiv_primary_category)[T.q-fin.MF],-0.445640236202743,0.10376602401650754,-4.294664274038761,1.7495789255637247e-05,-0.6490179060940161,-0.24226256631146995,138824.0,162325.49803406076,163752.43755636245,0.16925695525674556,0.1683943372796688
S2b_AnyCitation_Threshold_LPM,ols,main,"Any_Citation ~ C(HSS_Bin, Treatment(reference='Pure STEM')) + has_hss_concepts + log_team_size + log_prior_knowledge + HSS_Diversity + C(stage) + C(arxiv_primary_category)",C(arxiv_primary_category)[T.q-fin.PM],-0.3563498874637134,0.09716346888216876,-3.6675294898730195,0.00024490531231959864,-0.5467867870857424,-0.16591298784168435,138824.0,162325.49803406076,163752.43755636245,0.16925695525674556,0.1683943372796688
S2b_AnyCitation_Threshold_LPM,ols,main,"Any_Citation ~ C(HSS_Bin, Treatment(reference='Pure STEM')) + has_hss_concepts + log_team_size + log_prior_knowledge + HSS_Diversity + C(stage) + C(arxiv_primary_category)",C(arxiv_primary_category)[T.q-fin.PR],-0.4403620860342518,0.10044034750836278,-4.384314640066202,1.163515041607951e-05,-0.6372215497453302,-0.2435026223231734,138824.0,162325.49803406076,163752.43755636245,0.16925695525674556,0.1683943372796688
S2b_AnyCitation_Threshold_LPM,ols,main,"Any_Citation ~ C(HSS_Bin, Treatment(reference='Pure STEM')) + has_hss_concepts + log_team_size + log_prior_knowledge + HSS_Diversity + C(stage) + C(arxiv_primary_category)",C(arxiv_primary_category)[T.q-fin.RM],-0.16333253316654306,0.12116160276942621,-1.3480552372468138,0.17764061713169355,-0.4008049109037669,0.07413984457068079,138824.0,162325.49803406076,163752.43755636245,0.16925695525674556,0.1683943372796688
S2b_AnyCitation_Threshold_LPM,ols,main,"Any_Citation ~ C(HSS_Bin, Treatment(reference='Pure STEM')) + has_hss_concepts + log_team_size + log_prior_knowledge + HSS_Diversity + C(stage) + C(arxiv_primary_category)",C(arxiv_primary_category)[T.q-fin.ST],-0.26032276651413144,0.08716014842633779,-2.9867177972297703,0.0028198989412107976,-0.43115351831691895,-0.08949201471134391,138824.0,162325.49803406076,163752.43755636245,0.16925695525674556,0.1683943372796688
S2b_AnyCitation_Threshold_LPM,ols,main,"Any_Citation ~ C(HSS_Bin, Treatment(reference='Pure STEM')) + has_hss_concepts + log_team_size + log_prior_knowledge + HSS_Diversity + C(stage) + C(arxiv_primary_category)",C(arxiv_primary_category)[T.q-fin.TR],-0.1493016562163949,0.10826679318101128,-1.3790161491786077,0.1678897748132745,-0.36150067157282373,0.06289735914003391,138824.0,162325.49803406076,163752.43755636245,0.16925695525674556,0.1683943372796688
S2b_AnyCitation_Threshold_LPM,ols,main,"Any_Citation ~ C(HSS_Bin, Treatment(reference='Pure STEM')) + has_hss_concepts + log_team_size + log_prior_knowledge + HSS_Diversity + C(stage) + C(arxiv_primary_category)",C(arxiv_primary_category)[T.quant-ph],-0.08966993797876224,0.07226368646317834,-1.2408713472492603,0.21465327905711806,-0.23130416083668642,0.05196428487916194,138824.0,162325.49803406076,163752.43755636245,0.16925695525674556,0.1683943372796688
S2b_AnyCitation_Threshold_LPM,ols,main,"Any_Citation ~ C(HSS_Bin, Treatment(reference='Pure STEM')) + has_hss_concepts + log_team_size + log_prior_knowledge + HSS_Diversity + C(stage) + C(arxiv_primary_category)",C(arxiv_primary_category)[T.stat.AP],-0.1641400926932708,0.08467795248840808,-1.9384041284623719,0.05257393714445629,-0.3301058298551445,0.0018256444686028939,138824.0,162325.49803406076,163752.43755636245,0.16925695525674556,0.1683943372796688
S2b_AnyCitation_Threshold_LPM,ols,main,"Any_Citation ~ C(HSS_Bin, Treatment(reference='Pure STEM')) + has_hss_concepts + log_team_size + log_prior_knowledge + HSS_Diversity + C(stage) + C(arxiv_primary_category)",C(arxiv_primary_category)[T.stat.CO],-0.24854643987906921,0.08557165038689023,-2.904541851832124,0.003677910280852347,-0.416263792735027,-0.0808290870231114,138824.0,162325.49803406076,163752.43755636245,0.16925695525674556,0.1683943372796688
S2b_AnyCitation_Threshold_LPM,ols,main,"Any_Citation ~ C(HSS_Bin, Treatment(reference='Pure STEM')) + has_hss_concepts + log_team_size + log_prior_knowledge + HSS_Diversity + C(stage) + C(arxiv_primary_category)",C(arxiv_primary_category)[T.stat.ME],-0.32995545429117945,0.07727088462564267,-4.2701135866339275,1.953734411156592e-05,-0.4814036052109889,-0.17850730337137002,138824.0,162325.49803406076,163752.43755636245,0.16925695525674556,0.1683943372796688
S2b_AnyCitation_Threshold_LPM,ols,main,"Any_Citation ~ C(HSS_Bin, Treatment(reference='Pure STEM')) + has_hss_concepts + log_team_size + log_prior_knowledge + HSS_Diversity + C(stage) + C(arxiv_primary_category)",C(arxiv_primary_category)[T.stat.ML],-0.19846451808691465,0.06945188229026343,-2.8575829990821964,0.00426880976691903,-0.3345877060343462,-0.06234133013948312,138824.0,162325.49803406076,163752.43755636245,0.16925695525674556,0.1683943372796688
S2b_AnyCitation_Threshold_LPM,ols,main,"Any_Citation ~ C(HSS_Bin, Treatment(reference='Pure STEM')) + has_hss_concepts + log_team_size + log_prior_knowledge + HSS_Diversity + C(stage) + C(arxiv_primary_category)",C(arxiv_primary_category)[T.stat.OT],-0.44836737447016556,0.07599677226031465,-5.89982128365078,3.6389551968717056e-09,-0.5973183110416749,-0.29941643789865624,138824.0,162325.49803406076,163752.43755636245,0.16925695525674556,0.1683943372796688
S2b_AnyCitation_Threshold_LPM,ols,main,"Any_Citation ~ C(HSS_Bin, Treatment(reference='Pure STEM')) + has_hss_concepts + log_team_size + log_prior_knowledge + HSS_Diversity + C(stage) + C(arxiv_primary_category)",has_hss_concepts,0.14284391480320377,0.0026874808959703135,53.15160193971539,0.0,0.13757654903796251,0.14811128056844503,138824.0,162325.49803406076,163752.43755636245,0.16925695525674556,0.1683943372796688
S2b_AnyCitation_Threshold_LPM,ols,main,"Any_Citation ~ C(HSS_Bin, Treatment(reference='Pure STEM')) + has_hss_concepts + log_team_size + log_prior_knowledge + HSS_Diversity + C(stage) + C(arxiv_primary_category)",log_team_size,-0.09767913550029178,0.003272962232480151,-29.844259897332673,1.0421284877235345e-195,-0.10409402359871268,-0.09126424740187088,138824.0,162325.49803406076,163752.43755636245,0.16925695525674556,0.1683943372796688
S2b_AnyCitation_Threshold_LPM,ols,main,"Any_Citation ~ C(HSS_Bin, Treatment(reference='Pure STEM')) + has_hss_concepts + log_team_size + log_prior_knowledge + HSS_Diversity + C(stage) + C(arxiv_primary_category)",log_prior_knowledge,0.09459248128166693,0.0012247589999536323,77.23354658773528,0.0,0.09219199775201652,0.09699296481131735,138824.0,162325.49803406076,163752.43755636245,0.16925695525674556,0.1683943372796688
S2b_AnyCitation_Threshold_LPM,ols,main,"Any_Citation ~ C(HSS_Bin, Treatment(reference='Pure STEM')) + has_hss_concepts + log_team_size + log_prior_knowledge + HSS_Diversity + C(stage) + C(arxiv_primary_category)",HSS_Diversity,0.23761222722003233,0.016499588347393464,14.401100331546715,5.092622970530593e-47,0.2052736282994044,0.2699508261406603,138824.0,162325.49803406076,163752.43755636245,0.16925695525674556,0.1683943372796688
S3_AnyCitation_Continuous_GLMLogit,glm_binom,main,Any_Citation ~ HSS_Continuous + has_hss_concepts + log_team_size + log_prior_knowledge + HSS_Diversity + C(stage) + C(arxiv_primary_category),Intercept,1.8831336681421715,0.3510501263388531,5.364287111306909,8.126954707987388e-08,1.1950880637497838,2.5711792725345592,138824.0,155219.64335898022,-1487192.679619256,,
S3_AnyCitation_Continuous_GLMLogit,glm_binom,main,Any_Citation ~ HSS_Continuous + has_hss_concepts + log_team_size + log_prior_knowledge + HSS_Diversity + C(stage) + C(arxiv_primary_category),C(stage)[T.Phase2],-1.2350931650049948,0.1663342619804626,-7.4253683534548465,1.1246647977632921e-13,-1.5611023278817515,-0.909084002128238,138824.0,155219.64335898022,-1487192.679619256,,
S3_AnyCitation_Continuous_GLMLogit,glm_binom,main,Any_Citation ~ HSS_Continuous + has_hss_concepts + log_team_size + log_prior_knowledge + HSS_Diversity + C(stage) + C(arxiv_primary_category),C(stage)[T.Phase3],-2.823507767197475,0.16572682261332478,-17.037120018799293,4.356634974937246e-65,-3.1483263707918496,-2.4986891636031006,138824.0,155219.64335898022,-1487192.679619256,,
S3_AnyCitation_Continuous_GLMLogit,glm_binom,main,Any_Citation ~ HSS_Continuous + has_hss_concepts + log_team_size + log_prior_knowledge + HSS_Diversity + C(stage) + C(arxiv_primary_category),C(arxiv_primary_category)[T.astro-ph.EP],-1.0106007606853027,0.6173655112372662,-1.6369569441285294,0.10163946626784563,-2.2206149280075023,0.1994134066368971,138824.0,155219.64335898022,-1487192.679619256,,
S3_AnyCitation_Continuous_GLMLogit,glm_binom,main,Any_Citation ~ HSS_Continuous + has_hss_concepts + log_team_size + log_prior_knowledge + HSS_Diversity + C(stage) + C(arxiv_primary_category),C(arxiv_primary_category)[T.astro-ph.GA],-0.7280106605868386,0.4459840964379044,-1.6323691055387255,0.10260175333054303,-1.6021234272827694,0.14610210610909213,138824.0,155219.64335898022,-1487192.679619256,,
S3_AnyCitation_Continuous_GLMLogit,glm_binom,main,Any_Citation ~ HSS_Continuous + has_hss_concepts + log_team_size + log_prior_knowledge + HSS_Diversity + C(stage) + C(arxiv_primary_category),C(arxiv_primary_category)[T.astro-ph.HE],-0.818025092224797,0.804573993353712,-1.0167182869222713,0.30928746381237315,-2.3949611420956414,0.7589109576460474,138824.0,155219.64335898022,-1487192.679619256,,
S3_AnyCitation_Continuous_GLMLogit,glm_binom,main,Any_Citation ~ HSS_Continuous + has_hss_concepts + log_team_size + log_prior_knowledge + HSS_Diversity + C(stage) + C(arxiv_primary_category),C(arxiv_primary_category)[T.astro-ph.IM],-0.8180845995143282,0.35586924243510487,-2.298834802121207,0.02151432177225275,-1.5155754978926868,-0.12059370113596957,138824.0,155219.64335898022,-1487192.679619256,,
S3_AnyCitation_Continuous_GLMLogit,glm_binom,main,Any_Citation ~ HSS_Continuous + has_hss_concepts + log_team_size + log_prior_knowledge + HSS_Diversity + C(stage) + C(arxiv_primary_category),C(arxiv_primary_category)[T.astro-ph.SR],-1.480790081330464,0.5860121359412014,-2.526893199834759,0.01150764913831354,-2.629352762278609,-0.3322274003823191,138824.0,155219.64335898022,-1487192.679619256,,
S3_AnyCitation_Continuous_GLMLogit,glm_binom,main,Any_Citation ~ HSS_Continuous + has_hss_concepts + log_team_size + log_prior_knowledge + HSS_Diversity + C(stage) + C(arxiv_primary_category),C(arxiv_primary_category)[T.cond-mat.dis-nn],-1.0347159537873978,0.47222957127256976,-2.191129096382154,0.028442451706305296,-1.960268905916425,-0.10916300165837056,138824.0,155219.64335898022,-1487192.679619256,,
S3_AnyCitation_Continuous_GLMLogit,glm_binom,main,Any_Citation ~ HSS_Continuous + has_hss_concepts + log_team_size + log_prior_knowledge + HSS_Diversity + C(stage) + C(arxiv_primary_category),C(arxiv_primary_category)[T.cond-mat.mes-hall],-1.9745812212274272,0.9137120561286693,-2.1610541395213523,0.030691157563574493,-3.7654239434796595,-0.1837384989751949,138824.0,155219.64335898022,-1487192.679619256,,
S3_AnyCitation_Continuous_GLMLogit,glm_binom,main,Any_Citation ~ HSS_Continuous + has_hss_concepts + log_team_size + log_prior_knowledge + HSS_Diversity + C(stage) + C(arxiv_primary_category),C(arxiv_primary_category)[T.cond-mat.mtrl-sci],-0.15210701843306035,0.3403518989017112,-0.4469110321520101,0.6549392981600386,-0.8191844823502319,0.5149704454841111,138824.0,155219.64335898022,-1487192.679619256,,
S3_AnyCitation_Continuous_GLMLogit,glm_binom,main,Any_Citation ~ HSS_Continuous + has_hss_concepts + log_team_size + log_prior_knowledge + HSS_Diversity + C(stage) + C(arxiv_primary_category),C(arxiv_primary_category)[T.cond-mat.other],-0.429787624979895,1.0382953001885569,-0.4139358281809082,0.6789211040361176,-2.4648090186666707,1.6052337687068805,138824.0,155219.64335898022,-1487192.679619256,,
S3_AnyCitation_Continuous_GLMLogit,glm_binom,main,Any_Citation ~ HSS_Continuous + has_hss_concepts + log_team_size + log_prior_knowledge + HSS_Diversity + C(stage) + C(arxiv_primary_category),C(arxiv_primary_category)[T.cond-mat.quant-gas],-24.416055038674575,0.6477189459676584,-37.69544675306395,0.0,-25.68556084487543,-23.14654923247372,138824.0,155219.64335898022,-1487192.679619256,,
S3_AnyCitation_Continuous_GLMLogit,glm_binom,main,Any_Citation ~ HSS_Continuous + has_hss_concepts + log_team_size + log_prior_knowledge + HSS_Diversity + C(stage) + C(arxiv_primary_category),C(arxiv_primary_category)[T.cond-mat.soft],-1.4430498991467595,0.6583167329384078,-2.192029804112197,0.028377354648476506,-2.733326986126112,-0.15277281216740723,138824.0,155219.64335898022,-1487192.679619256,,
S3_AnyCitation_Continuous_GLMLogit,glm_binom,main,Any_Citation ~ HSS_Continuous + has_hss_concepts + log_team_size + log_prior_knowledge + HSS_Diversity + C(stage) + C(arxiv_primary_category),C(arxiv_primary_category)[T.cond-mat.stat-mech],-1.2531071534324896,0.4988908799508248,-2.5117860514026775,0.01201218894301955,-2.2309153103516017,-0.2752989965133772,138824.0,155219.64335898022,-1487192.679619256,,
S3_AnyCitation_Continuous_GLMLogit,glm_binom,main,Any_Citation ~ HSS_Continuous + has_hss_concepts + log_team_size + log_prior_knowledge + HSS_Diversity + C(stage) + C(arxiv_primary_category),C(arxiv_primary_category)[T.cond-mat.str-el],-0.01587608587088337,0.7785934301070727,-0.020390726734876352,0.98373168130747,-1.5418911674802496,1.510138995738483,138824.0,155219.64335898022,-1487192.679619256,,
S3_AnyCitation_Continuous_GLMLogit,glm_binom,main,Any_Citation ~ HSS_Continuous + has_hss_concepts + log_team_size + log_prior_knowledge + HSS_Diversity + C(stage) + C(arxiv_primary_category),C(arxiv_primary_category)[T.cond-mat.supr-con],-0.6855438033382965,1.3455016846039802,-0.5095079487322022,0.6103962281641329,-3.3226786463000684,1.9515910396234757,138824.0,155219.64335898022,-1487192.679619256,,
S3_AnyCitation_Continuous_GLMLogit,glm_binom,main,Any_Citation ~ HSS_Continuous + has_hss_concepts + log_team_size + log_prior_knowledge + HSS_Diversity + C(stage) + C(arxiv_primary_category),C(arxiv_primary_category)[T.cs.AI],-1.5379243021900895,0.3103148357488733,-4.956012813498471,7.195447285845476e-07,-2.1461302041263437,-0.9297184002538353,138824.0,155219.64335898022,-1487192.679619256,,
S3_AnyCitation_Continuous_GLMLogit,glm_binom,main,Any_Citation ~ HSS_Continuous + has_hss_concepts + log_team_size + log_prior_knowledge + HSS_Diversity + C(stage) + C(arxiv_primary_category),C(arxiv_primary_category)[T.cs.AR],-1.4751647631364986,0.32962617327426064,-4.475265870071274,7.631628681944366e-06,-2.1212201911158086,-0.8291093351571884,138824.0,155219.64335898022,-1487192.679619256,,
S3_AnyCitation_Continuous_GLMLogit,glm_binom,main,Any_Citation ~ HSS_Continuous + has_hss_concepts + log_team_size + log_prior_knowledge + HSS_Diversity + C(stage) + C(arxiv_primary_category),C(arxiv_primary_category)[T.cs.CC],-1.907088363867258,0.5681432553974599,-3.356703341542096,0.0007887769566407163,-3.020628682505621,-0.793548045228895,138824.0,155219.64335898022,-1487192.679619256,,
S3_AnyCitation_Continuous_GLMLogit,glm_binom,main,Any_Citation ~ HSS_Continuous + has_hss_concepts + log_team_size + log_prior_knowledge + HSS_Diversity + C(stage) + C(arxiv_primary_category),C(arxiv_primary_category)[T.cs.CE],-1.277674306478123,0.34147466025672524,-3.7416372433537246,0.00018282528941416986,-1.9469523422143555,-0.6083962707418906,138824.0,155219.64335898022,-1487192.679619256,,
S3_AnyCitation_Continuous_GLMLogit,glm_binom,main,Any_Citation ~ HSS_Continuous + has_hss_concepts + log_team_size + log_prior_knowledge + HSS_Diversity + C(stage) + C(arxiv_primary_category),C(arxiv_primary_category)[T.cs.CG],-1.0829495462532739,0.7049204079041684,-1.5362720870474462,0.12447166241680051,-2.464568157712728,0.2986690652061803,138824.0,155219.64335898022,-1487192.679619256,,
S3_AnyCitation_Continuous_GLMLogit,glm_binom,main,Any_Citation ~ HSS_Continuous + has_hss_concepts + log_team_size + log_prior_knowledge + HSS_Diversity + C(stage) + C(arxiv_primary_category),C(arxiv_primary_category)[T.cs.CL],-1.442679687379943,0.3094779979815436,-4.661655099197005,3.136765450703715e-06,-2.0492454174313277,-0.8361139573285581,138824.0,155219.64335898022,-1487192.679619256,,
S3_AnyCitation_Continuous_GLMLogit,glm_binom,main,Any_Citation ~ HSS_Continuous + has_hss_concepts + log_team_size + log_prior_knowledge + HSS_Diversity + C(stage) + C(arxiv_primary_category),C(arxiv_primary_category)[T.cs.CR],-1.2091084774046799,0.3118595996570364,-3.8770923798221424,0.00010571222803201072,-1.820342060965551,-0.5978748938438087,138824.0,155219.64335898022,-1487192.679619256,,
S3_AnyCitation_Continuous_GLMLogit,glm_binom,main,Any_Citation ~ HSS_Continuous + has_hss_concepts + log_team_size + log_prior_knowledge + HSS_Diversity + C(stage) + C(arxiv_primary_category),C(arxiv_primary_category)[T.cs.CV],-1.2903826282923447,0.3094133528843932,-4.170416745958838,3.040431167798479e-05,-1.8968216562815379,-0.6839436003031516,138824.0,155219.64335898022,-1487192.679619256,,
S3_AnyCitation_Continuous_GLMLogit,glm_binom,main,Any_Citation ~ HSS_Continuous + has_hss_concepts + log_team_size + log_prior_knowledge + HSS_Diversity + C(stage) + C(arxiv_primary_category),C(arxiv_primary_category)[T.cs.CY],-0.8024342117597185,0.31474931843449633,-2.5494390766304904,0.010789636108147883,-1.41933154004986,-0.18553688346957686,138824.0,155219.64335898022,-1487192.679619256,,
S3_AnyCitation_Continuous_GLMLogit,glm_binom,main,Any_Citation ~ HSS_Continuous + has_hss_concepts + log_team_size + log_prior_knowledge + HSS_Diversity + C(stage) + C(arxiv_primary_category),C(arxiv_primary_category)[T.cs.DB],-1.1441885619274121,0.32644034266476135,-3.5050464430569455,0.00045652763684009116,-1.7839998766512584,-0.5043772472035659,138824.0,155219.64335898022,-1487192.679619256,,
S3_AnyCitation_Continuous_GLMLogit,glm_binom,main,Any_Citation ~ HSS_Continuous + has_hss_concepts + log_team_size + log_prior_knowledge + HSS_Diversity + C(stage) + C(arxiv_primary_category),C(arxiv_primary_category)[T.cs.DC],-1.3838797658406614,0.3214332961321955,-4.305340431414158,1.667291358360884e-05,-2.0138774496917624,-0.7538820819895603,138824.0,155219.64335898022,-1487192.679619256,,
S3_AnyCitation_Continuous_GLMLogit,glm_binom,main,Any_Citation ~ HSS_Continuous + has_hss_concepts + log_team_size + log_prior_knowledge + HSS_Diversity + C(stage) + C(arxiv_primary_category),C(arxiv_primary_category)[T.cs.DL],-1.0237244859273409,0.37288910389050445,-2.7453858942146736,0.006043978151865259,-1.7545736997801442,-0.2928752720745377,138824.0,155219.64335898022,-1487192.679619256,,
S3_AnyCitation_Continuous_GLMLogit,glm_binom,main,Any_Citation ~ HSS_Continuous + has_hss_concepts + log_team_size + log_prior_knowledge + HSS_Diversity + C(stage) + C(arxiv_primary_category),C(arxiv_primary_category)[T.cs.DM],-0.6977550372707608,0.9291414071123504,-0.7509675404945001,0.4526721909023129,-2.5188387317558356,1.123328657214314,138824.0,155219.64335898022,-1487192.679619256,,
S3_AnyCitation_Continuous_GLMLogit,glm_binom,main,Any_Citation ~ HSS_Continuous + has_hss_concepts + log_team_size + log_prior_knowledge + HSS_Diversity + C(stage) + C(arxiv_primary_category),C(arxiv_primary_category)[T.cs.DS],-1.2354237832984531,0.417398983714762,-2.959815024711955,0.0030782380551738447,-2.0535107585630072,-0.41733680803389916,138824.0,155219.64335898022,-1487192.679619256,,
S3_AnyCitation_Continuous_GLMLogit,glm_binom,main,Any_Citation ~ HSS_Continuous + has_hss_concepts + log_team_size + log_prior_knowledge + HSS_Diversity + C(stage) + C(arxiv_primary_category),C(arxiv_primary_category)[T.cs.ET],-1.1843226582188306,0.4303276605358639,-2.7521416047112965,0.005920691337563697,-2.027749374420502,-0.340895942017159,138824.0,155219.64335898022,-1487192.679619256,,
S3_AnyCitation_Continuous_GLMLogit,glm_binom,main,Any_Citation ~ HSS_Continuous + has_hss_concepts + log_team_size + log_prior_knowledge + HSS_Diversity + C(stage) + C(arxiv_primary_category),C(arxiv_primary_category)[T.cs.FL],-0.6207074800593182,0.5767848854423713,-1.0761507378669606,0.2818598471748006,-1.7511850823534267,0.5097701222347903,138824.0,155219.64335898022,-1487192.679619256,,
S3_AnyCitation_Continuous_GLMLogit,glm_binom,main,Any_Citation ~ HSS_Continuous + has_hss_concepts + log_team_size + log_prior_knowledge + HSS_Diversity + C(stage) + C(arxiv_primary_category),C(arxiv_primary_category)[T.cs.GL],0.04695303452101261,0.9929182653305668,0.04728791498802854,0.9622837597510372,-1.8991310051188839,1.993037074160909,138824.0,155219.64335898022,-1487192.679619256,,
S3_AnyCitation_Continuous_GLMLogit,glm_binom,main,Any_Citation ~ HSS_Continuous + has_hss_concepts + log_team_size + log_prior_knowledge + HSS_Diversity + C(stage) + C(arxiv_primary_category),C(arxiv_primary_category)[T.cs.GR],-1.8759048931685138,0.33027483180545375,-5.67982998557245,1.3482869255070635e-08,-2.5232316685072274,-1.2285781178298005,138824.0,155219.64335898022,-1487192.679619256,,
S3_AnyCitation_Continuous_GLMLogit,glm_binom,main,Any_Citation ~ HSS_Continuous + has_hss_concepts + log_team_size + log_prior_knowledge + HSS_Diversity + C(stage) + C(arxiv_primary_category),C(arxiv_primary_category)[T.cs.GT],-2.5297897363474364,0.4602818654366919,-5.496175118581527,3.881171080008318e-08,-3.431925615340264,-1.6276538573546087,138824.0,155219.64335898022,-1487192.679619256,,
S3_AnyCitation_Continuous_GLMLogit,glm_binom,main,Any_Citation ~ HSS_Continuous + has_hss_concepts + log_team_size + log_prior_knowledge + HSS_Diversity + C(stage) + C(arxiv_primary_category),C(arxiv_primary_category)[T.cs.HC],-1.0918838242638393,0.3131417285078192,-3.486867845645729,0.0004887127876540516,-1.7056303341957846,-0.4781373143318942,138824.0,155219.64335898022,-1487192.679619256,,
S3_AnyCitation_Continuous_GLMLogit,glm_binom,main,Any_Citation ~ HSS_Continuous + has_hss_concepts + log_team_size + log_prior_knowledge + HSS_Diversity + C(stage) + C(arxiv_primary_category),C(arxiv_primary_category)[T.cs.IR],-1.3629569127645362,0.3121249054606696,-4.366703486070516,1.2613577582915278e-05,-1.9747104861454179,-0.7512033393836546,138824.0,155219.64335898022,-1487192.679619256,,
S3_AnyCitation_Continuous_GLMLogit,glm_binom,main,Any_Citation ~ HSS_Continuous + has_hss_concepts + log_team_size + log_prior_knowledge + HSS_Diversity + C(stage) + C(arxiv_primary_category),C(arxiv_primary_category)[T.cs.IT],-2.0021002922089175,0.31488023734287596,-6.358291358974086,2.040102398232577e-10,-2.6192542168443786,-1.3849463675734563,138824.0,155219.64335898022,-1487192.679619256,,
S3_AnyCitation_Continuous_GLMLogit,glm_binom,main,Any_Citation ~ HSS_Continuous + has_hss_concepts + log_team_size + log_prior_knowledge + HSS_Diversity + C(stage) + C(arxiv_primary_category),C(arxiv_primary_category)[T.cs.LG],-1.2394245992740622,0.30950904438175103,-4.004485884248815,6.215250203933621e-05,-1.8460511791517034,-0.6327980193964211,138824.0,155219.64335898022,-1487192.679619256,,
S3_AnyCitation_Continuous_GLMLogit,glm_binom,main,Any_Citation ~ HSS_Continuous + has_hss_concepts + log_team_size + log_prior_knowledge + HSS_Diversity + C(stage) + C(arxiv_primary_category),C(arxiv_primary_category)[T.cs.LO],-1.1180035903339518,0.4078540506204342,-2.741185452573602,0.006121794399909624,-1.917382840498779,-0.31862434016912466,138824.0,155219.64335898022,-1487192.679619256,,
S3_AnyCitation_Continuous_GLMLogit,glm_binom,main,Any_Citation ~ HSS_Continuous + has_hss_concepts + log_team_size + log_prior_knowledge + HSS_Diversity + C(stage) + C(arxiv_primary_category),C(arxiv_primary_category)[T.cs.MA],-1.7783981156701065,0.3407839840867146,-5.218549576019928,1.8032971288734212e-07,-2.446322450988138,-1.110473780352075,138824.0,155219.64335898022,-1487192.679619256,,
S3_AnyCitation_Continuous_GLMLogit,glm_binom,main,Any_Citation ~ HSS_Continuous + has_hss_concepts + log_team_size + log_prior_knowledge + HSS_Diversity + C(stage) + C(arxiv_primary_category),C(arxiv_primary_category)[T.cs.MM],-1.6816792328751666,0.33222399058160135,-5.061883790906154,4.151340488581436e-07,-2.332826289215279,-1.030532176535054,138824.0,155219.64335898022,-1487192.679619256,,
S3_AnyCitation_Continuous_GLMLogit,glm_binom,main,Any_Citation ~ HSS_Continuous + has_hss_concepts + log_team_size + log_prior_knowledge + HSS_Diversity + C(stage) + C(arxiv_primary_category),C(arxiv_primary_category)[T.cs.MS],24.163061701574435,0.629323191787591,38.39531423105402,0.0,22.929610911034963,25.396512492113906,138824.0,155219.64335898022,-1487192.679619256,,
S3_AnyCitation_Continuous_GLMLogit,glm_binom,main,Any_Citation ~ HSS_Continuous + has_hss_concepts + log_team_size + log_prior_knowledge + HSS_Diversity + C(stage) + C(arxiv_primary_category),C(arxiv_primary_category)[T.cs.NE],-0.9671528955686526,0.33333662450579715,-2.9014300393860037,0.0037146371479014717,-1.6204806743281666,-0.3138251168091386,138824.0,155219.64335898022,-1487192.679619256,,
S3_AnyCitation_Continuous_GLMLogit,glm_binom,main,Any_Citation ~ HSS_Continuous + has_hss_concepts + log_team_size + log_prior_knowledge + HSS_Diversity + C(stage) + C(arxiv_primary_category),C(arxiv_primary_category)[T.cs.NI],-1.5406372528855528,0.3288676771530637,-4.684672164265324,2.804083848658742e-06,-2.185206055784904,-0.8960684499862019,138824.0,155219.64335898022,-1487192.679619256,,
S3_AnyCitation_Continuous_GLMLogit,glm_binom,main,Any_Citation ~ HSS_Continuous + has_hss_concepts + log_team_size + log_prior_knowledge + HSS_Diversity + C(stage) + C(arxiv_primary_category),C(arxiv_primary_category)[T.cs.OH],-0.8670256876018861,0.649773646714419,-1.334350341824422,0.18208906631204325,-2.1405586332654,0.4065072580616279,138824.0,155219.64335898022,-1487192.679619256,,
S3_AnyCitation_Continuous_GLMLogit,glm_binom,main,Any_Citation ~ HSS_Continuous + has_hss_concepts + log_team_size + log_prior_knowledge + HSS_Diversity + C(stage) + C(arxiv_primary_category),C(arxiv_primary_category)[T.cs.OS],-1.329402848543217,0.5807648336000981,-2.289055348448688,0.022076136723345706,-2.467681005886807,-0.19112469119962716,138824.0,155219.64335898022,-1487192.679619256,,
S3_AnyCitation_Continuous_GLMLogit,glm_binom,main,Any_Citation ~ HSS_Continuous + has_hss_concepts + log_team_size + log_prior_knowledge + HSS_Diversity + C(stage) + C(arxiv_primary_category),C(arxiv_primary_category)[T.cs.PF],-1.527334058427326,0.4830572529715272,-3.1618075270207187,0.0015679316222760064,-2.474108876722373,-0.5805592401322788,138824.0,155219.64335898022,-1487192.679619256,,
S3_AnyCitation_Continuous_GLMLogit,glm_binom,main,Any_Citation ~ HSS_Continuous + has_hss_concepts + log_team_size + log_prior_knowledge + HSS_Diversity + C(stage) + C(arxiv_primary_category),C(arxiv_primary_category)[T.cs.PL],-1.0327052561035293,0.35813492766772553,-2.8835647582010324,0.0039320179182201565,-1.7346368159381287,-0.33077369626892983,138824.0,155219.64335898022,-1487192.679619256,,
S3_AnyCitation_Continuous_GLMLogit,glm_binom,main,Any_Citation ~ HSS_Continuous + has_hss_concepts + log_team_size + log_prior_knowledge + HSS_Diversity + C(stage) + C(arxiv_primary_category),C(arxiv_primary_category)[T.cs.RO],-1.3742191631811531,0.3124287963087142,-4.398503529179406,1.0899985458559382e-05,-1.9865683516794335,-0.7618699746828728,138824.0,155219.64335898022,-1487192.679619256,,
S3_AnyCitation_Continuous_GLMLogit,glm_binom,main,Any_Citation ~ HSS_Continuous + has_hss_concepts + log_team_size + log_prior_knowledge + HSS_Diversity + C(stage) + C(arxiv_primary_category),C(arxiv_primary_category)[T.cs.SC],-1.8745292284293529,1.0976894640645376,-1.7077044918408197,0.08769118826795015,-4.02596104420492,0.27690258734621476,138824.0,155219.64335898022,-1487192.679619256,,
S3_AnyCitation_Continuous_GLMLogit,glm_binom,main,Any_Citation ~ HSS_Continuous + has_hss_concepts + log_team_size + log_prior_knowledge + HSS_Diversity + C(stage) + C(arxiv_primary_category),C(arxiv_primary_category)[T.cs.SD],-1.7152809724011835,0.31432827494747073,-5.456973200033737,4.843194199060652e-08,-2.33135307062083,-1.0992088741815371,138824.0,155219.64335898022,-1487192.679619256,,
S3_AnyCitation_Continuous_GLMLogit,glm_binom,main,Any_Citation ~ HSS_Continuous + has_hss_concepts + log_team_size + log_prior_knowledge + HSS_Diversity + C(stage) + C(arxiv_primary_category),C(arxiv_primary_category)[T.cs.SE],-1.1838761071204995,0.31155030751467555,-3.799951656490447,0.0001447243179211486,-1.794503489221642,-0.5732487250193569,138824.0,155219.64335898022,-1487192.679619256,,
S3_AnyCitation_Continuous_GLMLogit,glm_binom,main,Any_Citation ~ HSS_Continuous + has_hss_concepts + log_team_size + log_prior_knowledge + HSS_Diversity + C(stage) + C(arxiv_primary_category),C(arxiv_primary_category)[T.cs.SI],-1.4281460839591305,0.3327953298415794,-4.291364559229154,1.775785011527468e-05,-2.080412944671754,-0.7758792232465069,138824.0,155219.64335898022,-1487192.679619256,,
S3_AnyCitation_Continuous_GLMLogit,glm_binom,main,Any_Citation ~ HSS_Continuous + has_hss_concepts + log_team_size + log_prior_knowledge + HSS_Diversity + C(stage) + C(arxiv_primary_category),C(arxiv_primary_category)[T.econ.EM],-1.9677002648854818,0.5851660115390473,-3.3626359461825643,0.0007720210253523373,-3.114604572478964,-0.8207959572919994,138824.0,155219.64335898022,-1487192.679619256,,
S3_AnyCitation_Continuous_GLMLogit,glm_binom,main,Any_Citation ~ HSS_Continuous + has_hss_concepts + log_team_size + log_prior_knowledge + HSS_Diversity + C(stage) + C(arxiv_primary_category),C(arxiv_primary_category)[T.econ.GN],-0.7118085462997505,0.38091091101172925,-1.8687008581852675,0.0616644445628624,-1.4583802132010812,0.034763120601580266,138824.0,155219.64335898022,-1487192.679619256,,
S3_AnyCitation_Continuous_GLMLogit,glm_binom,main,Any_Citation ~ HSS_Continuous + has_hss_concepts + log_team_size + log_prior_knowledge + HSS_Diversity + C(stage) + C(arxiv_primary_category),C(arxiv_primary_category)[T.econ.TH],-2.6330118069838657,1.1354318223325561,-2.31895192225173,0.020397643336029465,-4.8584172856563566,-0.40760632831137444,138824.0,155219.64335898022,-1487192.679619256,,
S3_AnyCitation_Continuous_GLMLogit,glm_binom,main,Any_Citation ~ HSS_Continuous + has_hss_concepts + log_team_size + log_prior_knowledge + HSS_Diversity + C(stage) + C(arxiv_primary_category),C(arxiv_primary_category)[T.eess.AS],-1.682475314520445,0.31479391501204934,-5.344688173073628,9.057284042261755e-08,-2.299460050496424,-1.0654905785444657,138824.0,155219.64335898022,-1487192.679619256,,
S3_AnyCitation_Continuous_GLMLogit,glm_binom,main,Any_Citation ~ HSS_Continuous + has_hss_concepts + log_team_size + log_prior_knowledge + HSS_Diversity + C(stage) + C(arxiv_primary_category),C(arxiv_primary_category)[T.eess.IV],-0.859725048320563,0.31191373507145104,-2.7562910883793657,0.005846094454938951,-1.471064735343975,-0.24838536129715094,138824.0,155219.64335898022,-1487192.679619256,,
S3_AnyCitation_Continuous_GLMLogit,glm_binom,main,Any_Citation ~ HSS_Continuous + has_hss_concepts + log_team_size + log_prior_knowledge + HSS_Diversity + C(stage) + C(arxiv_primary_category),C(arxiv_primary_category)[T.eess.SP],-1.525213372542564,0.31904862215351626,-4.78050449567113,1.7485584833572981e-06,-2.150537181280584,-0.8998895638045442,138824.0,155219.64335898022,-1487192.679619256,,
S3_AnyCitation_Continuous_GLMLogit,glm_binom,main,Any_Citation ~ HSS_Continuous + has_hss_concepts + log_team_size + log_prior_knowledge + HSS_Diversity + C(stage) + C(arxiv_primary_category),C(arxiv_primary_category)[T.eess.SY],-1.4418416414953017,0.3395339432133072,-4.246531665876733,2.171051086199765e-05,-2.107315941722252,-0.7763673412683516,138824.0,155219.64335898022,-1487192.679619256,,
S3_AnyCitation_Continuous_GLMLogit,glm_binom,main,Any_Citation ~ HSS_Continuous + has_hss_concepts + log_team_size + log_prior_knowledge + HSS_Diversity + C(stage) + C(arxiv_primary_category),C(arxiv_primary_category)[T.gr-qc],-1.6933810578568598,0.752137728669635,-2.2514241651619784,0.024358685018820467,-3.167543917463104,-0.21921819825061584,138824.0,155219.64335898022,-1487192.679619256,,
S3_AnyCitation_Continuous_GLMLogit,glm_binom,main,Any_Citation ~ HSS_Continuous + has_hss_concepts + log_team_size + log_prior_knowledge + HSS_Diversity + C(stage) + C(arxiv_primary_category),C(arxiv_primary_category)[T.hep-ex],-0.3221393636456929,0.40618142957573067,-0.7930922986365418,0.42772404948880416,-1.1182403368031173,0.47396160951173155,138824.0,155219.64335898022,-1487192.679619256,,
S3_AnyCitation_Continuous_GLMLogit,glm_binom,main,Any_Citation ~ HSS_Continuous + has_hss_concepts + log_team_size + log_prior_knowledge + HSS_Diversity + C(stage) + C(arxiv_primary_category),C(arxiv_primary_category)[T.hep-lat],-1.064466383386824,0.5651068038636105,-1.8836552243029352,0.059611626707707616,-2.1720553663780406,0.043122599604392686,138824.0,155219.64335898022,-1487192.679619256,,
S3_AnyCitation_Continuous_GLMLogit,glm_binom,main,Any_Citation ~ HSS_Continuous + has_hss_concepts + log_team_size + log_prior_knowledge + HSS_Diversity + C(stage) + C(arxiv_primary_category),C(arxiv_primary_category)[T.hep-ph],-0.15514381999738874,0.37498969761083795,-0.4137282196973744,0.6790731578032012,-0.8901101218881966,0.5798224818934192,138824.0,155219.64335898022,-1487192.679619256,,
S3_AnyCitation_Continuous_GLMLogit,glm_binom,main,Any_Citation ~ HSS_Continuous + has_hss_concepts + log_team_size + log_prior_knowledge + HSS_Diversity + C(stage) + C(arxiv_primary_category),C(arxiv_primary_category)[T.hep-th],0.09691336129194764,0.6236137471281892,0.1554060694432162,0.8765011995746567,-1.1253471233433716,1.319173845927267,138824.0,155219.64335898022,-1487192.679619256,,
S3_AnyCitation_Continuous_GLMLogit,glm_binom,main,Any_Citation ~ HSS_Continuous + has_hss_concepts + log_team_size + log_prior_knowledge + HSS_Diversity + C(stage) + C(arxiv_primary_category),C(arxiv_primary_category)[T.math-ph],-0.9906365557193099,0.8928300386259186,-1.1095466246228871,0.26719444249659396,-2.7405512757416157,0.7592781643029959,138824.0,155219.64335898022,-1487192.679619256,,
S3_AnyCitation_Continuous_GLMLogit,glm_binom,main,Any_Citation ~ HSS_Continuous + has_hss_concepts + log_team_size + log_prior_knowledge + HSS_Diversity + C(stage) + C(arxiv_primary_category),C(arxiv_primary_category)[T.math.AC],-23.58253158694895,1.0466888019682012,-22.530604648300606,2.0809639522169296e-112,-25.634003941828002,-21.531059232069897,138824.0,155219.64335898022,-1487192.679619256,,
S3_AnyCitation_Continuous_GLMLogit,glm_binom,main,Any_Citation ~ HSS_Continuous + has_hss_concepts + log_team_size + log_prior_knowledge + HSS_Diversity + C(stage) + C(arxiv_primary_category),C(arxiv_primary_category)[T.math.AG],-0.20576411261755673,1.211530137556438,-0.16983821222356624,0.8651373744591866,-2.580319548413033,2.1687913231779192,138824.0,155219.64335898022,-1487192.679619256,,
S3_AnyCitation_Continuous_GLMLogit,glm_binom,main,Any_Citation ~ HSS_Continuous + has_hss_concepts + log_team_size + log_prior_knowledge + HSS_Diversity + C(stage) + C(arxiv_primary_category),C(arxiv_primary_category)[T.math.AP],-1.7397879072471798,0.479051635638197,-3.6317335707024947,0.00028152369188393485,-2.678711859833051,-0.800863954661309,138824.0,155219.64335898022,-1487192.679619256,,
S3_AnyCitation_Continuous_GLMLogit,glm_binom,main,Any_Citation ~ HSS_Continuous + has_hss_concepts + log_team_size + log_prior_knowledge + HSS_Diversity + C(stage) + C(arxiv_primary_category),C(arxiv_primary_category)[T.math.AT],-24.050154826929163,1.0466689240421077,-22.977805373307923,7.771636401805235e-117,-26.101588221788983,-21.998721432069342,138824.0,155219.64335898022,-1487192.679619256,,
S3_AnyCitation_Continuous_GLMLogit,glm_binom,main,Any_Citation ~ HSS_Continuous + has_hss_concepts + log_team_size + log_prior_knowledge + HSS_Diversity + C(stage) + C(arxiv_primary_category),C(arxiv_primary_category)[T.math.CO],-1.7337158177680885,0.8209417448043036,-2.111862173827416,0.03469827263553755,-3.3427320709899955,-0.12469956454618147,138824.0,155219.64335898022,-1487192.679619256,,
S3_AnyCitation_Continuous_GLMLogit,glm_binom,main,Any_Citation ~ HSS_Continuous + has_hss_concepts + log_team_size + log_prior_knowledge + HSS_Diversity + C(stage) + C(arxiv_primary_category),C(arxiv_primary_category)[T.math.CT],-24.907418465397665,0.8525144565319722,-29.216417709467372,1.1998424420045254e-187,-26.578316096500068,-23.236520834295263,138824.0,155219.64335898022,-1487192.679619256,,
S3_AnyCitation_Continuous_GLMLogit,glm_binom,main,Any_Citation ~ HSS_Continuous + has_hss_concepts + log_team_size + log_prior_knowledge + HSS_Diversity + C(stage) + C(arxiv_primary_category),C(arxiv_primary_category)[T.math.DG],-24.274508985268106,0.5622429495056916,-43.17441242546408,0.0,-25.376484916860832,-23.17253305367538,138824.0,155219.64335898022,-1487192.679619256,,
S3_AnyCitation_Continuous_GLMLogit,glm_binom,main,Any_Citation ~ HSS_Continuous + has_hss_concepts + log_team_size + log_prior_knowledge + HSS_Diversity + C(stage) + C(arxiv_primary_category),C(arxiv_primary_category)[T.math.DS],-2.6164846897778125,0.9435858480894943,-2.7729164178071186,0.005555638811041026,-4.465878968354904,-0.7670904112007211,138824.0,155219.64335898022,-1487192.679619256,,
S3_AnyCitation_Continuous_GLMLogit,glm_binom,main,Any_Citation ~ HSS_Continuous + has_hss_concepts + log_team_size + log_prior_knowledge + HSS_Diversity + C(stage) + C(arxiv_primary_category),C(arxiv_primary_category)[T.math.FA],-24.666328389186898,0.6549569169152764,-37.66099380301327,2.1619955102612e-310,-25.95002035776623,-23.382636420607565,138824.0,155219.64335898022,-1487192.679619256,,
S3_AnyCitation_Continuous_GLMLogit,glm_binom,main,Any_Citation ~ HSS_Continuous + has_hss_concepts + log_team_size + log_prior_knowledge + HSS_Diversity + C(stage) + C(arxiv_primary_category),C(arxiv_primary_category)[T.math.GM],-26.68136553160207,0.8367781486328254,-31.885829685198598,4.197437273852023e-223,-28.32142056597251,-25.041310497231628,138824.0,155219.64335898022,-1487192.679619256,,
S3_AnyCitation_Continuous_GLMLogit,glm_binom,main,Any_Citation ~ HSS_Continuous + has_hss_concepts + log_team_size + log_prior_knowledge + HSS_Diversity + C(stage) + C(arxiv_primary_category),C(arxiv_primary_category)[T.math.GR],23.59535069735721,1.04681547951671,22.540123984649735,1.6784802014583244e-112,21.54363005904543,25.647071335668986,138824.0,155219.64335898022,-1487192.679619256,,
S3_AnyCitation_Continuous_GLMLogit,glm_binom,main,Any_Citation ~ HSS_Continuous + has_hss_concepts + log_team_size + log_prior_knowledge + HSS_Diversity + C(stage) + C(arxiv_primary_category),C(arxiv_primary_category)[T.math.GT],-0.8920640699858372,0.9448514483652438,-0.9441315579599969,0.34510242456260665,-2.7439388795222217,0.9598107395505472,138824.0,155219.64335898022,-1487192.679619256,,
S3_AnyCitation_Continuous_GLMLogit,glm_binom,main,Any_Citation ~ HSS_Continuous + has_hss_concepts + log_team_size + log_prior_knowledge + HSS_Diversity + C(stage) + C(arxiv_primary_category),C(arxiv_primary_category)[T.math.HO],-2.320624238043666,1.0694608627310271,-2.169901039779621,0.03001434355500087,-4.416729011871614,-0.22451946421571822,138824.0,155219.64335898022,-1487192.679619256,,
S3_AnyCitation_Continuous_GLMLogit,glm_binom,main,Any_Citation ~ HSS_Continuous + has_hss_concepts + log_team_size + log_prior_knowledge + HSS_Diversity + C(stage) + C(arxiv_primary_category),C(arxiv_primary_category)[T.math.LO],0.17405788076294537,1.0703077070013503,0.16262414969485572,0.8708143714050435,-1.92370667733535,2.271822438861241,138824.0,155219.64335898022,-1487192.679619256,,
S3_AnyCitation_Continuous_GLMLogit,glm_binom,main,Any_Citation ~ HSS_Continuous + has_hss_concepts + log_team_size + log_prior_knowledge + HSS_Diversity + C(stage) + C(arxiv_primary_category),C(arxiv_primary_category)[T.math.NA],-1.309304990198328,0.3639428522752341,-3.5975565449714004,0.0003212206777017932,-2.0226198730885683,-0.5959901073080879,138824.0,155219.64335898022,-1487192.679619256,,
S3_AnyCitation_Continuous_GLMLogit,glm_binom,main,Any_Citation ~ HSS_Continuous + has_hss_concepts + log_team_size + log_prior_knowledge + HSS_Diversity + C(stage) + C(arxiv_primary_category),C(arxiv_primary_category)[T.math.NT],-2.4106467980284108,1.002365683601513,-2.4049574296746927,0.01617434979849155,-4.375247437226247,-0.4460461588305744,138824.0,155219.64335898022,-1487192.679619256,,
S3_AnyCitation_Continuous_GLMLogit,glm_binom,main,Any_Citation ~ HSS_Continuous + has_hss_concepts + log_team_size + log_prior_knowledge + HSS_Diversity + C(stage) + C(arxiv_primary_category),C(arxiv_primary_category)[T.math.OC],-1.1918354869444598,0.353648787125381,-3.3701104890878986,0.0007513804951956387,-1.884974372886479,-0.49869660100244073,138824.0,155219.64335898022,-1487192.679619256,,
S3_AnyCitation_Continuous_GLMLogit,glm_binom,main,Any_Citation ~ HSS_Continuous + has_hss_concepts + log_team_size + log_prior_knowledge + HSS_Diversity + C(stage) + C(arxiv_primary_category),C(arxiv_primary_category)[T.math.PR],-1.7884771332322595,0.505058113104429,-3.5411313803852558,0.0003984151381080144,-2.7783728450166976,-0.7985814214478215,138824.0,155219.64335898022,-1487192.679619256,,
S3_AnyCitation_Continuous_GLMLogit,glm_binom,main,Any_Citation ~ HSS_Continuous + has_hss_concepts + log_team_size + log_prior_knowledge + HSS_Diversity + C(stage) + C(arxiv_primary_category),C(arxiv_primary_category)[T.math.SP],-23.870955401093358,1.0466778496443643,-22.80640161555356,3.961260619658934e-115,-25.92240628981214,-21.819504512374575,138824.0,155219.64335898022,-1487192.679619256,,
S3_AnyCitation_Continuous_GLMLogit,glm_binom,main,Any_Citation ~ HSS_Continuous + has_hss_concepts + log_team_size + log_prior_knowledge + HSS_Diversity + C(stage) + C(arxiv_primary_category),C(arxiv_primary_category)[T.math.ST],-2.019496568601903,0.47713269866443286,-4.232567950708014,2.3103807645743356e-05,-2.954659473830594,-1.0843336633732124,138824.0,155219.64335898022,-1487192.679619256,,
S3_AnyCitation_Continuous_GLMLogit,glm_binom,main,Any_Citation ~ HSS_Continuous + has_hss_concepts + log_team_size + log_prior_knowledge + HSS_Diversity + C(stage) + C(arxiv_primary_category),C(arxiv_primary_category)[T.nlin.AO],-0.8728855163566412,0.7775233549548148,-1.1226486134392302,0.26158676021498717,-2.3968032892068307,0.6510322564935483,138824.0,155219.64335898022,-1487192.679619256,,
S3_AnyCitation_Continuous_GLMLogit,glm_binom,main,Any_Citation ~ HSS_Continuous + has_hss_concepts + log_team_size + log_prior_knowledge + HSS_Diversity + C(stage) + C(arxiv_primary_category),C(arxiv_primary_category)[T.nlin.CD],-0.737291160856176,1.2064393565888332,-0.6111298979343993,0.54111358803945,-3.1018688493019644,1.6272865275896127,138824.0,155219.64335898022,-1487192.679619256,,
S3_AnyCitation_Continuous_GLMLogit,glm_binom,main,Any_Citation ~ HSS_Continuous + has_hss_concepts + log_team_size + log_prior_knowledge + HSS_Diversity + C(stage) + C(arxiv_primary_category),C(arxiv_primary_category)[T.nlin.CG],-23.80548416580032,1.0467482315091126,-22.742320884057857,1.709460674618657e-114,-25.857073000439176,-21.753895331161463,138824.0,155219.64335898022,-1487192.679619256,,
S3_AnyCitation_Continuous_GLMLogit,glm_binom,main,Any_Citation ~ HSS_Continuous + has_hss_concepts + log_team_size + log_prior_knowledge + HSS_Diversity + C(stage) + C(arxiv_primary_category),C(arxiv_primary_category)[T.nlin.PS],-1.238954527826964,1.0080754286322868,-1.229029587109294,0.2190607130807617,-3.2147460616460237,0.7368370059920957,138824.0,155219.64335898022,-1487192.679619256,,
S3_AnyCitation_Continuous_GLMLogit,glm_binom,main,Any_Citation ~ HSS_Continuous + has_hss_concepts + log_team_size + log_prior_knowledge + HSS_Diversity + C(stage) + C(arxiv_primary_category),C(arxiv_primary_category)[T.nucl-ex],-24.179194086700253,0.5934234181992569,-40.7452644185698,0.0,-25.342282613953447,-23.01610555944706,138824.0,155219.64335898022,-1487192.679619256,,
S3_AnyCitation_Continuous_GLMLogit,glm_binom,main,Any_Citation ~ HSS_Continuous + has_hss_concepts + log_team_size + log_prior_knowledge + HSS_Diversity + C(stage) + C(arxiv_primary_category),C(arxiv_primary_category)[T.nucl-th],-24.304216393100987,0.6000728113761419,-40.50211229761324,0.0,-25.480337491499924,-23.12809529470205,138824.0,155219.64335898022,-1487192.679619256,,
S3_AnyCitation_Continuous_GLMLogit,glm_binom,main,Any_Citation ~ HSS_Continuous + has_hss_concepts + log_team_size + log_prior_knowledge + HSS_Diversity + C(stage) + C(arxiv_primary_category),C(arxiv_primary_category)[T.physics.acc-ph],1.3322394205427095,0.8210402515130326,1.62262376063491,0.10466985801613578,-0.2769699022805421,2.941448743365961,138824.0,155219.64335898022,-1487192.679619256,,
S3_AnyCitation_Continuous_GLMLogit,glm_binom,main,Any_Citation ~ HSS_Continuous + has_hss_concepts + log_team_size + log_prior_knowledge + HSS_Diversity + C(stage) + C(arxiv_primary_category),C(arxiv_primary_category)[T.physics.ao-ph],-0.1394882583983457,0.38603761851031176,-0.36133333050965266,0.7178502802867817,-0.8961080873561696,0.6171315705594783,138824.0,155219.64335898022,-1487192.679619256,,
S3_AnyCitation_Continuous_GLMLogit,glm_binom,main,Any_Citation ~ HSS_Continuous + has_hss_concepts + log_team_size + log_prior_knowledge + HSS_Diversity + C(stage) + C(arxiv_primary_category),C(arxiv_primary_category)[T.physics.app-ph],-0.3330755251903805,0.49505118856436503,-0.6728102727241003,0.5010680014846363,-1.303358025280283,0.6372069748995222,138824.0,155219.64335898022,-1487192.679619256,,
S3_AnyCitation_Continuous_GLMLogit,glm_binom,main,Any_Citation ~ HSS_Continuous + has_hss_concepts + log_team_size + log_prior_knowledge + HSS_Diversity + C(stage) + C(arxiv_primary_category),C(arxiv_primary_category)[T.physics.atom-ph],-1.6078236942653883,1.0249643123255359,-1.5686630987350243,0.11672646129119225,-3.616716831862302,0.4010694433315256,138824.0,155219.64335898022,-1487192.679619256,,
S3_AnyCitation_Continuous_GLMLogit,glm_binom,main,Any_Citation ~ HSS_Continuous + has_hss_concepts + log_team_size + log_prior_knowledge + HSS_Diversity + C(stage) + C(arxiv_primary_category),C(arxiv_primary_category)[T.physics.bio-ph],-1.2067567279406641,0.6701845088721957,-1.800633574732168,0.07176065360553525,-2.520294228326832,0.10678077244550388,138824.0,155219.64335898022,-1487192.679619256,,
S3_AnyCitation_Continuous_GLMLogit,glm_binom,main,Any_Citation ~ HSS_Continuous + has_hss_concepts + log_team_size + log_prior_knowledge + HSS_Diversity + C(stage) + C(arxiv_primary_category),C(arxiv_primary_category)[T.physics.chem-ph],-0.26124785597684974,0.3757319067366559,-0.6953038890039059,0.48686487758185404,-0.9976688610232578,0.4751731490695583,138824.0,155219.64335898022,-1487192.679619256,,
S3_AnyCitation_Continuous_GLMLogit,glm_binom,main,Any_Citation ~ HSS_Continuous + has_hss_concepts + log_team_size + log_prior_knowledge + HSS_Diversity + C(stage) + C(arxiv_primary_category),C(arxiv_primary_category)[T.physics.class-ph],-23.8090228582628,1.0466743882369691,-22.747306254781876,1.5258753574692188e-114,-25.860466962747754,-21.757578753777846,138824.0,155219.64335898022,-1487192.679619256,,
S3_AnyCitation_Continuous_GLMLogit,glm_binom,main,Any_Citation ~ HSS_Continuous + has_hss_concepts + log_team_size + log_prior_knowledge + HSS_Diversity + C(stage) + C(arxiv_primary_category),C(arxiv_primary_category)[T.physics.comp-ph],-1.071027048670854,0.39750042509874955,-2.6944047881326987,0.007051446972633445,-1.8501135657037644,-0.29194053163794353,138824.0,155219.64335898022,-1487192.679619256,,
S3_AnyCitation_Continuous_GLMLogit,glm_binom,main,Any_Citation ~ HSS_Continuous + has_hss_concepts + log_team_size + log_prior_knowledge + HSS_Diversity + C(stage) + C(arxiv_primary_category),C(arxiv_primary_category)[T.physics.data-an],-0.292490543364902,0.4856052467356731,-0.6023216292061848,0.5469600660886437,-1.244259337670508,0.659278250940704,138824.0,155219.64335898022,-1487192.679619256,,
S3_AnyCitation_Continuous_GLMLogit,glm_binom,main,Any_Citation ~ HSS_Continuous + has_hss_concepts + log_team_size + log_prior_knowledge + HSS_Diversity + C(stage) + C(arxiv_primary_category),C(arxiv_primary_category)[T.physics.ed-ph],-0.8835473255388018,0.40968314389909527,-2.1566601865280037,0.03103215127037171,-1.6865115326541689,-0.08058311842343469,138824.0,155219.64335898022,-1487192.679619256,,
S3_AnyCitation_Continuous_GLMLogit,glm_binom,main,Any_Citation ~ HSS_Continuous + has_hss_concepts + log_team_size + log_prior_knowledge + HSS_Diversity + C(stage) + C(arxiv_primary_category),C(arxiv_primary_category)[T.physics.flu-dyn],-0.9587033738134527,0.3588881230892263,-2.6713154103879364,0.007555461508481406,-1.6621111695475141,-0.2552955780793914,138824.0,155219.64335898022,-1487192.679619256,,
S3_AnyCitation_Continuous_GLMLogit,glm_binom,main,Any_Citation ~ HSS_Continuous + has_hss_concepts + log_team_size + log_prior_knowledge + HSS_Diversity + C(stage) + C(arxiv_primary_category),C(arxiv_primary_category)[T.physics.gen-ph],-24.105587587956514,0.7933422159060325,-30.38485423396617,8.70828282769255e-203,-25.660509758547537,-22.55066541736549,138824.0,155219.64335898022,-1487192.679619256,,
S3_AnyCitation_Continuous_GLMLogit,glm_binom,main,Any_Citation ~ HSS_Continuous + has_hss_concepts + log_team_size + log_prior_knowledge + HSS_Diversity + C(stage) + C(arxiv_primary_category),C(arxiv_primary_category)[T.physics.geo-ph],-0.8157596171741015,0.38580003977824356,-2.1144622422615535,0.03447580638452907,-1.571913800373579,-0.05960543397462392,138824.0,155219.64335898022,-1487192.679619256,,
S3_AnyCitation_Continuous_GLMLogit,glm_binom,main,Any_Citation ~ HSS_Continuous + has_hss_concepts + log_team_size + log_prior_knowledge + HSS_Diversity + C(stage) + C(arxiv_primary_category),C(arxiv_primary_category)[T.physics.ins-det],-0.48431073842496364,0.45768129976366656,-1.0581833661874491,0.2899718531618646,-1.3813496023592304,0.41272812550930316,138824.0,155219.64335898022,-1487192.679619256,,
S3_AnyCitation_Continuous_GLMLogit,glm_binom,main,Any_Citation ~ HSS_Continuous + has_hss_concepts + log_team_size + log_prior_knowledge + HSS_Diversity + C(stage) + C(arxiv_primary_category),C(arxiv_primary_category)[T.physics.med-ph],-0.8788310020447931,0.3711473548864958,-2.367876236955958,0.01789051943846753,-1.606266450579631,-0.15139555350995537,138824.0,155219.64335898022,-1487192.679619256,,
S3_AnyCitation_Continuous_GLMLogit,glm_binom,main,Any_Citation ~ HSS_Continuous + has_hss_concepts + log_team_size + log_prior_knowledge + HSS_Diversity + C(stage) + C(arxiv_primary_category),C(arxiv_primary_category)[T.physics.optics],-1.1244415204527387,0.4107700831125074,-2.7373987704571006,0.006192717584245913,-1.929536089279778,-0.3193469516256995,138824.0,155219.64335898022,-1487192.679619256,,
S3_AnyCitation_Continuous_GLMLogit,glm_binom,main,Any_Citation ~ HSS_Continuous + has_hss_concepts + log_team_size + log_prior_knowledge + HSS_Diversity + C(stage) + C(arxiv_primary_category),C(arxiv_primary_category)[T.physics.plasm-ph],-0.6978073272449317,0.5557573764333917,-1.2555970587797765,0.2092620982933142,-1.787071769196849,0.39145711470698563,138824.0,155219.64335898022,-1487192.679619256,,
S3_AnyCitation_Continuous_GLMLogit,glm_binom,main,Any_Citation ~ HSS_Continuous + has_hss_concepts + log_team_size + log_prior_knowledge + HSS_Diversity + C(stage) + C(arxiv_primary_category),C(arxiv_primary_category)[T.physics.pop-ph],-0.07104242692860796,1.0430336332585841,-0.06811134815150821,0.9456969968184264,-2.115350782779392,1.9732659289221761,138824.0,155219.64335898022,-1487192.679619256,,
S3_AnyCitation_Continuous_GLMLogit,glm_binom,main,Any_Citation ~ HSS_Continuous + has_hss_concepts + log_team_size + log_prior_knowledge + HSS_Diversity + C(stage) + C(arxiv_primary_category),C(arxiv_primary_category)[T.physics.soc-ph],-1.4654112302888018,0.4477176495754024,-3.273070051356116,0.0010638610753841075,-2.342921698699515,-0.5879007618780885,138824.0,155219.64335898022,-1487192.679619256,,
S3_AnyCitation_Continuous_GLMLogit,glm_binom,main,Any_Citation ~ HSS_Continuous + has_hss_concepts + log_team_size + log_prior_knowledge + HSS_Diversity + C(stage) + C(arxiv_primary_category),C(arxiv_primary_category)[T.physics.space-ph],-0.7381201965816728,1.1495142196391341,-0.642114889899657,0.5207985887039881,-2.9911266667910414,1.5148862736276956,138824.0,155219.64335898022,-1487192.679619256,,
S3_AnyCitation_Continuous_GLMLogit,glm_binom,main,Any_Citation ~ HSS_Continuous + has_hss_concepts + log_team_size + log_prior_knowledge + HSS_Diversity + C(stage) + C(arxiv_primary_category),C(arxiv_primary_category)[T.q-bio.BM],-0.06205604017428378,0.34406098592298817,-0.1803634899429542,0.8568672150468398,-0.7364031810686831,0.6122911007201155,138824.0,155219.64335898022,-1487192.679619256,,
S3_AnyCitation_Continuous_GLMLogit,glm_binom,main,Any_Citation ~ HSS_Continuous + has_hss_concepts + log_team_size + log_prior_knowledge + HSS_Diversity + C(stage) + C(arxiv_primary_category),C(arxiv_primary_category)[T.q-bio.CB],-0.8087129043670382,0.8426076624097343,-0.9597739736358889,0.3371689837862806,-2.460193575787602,0.8427677670535252,138824.0,155219.64335898022,-1487192.679619256,,
S3_AnyCitation_Continuous_GLMLogit,glm_binom,main,Any_Citation ~ HSS_Continuous + has_hss_concepts + log_team_size + log_prior_knowledge + HSS_Diversity + C(stage) + C(arxiv_primary_category),C(arxiv_primary_category)[T.q-bio.GN],-0.7886493000523556,0.3750908964368834,-2.102555160746381,0.03550467301670679,-1.5238139479974904,-0.053484652107220754,138824.0,155219.64335898022,-1487192.679619256,,
S3_AnyCitation_Continuous_GLMLogit,glm_binom,main,Any_Citation ~ HSS_Continuous + has_hss_concepts + log_team_size + log_prior_knowledge + HSS_Diversity + C(stage) + C(arxiv_primary_category),C(arxiv_primary_category)[T.q-bio.MN],-1.3917398350090477,0.8064851041602048,-1.7256857291347871,0.08440396680607577,-2.9724215932310836,0.18894192321298786,138824.0,155219.64335898022,-1487192.679619256,,
S3_AnyCitation_Continuous_GLMLogit,glm_binom,main,Any_Citation ~ HSS_Continuous + has_hss_concepts + log_team_size + log_prior_knowledge + HSS_Diversity + C(stage) + C(arxiv_primary_category),C(arxiv_primary_category)[T.q-bio.NC],-1.714736456107713,0.3450452402592737,-4.969598928010793,6.70915335036164e-07,-2.391012700052859,-1.0384602121625668,138824.0,155219.64335898022,-1487192.679619256,,
S3_AnyCitation_Continuous_GLMLogit,glm_binom,main,Any_Citation ~ HSS_Continuous + has_hss_concepts + log_team_size + log_prior_knowledge + HSS_Diversity + C(stage) + C(arxiv_primary_category),C(arxiv_primary_category)[T.q-bio.OT],-0.958374818358376,0.6929041536094105,-1.383127541328914,0.16662576221912473,-2.31644200417103,0.39969236745427783,138824.0,155219.64335898022,-1487192.679619256,,
S3_AnyCitation_Continuous_GLMLogit,glm_binom,main,Any_Citation ~ HSS_Continuous + has_hss_concepts + log_team_size + log_prior_knowledge + HSS_Diversity + C(stage) + C(arxiv_primary_category),C(arxiv_primary_category)[T.q-bio.PE],-1.8717330472008085,0.6351216553449853,-2.9470464932960296,0.0032082496222146204,-3.1165486174784407,-0.626917476923176,138824.0,155219.64335898022,-1487192.679619256,,
S3_AnyCitation_Continuous_GLMLogit,glm_binom,main,Any_Citation ~ HSS_Continuous + has_hss_concepts + log_team_size + log_prior_knowledge + HSS_Diversity + C(stage) + C(arxiv_primary_category),C(arxiv_primary_category)[T.q-bio.QM],-0.43918828725430864,0.3370748502293417,-1.3029399462923152,0.192595264797903,-1.0998428537980511,0.2214662792894339,138824.0,155219.64335898022,-1487192.679619256,,
S3_AnyCitation_Continuous_GLMLogit,glm_binom,main,Any_Citation ~ HSS_Continuous + has_hss_concepts + log_team_size + log_prior_knowledge + HSS_Diversity + C(stage) + C(arxiv_primary_category),C(arxiv_primary_category)[T.q-bio.TO],-2.3118274603443876,1.0426100446950348,-2.217346238037253,0.02659944049656839,-4.3553055978663515,-0.2683493228224232,138824.0,155219.64335898022,-1487192.679619256,,
S3_AnyCitation_Continuous_GLMLogit,glm_binom,main,Any_Citation ~ HSS_Continuous + has_hss_concepts + log_team_size + log_prior_knowledge + HSS_Diversity + C(stage) + C(arxiv_primary_category),C(arxiv_primary_category)[T.q-fin.CP],-1.4629863048243181,0.39539616979779846,-3.7000517874831065,0.00021555547456753211,-2.237948557253087,-0.6880240523955493,138824.0,155219.64335898022,-1487192.679619256,,
S3_AnyCitation_Continuous_GLMLogit,glm_binom,main,Any_Citation ~ HSS_Continuous + has_hss_concepts + log_team_size + log_prior_knowledge + HSS_Diversity + C(stage) + C(arxiv_primary_category),C(arxiv_primary_category)[T.q-fin.GN],-1.0143593870577685,0.5501783815139297,-1.8436918300325589,0.06522806436266385,-2.0926891998976083,0.06397042578207124,138824.0,155219.64335898022,-1487192.679619256,,
S3_AnyCitation_Continuous_GLMLogit,glm_binom,main,Any_Citation ~ HSS_Continuous + has_hss_concepts + log_team_size + log_prior_knowledge + HSS_Diversity + C(stage) + C(arxiv_primary_category),C(arxiv_primary_category)[T.q-fin.MF],-2.1820355423265694,0.6392916094864026,-3.4132084794286355,0.0006420280680537589,-3.435024072538563,-0.9290470121145755,138824.0,155219.64335898022,-1487192.679619256,,
S3_AnyCitation_Continuous_GLMLogit,glm_binom,main,Any_Citation ~ HSS_Continuous + has_hss_concepts + log_team_size + log_prior_knowledge + HSS_Diversity + C(stage) + C(arxiv_primary_category),C(arxiv_primary_category)[T.q-fin.PM],-1.7007596204809432,0.5465941018494196,-3.1115586771360424,0.001861024849696659,-2.7720643742678237,-0.6294548666940627,138824.0,155219.64335898022,-1487192.679619256,,
S3_AnyCitation_Continuous_GLMLogit,glm_binom,main,Any_Citation ~ HSS_Continuous + has_hss_concepts + log_team_size + log_prior_knowledge + HSS_Diversity + C(stage) + C(arxiv_primary_category),C(arxiv_primary_category)[T.q-fin.PR],-2.3399838928248995,0.8653605425721566,-2.70405660728376,0.0068498618864989225,-4.036059389908367,-0.6439083957414324,138824.0,155219.64335898022,-1487192.679619256,,
S3_AnyCitation_Continuous_GLMLogit,glm_binom,main,Any_Citation ~ HSS_Continuous + has_hss_concepts + log_team_size + log_prior_knowledge + HSS_Diversity + C(stage) + C(arxiv_primary_category),C(arxiv_primary_category)[T.q-fin.RM],-0.7590510406879264,0.5368604128282161,-1.4138703889325634,0.15739996159157976,-1.811278114556535,0.2931760331806822,138824.0,155219.64335898022,-1487192.679619256,,
S3_AnyCitation_Continuous_GLMLogit,glm_binom,main,Any_Citation ~ HSS_Continuous + has_hss_concepts + log_team_size + log_prior_knowledge + HSS_Diversity + C(stage) + C(arxiv_primary_category),C(arxiv_primary_category)[T.q-fin.ST],-1.2358036626973063,0.40837366632185756,-3.0261590416148776,0.002476819863254225,-2.036201340922725,-0.43540598447188794,138824.0,155219.64335898022,-1487192.679619256,,
S3_AnyCitation_Continuous_GLMLogit,glm_binom,main,Any_Citation ~ HSS_Continuous + has_hss_concepts + log_team_size + log_prior_knowledge + HSS_Diversity + C(stage) + C(arxiv_primary_category),C(arxiv_primary_category)[T.q-fin.TR],-0.7541902396757135,0.4752925212790596,-1.5867917249068266,0.11255982363926677,-1.6857464635039077,0.1773659841524805,138824.0,155219.64335898022,-1487192.679619256,,
S3_AnyCitation_Continuous_GLMLogit,glm_binom,main,Any_Citation ~ HSS_Continuous + has_hss_concepts + log_team_size + log_prior_knowledge + HSS_Diversity + C(stage) + C(arxiv_primary_category),C(arxiv_primary_category)[T.quant-ph],-0.4307903776680303,0.327817270424482,-1.3141173956765948,0.18880670095359764,-1.0733004212102424,0.2117196658741819,138824.0,155219.64335898022,-1487192.679619256,,
S3_AnyCitation_Continuous_GLMLogit,glm_binom,main,Any_Citation ~ HSS_Continuous + has_hss_concepts + log_team_size + log_prior_knowledge + HSS_Diversity + C(stage) + C(arxiv_primary_category),C(arxiv_primary_category)[T.stat.AP],-0.8008926788188699,0.3935270314874219,-2.03516560423237,0.041834212683749025,-1.5721914874771767,-0.02959387016056314,138824.0,155219.64335898022,-1487192.679619256,,
S3_AnyCitation_Continuous_GLMLogit,glm_binom,main,Any_Citation ~ HSS_Continuous + has_hss_concepts + log_team_size + log_prior_knowledge + HSS_Diversity + C(stage) + C(arxiv_primary_category),C(arxiv_primary_category)[T.stat.CO],-1.3492022794526548,0.486311615537141,-2.774357503187403,0.005531085908496993,-2.3023555311689403,-0.3960490277363691,138824.0,155219.64335898022,-1487192.679619256,,
S3_AnyCitation_Continuous_GLMLogit,glm_binom,main,Any_Citation ~ HSS_Continuous + has_hss_concepts + log_team_size + log_prior_knowledge + HSS_Diversity + C(stage) + C(arxiv_primary_category),C(arxiv_primary_category)[T.stat.ME],-1.8763844667785778,0.4222545392636753,-4.443728349375722,8.841322426319012e-06,-2.703988156043936,-1.04878077751322,138824.0,155219.64335898022,-1487192.679619256,,
S3_AnyCitation_Continuous_GLMLogit,glm_binom,main,Any_Citation ~ HSS_Continuous + has_hss_concepts + log_team_size + log_prior_knowledge + HSS_Diversity + C(stage) + C(arxiv_primary_category),C(arxiv_primary_category)[T.stat.ML],-1.0090586599071427,0.3147771525475165,-3.205628654242377,0.0013476778573247152,-1.6260105420563455,-0.3921067777579399,138824.0,155219.64335898022,-1487192.679619256,,
S3_AnyCitation_Continuous_GLMLogit,glm_binom,main,Any_Citation ~ HSS_Continuous + has_hss_concepts + log_team_size + log_prior_knowledge + HSS_Diversity + C(stage) + C(arxiv_primary_category),C(arxiv_primary_category)[T.stat.OT],-24.479060018640308,0.4793204740460173,-51.070340918277125,0.0,-25.418510884823167,-23.539609152457448,138824.0,155219.64335898022,-1487192.679619256,,
S3_AnyCitation_Continuous_GLMLogit,glm_binom,main,Any_Citation ~ HSS_Continuous + has_hss_concepts + log_team_size + log_prior_knowledge + HSS_Diversity + C(stage) + C(arxiv_primary_category),HSS_Continuous,-0.009323966237353072,0.006422947508630104,-1.4516647107616953,0.14659485613184553,-0.021912712028859346,0.0032647795541531997,138824.0,155219.64335898022,-1487192.679619256,,
S3_AnyCitation_Continuous_GLMLogit,glm_binom,main,Any_Citation ~ HSS_Continuous + has_hss_concepts + log_team_size + log_prior_knowledge + HSS_Diversity + C(stage) + C(arxiv_primary_category),has_hss_concepts,0.7151402385778652,0.013315652343716834,53.706737012799344,0.0,0.6890420395535238,0.7412384376022066,138824.0,155219.64335898022,-1487192.679619256,,
S3_AnyCitation_Continuous_GLMLogit,glm_binom,main,Any_Citation ~ HSS_Continuous + has_hss_concepts + log_team_size + log_prior_knowledge + HSS_Diversity + C(stage) + C(arxiv_primary_category),log_team_size,-0.5277964197263082,0.017739006351711422,-29.75343766509151,1.5653651752703012e-194,-0.5625642332971899,-0.49302860615542654,138824.0,155219.64335898022,-1487192.679619256,,
S3_AnyCitation_Continuous_GLMLogit,glm_binom,main,Any_Citation ~ HSS_Continuous + has_hss_concepts + log_team_size + log_prior_knowledge + HSS_Diversity + C(stage) + C(arxiv_primary_category),log_prior_knowledge,0.49666380032855917,0.006799988504600782,73.03891763824645,0.0,0.48333606776425525,0.509991532892863,138824.0,155219.64335898022,-1487192.679619256,,
S3_AnyCitation_Continuous_GLMLogit,glm_binom,main,Any_Citation ~ HSS_Continuous + has_hss_concepts + log_team_size + log_prior_knowledge + HSS_Diversity + C(stage) + C(arxiv_primary_category),HSS_Diversity,1.0167859824468986,0.0825787566318677,12.312924339363496,7.717526954835699e-35,0.8549345935603397,1.1786373713334575,138824.0,155219.64335898022,-1487192.679619256,,
S4_LogCitations_Continuous_StageFE,ols,main,Log_Citations ~ HSS_Continuous + has_hss_concepts + log_team_size + log_prior_knowledge + HSS_Diversity + C(stage) + C(arxiv_primary_category),Intercept,2.9038138023226963,0.15141583156488234,19.17774232926495,5.679338479397216e-82,2.607044225766344,3.2005833788790485,138824.0,354938.87654841115,356336.29318404454,0.22440509496670757,0.22361653638225043
S4_LogCitations_Continuous_StageFE,ols,main,Log_Citations ~ HSS_Continuous + has_hss_concepts + log_team_size + log_prior_knowledge + HSS_Diversity + C(stage) + C(arxiv_primary_category),C(stage)[T.Phase2],-1.7622450032405546,0.09791282166133981,-17.9981025297769,2.0160861225465918e-72,-1.9541506073214738,-1.5703393991596353,138824.0,354938.87654841115,356336.29318404454,0.22440509496670757,0.22361653638225043
S4_LogCitations_Continuous_StageFE,ols,main,Log_Citations ~ HSS_Continuous + has_hss_concepts + log_team_size + log_prior_knowledge + HSS_Diversity + C(stage) + C(arxiv_primary_category),C(stage)[T.Phase3],-2.7396831636507573,0.09746202208612054,-28.110263926495247,7.33861036806383e-174,-2.9307052168000007,-2.548661110501514,138824.0,354938.87654841115,356336.29318404454,0.22440509496670757,0.22361653638225043
S4_LogCitations_Continuous_StageFE,ols,main,Log_Citations ~ HSS_Continuous + has_hss_concepts + log_team_size + log_prior_knowledge + HSS_Diversity + C(stage) + C(arxiv_primary_category),C(arxiv_primary_category)[T.astro-ph.EP],-0.3317742591284837,0.13549625191554845,-2.4485862482400664,0.014341808892993206,-0.5973420329231249,-0.06620648533384238,138824.0,354938.87654841115,356336.29318404454,0.22440509496670757,0.22361653638225043
S4_LogCitations_Continuous_StageFE,ols,main,Log_Citations ~ HSS_Continuous + has_hss_concepts + log_team_size + log_prior_knowledge + HSS_Diversity + C(stage) + C(arxiv_primary_category),C(arxiv_primary_category)[T.astro-ph.GA],-0.3114283254917519,0.12735139476914292,-2.445425321460324,0.014468140798792467,-0.5610324726202147,-0.061824178363289156,138824.0,354938.87654841115,356336.29318404454,0.22440509496670757,0.22361653638225043
S4_LogCitations_Continuous_StageFE,ols,main,Log_Citations ~ HSS_Continuous + has_hss_concepts + log_team_size + log_prior_knowledge + HSS_Diversity + C(stage) + C(arxiv_primary_category),C(arxiv_primary_category)[T.astro-ph.HE],-0.3906664762460505,0.1725809980219088,-2.2636702807597406,0.023594401678764865,-0.7289190167849701,-0.05241393570713093,138824.0,354938.87654841115,356336.29318404454,0.22440509496670757,0.22361653638225043
S4_LogCitations_Continuous_StageFE,ols,main,Log_Citations ~ HSS_Continuous + has_hss_concepts + log_team_size + log_prior_knowledge + HSS_Diversity + C(stage) + C(arxiv_primary_category),C(arxiv_primary_category)[T.astro-ph.IM],-0.34221754974687835,0.12410669932110141,-2.75744622666548,0.005825479393201647,-0.5854622106563787,-0.09897288883737801,138824.0,354938.87654841115,356336.29318404454,0.22440509496670757,0.22361653638225043
S4_LogCitations_Continuous_StageFE,ols,main,Log_Citations ~ HSS_Continuous + has_hss_concepts + log_team_size + log_prior_knowledge + HSS_Diversity + C(stage) + C(arxiv_primary_category),C(arxiv_primary_category)[T.astro-ph.SR],-0.4839361098036866,0.13680186296026114,-3.5374964882186046,0.00040393955750015864,-0.7520628342237825,-0.21580938538359073,138824.0,354938.87654841115,356336.29318404454,0.22440509496670757,0.22361653638225043
S4_LogCitations_Continuous_StageFE,ols,main,Log_Citations ~ HSS_Continuous + has_hss_concepts + log_team_size + log_prior_knowledge + HSS_Diversity + C(stage) + C(arxiv_primary_category),C(arxiv_primary_category)[T.cond-mat.dis-nn],-0.2565517696753936,0.1934006223335702,-1.3265302178444012,0.1846641327865185,-0.6356100240368241,0.12250648468603681,138824.0,354938.87654841115,356336.29318404454,0.22440509496670757,0.22361653638225043
S4_LogCitations_Continuous_StageFE,ols,main,Log_Citations ~ HSS_Continuous + has_hss_concepts + log_team_size + log_prior_knowledge + HSS_Diversity + C(stage) + C(arxiv_primary_category),C(arxiv_primary_category)[T.cond-mat.mes-hall],-0.49210486185332225,0.12635784870392816,-3.894533397813569,9.838793594497727e-05,-0.7397616944769826,-0.2444480292296619,138824.0,354938.87654841115,356336.29318404454,0.22440509496670757,0.22361653638225043
S4_LogCitations_Continuous_StageFE,ols,main,Log_Citations ~ HSS_Continuous + has_hss_concepts + log_team_size + log_prior_knowledge + HSS_Diversity + C(stage) + C(arxiv_primary_category),C(arxiv_primary_category)[T.cond-mat.mtrl-sci],-0.06204263407078227,0.12699451844653228,-0.4885457642559879,0.6251633183897385,-0.3109473164599931,0.18686204831842856,138824.0,354938.87654841115,356336.29318404454,0.22440509496670757,0.22361653638225043
S4_LogCitations_Continuous_StageFE,ols,main,Log_Citations ~ HSS_Continuous + has_hss_concepts + log_team_size + log_prior_knowledge + HSS_Diversity + C(stage) + C(arxiv_primary_category),C(arxiv_primary_category)[T.cond-mat.other],-0.38720927149984896,0.1342151839027462,-2.884988570148852,0.003914278727587667,-0.6502661981276515,-0.1241523448720464,138824.0,354938.87654841115,356336.29318404454,0.22440509496670757,0.22361653638225043
S4_LogCitations_Continuous_StageFE,ols,main,Log_Citations ~ HSS_Continuous + has_hss_concepts + log_team_size + log_prior_knowledge + HSS_Diversity + C(stage) + C(arxiv_primary_category),C(arxiv_primary_category)[T.cond-mat.quant-gas],-0.6728493661001499,0.2158286612440551,-3.117516284546213,0.0018238187063087045,-1.0958657689699938,-0.24983296323030613,138824.0,354938.87654841115,356336.29318404454,0.22440509496670757,0.22361653638225043
S4_LogCitations_Continuous_StageFE,ols,main,Log_Citations ~ HSS_Continuous + has_hss_concepts + log_team_size + log_prior_knowledge + HSS_Diversity + C(stage) + C(arxiv_primary_category),C(arxiv_primary_category)[T.cond-mat.soft],-0.5486539863793841,0.157784840058579,-3.4772287767043495,0.0005066253324379527,-0.8579065902006118,-0.23940138255815646,138824.0,354938.87654841115,356336.29318404454,0.22440509496670757,0.22361653638225043
S4_LogCitations_Continuous_StageFE,ols,main,Log_Citations ~ HSS_Continuous + has_hss_concepts + log_team_size + log_prior_knowledge + HSS_Diversity + C(stage) + C(arxiv_primary_category),C(arxiv_primary_category)[T.cond-mat.stat-mech],-0.40134794875226854,0.14808186850398986,-2.7103112137017287,0.006722010301515033,-0.6915830777834848,-0.11111281972105225,138824.0,354938.87654841115,356336.29318404454,0.22440509496670757,0.22361653638225043
S4_LogCitations_Continuous_StageFE,ols,main,Log_Citations ~ HSS_Continuous + has_hss_concepts + log_team_size + log_prior_knowledge + HSS_Diversity + C(stage) + C(arxiv_primary_category),C(arxiv_primary_category)[T.cond-mat.str-el],0.003000786318595989,0.25291034858249056,0.01186501989900677,0.9905333059276279,-0.4926943882205562,0.49869596085774826,138824.0,354938.87654841115,356336.29318404454,0.22440509496670757,0.22361653638225043
S4_LogCitations_Continuous_StageFE,ols,main,Log_Citations ~ HSS_Continuous + has_hss_concepts + log_team_size + log_prior_knowledge + HSS_Diversity + C(stage) + C(arxiv_primary_category),C(arxiv_primary_category)[T.cond-mat.supr-con],-0.2963530126426652,0.2366285999597686,-1.2523972702076205,0.21042514052284256,-0.7601365462759477,0.16743052099061728,138824.0,354938.87654841115,356336.29318404454,0.22440509496670757,0.22361653638225043
S4_LogCitations_Continuous_StageFE,ols,main,Log_Citations ~ HSS_Continuous + has_hss_concepts + log_team_size + log_prior_knowledge + HSS_Diversity + C(stage) + C(arxiv_primary_category),C(arxiv_primary_category)[T.cs.AI],-0.3801143396071361,0.1158859259514423,-3.2800733694478907,0.0010378009395063713,-0.6072465807870386,-0.1529820984272336,138824.0,354938.87654841115,356336.29318404454,0.22440509496670757,0.22361653638225043
S4_LogCitations_Continuous_StageFE,ols,main,Log_Citations ~ HSS_Continuous + has_hss_concepts + log_team_size + log_prior_knowledge + HSS_Diversity + C(stage) + C(arxiv_primary_category),C(arxiv_primary_category)[T.cs.AR],-0.43265179118758806,0.11807786535493356,-3.6641227370351586,0.0002481877586763613,-0.6640801546546277,-0.2012234277205485,138824.0,354938.87654841115,356336.29318404454,0.22440509496670757,0.22361653638225043
S4_LogCitations_Continuous_StageFE,ols,main,Log_Citations ~ HSS_Continuous + has_hss_concepts + log_team_size + log_prior_knowledge + HSS_Diversity + C(stage) + C(arxiv_primary_category),C(arxiv_primary_category)[T.cs.CC],-0.6714728035677497,0.15837638102299056,-4.239728166728826,2.2379062285420054e-05,-0.9818848063746042,-0.36106080076089536,138824.0,354938.87654841115,356336.29318404454,0.22440509496670757,0.22361653638225043
S4_LogCitations_Continuous_StageFE,ols,main,Log_Citations ~ HSS_Continuous + has_hss_concepts + log_team_size + log_prior_knowledge + HSS_Diversity + C(stage) + C(arxiv_primary_category),C(arxiv_primary_category)[T.cs.CE],-0.38457437269518685,0.12178368438048348,-3.1578480701378506,0.0015893836849332499,-0.6232660079855276,-0.1458827374048461,138824.0,354938.87654841115,356336.29318404454,0.22440509496670757,0.22361653638225043
S4_LogCitations_Continuous_StageFE,ols,main,Log_Citations ~ HSS_Continuous + has_hss_concepts + log_team_size + log_prior_knowledge + HSS_Diversity + C(stage) + C(arxiv_primary_category),C(arxiv_primary_category)[T.cs.CG],-0.21813046224208207,0.22592918783957577,-0.9654815490106958,0.33430367320401433,-0.6609435334640353,0.22468260897987116,138824.0,354938.87654841115,356336.29318404454,0.22440509496670757,0.22361653638225043
S4_LogCitations_Continuous_StageFE,ols,main,Log_Citations ~ HSS_Continuous + has_hss_concepts + log_team_size + log_prior_knowledge + HSS_Diversity + C(stage) + C(arxiv_primary_category),C(arxiv_primary_category)[T.cs.CL],-0.3916994191788779,0.11573848562270934,-3.384348923103773,0.0007134727098878984,-0.6185426826245951,-0.16485615573316073,138824.0,354938.87654841115,356336.29318404454,0.22440509496670757,0.22361653638225043
S4_LogCitations_Continuous_StageFE,ols,main,Log_Citations ~ HSS_Continuous + has_hss_concepts + log_team_size + log_prior_knowledge + HSS_Diversity + C(stage) + C(arxiv_primary_category),C(arxiv_primary_category)[T.cs.CR],-0.3218771285618976,0.11630952470786096,-2.7674184841728877,0.0056502173696616215,-0.5498396080482766,-0.09391464907551855,138824.0,354938.87654841115,356336.29318404454,0.22440509496670757,0.22361653638225043
S4_LogCitations_Continuous_StageFE,ols,main,Log_Citations ~ HSS_Continuous + has_hss_concepts + log_team_size + log_prior_knowledge + HSS_Diversity + C(stage) + C(arxiv_primary_category),C(arxiv_primary_category)[T.cs.CV],-0.34320061197484186,0.11572599034758162,-2.9656312375814884,0.0030206243743713997,-0.5700193851313318,-0.11638183881835196,138824.0,354938.87654841115,356336.29318404454,0.22440509496670757,0.22361653638225043
S4_LogCitations_Continuous_StageFE,ols,main,Log_Citations ~ HSS_Continuous + has_hss_concepts + log_team_size + log_prior_knowledge + HSS_Diversity + C(stage) + C(arxiv_primary_category),C(arxiv_primary_category)[T.cs.CY],-0.11621924227138689,0.11820680616332158,-0.9831857068434067,0.32551604809661094,-0.3479003250790045,0.11546184053623068,138824.0,354938.87654841115,356336.29318404454,0.22440509496670757,0.22361653638225043
S4_LogCitations_Continuous_StageFE,ols,main,Log_Citations ~ HSS_Continuous + has_hss_concepts + log_team_size + log_prior_knowledge + HSS_Diversity + C(stage) + C(arxiv_primary_category),C(arxiv_primary_category)[T.cs.DB],-0.3323900112251879,0.11893775281799986,-2.794655215437066,0.005195509322338393,-0.5655037231505949,-0.09927629929978088,138824.0,354938.87654841115,356336.29318404454,0.22440509496670757,0.22361653638225043
S4_LogCitations_Continuous_StageFE,ols,main,Log_Citations ~ HSS_Continuous + has_hss_concepts + log_team_size + log_prior_knowledge + HSS_Diversity + C(stage) + C(arxiv_primary_category),C(arxiv_primary_category)[T.cs.DC],-0.39348916437167203,0.11750573452193314,-3.348680521615096,0.0008119736506312531,-0.6237961720115859,-0.16318215673175818,138824.0,354938.87654841115,356336.29318404454,0.22440509496670757,0.22361653638225043
S4_LogCitations_Continuous_StageFE,ols,main,Log_Citations ~ HSS_Continuous + has_hss_concepts + log_team_size + log_prior_knowledge + HSS_Diversity + C(stage) + C(arxiv_primary_category),C(arxiv_primary_category)[T.cs.DL],-0.2793983888119071,0.1335966391331232,-2.0913579160737634,0.036495991688231956,-0.541242989968423,-0.01755378765539123,138824.0,354938.87654841115,356336.29318404454,0.22440509496670757,0.22361653638225043
S4_LogCitations_Continuous_StageFE,ols,main,Log_Citations ~ HSS_Continuous + has_hss_concepts + log_team_size + log_prior_knowledge + HSS_Diversity + C(stage) + C(arxiv_primary_category),C(arxiv_primary_category)[T.cs.DM],-0.48626074594677654,0.15232065117283114,-3.1923494431168047,0.0014112049225731853,-0.7848037363472143,-0.18771775554633874,138824.0,354938.87654841115,356336.29318404454,0.22440509496670757,0.22361653638225043
S4_LogCitations_Continuous_StageFE,ols,main,Log_Citations ~ HSS_Continuous + has_hss_concepts + log_team_size + log_prior_knowledge + HSS_Diversity + C(stage) + C(arxiv_primary_category),C(arxiv_primary_category)[T.cs.DS],-0.5281043113375061,0.1501735703028191,-3.5166261964246073,0.00043706883418501136,-0.8224391005608254,-0.23376952211418683,138824.0,354938.87654841115,356336.29318404454,0.22440509496670757,0.22361653638225043
S4_LogCitations_Continuous_StageFE,ols,main,Log_Citations ~ HSS_Continuous + has_hss_concepts + log_team_size + log_prior_knowledge + HSS_Diversity + C(stage) + C(arxiv_primary_category),C(arxiv_primary_category)[T.cs.ET],-0.3355288545331471,0.1484324250414712,-2.2604821988147283,0.023791340017295017,-0.626451061752372,-0.04460664731392233,138824.0,354938.87654841115,356336.29318404454,0.22440509496670757,0.22361653638225043
S4_LogCitations_Continuous_StageFE,ols,main,Log_Citations ~ HSS_Continuous + has_hss_concepts + log_team_size + log_prior_knowledge + HSS_Diversity + C(stage) + C(arxiv_primary_category),C(arxiv_primary_category)[T.cs.FL],-0.3301721301980655,0.16899358666221126,-1.9537553863391401,0.05073015270278803,-0.6613934736742481,0.0010492132781170227,138824.0,354938.87654841115,356336.29318404454,0.22440509496670757,0.22361653638225043
S4_LogCitations_Continuous_StageFE,ols,main,Log_Citations ~ HSS_Continuous + has_hss_concepts + log_team_size + log_prior_knowledge + HSS_Diversity + C(stage) + C(arxiv_primary_category),C(arxiv_primary_category)[T.cs.GL],0.7014216527197171,0.7169153055002996,0.9783884474752981,0.32788223972628117,-0.7037065260264003,2.1065498314658346,138824.0,354938.87654841115,356336.29318404454,0.22440509496670757,0.22361653638225043
S4_LogCitations_Continuous_StageFE,ols,main,Log_Citations ~ HSS_Continuous + has_hss_concepts + log_team_size + log_prior_knowledge + HSS_Diversity + C(stage) + C(arxiv_primary_category),C(arxiv_primary_category)[T.cs.GR],-0.49005294943651573,0.11908471883579878,-4.11516233339922,3.869070193077509e-05,-0.72345470946376,-0.2566511894092715,138824.0,354938.87654841115,356336.29318404454,0.22440509496670757,0.22361653638225043
S4_LogCitations_Continuous_StageFE,ols,main,Log_Citations ~ HSS_Continuous + has_hss_concepts + log_team_size + log_prior_knowledge + HSS_Diversity + C(stage) + C(arxiv_primary_category),C(arxiv_primary_category)[T.cs.GT],-0.6135796786315967,0.1333462632664759,-4.601401371146292,4.196578631867905e-06,-0.8749335521068857,-0.3522258051563076,138824.0,354938.87654841115,356336.29318404454,0.22440509496670757,0.22361653638225043
S4_LogCitations_Continuous_StageFE,ols,main,Log_Citations ~ HSS_Continuous + has_hss_concepts + log_team_size + log_prior_knowledge + HSS_Diversity + C(stage) + C(arxiv_primary_category),C(arxiv_primary_category)[T.cs.HC],-0.3062307512250548,0.11677528143897808,-2.622393604635226,0.008731452567517431,-0.5351060971299805,-0.07735540532012908,138824.0,354938.87654841115,356336.29318404454,0.22440509496670757,0.22361653638225043
S4_LogCitations_Continuous_StageFE,ols,main,Log_Citations ~ HSS_Continuous + has_hss_concepts + log_team_size + log_prior_knowledge + HSS_Diversity + C(stage) + C(arxiv_primary_category),C(arxiv_primary_category)[T.cs.IR],-0.4178418662472149,0.11639720562732092,-3.5897929335610996,0.000330940743581595,-0.6459761971778668,-0.189707535316563,138824.0,354938.87654841115,356336.29318404454,0.22440509496670757,0.22361653638225043
S4_LogCitations_Continuous_StageFE,ols,main,Log_Citations ~ HSS_Continuous + has_hss_concepts + log_team_size + log_prior_knowledge + HSS_Diversity + C(stage) + C(arxiv_primary_category),C(arxiv_primary_category)[T.cs.IT],-0.9728596363683153,0.11796651179093989,-8.246913650311335,1.6253777715793914e-16,-1.204069750860377,-0.7416495218762534,138824.0,354938.87654841115,356336.29318404454,0.22440509496670757,0.22361653638225043
S4_LogCitations_Continuous_StageFE,ols,main,Log_Citations ~ HSS_Continuous + has_hss_concepts + log_team_size + log_prior_knowledge + HSS_Diversity + C(stage) + C(arxiv_primary_category),C(arxiv_primary_category)[T.cs.LG],-0.2752707576945868,0.11577882434385128,-2.3775570295744304,0.017427747817023578,-0.5021930835809245,-0.04834843180824905,138824.0,354938.87654841115,356336.29318404454,0.22440509496670757,0.22361653638225043
S4_LogCitations_Continuous_StageFE,ols,main,Log_Citations ~ HSS_Continuous + has_hss_concepts + log_team_size + log_prior_knowledge + HSS_Diversity + C(stage) + C(arxiv_primary_category),C(arxiv_primary_category)[T.cs.LO],-0.3469932517257335,0.13477600497533235,-2.574592204222425,0.010035833329733542,-0.6111493674575761,-0.08283713599389092,138824.0,354938.87654841115,356336.29318404454,0.22440509496670757,0.22361653638225043
S4_LogCitations_Continuous_StageFE,ols,main,Log_Citations ~ HSS_Continuous + has_hss_concepts + log_team_size + log_prior_knowledge + HSS_Diversity + C(stage) + C(arxiv_primary_category),C(arxiv_primary_category)[T.cs.MA],-0.4222143769407584,0.11887334517720799,-3.5518002485027322,0.0003826051970044129,-0.6552018522098841,-0.18922690167163264,138824.0,354938.87654841115,356336.29318404454,0.22440509496670757,0.22361653638225043
S4_LogCitations_Continuous_StageFE,ols,main,Log_Citations ~ HSS_Continuous + has_hss_concepts + log_team_size + log_prior_knowledge + HSS_Diversity + C(stage) + C(arxiv_primary_category),C(arxiv_primary_category)[T.cs.MM],-0.5402102572284774,0.12107747070667121,-4.461690965920653,8.131543617172384e-06,-0.7775177391527563,-0.3029027753041984,138824.0,354938.87654841115,356336.29318404454,0.22440509496670757,0.22361653638225043
S4_LogCitations_Continuous_StageFE,ols,main,Log_Citations ~ HSS_Continuous + has_hss_concepts + log_team_size + log_prior_knowledge + HSS_Diversity + C(stage) + C(arxiv_primary_category),C(arxiv_primary_category)[T.cs.MS],-0.04905259816268413,0.24906665449071108,-0.19694566606271072,0.8438700571008712,-0.5372142707143591,0.4391090743889909,138824.0,354938.87654841115,356336.29318404454,0.22440509496670757,0.22361653638225043
S4_LogCitations_Continuous_StageFE,ols,main,Log_Citations ~ HSS_Continuous + has_hss_concepts + log_team_size + log_prior_knowledge + HSS_Diversity + C(stage) + C(arxiv_primary_category),C(arxiv_primary_category)[T.cs.NE],-0.21174100253526643,0.12903661569534122,-1.6409373525045976,0.10081042031683295,-0.4646481219850711,0.041166116914538226,138824.0,354938.87654841115,356336.29318404454,0.22440509496670757,0.22361653638225043
S4_LogCitations_Continuous_StageFE,ols,main,Log_Citations ~ HSS_Continuous + has_hss_concepts + log_team_size + log_prior_knowledge + HSS_Diversity + C(stage) + C(arxiv_primary_category),C(arxiv_primary_category)[T.cs.NI],-0.5109373175528631,0.11949776331950596,-4.27570611666387,1.9053242813138206e-05,-0.7451486298921863,-0.27672600521353985,138824.0,354938.87654841115,356336.29318404454,0.22440509496670757,0.22361653638225043
S4_LogCitations_Continuous_StageFE,ols,main,Log_Citations ~ HSS_Continuous + has_hss_concepts + log_team_size + log_prior_knowledge + HSS_Diversity + C(stage) + C(arxiv_primary_category),C(arxiv_primary_category)[T.cs.OH],-0.09336735024186592,0.3011648689468025,-0.3100207224314674,0.7565451979774213,-0.6836396467863242,0.4969049463025923,138824.0,354938.87654841115,356336.29318404454,0.22440509496670757,0.22361653638225043
S4_LogCitations_Continuous_StageFE,ols,main,Log_Citations ~ HSS_Continuous + has_hss_concepts + log_team_size + log_prior_knowledge + HSS_Diversity + C(stage) + C(arxiv_primary_category),C(arxiv_primary_category)[T.cs.OS],-0.41437311382936404,0.13466493087202552,-3.077067735052344,0.0020904779213929458,-0.6783115283191101,-0.15043469933961795,138824.0,354938.87654841115,356336.29318404454,0.22440509496670757,0.22361653638225043
S4_LogCitations_Continuous_StageFE,ols,main,Log_Citations ~ HSS_Continuous + has_hss_concepts + log_team_size + log_prior_knowledge + HSS_Diversity + C(stage) + C(arxiv_primary_category),C(arxiv_primary_category)[T.cs.PF],-0.35705497519275503,0.13090810128414695,-2.7275239018075546,0.006381163440661043,-0.6136301389942047,-0.10047981139130541,138824.0,354938.87654841115,356336.29318404454,0.22440509496670757,0.22361653638225043
S4_LogCitations_Continuous_StageFE,ols,main,Log_Citations ~ HSS_Continuous + has_hss_concepts + log_team_size + log_prior_knowledge + HSS_Diversity + C(stage) + C(arxiv_primary_category),C(arxiv_primary_category)[T.cs.PL],-0.34155974147659457,0.12904555288313757,-2.646815282243068,0.008125372297043122,-0.5944843774926032,-0.088635105460586,138824.0,354938.87654841115,356336.29318404454,0.22440509496670757,0.22361653638225043
S4_LogCitations_Continuous_StageFE,ols,main,Log_Citations ~ HSS_Continuous + has_hss_concepts + log_team_size + log_prior_knowledge + HSS_Diversity + C(stage) + C(arxiv_primary_category),C(arxiv_primary_category)[T.cs.RO],-0.39495274418312815,0.11630244000778606,-3.3959110759558215,0.0006840057761465796,-0.6229013379125191,-0.1670041504537372,138824.0,354938.87654841115,356336.29318404454,0.22440509496670757,0.22361653638225043
S4_LogCitations_Continuous_StageFE,ols,main,Log_Citations ~ HSS_Continuous + has_hss_concepts + log_team_size + log_prior_knowledge + HSS_Diversity + C(stage) + C(arxiv_primary_category),C(arxiv_primary_category)[T.cs.SC],-0.4833186985418794,0.2030607651275262,-2.3801678194128035,0.017304755138694724,-0.8813104848649778,-0.08532691221878114,138824.0,354938.87654841115,356336.29318404454,0.22440509496670757,0.22361653638225043
S4_LogCitations_Continuous_StageFE,ols,main,Log_Citations ~ HSS_Continuous + has_hss_concepts + log_team_size + log_prior_knowledge + HSS_Diversity + C(stage) + C(arxiv_primary_category),C(arxiv_primary_category)[T.cs.SD],-0.4991524059641326,0.1169087657549726,-4.26958921977073,1.958333025773987e-05,-0.7282893763209085,-0.27001543560735664,138824.0,354938.87654841115,356336.29318404454,0.22440509496670757,0.22361653638225043
S4_LogCitations_Continuous_StageFE,ols,main,Log_Citations ~ HSS_Continuous + has_hss_concepts + log_team_size + log_prior_knowledge + HSS_Diversity + C(stage) + C(arxiv_primary_category),C(arxiv_primary_category)[T.cs.SE],-0.32540376728968085,0.11625134083080589,-2.7991399063799087,0.0051238931266763205,-0.5532522084725511,-0.09755532610681064,138824.0,354938.87654841115,356336.29318404454,0.22440509496670757,0.22361653638225043
S4_LogCitations_Continuous_StageFE,ols,main,Log_Citations ~ HSS_Continuous + has_hss_concepts + log_team_size + log_prior_knowledge + HSS_Diversity + C(stage) + C(arxiv_primary_category),C(arxiv_primary_category)[T.cs.SI],-0.477739947092522,0.12206508030704569,-3.913813400939912,9.084985230703317e-05,-0.716983108264321,-0.23849678592072304,138824.0,354938.87654841115,356336.29318404454,0.22440509496670757,0.22361653638225043
S4_LogCitations_Continuous_StageFE,ols,main,Log_Citations ~ HSS_Continuous + has_hss_concepts + log_team_size + log_prior_knowledge + HSS_Diversity + C(stage) + C(arxiv_primary_category),C(arxiv_primary_category)[T.econ.EM],-0.4419024418768974,0.1533382643172585,-2.8818797698309444,0.003953105400913075,-0.7424399173906073,-0.14136496636318746,138824.0,354938.87654841115,356336.29318404454,0.22440509496670757,0.22361653638225043
S4_LogCitations_Continuous_StageFE,ols,main,Log_Citations ~ HSS_Continuous + has_hss_concepts + log_team_size + log_prior_knowledge + HSS_Diversity + C(stage) + C(arxiv_primary_category),C(arxiv_primary_category)[T.econ.GN],-0.040128256431254984,0.15548530267108246,-0.2580839200997879,0.7963421412116827,-0.34487384979188607,0.26461733692937606,138824.0,354938.87654841115,356336.29318404454,0.22440509496670757,0.22361653638225043
S4_LogCitations_Continuous_StageFE,ols,main,Log_Citations ~ HSS_Continuous + has_hss_concepts + log_team_size + log_prior_knowledge + HSS_Diversity + C(stage) + C(arxiv_primary_category),C(arxiv_primary_category)[T.econ.TH],-0.5072509605150999,0.13641510939187346,-3.7184367829661977,0.00020045944316196426,-0.7746196618702635,-0.23988225915993622,138824.0,354938.87654841115,356336.29318404454,0.22440509496670757,0.22361653638225043
S4_LogCitations_Continuous_StageFE,ols,main,Log_Citations ~ HSS_Continuous + has_hss_concepts + log_team_size + log_prior_knowledge + HSS_Diversity + C(stage) + C(arxiv_primary_category),C(arxiv_primary_category)[T.eess.AS],-0.5837890292056014,0.11758995473464956,-4.964616497412254,6.883695649253914e-07,-0.8142611054292097,-0.35331695298199306,138824.0,354938.87654841115,356336.29318404454,0.22440509496670757,0.22361653638225043
S4_LogCitations_Continuous_StageFE,ols,main,Log_Citations ~ HSS_Continuous + has_hss_concepts + log_team_size + log_prior_knowledge + HSS_Diversity + C(stage) + C(arxiv_primary_category),C(arxiv_primary_category)[T.eess.IV],-0.3188396503648349,0.11677614154456602,-2.730349248978689,0.006326726123064346,-0.5477166820457359,-0.08996261868393396,138824.0,354938.87654841115,356336.29318404454,0.22440509496670757,0.22361653638225043
S4_LogCitations_Continuous_StageFE,ols,main,Log_Citations ~ HSS_Continuous + has_hss_concepts + log_team_size + log_prior_knowledge + HSS_Diversity + C(stage) + C(arxiv_primary_category),C(arxiv_primary_category)[T.eess.SP],-0.5635371477584473,0.11872605181583684,-4.746533209346369,2.0693276218787585e-06,-0.7962359333441238,-0.33083836217277085,138824.0,354938.87654841115,356336.29318404454,0.22440509496670757,0.22361653638225043
S4_LogCitations_Continuous_StageFE,ols,main,Log_Citations ~ HSS_Continuous + has_hss_concepts + log_team_size + log_prior_knowledge + HSS_Diversity + C(stage) + C(arxiv_primary_category),C(arxiv_primary_category)[T.eess.SY],-0.467508033453513,0.12030326315209072,-3.886079406362206,0.00010187619494196116,-0.7032980964542555,-0.2317179704527706,138824.0,354938.87654841115,356336.29318404454,0.22440509496670757,0.22361653638225043
S4_LogCitations_Continuous_StageFE,ols,main,Log_Citations ~ HSS_Continuous + has_hss_concepts + log_team_size + log_prior_knowledge + HSS_Diversity + C(stage) + C(arxiv_primary_category),C(arxiv_primary_category)[T.gr-qc],-0.43083893305559967,0.12820122375991572,-3.3606460252082924,0.0007776041327015826,-0.6821087143989951,-0.17956915171220422,138824.0,354938.87654841115,356336.29318404454,0.22440509496670757,0.22361653638225043
S4_LogCitations_Continuous_StageFE,ols,main,Log_Citations ~ HSS_Continuous + has_hss_concepts + log_team_size + log_prior_knowledge + HSS_Diversity + C(stage) + C(arxiv_primary_category),C(arxiv_primary_category)[T.hep-ex],0.038367466580287106,0.16117765417721489,0.23804457743318477,0.8118465199556539,-0.27753493071970586,0.3542698638802801,138824.0,354938.87654841115,356336.29318404454,0.22440509496670757,0.22361653638225043
S4_LogCitations_Continuous_StageFE,ols,main,Log_Citations ~ HSS_Continuous + has_hss_concepts + log_team_size + log_prior_knowledge + HSS_Diversity + C(stage) + C(arxiv_primary_category),C(arxiv_primary_category)[T.hep-lat],-0.20272580771073723,0.19031156267906504,-1.0652311654474045,0.2867713336058041,-0.5757296164032417,0.17027800098176732,138824.0,354938.87654841115,356336.29318404454,0.22440509496670757,0.22361653638225043
S4_LogCitations_Continuous_StageFE,ols,main,Log_Citations ~ HSS_Continuous + has_hss_concepts + log_team_size + log_prior_knowledge + HSS_Diversity + C(stage) + C(arxiv_primary_category),C(arxiv_primary_category)[T.hep-ph],0.06715190309964389,0.14879208600358756,0.4513136746938595,0.651763490478228,-0.22447522665197397,0.3587790328512618,138824.0,354938.87654841115,356336.29318404454,0.22440509496670757,0.22361653638225043
S4_LogCitations_Continuous_StageFE,ols,main,Log_Citations ~ HSS_Continuous + has_hss_concepts + log_team_size + log_prior_knowledge + HSS_Diversity + C(stage) + C(arxiv_primary_category),C(arxiv_primary_category)[T.hep-th],0.5493892788365176,0.36257921252877406,1.5152255282503775,0.12971530031226075,-0.16125291926277352,1.2600314769358087,138824.0,354938.87654841115,356336.29318404454,0.22440509496670757,0.22361653638225043
S4_LogCitations_Continuous_StageFE,ols,main,Log_Citations ~ HSS_Continuous + has_hss_concepts + log_team_size + log_prior_knowledge + HSS_Diversity + C(stage) + C(arxiv_primary_category),C(arxiv_primary_category)[T.math-ph],-0.2975471735436535,0.26631144808778295,-1.1172902091898598,0.26387026038151973,-0.8195080204664162,0.22441367337910928,138824.0,354938.87654841115,356336.29318404454,0.22440509496670757,0.22361653638225043
S4_LogCitations_Continuous_StageFE,ols,main,Log_Citations ~ HSS_Continuous + has_hss_concepts + log_team_size + log_prior_knowledge + HSS_Diversity + C(stage) + C(arxiv_primary_category),C(arxiv_primary_category)[T.math.AC],-0.2658457805337026,0.11562539041799977,-2.2991989871137988,0.021493642511746576,-0.4924673814513648,-0.03922417961604041,138824.0,354938.87654841115,356336.29318404454,0.22440509496670757,0.22361653638225043
S4_LogCitations_Continuous_StageFE,ols,main,Log_Citations ~ HSS_Continuous + has_hss_concepts + log_team_size + log_prior_knowledge + HSS_Diversity + C(stage) + C(arxiv_primary_category),C(arxiv_primary_category)[T.math.AG],-0.2908852588221006,0.1812150211239739,-1.6051939680160314,0.1084511245293115,-0.6460601736827545,0.06428965603855336,138824.0,354938.87654841115,356336.29318404454,0.22440509496670757,0.22361653638225043
S4_LogCitations_Continuous_StageFE,ols,main,Log_Citations ~ HSS_Continuous + has_hss_concepts + log_team_size + log_prior_knowledge + HSS_Diversity + C(stage) + C(arxiv_primary_category),C(arxiv_primary_category)[T.math.AP],-0.6796983141346432,0.14150054154975963,-4.803503270661495,1.5591334115958553e-06,-0.9570342793650856,-0.40236234890420086,138824.0,354938.87654841115,356336.29318404454,0.22440509496670757,0.22361653638225043
S4_LogCitations_Continuous_StageFE,ols,main,Log_Citations ~ HSS_Continuous + has_hss_concepts + log_team_size + log_prior_knowledge + HSS_Diversity + C(stage) + C(arxiv_primary_category),C(arxiv_primary_category)[T.math.AT],-0.45562972638095534,0.11561006740511152,-3.941090396430392,8.111204914874685e-05,-0.682221294745222,-0.22903815801668873,138824.0,354938.87654841115,356336.29318404454,0.22440509496670757,0.22361653638225043
S4_LogCitations_Continuous_StageFE,ols,main,Log_Citations ~ HSS_Continuous + has_hss_concepts + log_team_size + log_prior_knowledge + HSS_Diversity + C(stage) + C(arxiv_primary_category),C(arxiv_primary_category)[T.math.CO],-0.8020035647494864,0.25386587372549985,-3.159162564782839,0.001582232064652345,-1.2995715341552594,-0.3044355953437135,138824.0,354938.87654841115,356336.29318404454,0.22440509496670757,0.22361653638225043
S4_LogCitations_Continuous_StageFE,ols,main,Log_Citations ~ HSS_Continuous + has_hss_concepts + log_team_size + log_prior_knowledge + HSS_Diversity + C(stage) + C(arxiv_primary_category),C(arxiv_primary_category)[T.math.CT],-0.5948102854772117,0.2707075379822396,-2.197243157359865,0.02800308486883352,-1.1253873102659102,-0.06423326068851332,138824.0,354938.87654841115,356336.29318404454,0.22440509496670757,0.22361653638225043
S4_LogCitations_Continuous_StageFE,ols,main,Log_Citations ~ HSS_Continuous + has_hss_concepts + log_team_size + log_prior_knowledge + HSS_Diversity + C(stage) + C(arxiv_primary_category),C(arxiv_primary_category)[T.math.DG],-0.4819302440909663,0.132343347280046,-3.641514696399319,0.0002710386496449088,-0.7413184383533333,-0.22254204982859926,138824.0,354938.87654841115,356336.29318404454,0.22440509496670757,0.22361653638225043
S4_LogCitations_Continuous_StageFE,ols,main,Log_Citations ~ HSS_Continuous + has_hss_concepts + log_team_size + log_prior_knowledge + HSS_Diversity + C(stage) + C(arxiv_primary_category),C(arxiv_primary_category)[T.math.DS],-0.5285709742076643,0.16554392549657151,-3.1929348819181604,0.0014083470187031637,-0.8530311060403264,-0.20411084237500215,138824.0,354938.87654841115,356336.29318404454,0.22440509496670757,0.22361653638225043
S4_LogCitations_Continuous_StageFE,ols,main,Log_Citations ~ HSS_Continuous + has_hss_concepts + log_team_size + log_prior_knowledge + HSS_Diversity + C(stage) + C(arxiv_primary_category),C(arxiv_primary_category)[T.math.FA],-0.6733212112003615,0.22508571704929206,-2.9913990990948096,0.002777022941777318,-1.1144811100513472,-0.23216131234937581,138824.0,354938.87654841115,356336.29318404454,0.22440509496670757,0.22361653638225043
S4_LogCitations_Continuous_StageFE,ols,main,Log_Citations ~ HSS_Continuous + has_hss_concepts + log_team_size + log_prior_knowledge + HSS_Diversity + C(stage) + C(arxiv_primary_category),C(arxiv_primary_category)[T.math.GM],-2.36113440821192,0.5929557704122531,-3.9819739110900954,6.834528328676172e-05,-3.5233063626451373,-1.198962453778703,138824.0,354938.87654841115,356336.29318404454,0.22440509496670757,0.22361653638225043
S4_LogCitations_Continuous_StageFE,ols,main,Log_Citations ~ HSS_Continuous + has_hss_concepts + log_team_size + log_prior_knowledge + HSS_Diversity + C(stage) + C(arxiv_primary_category),C(arxiv_primary_category)[T.math.GR],-0.6250753466995663,0.11604493046527002,-5.3864942155886695,7.184524038705576e-08,-0.8525192309999505,-0.3976314623991822,138824.0,354938.87654841115,356336.29318404454,0.22440509496670757,0.22361653638225043
S4_LogCitations_Continuous_StageFE,ols,main,Log_Citations ~ HSS_Continuous + has_hss_concepts + log_team_size + log_prior_knowledge + HSS_Diversity + C(stage) + C(arxiv_primary_category),C(arxiv_primary_category)[T.math.GT],-0.5523649581454493,0.16128877473809292,-3.424695606017228,0.0006154885958572008,-0.8684851477427051,-0.23624476854819348,138824.0,354938.87654841115,356336.29318404454,0.22440509496670757,0.22361653638225043
S4_LogCitations_Continuous_StageFE,ols,main,Log_Citations ~ HSS_Continuous + has_hss_concepts + log_team_size + log_prior_knowledge + HSS_Diversity + C(stage) + C(arxiv_primary_category),C(arxiv_primary_category)[T.math.HO],-0.3050859054353434,0.14605682039407014,-2.0888165620215693,0.036724238951602726,-0.5913520131041561,-0.0188197977665307,138824.0,354938.87654841115,356336.29318404454,0.22440509496670757,0.22361653638225043
S4_LogCitations_Continuous_StageFE,ols,main,Log_Citations ~ HSS_Continuous + has_hss_concepts + log_team_size + log_prior_knowledge + HSS_Diversity + C(stage) + C(arxiv_primary_category),C(arxiv_primary_category)[T.math.LO],0.08613678047357796,0.26112890970936137,0.3298630571752814,0.7415034386401119,-0.42566647787898193,0.5979400388261379,138824.0,354938.87654841115,356336.29318404454,0.22440509496670757,0.22361653638225043
S4_LogCitations_Continuous_StageFE,ols,main,Log_Citations ~ HSS_Continuous + has_hss_concepts + log_team_size + log_prior_knowledge + HSS_Diversity + C(stage) + C(arxiv_primary_category),C(arxiv_primary_category)[T.math.NA],-0.41755597731877586,0.12321427753413902,-3.3888603307606417,0.0007018374913576093,-0.6590515236668111,-0.17606043097074067,138824.0,354938.87654841115,356336.29318404454,0.22440509496670757,0.22361653638225043
S4_LogCitations_Continuous_StageFE,ols,main,Log_Citations ~ HSS_Continuous + has_hss_concepts + log_team_size + log_prior_knowledge + HSS_Diversity + C(stage) + C(arxiv_primary_category),C(arxiv_primary_category)[T.math.NT],-0.9961747410307398,0.3615188098857006,-2.7555267216820467,0.0058597717820409265,-1.7047385881404957,-0.2876108939209837,138824.0,354938.87654841115,356336.29318404454,0.22440509496670757,0.22361653638225043
S4_LogCitations_Continuous_StageFE,ols,main,Log_Citations ~ HSS_Continuous + has_hss_concepts + log_team_size + log_prior_knowledge + HSS_Diversity + C(stage) + C(arxiv_primary_category),C(arxiv_primary_category)[T.math.OC],-0.40743880621095213,0.12923951975026982,-3.1525868170838782,0.0016183069103060696,-0.660743610300734,-0.1541340021211703,138824.0,354938.87654841115,356336.29318404454,0.22440509496670757,0.22361653638225043
S4_LogCitations_Continuous_StageFE,ols,main,Log_Citations ~ HSS_Continuous + has_hss_concepts + log_team_size + log_prior_knowledge + HSS_Diversity + C(stage) + C(arxiv_primary_category),C(arxiv_primary_category)[T.math.PR],-0.6930974984301602,0.1600522983716559,-4.3304438954117686,1.4880905831087212e-05,-1.0067942388814646,-0.3794007579788559,138824.0,354938.87654841115,356336.29318404454,0.22440509496670757,0.22361653638225043
S4_LogCitations_Continuous_StageFE,ols,main,Log_Citations ~ HSS_Continuous + has_hss_concepts + log_team_size + log_prior_knowledge + HSS_Diversity + C(stage) + C(arxiv_primary_category),C(arxiv_primary_category)[T.math.SP],-0.4056004070717951,0.11562655994598602,-3.5078480866443487,0.00045174693363221846,-0.6322243002221892,-0.17897651392140096,138824.0,354938.87654841115,356336.29318404454,0.22440509496670757,0.22361653638225043
S4_LogCitations_Continuous_StageFE,ols,main,Log_Citations ~ HSS_Continuous + has_hss_concepts + log_team_size + log_prior_knowledge + HSS_Diversity + C(stage) + C(arxiv_primary_category),C(arxiv_primary_category)[T.math.ST],-0.5075918860790744,0.1424942116660949,-3.562193019240029,0.000367769825712324,-0.7868754089500476,-0.2283083632081011,138824.0,354938.87654841115,356336.29318404454,0.22440509496670757,0.22361653638225043
S4_LogCitations_Continuous_StageFE,ols,main,Log_Citations ~ HSS_Continuous + has_hss_concepts + log_team_size + log_prior_knowledge + HSS_Diversity + C(stage) + C(arxiv_primary_category),C(arxiv_primary_category)[T.nlin.AO],-0.5109626708448869,0.14194732032873547,-3.5996640842641456,0.0003186285239496939,-0.7891743063911787,-0.2327510352985951,138824.0,354938.87654841115,356336.29318404454,0.22440509496670757,0.22361653638225043
S4_LogCitations_Continuous_StageFE,ols,main,Log_Citations ~ HSS_Continuous + has_hss_concepts + log_team_size + log_prior_knowledge + HSS_Diversity + C(stage) + C(arxiv_primary_category),C(arxiv_primary_category)[T.nlin.CD],-0.3286125834551481,0.1895563738762299,-1.7335876221694049,0.08299127824536681,-0.7001362492925678,0.04291108238227165,138824.0,354938.87654841115,356336.29318404454,0.22440509496670757,0.22361653638225043
S4_LogCitations_Continuous_StageFE,ols,main,Log_Citations ~ HSS_Continuous + has_hss_concepts + log_team_size + log_prior_knowledge + HSS_Diversity + C(stage) + C(arxiv_primary_category),C(arxiv_primary_category)[T.nlin.CG],-0.2885742443277947,0.11571106838437334,-2.493920835379361,0.01263407185795517,-0.5153637709738177,-0.061784717681771684,138824.0,354938.87654841115,356336.29318404454,0.22440509496670757,0.22361653638225043
S4_LogCitations_Continuous_StageFE,ols,main,Log_Citations ~ HSS_Continuous + has_hss_concepts + log_team_size + log_prior_knowledge + HSS_Diversity + C(stage) + C(arxiv_primary_category),C(arxiv_primary_category)[T.nlin.PS],-0.5002355874321305,0.2426099184278576,-2.061892566774348,0.03921796538448146,-0.9757422898429318,-0.02472888502132925,138824.0,354938.87654841115,356336.29318404454,0.22440509496670757,0.22361653638225043
S4_LogCitations_Continuous_StageFE,ols,main,Log_Citations ~ HSS_Continuous + has_hss_concepts + log_team_size + log_prior_knowledge + HSS_Diversity + C(stage) + C(arxiv_primary_category),C(arxiv_primary_category)[T.nucl-ex],-0.5957571897704942,0.1231302152956524,-4.838432129270627,1.3086736879961269e-06,-0.8370879771586358,-0.35442640238235257,138824.0,354938.87654841115,356336.29318404454,0.22440509496670757,0.22361653638225043
S4_LogCitations_Continuous_StageFE,ols,main,Log_Citations ~ HSS_Continuous + has_hss_concepts + log_team_size + log_prior_knowledge + HSS_Diversity + C(stage) + C(arxiv_primary_category),C(arxiv_primary_category)[T.nucl-th],-0.5310749215205025,0.178999065154581,-2.966914497915807,0.0030080459741579587,-0.8819066424898199,-0.1802432005511852,138824.0,354938.87654841115,356336.29318404454,0.22440509496670757,0.22361653638225043
S4_LogCitations_Continuous_StageFE,ols,main,Log_Citations ~ HSS_Continuous + has_hss_concepts + log_team_size + log_prior_knowledge + HSS_Diversity + C(stage) + C(arxiv_primary_category),C(arxiv_primary_category)[T.physics.acc-ph],-0.2541450610896012,0.18565179932107015,-1.3689340045128104,0.17101990518540844,-0.6180159014239563,0.10972577924475391,138824.0,354938.87654841115,356336.29318404454,0.22440509496670757,0.22361653638225043
S4_LogCitations_Continuous_StageFE,ols,main,Log_Citations ~ HSS_Continuous + has_hss_concepts + log_team_size + log_prior_knowledge + HSS_Diversity + C(stage) + C(arxiv_primary_category),C(arxiv_primary_category)[T.physics.ao-ph],0.10657873085656838,0.16395562940651479,0.6500461816551294,0.5156623912632061,-0.21476839784279678,0.42792585955593354,138824.0,354938.87654841115,356336.29318404454,0.22440509496670757,0.22361653638225043
S4_LogCitations_Continuous_StageFE,ols,main,Log_Citations ~ HSS_Continuous + has_hss_concepts + log_team_size + log_prior_knowledge + HSS_Diversity + C(stage) + C(arxiv_primary_category),C(arxiv_primary_category)[T.physics.app-ph],-0.43675172548036256,0.16022589893979716,-2.725849743208284,0.006413618776883222,-0.7507887167929195,-0.1227147341678057,138824.0,354938.87654841115,356336.29318404454,0.22440509496670757,0.22361653638225043
S4_LogCitations_Continuous_StageFE,ols,main,Log_Citations ~ HSS_Continuous + has_hss_concepts + log_team_size + log_prior_knowledge + HSS_Diversity + C(stage) + C(arxiv_primary_category),C(arxiv_primary_category)[T.physics.atom-ph],-0.3427540874190284,0.300696544309654,-1.1398670650037934,0.25434168811272206,-0.9321084845416028,0.2466003097035459,138824.0,354938.87654841115,356336.29318404454,0.22440509496670757,0.22361653638225043
S4_LogCitations_Continuous_StageFE,ols,main,Log_Citations ~ HSS_Continuous + has_hss_concepts + log_team_size + log_prior_knowledge + HSS_Diversity + C(stage) + C(arxiv_primary_category),C(arxiv_primary_category)[T.physics.bio-ph],-0.5915806954010672,0.1791708993327844,-3.301767740208137,0.0009607759081395422,-0.9427492051709763,-0.24041218563115813,138824.0,354938.87654841115,356336.29318404454,0.22440509496670757,0.22361653638225043
S4_LogCitations_Continuous_StageFE,ols,main,Log_Citations ~ HSS_Continuous + has_hss_concepts + log_team_size + log_prior_knowledge + HSS_Diversity + C(stage) + C(arxiv_primary_category),C(arxiv_primary_category)[T.physics.chem-ph],0.12199848892736007,0.15990260256939612,0.7629549923955362,0.4454902379933092,-0.19140485314287822,0.4354018309975983,138824.0,354938.87654841115,356336.29318404454,0.22440509496670757,0.22361653638225043
S4_LogCitations_Continuous_StageFE,ols,main,Log_Citations ~ HSS_Continuous + has_hss_concepts + log_team_size + log_prior_knowledge + HSS_Diversity + C(stage) + C(arxiv_primary_category),C(arxiv_primary_category)[T.physics.class-ph],-0.3675171014549755,0.11561501146845993,-3.1788008908794265,0.0014788563879411685,-0.5941183600053422,-0.14091584290460876,138824.0,354938.87654841115,356336.29318404454,0.22440509496670757,0.22361653638225043
S4_LogCitations_Continuous_StageFE,ols,main,Log_Citations ~ HSS_Continuous + has_hss_concepts + log_team_size + log_prior_knowledge + HSS_Diversity + C(stage) + C(arxiv_primary_category),C(arxiv_primary_category)[T.physics.comp-ph],-0.3487081005434469,0.13887685852412873,-2.5109158159914866,0.012041840979922934,-0.6209017415368037,-0.07651445955009017,138824.0,354938.87654841115,356336.29318404454,0.22440509496670757,0.22361653638225043
S4_LogCitations_Continuous_StageFE,ols,main,Log_Citations ~ HSS_Continuous + has_hss_concepts + log_team_size + log_prior_knowledge + HSS_Diversity + C(stage) + C(arxiv_primary_category),C(arxiv_primary_category)[T.physics.data-an],-0.17940569301165515,0.21330734189297462,-0.8410666572445998,0.4003105929697981,-0.5974804007598573,0.238669014736547,138824.0,354938.87654841115,356336.29318404454,0.22440509496670757,0.22361653638225043
S4_LogCitations_Continuous_StageFE,ols,main,Log_Citations ~ HSS_Continuous + has_hss_concepts + log_team_size + log_prior_knowledge + HSS_Diversity + C(stage) + C(arxiv_primary_category),C(arxiv_primary_category)[T.physics.ed-ph],-0.04639668375454009,0.16444342293606484,-0.28214374844641243,0.7778332888816331,-0.36869987020371503,0.27590650269463485,138824.0,354938.87654841115,356336.29318404454,0.22440509496670757,0.22361653638225043
S4_LogCitations_Continuous_StageFE,ols,main,Log_Citations ~ HSS_Continuous + has_hss_concepts + log_team_size + log_prior_knowledge + HSS_Diversity + C(stage) + C(arxiv_primary_category),C(arxiv_primary_category)[T.physics.flu-dyn],-0.3089602842554175,0.12398428965017994,-2.491930914208122,0.01270507471409926,-0.5519650266185523,-0.06595554189228264,138824.0,354938.87654841115,356336.29318404454,0.22440509496670757,0.22361653638225043
S4_LogCitations_Continuous_StageFE,ols,main,Log_Citations ~ HSS_Continuous + has_hss_concepts + log_team_size + log_prior_knowledge + HSS_Diversity + C(stage) + C(arxiv_primary_category),C(arxiv_primary_category)[T.physics.gen-ph],-0.43252546699716854,0.1294735330956097,-3.3406477498205773,0.0008358319436307982,-0.6862889288157183,-0.1787620051786188,138824.0,354938.87654841115,356336.29318404454,0.22440509496670757,0.22361653638225043
S4_LogCitations_Continuous_StageFE,ols,main,Log_Citations ~ HSS_Continuous + has_hss_concepts + log_team_size + log_prior_knowledge + HSS_Diversity + C(stage) + C(arxiv_primary_category),C(arxiv_primary_category)[T.physics.geo-ph],-0.2900207483248505,0.13788223260192736,-2.103394635058995,0.035431287036291455,-0.5602649583326026,-0.019776538317098358,138824.0,354938.87654841115,356336.29318404454,0.22440509496670757,0.22361653638225043
S4_LogCitations_Continuous_StageFE,ols,main,Log_Citations ~ HSS_Continuous + has_hss_concepts + log_team_size + log_prior_knowledge + HSS_Diversity + C(stage) + C(arxiv_primary_category),C(arxiv_primary_category)[T.physics.ins-det],-0.16831078061924998,0.17875101161208745,-0.9415934438709969,0.34640082761791446,-0.5186563255790424,0.1820347643405424,138824.0,354938.87654841115,356336.29318404454,0.22440509496670757,0.22361653638225043
S4_LogCitations_Continuous_StageFE,ols,main,Log_Citations ~ HSS_Continuous + has_hss_concepts + log_team_size + log_prior_knowledge + HSS_Diversity + C(stage) + C(arxiv_primary_category),C(arxiv_primary_category)[T.physics.med-ph],-0.3683869037422466,0.13734310364292635,-2.68223808819701,0.007313139161738605,-0.6375744404073341,-0.09919936707715904,138824.0,354938.87654841115,356336.29318404454,0.22440509496670757,0.22361653638225043
S4_LogCitations_Continuous_StageFE,ols,main,Log_Citations ~ HSS_Continuous + has_hss_concepts + log_team_size + log_prior_knowledge + HSS_Diversity + C(stage) + C(arxiv_primary_category),C(arxiv_primary_category)[T.physics.optics],-0.37895125987245615,0.13577489371059132,-2.791026010156217,0.0052541249888401614,-0.645065161549969,-0.11283735819494328,138824.0,354938.87654841115,356336.29318404454,0.22440509496670757,0.22361653638225043
S4_LogCitations_Continuous_StageFE,ols,main,Log_Citations ~ HSS_Continuous + has_hss_concepts + log_team_size + log_prior_knowledge + HSS_Diversity + C(stage) + C(arxiv_primary_category),C(arxiv_primary_category)[T.physics.plasm-ph],-0.2287406361828135,0.18709549447122514,-1.2225876247276135,0.22148548958901815,-0.5954410670161276,0.1379597946505006,138824.0,354938.87654841115,356336.29318404454,0.22440509496670757,0.22361653638225043
S4_LogCitations_Continuous_StageFE,ols,main,Log_Citations ~ HSS_Continuous + has_hss_concepts + log_team_size + log_prior_knowledge + HSS_Diversity + C(stage) + C(arxiv_primary_category),C(arxiv_primary_category)[T.physics.pop-ph],0.5380891888450783,0.51576757117,1.0432784434749212,0.29681935187959696,-0.4727966750418209,1.5489750527319774,138824.0,354938.87654841115,356336.29318404454,0.22440509496670757,0.22361653638225043
S4_LogCitations_Continuous_StageFE,ols,main,Log_Citations ~ HSS_Continuous + has_hss_concepts + log_team_size + log_prior_knowledge + HSS_Diversity + C(stage) + C(arxiv_primary_category),C(arxiv_primary_category)[T.physics.soc-ph],-0.5216980888207811,0.14174648481366767,-3.680501068556144,0.00023277608377297594,-0.7995160939907233,-0.24388008365083874,138824.0,354938.87654841115,356336.29318404454,0.22440509496670757,0.22361653638225043
S4_LogCitations_Continuous_StageFE,ols,main,Log_Citations ~ HSS_Continuous + has_hss_concepts + log_team_size + log_prior_knowledge + HSS_Diversity + C(stage) + C(arxiv_primary_category),C(arxiv_primary_category)[T.physics.space-ph],-0.2161381135681778,0.23528504853931925,-0.9186223897778114,0.3582931167546477,-0.6772883348060019,0.24501210766964637,138824.0,354938.87654841115,356336.29318404454,0.22440509496670757,0.22361653638225043
S4_LogCitations_Continuous_StageFE,ols,main,Log_Citations ~ HSS_Continuous + has_hss_concepts + log_team_size + log_prior_knowledge + HSS_Diversity + C(stage) + C(arxiv_primary_category),C(arxiv_primary_category)[T.q-bio.BM],0.14445985531100208,0.13886630324091315,1.040280125124271,0.29820977516468095,-0.12771309770740547,0.41663280832940963,138824.0,354938.87654841115,356336.29318404454,0.22440509496670757,0.22361653638225043
S4_LogCitations_Continuous_StageFE,ols,main,Log_Citations ~ HSS_Continuous + has_hss_concepts + log_team_size + log_prior_knowledge + HSS_Diversity + C(stage) + C(arxiv_primary_category),C(arxiv_primary_category)[T.q-bio.CB],-0.3796902648266277,0.154400345934305,-2.4591283298560755,0.01392748235528411,-0.6823093820583909,-0.07707114759486455,138824.0,354938.87654841115,356336.29318404454,0.22440509496670757,0.22361653638225043
S4_LogCitations_Continuous_StageFE,ols,main,Log_Citations ~ HSS_Continuous + has_hss_concepts + log_team_size + log_prior_knowledge + HSS_Diversity + C(stage) + C(arxiv_primary_category),C(arxiv_primary_category)[T.q-bio.GN],-0.17793607022405628,0.14114358106311903,-1.2606741934972143,0.20742625540263726,-0.45457240575677915,0.0987002653086666,138824.0,354938.87654841115,356336.29318404454,0.22440509496670757,0.22361653638225043
S4_LogCitations_Continuous_StageFE,ols,main,Log_Citations ~ HSS_Continuous + has_hss_concepts + log_team_size + log_prior_knowledge + HSS_Diversity + C(stage) + C(arxiv_primary_category),C(arxiv_primary_category)[T.q-bio.MN],-0.624312653748307,0.2740274066182226,-2.2782854512727804,0.022709575906594424,-1.1613965014969363,-0.08722880599967786,138824.0,354938.87654841115,356336.29318404454,0.22440509496670757,0.22361653638225043
S4_LogCitations_Continuous_StageFE,ols,main,Log_Citations ~ HSS_Continuous + has_hss_concepts + log_team_size + log_prior_knowledge + HSS_Diversity + C(stage) + C(arxiv_primary_category),C(arxiv_primary_category)[T.q-bio.NC],-0.6139514756819812,0.12442781297664336,-4.93419807834465,8.048073313927495e-07,-0.8578255077912877,-0.3700774435726746,138824.0,354938.87654841115,356336.29318404454,0.22440509496670757,0.22361653638225043
S4_LogCitations_Continuous_StageFE,ols,main,Log_Citations ~ HSS_Continuous + has_hss_concepts + log_team_size + log_prior_knowledge + HSS_Diversity + C(stage) + C(arxiv_primary_category),C(arxiv_primary_category)[T.q-bio.OT],-0.07441955664265912,0.2705692065485018,-0.2750481386702769,0.7832792546788534,-0.6047254568033016,0.4558863435179834,138824.0,354938.87654841115,356336.29318404454,0.22440509496670757,0.22361653638225043
S4_LogCitations_Continuous_StageFE,ols,main,Log_Citations ~ HSS_Continuous + has_hss_concepts + log_team_size + log_prior_knowledge + HSS_Diversity + C(stage) + C(arxiv_primary_category),C(arxiv_primary_category)[T.q-bio.PE],-0.5492680496415145,0.21906758774602952,-2.50729948365659,0.012165758546374252,-0.9786326318038006,-0.11990346747922859,138824.0,354938.87654841115,356336.29318404454,0.22440509496670757,0.22361653638225043
S4_LogCitations_Continuous_StageFE,ols,main,Log_Citations ~ HSS_Continuous + has_hss_concepts + log_team_size + log_prior_knowledge + HSS_Diversity + C(stage) + C(arxiv_primary_category),C(arxiv_primary_category)[T.q-bio.QM],-0.10587734159599219,0.12827036604615627,-0.8254232435720479,0.4091313432602348,-0.35728263933022786,0.1455279561382435,138824.0,354938.87654841115,356336.29318404454,0.22440509496670757,0.22361653638225043
S4_LogCitations_Continuous_StageFE,ols,main,Log_Citations ~ HSS_Continuous + has_hss_concepts + log_team_size + log_prior_knowledge + HSS_Diversity + C(stage) + C(arxiv_primary_category),C(arxiv_primary_category)[T.q-bio.TO],-0.4603846883340774,0.2921967811885652,-1.575598083118426,0.11511845818776781,-1.033079855862196,0.11231047919404114,138824.0,354938.87654841115,356336.29318404454,0.22440509496670757,0.22361653638225043
S4_LogCitations_Continuous_StageFE,ols,main,Log_Citations ~ HSS_Continuous + has_hss_concepts + log_team_size + log_prior_knowledge + HSS_Diversity + C(stage) + C(arxiv_primary_category),C(arxiv_primary_category)[T.q-fin.CP],-0.5078620478073933,0.13125801112662203,-3.869188961864345,0.00010919798893579005,-0.7651230222979302,-0.25060107331685644,138824.0,354938.87654841115,356336.29318404454,0.22440509496670757,0.22361653638225043
S4_LogCitations_Continuous_StageFE,ols,main,Log_Citations ~ HSS_Continuous + has_hss_concepts + log_team_size + log_prior_knowledge + HSS_Diversity + C(stage) + C(arxiv_primary_category),C(arxiv_primary_category)[T.q-fin.GN],-0.17818886631136974,0.21747556776664745,-0.8193511949009713,0.4125860716368206,-0.6044331466513986,0.24805541402865913,138824.0,354938.87654841115,356336.29318404454,0.22440509496670757,0.22361653638225043
S4_LogCitations_Continuous_StageFE,ols,main,Log_Citations ~ HSS_Continuous + has_hss_concepts + log_team_size + log_prior_knowledge + HSS_Diversity + C(stage) + C(arxiv_primary_category),C(arxiv_primary_category)[T.q-fin.MF],-0.6809498009869955,0.16102423604922034,-4.2288652795027035,2.3487293151921894e-05,-0.9965515042815436,-0.3653480976924474,138824.0,354938.87654841115,356336.29318404454,0.22440509496670757,0.22361653638225043
S4_LogCitations_Continuous_StageFE,ols,main,Log_Citations ~ HSS_Continuous + has_hss_concepts + log_team_size + log_prior_knowledge + HSS_Diversity + C(stage) + C(arxiv_primary_category),C(arxiv_primary_category)[T.q-fin.PM],-0.4933564917625457,0.1575948210793511,-3.130537465530889,0.0017448674077775149,-0.8022366652281077,-0.1844763182969838,138824.0,354938.87654841115,356336.29318404454,0.22440509496670757,0.22361653638225043
S4_LogCitations_Continuous_StageFE,ols,main,Log_Citations ~ HSS_Continuous + has_hss_concepts + log_team_size + log_prior_knowledge + HSS_Diversity + C(stage) + C(arxiv_primary_category),C(arxiv_primary_category)[T.q-fin.PR],-0.21529843763382941,0.3502949008301568,-0.6146205300836467,0.5388053530288985,-0.9018638272289666,0.47126695196130786,138824.0,354938.87654841115,356336.29318404454,0.22440509496670757,0.22361653638225043
S4_LogCitations_Continuous_StageFE,ols,main,Log_Citations ~ HSS_Continuous + has_hss_concepts + log_team_size + log_prior_knowledge + HSS_Diversity + C(stage) + C(arxiv_primary_category),C(arxiv_primary_category)[T.q-fin.RM],-0.16376419413377996,0.19655949910788978,-0.8331532939239494,0.40475828003716674,-0.5490137332044769,0.2214853449369169,138824.0,354938.87654841115,356336.29318404454,0.22440509496670757,0.22361653638225043
S4_LogCitations_Continuous_StageFE,ols,main,Log_Citations ~ HSS_Continuous + has_hss_concepts + log_team_size + log_prior_knowledge + HSS_Diversity + C(stage) + C(arxiv_primary_category),C(arxiv_primary_category)[T.q-fin.ST],-0.31724450366092827,0.14775060842036114,-2.1471620797549935,0.031780380436618696,-0.6068303748587165,-0.027658632463139987,138824.0,354938.87654841115,356336.29318404454,0.22440509496670757,0.22361653638225043
S4_LogCitations_Continuous_StageFE,ols,main,Log_Citations ~ HSS_Continuous + has_hss_concepts + log_team_size + log_prior_knowledge + HSS_Diversity + C(stage) + C(arxiv_primary_category),C(arxiv_primary_category)[T.q-fin.TR],-0.25877008744223,0.17245513650082783,-1.5005066981057293,0.1334831997690282,-0.5967759439327914,0.0792357690483314,138824.0,354938.87654841115,356336.29318404454,0.22440509496670757,0.22361653638225043
S4_LogCitations_Continuous_StageFE,ols,main,Log_Citations ~ HSS_Continuous + has_hss_concepts + log_team_size + log_prior_knowledge + HSS_Diversity + C(stage) + C(arxiv_primary_category),C(arxiv_primary_category)[T.quant-ph],-0.21355708386961608,0.12321837799122379,-1.7331593496939772,0.0830673499562501,-0.45506066696585756,0.0279464992266254,138824.0,354938.87654841115,356336.29318404454,0.22440509496670757,0.22361653638225043
S4_LogCitations_Continuous_StageFE,ols,main,Log_Citations ~ HSS_Continuous + has_hss_concepts + log_team_size + log_prior_knowledge + HSS_Diversity + C(stage) + C(arxiv_primary_category),C(arxiv_primary_category)[T.stat.AP],-0.35259715516717327,0.1375963194643415,-2.5625478685754373,0.010390726289586975,-0.6222809857225502,-0.08291332461179629,138824.0,354938.87654841115,356336.29318404454,0.22440509496670757,0.22361653638225043
S4_LogCitations_Continuous_StageFE,ols,main,Log_Citations ~ HSS_Continuous + has_hss_concepts + log_team_size + log_prior_knowledge + HSS_Diversity + C(stage) + C(arxiv_primary_category),C(arxiv_primary_category)[T.stat.CO],-0.31492782083936927,0.15731191228217942,-2.001932442817586,0.045291997836696414,-0.6232535032515651,-0.006602138427173443,138824.0,354938.87654841115,356336.29318404454,0.22440509496670757,0.22361653638225043
S4_LogCitations_Continuous_StageFE,ols,main,Log_Citations ~ HSS_Continuous + has_hss_concepts + log_team_size + log_prior_knowledge + HSS_Diversity + C(stage) + C(arxiv_primary_category),C(arxiv_primary_category)[T.stat.ME],-0.48285896855426447,0.13193892570385574,-3.6597157812097723,0.00025249514716059826,-0.7414545110927278,-0.22426342601580124,138824.0,354938.87654841115,356336.29318404454,0.22440509496670757,0.22361653638225043
S4_LogCitations_Continuous_StageFE,ols,main,Log_Citations ~ HSS_Continuous + has_hss_concepts + log_team_size + log_prior_knowledge + HSS_Diversity + C(stage) + C(arxiv_primary_category),C(arxiv_primary_category)[T.stat.ML],-0.0800167257979869,0.11972966103027774,-0.6683116373122607,0.5039346864420352,-0.3146825492985201,0.1546490977025463,138824.0,354938.87654841115,356336.29318404454,0.22440509496670757,0.22361653638225043
S4_LogCitations_Continuous_StageFE,ols,main,Log_Citations ~ HSS_Continuous + has_hss_concepts + log_team_size + log_prior_knowledge + HSS_Diversity + C(stage) + C(arxiv_primary_category),C(arxiv_primary_category)[T.stat.OT],-0.5101505858691645,0.13063975874964498,-3.9050178196272185,9.421844221715512e-05,-0.7661998079674701,-0.25410136377085896,138824.0,354938.87654841115,356336.29318404454,0.22440509496670757,0.22361653638225043
S4_LogCitations_Continuous_StageFE,ols,main,Log_Citations ~ HSS_Continuous + has_hss_concepts + log_team_size + log_prior_knowledge + HSS_Diversity + C(stage) + C(arxiv_primary_category),HSS_Continuous,0.0022458386401116447,0.0019850538402388504,1.1313741696000625,0.25789763863514303,-0.0016447953941294284,0.006136472674352718,138824.0,354938.87654841115,356336.29318404454,0.22440509496670757,0.22361653638225043
S4_LogCitations_Continuous_StageFE,ols,main,Log_Citations ~ HSS_Continuous + has_hss_concepts + log_team_size + log_prior_knowledge + HSS_Diversity + C(stage) + C(arxiv_primary_category),has_hss_concepts,0.19717333478216806,0.005460576679010925,36.10851863687813,1.6671352862774546e-285,0.18647080115648731,0.2078758684078488,138824.0,354938.87654841115,356336.29318404454,0.22440509496670757,0.22361653638225043
S4_LogCitations_Continuous_StageFE,ols,main,Log_Citations ~ HSS_Continuous + has_hss_concepts + log_team_size + log_prior_knowledge + HSS_Diversity + C(stage) + C(arxiv_primary_category),log_team_size,-0.10811352685098885,0.007375597350694131,-14.658273996046447,1.1926631502204014e-48,-0.12256943202281839,-0.09365762167915931,138824.0,354938.87654841115,356336.29318404454,0.22440509496670757,0.22361653638225043
S4_LogCitations_Continuous_StageFE,ols,main,Log_Citations ~ HSS_Continuous + has_hss_concepts + log_team_size + log_prior_knowledge + HSS_Diversity + C(stage) + C(arxiv_primary_category),log_prior_knowledge,0.18148549222447816,0.0025259513452469944,71.84837212560483,0.0,0.17653471856109354,0.18643626588786277,138824.0,354938.87654841115,356336.29318404454,0.22440509496670757,0.22361653638225043
S4_LogCitations_Continuous_StageFE,ols,main,Log_Citations ~ HSS_Continuous + has_hss_concepts + log_team_size + log_prior_knowledge + HSS_Diversity + C(stage) + C(arxiv_primary_category),HSS_Diversity,0.18430893451342076,0.03005836664777094,6.131701588219488,8.694407398375509e-10,0.12539561844968977,0.24322225057715174,138824.0,354938.87654841115,356336.29318404454,0.22440509496670757,0.22361653638225043
S4b_LogCitations_Threshold_StageFE,ols,main,"Log_Citations ~ C(HSS_Bin, Treatment(reference='Pure STEM')) + has_hss_concepts + log_team_size + log_prior_knowledge + HSS_Diversity + C(stage) + C(arxiv_primary_category)",Intercept,2.8828280571274134,0.15160878810369424,19.014913932005552,1.2834729923791548e-80,2.5856802927044082,3.1799758215504186,138824.0,354731.69906255335,356158.63858485507,0.22559518090048258,0.224791062800768
S4b_LogCitations_Threshold_StageFE,ols,main,"Log_Citations ~ C(HSS_Bin, Treatment(reference='Pure STEM')) + has_hss_concepts + log_team_size + log_prior_knowledge + HSS_Diversity + C(stage) + C(arxiv_primary_category)","C(HSS_Bin, Treatment(reference='Pure STEM'))[T.Low HSS]",-0.06841208340181441,0.005498597154699891,-12.441734041807303,1.5509978783879113e-35,-0.07918913579052062,-0.05763503101310821,138824.0,354731.69906255335,356158.63858485507,0.22559518090048258,0.224791062800768
S4b_LogCitations_Threshold_StageFE,ols,main,"Log_Citations ~ C(HSS_Bin, Treatment(reference='Pure STEM')) + has_hss_concepts + log_team_size + log_prior_knowledge + HSS_Diversity + C(stage) + C(arxiv_primary_category)","C(HSS_Bin, Treatment(reference='Pure STEM'))[T.Medium HSS]",-0.06891085719259109,0.008785048849321799,-7.844106319102707,4.360475619727037e-15,-0.08612923653968686,-0.05169247784549531,138824.0,354731.69906255335,356158.63858485507,0.22559518090048258,0.224791062800768
S4b_LogCitations_Threshold_StageFE,ols,main,"Log_Citations ~ C(HSS_Bin, Treatment(reference='Pure STEM')) + has_hss_concepts + log_team_size + log_prior_knowledge + HSS_Diversity + C(stage) + C(arxiv_primary_category)","C(HSS_Bin, Treatment(reference='Pure STEM'))[T.High HSS]",0.02140902965127515,0.01630332026044012,1.3131699132000734,0.18912569973777626,-0.010544890887609657,0.05336295019015996,138824.0,354731.69906255335,356158.63858485507,0.22559518090048258,0.224791062800768
S4b_LogCitations_Threshold_StageFE,ols,main,"Log_Citations ~ C(HSS_Bin, Treatment(reference='Pure STEM')) + has_hss_concepts + log_team_size + log_prior_knowledge + HSS_Diversity + C(stage) + C(arxiv_primary_category)","C(HSS_Bin, Treatment(reference='Pure STEM'))[T.HSS-dominant]",0.10528095983193866,0.02102568459045452,5.007254787781574,5.521182154018162e-07,0.064071375284349,0.14649054437952833,138824.0,354731.69906255335,356158.63858485507,0.22559518090048258,0.224791062800768
S4b_LogCitations_Threshold_StageFE,ols,main,"Log_Citations ~ C(HSS_Bin, Treatment(reference='Pure STEM')) + has_hss_concepts + log_team_size + log_prior_knowledge + HSS_Diversity + C(stage) + C(arxiv_primary_category)",C(stage)[T.Phase2],-1.758090122206634,0.09789778676543207,-17.958425622216616,4.1233810897742716e-72,-1.9499662584330628,-1.5662139859802053,138824.0,354731.69906255335,356158.63858485507,0.22559518090048258,0.224791062800768
S4b_LogCitations_Threshold_StageFE,ols,main,"Log_Citations ~ C(HSS_Bin, Treatment(reference='Pure STEM')) + has_hss_concepts + log_team_size + log_prior_knowledge + HSS_Diversity + C(stage) + C(arxiv_primary_category)",C(stage)[T.Phase3],-2.7294154326533726,0.09745815626163504,-28.006023685960315,1.372278848882337e-172,-2.920429908925854,-2.538400956380891,138824.0,354731.69906255335,356158.63858485507,0.22559518090048258,0.224791062800768
S4b_LogCitations_Threshold_StageFE,ols,main,"Log_Citations ~ C(HSS_Bin, Treatment(reference='Pure STEM')) + has_hss_concepts + log_team_size + log_prior_knowledge + HSS_Diversity + C(stage) + C(arxiv_primary_category)",C(arxiv_primary_category)[T.astro-ph.EP],-0.3426313899574792,0.1357059637846534,-2.524807166921476,0.0115761789914122,-0.6086101914626968,-0.07665258845226164,138824.0,354731.69906255335,356158.63858485507,0.22559518090048258,0.224791062800768
S4b_LogCitations_Threshold_StageFE,ols,main,"Log_Citations ~ C(HSS_Bin, Treatment(reference='Pure STEM')) + has_hss_concepts + log_team_size + log_prior_knowledge + HSS_Diversity + C(stage) + C(arxiv_primary_category)",C(arxiv_primary_category)[T.astro-ph.GA],-0.3158501005983812,0.12734330090596244,-2.4803040156122775,0.01312704054497514,-0.5654383840465145,-0.06626181715024798,138824.0,354731.69906255335,356158.63858485507,0.22559518090048258,0.224791062800768
S4b_LogCitations_Threshold_StageFE,ols,main,"Log_Citations ~ C(HSS_Bin, Treatment(reference='Pure STEM')) + has_hss_concepts + log_team_size + log_prior_knowledge + HSS_Diversity + C(stage) + C(arxiv_primary_category)",C(arxiv_primary_category)[T.astro-ph.HE],-0.39860967530313585,0.17221906566999182,-2.314550214010314,0.02063756018446886,-0.7361528414674583,-0.06106650913881345,138824.0,354731.69906255335,356158.63858485507,0.22559518090048258,0.224791062800768
S4b_LogCitations_Threshold_StageFE,ols,main,"Log_Citations ~ C(HSS_Bin, Treatment(reference='Pure STEM')) + has_hss_concepts + log_team_size + log_prior_knowledge + HSS_Diversity + C(stage) + C(arxiv_primary_category)",C(arxiv_primary_category)[T.astro-ph.IM],-0.33993588178043094,0.12437050930113844,-2.7332515054460687,0.006271242490379641,-0.5836976007495661,-0.09617416281129579,138824.0,354731.69906255335,356158.63858485507,0.22559518090048258,0.224791062800768
S4b_LogCitations_Threshold_StageFE,ols,main,"Log_Citations ~ C(HSS_Bin, Treatment(reference='Pure STEM')) + has_hss_concepts + log_team_size + log_prior_knowledge + HSS_Diversity + C(stage) + C(arxiv_primary_category)",C(arxiv_primary_category)[T.astro-ph.SR],-0.4901950288153078,0.13659310991872106,-3.5887244174101864,0.00033229987588375624,-0.7579126047923219,-0.22247745283829368,138824.0,354731.69906255335,356158.63858485507,0.22559518090048258,0.224791062800768
S4b_LogCitations_Threshold_StageFE,ols,main,"Log_Citations ~ C(HSS_Bin, Treatment(reference='Pure STEM')) + has_hss_concepts + log_team_size + log_prior_knowledge + HSS_Diversity + C(stage) + C(arxiv_primary_category)",C(arxiv_primary_category)[T.cond-mat.dis-nn],-0.2485713131690746,0.19309928178470437,-1.287272075129822,0.19799947316998157,-0.6270389509076464,0.12989632456949723,138824.0,354731.69906255335,356158.63858485507,0.22559518090048258,0.224791062800768
S4b_LogCitations_Threshold_StageFE,ols,main,"Log_Citations ~ C(HSS_Bin, Treatment(reference='Pure STEM')) + has_hss_concepts + log_team_size + log_prior_knowledge + HSS_Diversity + C(stage) + C(arxiv_primary_category)",C(arxiv_primary_category)[T.cond-mat.mes-hall],-0.48315854324980484,0.12807416017006223,-3.772490427485503,0.00016162616926927473,-0.734179284533341,-0.2321378019662686,138824.0,354731.69906255335,356158.63858485507,0.22559518090048258,0.224791062800768
S4b_LogCitations_Threshold_StageFE,ols,main,"Log_Citations ~ C(HSS_Bin, Treatment(reference='Pure STEM')) + has_hss_concepts + log_team_size + log_prior_knowledge + HSS_Diversity + C(stage) + C(arxiv_primary_category)",C(arxiv_primary_category)[T.cond-mat.mtrl-sci],-0.05781124592846298,0.1272185043515808,-0.4544248199043115,0.649523091551109,-0.30715493262461346,0.19153244076768752,138824.0,354731.69906255335,356158.63858485507,0.22559518090048258,0.224791062800768
S4b_LogCitations_Threshold_StageFE,ols,main,"Log_Citations ~ C(HSS_Bin, Treatment(reference='Pure STEM')) + has_hss_concepts + log_team_size + log_prior_knowledge + HSS_Diversity + C(stage) + C(arxiv_primary_category)",C(arxiv_primary_category)[T.cond-mat.other],-0.36266860631896786,0.12870715707714978,-2.817781190688383,0.004835675158585676,-0.614929998742721,-0.11040721389521474,138824.0,354731.69906255335,356158.63858485507,0.22559518090048258,0.224791062800768
S4b_LogCitations_Threshold_StageFE,ols,main,"Log_Citations ~ C(HSS_Bin, Treatment(reference='Pure STEM')) + has_hss_concepts + log_team_size + log_prior_knowledge + HSS_Diversity + C(stage) + C(arxiv_primary_category)",C(arxiv_primary_category)[T.cond-mat.quant-gas],-0.6831631444323294,0.21555314483921723,-3.169349001806056,0.0015278082029444079,-1.105639545071541,-0.2606867437931178,138824.0,354731.69906255335,356158.63858485507,0.22559518090048258,0.224791062800768
S4b_LogCitations_Threshold_StageFE,ols,main,"Log_Citations ~ C(HSS_Bin, Treatment(reference='Pure STEM')) + has_hss_concepts + log_team_size + log_prior_knowledge + HSS_Diversity + C(stage) + C(arxiv_primary_category)",C(arxiv_primary_category)[T.cond-mat.soft],-0.5440413341408347,0.1570366604998312,-3.4644224629408713,0.0005313712983209555,-0.8518275329729476,-0.23625513530872178,138824.0,354731.69906255335,356158.63858485507,0.22559518090048258,0.224791062800768
S4b_LogCitations_Threshold_StageFE,ols,main,"Log_Citations ~ C(HSS_Bin, Treatment(reference='Pure STEM')) + has_hss_concepts + log_team_size + log_prior_knowledge + HSS_Diversity + C(stage) + C(arxiv_primary_category)",C(arxiv_primary_category)[T.cond-mat.stat-mech],-0.3964058264339923,0.14744830090261085,-2.6884394327189782,0.007178685734075918,-0.6853991857847344,-0.10741246708325031,138824.0,354731.69906255335,356158.63858485507,0.22559518090048258,0.224791062800768
S4b_LogCitations_Threshold_StageFE,ols,main,"Log_Citations ~ C(HSS_Bin, Treatment(reference='Pure STEM')) + has_hss_concepts + log_team_size + log_prior_knowledge + HSS_Diversity + C(stage) + C(arxiv_primary_category)",C(arxiv_primary_category)[T.cond-mat.str-el],-9.668340036343037e-05,0.25490627402033567,-0.0003792899987848759,0.9996973703731588,-0.49970379991351943,0.49951043311279253,138824.0,354731.69906255335,356158.63858485507,0.22559518090048258,0.224791062800768
S4b_LogCitations_Threshold_StageFE,ols,main,"Log_Citations ~ C(HSS_Bin, Treatment(reference='Pure STEM')) + has_hss_concepts + log_team_size + log_prior_knowledge + HSS_Diversity + C(stage) + C(arxiv_primary_category)",C(arxiv_primary_category)[T.cond-mat.supr-con],-0.3067026894322954,0.23836243766957715,-1.286707303511692,0.19819632648539853,-0.7738844825318401,0.16047910366724932,138824.0,354731.69906255335,356158.63858485507,0.22559518090048258,0.224791062800768
S4b_LogCitations_Threshold_StageFE,ols,main,"Log_Citations ~ C(HSS_Bin, Treatment(reference='Pure STEM')) + has_hss_concepts + log_team_size + log_prior_knowledge + HSS_Diversity + C(stage) + C(arxiv_primary_category)",C(arxiv_primary_category)[T.cs.AI],-0.36393875121487446,0.11613297811989831,-3.133810542937561,0.0017255222623046408,-0.5915552057472533,-0.13632229668249565,138824.0,354731.69906255335,356158.63858485507,0.22559518090048258,0.224791062800768
S4b_LogCitations_Threshold_StageFE,ols,main,"Log_Citations ~ C(HSS_Bin, Treatment(reference='Pure STEM')) + has_hss_concepts + log_team_size + log_prior_knowledge + HSS_Diversity + C(stage) + C(arxiv_primary_category)",C(arxiv_primary_category)[T.cs.AR],-0.4313701292039708,0.11830793161131098,-3.6461640680288006,0.0002661840611458957,-0.663249414247568,-0.1994908441603735,138824.0,354731.69906255335,356158.63858485507,0.22559518090048258,0.224791062800768
S4b_LogCitations_Threshold_StageFE,ols,main,"Log_Citations ~ C(HSS_Bin, Treatment(reference='Pure STEM')) + has_hss_concepts + log_team_size + log_prior_knowledge + HSS_Diversity + C(stage) + C(arxiv_primary_category)",C(arxiv_primary_category)[T.cs.CC],-0.6715828507376953,0.15756578377936903,-4.26223787061585,2.0238983856053473e-05,-0.9804061121410841,-0.3627595893343066,138824.0,354731.69906255335,356158.63858485507,0.22559518090048258,0.224791062800768
S4b_LogCitations_Threshold_StageFE,ols,main,"Log_Citations ~ C(HSS_Bin, Treatment(reference='Pure STEM')) + has_hss_concepts + log_team_size + log_prior_knowledge + HSS_Diversity + C(stage) + C(arxiv_primary_category)",C(arxiv_primary_category)[T.cs.CE],-0.37813537959992943,0.12204123557339591,-3.098423068426883,0.001945534746754192,-0.6173318059525539,-0.13893895324730499,138824.0,354731.69906255335,356158.63858485507,0.22559518090048258,0.224791062800768
S4b_LogCitations_Threshold_StageFE,ols,main,"Log_Citations ~ C(HSS_Bin, Treatment(reference='Pure STEM')) + has_hss_concepts + log_team_size + log_prior_knowledge + HSS_Diversity + C(stage) + C(arxiv_primary_category)",C(arxiv_primary_category)[T.cs.CG],-0.2029047607109407,0.22633997444621334,-0.8964601202566553,0.37000707033401425,-0.646522958887235,0.24071343746535362,138824.0,354731.69906255335,356158.63858485507,0.22559518090048258,0.224791062800768
S4b_LogCitations_Threshold_StageFE,ols,main,"Log_Citations ~ C(HSS_Bin, Treatment(reference='Pure STEM')) + has_hss_concepts + log_team_size + log_prior_knowledge + HSS_Diversity + C(stage) + C(arxiv_primary_category)",C(arxiv_primary_category)[T.cs.CL],-0.37346245095264713,0.11598705500585035,-3.2198632074399147,0.0012825177944564762,-0.6007929014369799,-0.14613200046831426,138824.0,354731.69906255335,356158.63858485507,0.22559518090048258,0.224791062800768
S4b_LogCitations_Threshold_StageFE,ols,main,"Log_Citations ~ C(HSS_Bin, Treatment(reference='Pure STEM')) + has_hss_concepts + log_team_size + log_prior_knowledge + HSS_Diversity + C(stage) + C(arxiv_primary_category)",C(arxiv_primary_category)[T.cs.CR],-0.30645119411831295,0.1165559741803077,-2.6292191050133944,0.008558120101976431,-0.5348967056946965,-0.07800568254192941,138824.0,354731.69906255335,356158.63858485507,0.22559518090048258,0.224791062800768
S4b_LogCitations_Threshold_StageFE,ols,main,"Log_Citations ~ C(HSS_Bin, Treatment(reference='Pure STEM')) + has_hss_concepts + log_team_size + log_prior_knowledge + HSS_Diversity + C(stage) + C(arxiv_primary_category)",C(arxiv_primary_category)[T.cs.CV],-0.3373066821611972,0.11597066341562469,-2.908551802901491,0.003631070131576273,-0.5646050057190384,-0.11000835860335595,138824.0,354731.69906255335,356158.63858485507,0.22559518090048258,0.224791062800768
S4b_LogCitations_Threshold_StageFE,ols,main,"Log_Citations ~ C(HSS_Bin, Treatment(reference='Pure STEM')) + has_hss_concepts + log_team_size + log_prior_knowledge + HSS_Diversity + C(stage) + C(arxiv_primary_category)",C(arxiv_primary_category)[T.cs.CY],-0.11503768019995159,0.11841499878592679,-0.9714789627952385,0.3313098240806668,-0.3471268130497223,0.11705145264981914,138824.0,354731.69906255335,356158.63858485507,0.22559518090048258,0.224791062800768
S4b_LogCitations_Threshold_StageFE,ols,main,"Log_Citations ~ C(HSS_Bin, Treatment(reference='Pure STEM')) + has_hss_concepts + log_team_size + log_prior_knowledge + HSS_Diversity + C(stage) + C(arxiv_primary_category)",C(arxiv_primary_category)[T.cs.DB],-0.3062475335121125,0.1191857515993605,-2.569497858616144,0.010184602125826047,-0.5398473141171962,-0.07264775290702877,138824.0,354731.69906255335,356158.63858485507,0.22559518090048258,0.224791062800768
S4b_LogCitations_Threshold_StageFE,ols,main,"Log_Citations ~ C(HSS_Bin, Treatment(reference='Pure STEM')) + has_hss_concepts + log_team_size + log_prior_knowledge + HSS_Diversity + C(stage) + C(arxiv_primary_category)",C(arxiv_primary_category)[T.cs.DC],-0.38275044187894136,0.11774257611582876,-3.2507394903812212,0.0011510527652493498,-0.6135216505129317,-0.15197923324495102,138824.0,354731.69906255335,356158.63858485507,0.22559518090048258,0.224791062800768
S4b_LogCitations_Threshold_StageFE,ols,main,"Log_Citations ~ C(HSS_Bin, Treatment(reference='Pure STEM')) + has_hss_concepts + log_team_size + log_prior_knowledge + HSS_Diversity + C(stage) + C(arxiv_primary_category)",C(arxiv_primary_category)[T.cs.DL],-0.26975880495279775,0.13371643881629108,-2.01739447550956,0.04365436333642253,-0.531838209173682,-0.007679400731913533,138824.0,354731.69906255335,356158.63858485507,0.22559518090048258,0.224791062800768
S4b_LogCitations_Threshold_StageFE,ols,main,"Log_Citations ~ C(HSS_Bin, Treatment(reference='Pure STEM')) + has_hss_concepts + log_team_size + log_prior_knowledge + HSS_Diversity + C(stage) + C(arxiv_primary_category)",C(arxiv_primary_category)[T.cs.DM],-0.4660503982841238,0.1543131852909186,-3.020159278064952,0.002526417864814857,-0.7684986837939802,-0.16360211277426734,138824.0,354731.69906255335,356158.63858485507,0.22559518090048258,0.224791062800768
S4b_LogCitations_Threshold_StageFE,ols,main,"Log_Citations ~ C(HSS_Bin, Treatment(reference='Pure STEM')) + has_hss_concepts + log_team_size + log_prior_knowledge + HSS_Diversity + C(stage) + C(arxiv_primary_category)",C(arxiv_primary_category)[T.cs.DS],-0.5240980127182251,0.15027117740759685,-3.487681548515835,0.00048722801476522483,-0.818624108351544,-0.2295719170849062,138824.0,354731.69906255335,356158.63858485507,0.22559518090048258,0.224791062800768
S4b_LogCitations_Threshold_StageFE,ols,main,"Log_Citations ~ C(HSS_Bin, Treatment(reference='Pure STEM')) + has_hss_concepts + log_team_size + log_prior_knowledge + HSS_Diversity + C(stage) + C(arxiv_primary_category)",C(arxiv_primary_category)[T.cs.ET],-0.32785713650870396,0.14859191117564308,-2.206426540413498,0.027354148440684893,-0.6190919308069391,-0.03662234221046878,138824.0,354731.69906255335,356158.63858485507,0.22559518090048258,0.224791062800768
S4b_LogCitations_Threshold_StageFE,ols,main,"Log_Citations ~ C(HSS_Bin, Treatment(reference='Pure STEM')) + has_hss_concepts + log_team_size + log_prior_knowledge + HSS_Diversity + C(stage) + C(arxiv_primary_category)",C(arxiv_primary_category)[T.cs.FL],-0.31240873652243817,0.16881084190635468,-1.850643791562525,0.06422081531642101,-0.6432719068587782,0.018454433813901883,138824.0,354731.69906255335,356158.63858485507,0.22559518090048258,0.224791062800768
S4b_LogCitations_Threshold_StageFE,ols,main,"Log_Citations ~ C(HSS_Bin, Treatment(reference='Pure STEM')) + has_hss_concepts + log_team_size + log_prior_knowledge + HSS_Diversity + C(stage) + C(arxiv_primary_category)",C(arxiv_primary_category)[T.cs.GL],0.7456855709949388,0.7156634116747477,1.0419501106671574,0.2974348096267564,-0.6569889409406287,2.1483600829305063,138824.0,354731.69906255335,356158.63858485507,0.22559518090048258,0.224791062800768
S4b_LogCitations_Threshold_StageFE,ols,main,"Log_Citations ~ C(HSS_Bin, Treatment(reference='Pure STEM')) + has_hss_concepts + log_team_size + log_prior_knowledge + HSS_Diversity + C(stage) + C(arxiv_primary_category)",C(arxiv_primary_category)[T.cs.GR],-0.4833258057448987,0.11932982617688781,-4.050335286908436,5.114429914694418e-05,-0.7172079673330238,-0.24944364415677361,138824.0,354731.69906255335,356158.63858485507,0.22559518090048258,0.224791062800768
S4b_LogCitations_Threshold_StageFE,ols,main,"Log_Citations ~ C(HSS_Bin, Treatment(reference='Pure STEM')) + has_hss_concepts + log_team_size + log_prior_knowledge + HSS_Diversity + C(stage) + C(arxiv_primary_category)",C(arxiv_primary_category)[T.cs.GT],-0.6288076469392698,0.13391871335190625,-4.695442714468994,2.6602991726722034e-06,-0.8912835019649493,-0.36633179191359033,138824.0,354731.69906255335,356158.63858485507,0.22559518090048258,0.224791062800768
S4b_LogCitations_Threshold_StageFE,ols,main,"Log_Citations ~ C(HSS_Bin, Treatment(reference='Pure STEM')) + has_hss_concepts + log_team_size + log_prior_knowledge + HSS_Diversity + C(stage) + C(arxiv_primary_category)",C(arxiv_primary_category)[T.cs.HC],-0.29148443717085804,0.11702057715096761,-2.4908818967352686,0.012742646944051807,-0.5208405538368454,-0.06212832050487074,138824.0,354731.69906255335,356158.63858485507,0.22559518090048258,0.224791062800768
S4b_LogCitations_Threshold_StageFE,ols,main,"Log_Citations ~ C(HSS_Bin, Treatment(reference='Pure STEM')) + has_hss_concepts + log_team_size + log_prior_knowledge + HSS_Diversity + C(stage) + C(arxiv_primary_category)",C(arxiv_primary_category)[T.cs.IR],-0.3976209862716687,0.1166426237653383,-3.4088823916684423,0.0006522959457513863,-0.6262363279139875,-0.16900564462934986,138824.0,354731.69906255335,356158.63858485507,0.22559518090048258,0.224791062800768
S4b_LogCitations_Threshold_StageFE,ols,main,"Log_Citations ~ C(HSS_Bin, Treatment(reference='Pure STEM')) + has_hss_concepts + log_team_size + log_prior_knowledge + HSS_Diversity + C(stage) + C(arxiv_primary_category)",C(arxiv_primary_category)[T.cs.IT],-0.9721596593750019,0.1182055269987684,-8.224316443216154,1.963071791045806e-16,-1.203838235066165,-0.7404810836838389,138824.0,354731.69906255335,356158.63858485507,0.22559518090048258,0.224791062800768
S4b_LogCitations_Threshold_StageFE,ols,main,"Log_Citations ~ C(HSS_Bin, Treatment(reference='Pure STEM')) + has_hss_concepts + log_team_size + log_prior_knowledge + HSS_Diversity + C(stage) + C(arxiv_primary_category)",C(arxiv_primary_category)[T.cs.LG],-0.2606611985651596,0.11602526715414063,-2.246589945092467,0.02466624536550344,-0.4880665434839133,-0.0332558536464059,138824.0,354731.69906255335,356158.63858485507,0.22559518090048258,0.224791062800768
S4b_LogCitations_Threshold_StageFE,ols,main,"Log_Citations ~ C(HSS_Bin, Treatment(reference='Pure STEM')) + has_hss_concepts + log_team_size + log_prior_knowledge + HSS_Diversity + C(stage) + C(arxiv_primary_category)",C(arxiv_primary_category)[T.cs.LO],-0.3344200983861555,0.1349303272909785,-2.4784650352546427,0.013194904300748569,-0.5988786802986753,-0.06996151647363569,138824.0,354731.69906255335,356158.63858485507,0.22559518090048258,0.224791062800768
S4b_LogCitations_Threshold_StageFE,ols,main,"Log_Citations ~ C(HSS_Bin, Treatment(reference='Pure STEM')) + has_hss_concepts + log_team_size + log_prior_knowledge + HSS_Diversity + C(stage) + C(arxiv_primary_category)",C(arxiv_primary_category)[T.cs.MA],-0.40594761341069135,0.11911676691935531,-3.4079804540491505,0.0006544558242825221,-0.6394121865274799,-0.17248304029390282,138824.0,354731.69906255335,356158.63858485507,0.22559518090048258,0.224791062800768
S4b_LogCitations_Threshold_StageFE,ols,main,"Log_Citations ~ C(HSS_Bin, Treatment(reference='Pure STEM')) + has_hss_concepts + log_team_size + log_prior_knowledge + HSS_Diversity + C(stage) + C(arxiv_primary_category)",C(arxiv_primary_category)[T.cs.MM],-0.5257912044483484,0.12134484315818606,-4.333032956027006,1.470690842605646e-05,-0.7636227267480546,-0.2879596821486421,138824.0,354731.69906255335,356158.63858485507,0.22559518090048258,0.224791062800768
S4b_LogCitations_Threshold_StageFE,ols,main,"Log_Citations ~ C(HSS_Bin, Treatment(reference='Pure STEM')) + has_hss_concepts + log_team_size + log_prior_knowledge + HSS_Diversity + C(stage) + C(arxiv_primary_category)",C(arxiv_primary_category)[T.cs.MS],-0.020893176946064115,0.24610488344194142,-0.08489541797732357,0.9323445345623719,-0.5032498849116972,0.46146353101956894,138824.0,354731.69906255335,356158.63858485507,0.22559518090048258,0.224791062800768
S4b_LogCitations_Threshold_StageFE,ols,main,"Log_Citations ~ C(HSS_Bin, Treatment(reference='Pure STEM')) + has_hss_concepts + log_team_size + log_prior_knowledge + HSS_Diversity + C(stage) + C(arxiv_primary_category)",C(arxiv_primary_category)[T.cs.NE],-0.19995786919820968,0.12930343922096388,-1.5464234393371854,0.12200233696223785,-0.45338795314846275,0.05347221475204339,138824.0,354731.69906255335,356158.63858485507,0.22559518090048258,0.224791062800768
S4b_LogCitations_Threshold_StageFE,ols,main,"Log_Citations ~ C(HSS_Bin, Treatment(reference='Pure STEM')) + has_hss_concepts + log_team_size + log_prior_knowledge + HSS_Diversity + C(stage) + C(arxiv_primary_category)",C(arxiv_primary_category)[T.cs.NI],-0.5091263371920209,0.11971808437311385,-4.252710355816218,2.1119866997235763e-05,-0.7437694708614515,-0.27448320352259037,138824.0,354731.69906255335,356158.63858485507,0.22559518090048258,0.224791062800768
S4b_LogCitations_Threshold_StageFE,ols,main,"Log_Citations ~ C(HSS_Bin, Treatment(reference='Pure STEM')) + has_hss_concepts + log_team_size + log_prior_knowledge + HSS_Diversity + C(stage) + C(arxiv_primary_category)",C(arxiv_primary_category)[T.cs.OH],-0.09612041522460579,0.3075295829469481,-0.3125566467574195,0.7546175197669174,-0.6988673219812472,0.5066264915320356,138824.0,354731.69906255335,356158.63858485507,0.22559518090048258,0.224791062800768
S4b_LogCitations_Threshold_StageFE,ols,main,"Log_Citations ~ C(HSS_Bin, Treatment(reference='Pure STEM')) + has_hss_concepts + log_team_size + log_prior_knowledge + HSS_Diversity + C(stage) + C(arxiv_primary_category)",C(arxiv_primary_category)[T.cs.OS],-0.4042116098541861,0.13531487683726953,-2.9871926820012065,0.0028155220876189694,-0.6694238950277076,-0.13899932468066462,138824.0,354731.69906255335,356158.63858485507,0.22559518090048258,0.224791062800768
S4b_LogCitations_Threshold_StageFE,ols,main,"Log_Citations ~ C(HSS_Bin, Treatment(reference='Pure STEM')) + has_hss_concepts + log_team_size + log_prior_knowledge + HSS_Diversity + C(stage) + C(arxiv_primary_category)",C(arxiv_primary_category)[T.cs.PF],-0.34700785783414023,0.1319852006246989,-2.6291421779996393,0.008560056385303952,-0.6056940975508436,-0.08832161811743694,138824.0,354731.69906255335,356158.63858485507,0.22559518090048258,0.224791062800768
S4b_LogCitations_Threshold_StageFE,ols,main,"Log_Citations ~ C(HSS_Bin, Treatment(reference='Pure STEM')) + has_hss_concepts + log_team_size + log_prior_knowledge + HSS_Diversity + C(stage) + C(arxiv_primary_category)",C(arxiv_primary_category)[T.cs.PL],-0.335122701566773,0.12931898436203604,-2.591442418296276,0.00955745343654475,-0.5885832534336621,-0.08166214969988389,138824.0,354731.69906255335,356158.63858485507,0.22559518090048258,0.224791062800768
S4b_LogCitations_Threshold_StageFE,ols,main,"Log_Citations ~ C(HSS_Bin, Treatment(reference='Pure STEM')) + has_hss_concepts + log_team_size + log_prior_knowledge + HSS_Diversity + C(stage) + C(arxiv_primary_category)",C(arxiv_primary_category)[T.cs.RO],-0.38125417955991875,0.11654761492930074,-3.2712310740223414,0.0010708037720105657,-0.6096833073053909,-0.15282505181444658,138824.0,354731.69906255335,356158.63858485507,0.22559518090048258,0.224791062800768
S4b_LogCitations_Threshold_StageFE,ols,main,"Log_Citations ~ C(HSS_Bin, Treatment(reference='Pure STEM')) + has_hss_concepts + log_team_size + log_prior_knowledge + HSS_Diversity + C(stage) + C(arxiv_primary_category)",C(arxiv_primary_category)[T.cs.SC],-0.48027609163585194,0.20339261367213685,-2.3613251384341982,0.018209757366047515,-0.8789182891547092,-0.08163389411699473,138824.0,354731.69906255335,356158.63858485507,0.22559518090048258,0.224791062800768
S4b_LogCitations_Threshold_StageFE,ols,main,"Log_Citations ~ C(HSS_Bin, Treatment(reference='Pure STEM')) + has_hss_concepts + log_team_size + log_prior_knowledge + HSS_Diversity + C(stage) + C(arxiv_primary_category)",C(arxiv_primary_category)[T.cs.SD],-0.48195161659299696,0.11715396102549451,-4.113831170318832,3.891460913014816e-05,-0.7115691608491754,-0.25233407233681854,138824.0,354731.69906255335,356158.63858485507,0.22559518090048258,0.224791062800768
S4b_LogCitations_Threshold_StageFE,ols,main,"Log_Citations ~ C(HSS_Bin, Treatment(reference='Pure STEM')) + has_hss_concepts + log_team_size + log_prior_knowledge + HSS_Diversity + C(stage) + C(arxiv_primary_category)",C(arxiv_primary_category)[T.cs.SE],-0.30844703603637197,0.11649776986574009,-2.647664726902903,0.008104986227507946,-0.5367784692524582,-0.08011560282028579,138824.0,354731.69906255335,356158.63858485507,0.22559518090048258,0.224791062800768
S4b_LogCitations_Threshold_StageFE,ols,main,"Log_Citations ~ C(HSS_Bin, Treatment(reference='Pure STEM')) + has_hss_concepts + log_team_size + log_prior_knowledge + HSS_Diversity + C(stage) + C(arxiv_primary_category)",C(arxiv_primary_category)[T.cs.SI],-0.4570445495583322,0.12220156063785116,-3.7400876647786894,0.00018395608594976509,-0.6965552072631079,-0.2175338918535564,138824.0,354731.69906255335,356158.63858485507,0.22559518090048258,0.224791062800768
S4b_LogCitations_Threshold_StageFE,ols,main,"Log_Citations ~ C(HSS_Bin, Treatment(reference='Pure STEM')) + has_hss_concepts + log_team_size + log_prior_knowledge + HSS_Diversity + C(stage) + C(arxiv_primary_category)",C(arxiv_primary_category)[T.econ.EM],-0.4972309865723874,0.1547486334302825,-3.2131526821941234,0.0013128647745058763,-0.8005327347525322,-0.1939292383922427,138824.0,354731.69906255335,356158.63858485507,0.22559518090048258,0.224791062800768
S4b_LogCitations_Threshold_StageFE,ols,main,"Log_Citations ~ C(HSS_Bin, Treatment(reference='Pure STEM')) + has_hss_concepts + log_team_size + log_prior_knowledge + HSS_Diversity + C(stage) + C(arxiv_primary_category)",C(arxiv_primary_category)[T.econ.GN],-0.1039128385190249,0.15584513769901032,-0.6667698463568094,0.5049191562686972,-0.40936369557477054,0.20153801853672076,138824.0,354731.69906255335,356158.63858485507,0.22559518090048258,0.224791062800768
S4b_LogCitations_Threshold_StageFE,ols,main,"Log_Citations ~ C(HSS_Bin, Treatment(reference='Pure STEM')) + has_hss_concepts + log_team_size + log_prior_knowledge + HSS_Diversity + C(stage) + C(arxiv_primary_category)",C(arxiv_primary_category)[T.econ.TH],-0.580325241033105,0.13749932951425486,-4.220567788099224,2.436877628735038e-05,-0.8498189747794498,-0.3108315072867602,138824.0,354731.69906255335,356158.63858485507,0.22559518090048258,0.224791062800768
S4b_LogCitations_Threshold_StageFE,ols,main,"Log_Citations ~ C(HSS_Bin, Treatment(reference='Pure STEM')) + has_hss_concepts + log_team_size + log_prior_knowledge + HSS_Diversity + C(stage) + C(arxiv_primary_category)",C(arxiv_primary_category)[T.eess.AS],-0.5695918927136259,0.11782942522293016,-4.83403777652291,1.337911804268583e-06,-0.8005333224696244,-0.33865046295762735,138824.0,354731.69906255335,356158.63858485507,0.22559518090048258,0.224791062800768
S4b_LogCitations_Threshold_StageFE,ols,main,"Log_Citations ~ C(HSS_Bin, Treatment(reference='Pure STEM')) + has_hss_concepts + log_team_size + log_prior_knowledge + HSS_Diversity + C(stage) + C(arxiv_primary_category)",C(arxiv_primary_category)[T.eess.IV],-0.31752991116679424,0.11701867833760668,-2.7134976712922643,0.006657703616708419,-0.5468823062269808,-0.08817751610660773,138824.0,354731.69906255335,356158.63858485507,0.22559518090048258,0.224791062800768
S4b_LogCitations_Threshold_StageFE,ols,main,"Log_Citations ~ C(HSS_Bin, Treatment(reference='Pure STEM')) + has_hss_concepts + log_team_size + log_prior_knowledge + HSS_Diversity + C(stage) + C(arxiv_primary_category)",C(arxiv_primary_category)[T.eess.SP],-0.5594426676419255,0.11897106253979979,-4.702342365436749,2.571937678169223e-06,-0.7926216654223954,-0.32626366986145555,138824.0,354731.69906255335,356158.63858485507,0.22559518090048258,0.224791062800768
S4b_LogCitations_Threshold_StageFE,ols,main,"Log_Citations ~ C(HSS_Bin, Treatment(reference='Pure STEM')) + has_hss_concepts + log_team_size + log_prior_knowledge + HSS_Diversity + C(stage) + C(arxiv_primary_category)",C(arxiv_primary_category)[T.eess.SY],-0.46202516764537355,0.12055649633471746,-3.8324369212140175,0.00012688013839829766,-0.6983115585637548,-0.2257387767269923,138824.0,354731.69906255335,356158.63858485507,0.22559518090048258,0.224791062800768
S4b_LogCitations_Threshold_StageFE,ols,main,"Log_Citations ~ C(HSS_Bin, Treatment(reference='Pure STEM')) + has_hss_concepts + log_team_size + log_prior_knowledge + HSS_Diversity + C(stage) + C(arxiv_primary_category)",C(arxiv_primary_category)[T.gr-qc],-0.4304575157291847,0.12875197425185309,-3.343308079200108,0.0008278593594679156,-0.6828067482012452,-0.1781082832571243,138824.0,354731.69906255335,356158.63858485507,0.22559518090048258,0.224791062800768
S4b_LogCitations_Threshold_StageFE,ols,main,"Log_Citations ~ C(HSS_Bin, Treatment(reference='Pure STEM')) + has_hss_concepts + log_team_size + log_prior_knowledge + HSS_Diversity + C(stage) + C(arxiv_primary_category)",C(arxiv_primary_category)[T.hep-ex],0.036292453477856014,0.16104892840812862,0.22535048097857585,0.8217066312934764,-0.27935764595084567,0.35194255290655774,138824.0,354731.69906255335,356158.63858485507,0.22559518090048258,0.224791062800768
S4b_LogCitations_Threshold_StageFE,ols,main,"Log_Citations ~ C(HSS_Bin, Treatment(reference='Pure STEM')) + has_hss_concepts + log_team_size + log_prior_knowledge + HSS_Diversity + C(stage) + C(arxiv_primary_category)",C(arxiv_primary_category)[T.hep-lat],-0.18165117705637282,0.19215464086080997,-0.9453384848922515,0.34448609662194085,-0.558267352605789,0.19496499849304336,138824.0,354731.69906255335,356158.63858485507,0.22559518090048258,0.224791062800768
S4b_LogCitations_Threshold_StageFE,ols,main,"Log_Citations ~ C(HSS_Bin, Treatment(reference='Pure STEM')) + has_hss_concepts + log_team_size + log_prior_knowledge + HSS_Diversity + C(stage) + C(arxiv_primary_category)",C(arxiv_primary_category)[T.hep-ph],0.06763025760402241,0.14872683686373017,0.45472800356796483,0.6493049318082602,-0.22386898618345275,0.3591295013914976,138824.0,354731.69906255335,356158.63858485507,0.22559518090048258,0.224791062800768
S4b_LogCitations_Threshold_StageFE,ols,main,"Log_Citations ~ C(HSS_Bin, Treatment(reference='Pure STEM')) + has_hss_concepts + log_team_size + log_prior_knowledge + HSS_Diversity + C(stage) + C(arxiv_primary_category)",C(arxiv_primary_category)[T.hep-th],0.5542189680105739,0.362949610215088,1.5269859848647793,0.1267644964572935,-0.15714919621384948,1.2655871322349972,138824.0,354731.69906255335,356158.63858485507,0.22559518090048258,0.224791062800768
S4b_LogCitations_Threshold_StageFE,ols,main,"Log_Citations ~ C(HSS_Bin, Treatment(reference='Pure STEM')) + has_hss_concepts + log_team_size + log_prior_knowledge + HSS_Diversity + C(stage) + C(arxiv_primary_category)",C(arxiv_primary_category)[T.math-ph],-0.2639885545976462,0.2681491306120176,-0.98448409657389,0.3248775471263926,-0.7895511930829275,0.2615740838876352,138824.0,354731.69906255335,356158.63858485507,0.22559518090048258,0.224791062800768
S4b_LogCitations_Threshold_StageFE,ols,main,"Log_Citations ~ C(HSS_Bin, Treatment(reference='Pure STEM')) + has_hss_concepts + log_team_size + log_prior_knowledge + HSS_Diversity + C(stage) + C(arxiv_primary_category)",C(arxiv_primary_category)[T.math.AC],-0.2736213330352768,0.11587157106924155,-2.3614190306591123,0.018205146954299842,-0.5007254391630636,-0.04651722690749008,138824.0,354731.69906255335,356158.63858485507,0.22559518090048258,0.224791062800768
S4b_LogCitations_Threshold_StageFE,ols,main,"Log_Citations ~ C(HSS_Bin, Treatment(reference='Pure STEM')) + has_hss_concepts + log_team_size + log_prior_knowledge + HSS_Diversity + C(stage) + C(arxiv_primary_category)",C(arxiv_primary_category)[T.math.AG],-0.28735052700515085,0.18358296152968617,-1.565235273528829,0.11752775356950847,-0.647166519778538,0.07246546576823631,138824.0,354731.69906255335,356158.63858485507,0.22559518090048258,0.224791062800768
S4b_LogCitations_Threshold_StageFE,ols,main,"Log_Citations ~ C(HSS_Bin, Treatment(reference='Pure STEM')) + has_hss_concepts + log_team_size + log_prior_knowledge + HSS_Diversity + C(stage) + C(arxiv_primary_category)",C(arxiv_primary_category)[T.math.AP],-0.6702568614708762,0.1416707847699941,-4.731087376688526,2.233203650877171e-06,-0.9479264972815902,-0.39258722566016213,138824.0,354731.69906255335,356158.63858485507,0.22559518090048258,0.224791062800768
S4b_LogCitations_Threshold_StageFE,ols,main,"Log_Citations ~ C(HSS_Bin, Treatment(reference='Pure STEM')) + has_hss_concepts + log_team_size + log_prior_knowledge + HSS_Diversity + C(stage) + C(arxiv_primary_category)",C(arxiv_primary_category)[T.math.AT],-0.46764364929054003,0.11585977348715513,-4.036290035923345,5.430307880870804e-05,-0.6947246325823327,-0.24056266599874734,138824.0,354731.69906255335,356158.63858485507,0.22559518090048258,0.224791062800768
S4b_LogCitations_Threshold_StageFE,ols,main,"Log_Citations ~ C(HSS_Bin, Treatment(reference='Pure STEM')) + has_hss_concepts + log_team_size + log_prior_knowledge + HSS_Diversity + C(stage) + C(arxiv_primary_category)",C(arxiv_primary_category)[T.math.CO],-0.793539244050809,0.25134670250672053,-3.1571500088790354,0.001593193633157021,-1.2861697285968845,-0.30090875950473345,138824.0,354731.69906255335,356158.63858485507,0.22559518090048258,0.224791062800768
S4b_LogCitations_Threshold_StageFE,ols,main,"Log_Citations ~ C(HSS_Bin, Treatment(reference='Pure STEM')) + has_hss_concepts + log_team_size + log_prior_knowledge + HSS_Diversity + C(stage) + C(arxiv_primary_category)",C(arxiv_primary_category)[T.math.CT],-0.5978081878206117,0.27112254029493593,-2.2049372478226874,0.02745849829218826,-1.1291986021956957,-0.0664177734455278,138824.0,354731.69906255335,356158.63858485507,0.22559518090048258,0.224791062800768
S4b_LogCitations_Threshold_StageFE,ols,main,"Log_Citations ~ C(HSS_Bin, Treatment(reference='Pure STEM')) + has_hss_concepts + log_team_size + log_prior_knowledge + HSS_Diversity + C(stage) + C(arxiv_primary_category)",C(arxiv_primary_category)[T.math.DG],-0.478100894865553,0.13349789807235773,-3.5813364986946508,0.00034184103757556414,-0.7397519670991732,-0.21644982263193274,138824.0,354731.69906255335,356158.63858485507,0.22559518090048258,0.224791062800768
S4b_LogCitations_Threshold_StageFE,ols,main,"Log_Citations ~ C(HSS_Bin, Treatment(reference='Pure STEM')) + has_hss_concepts + log_team_size + log_prior_knowledge + HSS_Diversity + C(stage) + C(arxiv_primary_category)",C(arxiv_primary_category)[T.math.DS],-0.5141264387616505,0.1644384750229572,-3.126558055770546,0.0017686557987223325,-0.8364199274793358,-0.19183295004396522,138824.0,354731.69906255335,356158.63858485507,0.22559518090048258,0.224791062800768
S4b_LogCitations_Threshold_StageFE,ols,main,"Log_Citations ~ C(HSS_Bin, Treatment(reference='Pure STEM')) + has_hss_concepts + log_team_size + log_prior_knowledge + HSS_Diversity + C(stage) + C(arxiv_primary_category)",C(arxiv_primary_category)[T.math.FA],-0.6659725900145942,0.22566510715018778,-2.9511544714414657,0.0031658854299626534,-1.1082680725963345,-0.2236771074328539,138824.0,354731.69906255335,356158.63858485507,0.22559518090048258,0.224791062800768
S4b_LogCitations_Threshold_StageFE,ols,main,"Log_Citations ~ C(HSS_Bin, Treatment(reference='Pure STEM')) + has_hss_concepts + log_team_size + log_prior_knowledge + HSS_Diversity + C(stage) + C(arxiv_primary_category)",C(arxiv_primary_category)[T.math.GM],-2.344793674731487,0.5798981085849755,-4.043458048954633,5.2668583496129775e-05,-3.4813730822609363,-1.2082142672020373,138824.0,354731.69906255335,356158.63858485507,0.22559518090048258,0.224791062800768
S4b_LogCitations_Threshold_StageFE,ols,main,"Log_Citations ~ C(HSS_Bin, Treatment(reference='Pure STEM')) + has_hss_concepts + log_team_size + log_prior_knowledge + HSS_Diversity + C(stage) + C(arxiv_primary_category)",C(arxiv_primary_category)[T.math.GR],-0.6184064348573756,0.1162866444396625,-5.317948916982012,1.0494352072451164e-07,-0.846324069842129,-0.39048879987262214,138824.0,354731.69906255335,356158.63858485507,0.22559518090048258,0.224791062800768
S4b_LogCitations_Threshold_StageFE,ols,main,"Log_Citations ~ C(HSS_Bin, Treatment(reference='Pure STEM')) + has_hss_concepts + log_team_size + log_prior_knowledge + HSS_Diversity + C(stage) + C(arxiv_primary_category)",C(arxiv_primary_category)[T.math.GT],-0.5579943465658541,0.16174645629165965,-3.4498087893788787,0.0005609837454474961,-0.875011575524489,-0.24097711760721918,138824.0,354731.69906255335,356158.63858485507,0.22559518090048258,0.224791062800768
S4b_LogCitations_Threshold_StageFE,ols,main,"Log_Citations ~ C(HSS_Bin, Treatment(reference='Pure STEM')) + has_hss_concepts + log_team_size + log_prior_knowledge + HSS_Diversity + C(stage) + C(arxiv_primary_category)",C(arxiv_primary_category)[T.math.HO],-0.29044829019031077,0.14971379694931444,-1.9400235389704392,0.05237682924719088,-0.5838819401997097,0.0029853598190881514,138824.0,354731.69906255335,356158.63858485507,0.22559518090048258,0.224791062800768
S4b_LogCitations_Threshold_StageFE,ols,main,"Log_Citations ~ C(HSS_Bin, Treatment(reference='Pure STEM')) + has_hss_concepts + log_team_size + log_prior_knowledge + HSS_Diversity + C(stage) + C(arxiv_primary_category)",C(arxiv_primary_category)[T.math.LO],0.08795992554726012,0.2648975333956611,0.33205264095789,0.7398495100978092,-0.4312296995017318,0.6071495505962521,138824.0,354731.69906255335,356158.63858485507,0.22559518090048258,0.224791062800768
S4b_LogCitations_Threshold_StageFE,ols,main,"Log_Citations ~ C(HSS_Bin, Treatment(reference='Pure STEM')) + has_hss_concepts + log_team_size + log_prior_knowledge + HSS_Diversity + C(stage) + C(arxiv_primary_category)",C(arxiv_primary_category)[T.math.NA],-0.4036603735019361,0.12342330789558434,-3.2705360145057147,0.0010734387286858707,-0.6455656118300795,-0.16175513517379272,138824.0,354731.69906255335,356158.63858485507,0.22559518090048258,0.224791062800768
S4b_LogCitations_Threshold_StageFE,ols,main,"Log_Citations ~ C(HSS_Bin, Treatment(reference='Pure STEM')) + has_hss_concepts + log_team_size + log_prior_knowledge + HSS_Diversity + C(stage) + C(arxiv_primary_category)",C(arxiv_primary_category)[T.math.NT],-0.9852657581303975,0.3591736024018365,-2.7431463546925734,0.006085355653093677,-1.6892330830355062,-0.2812984332252889,138824.0,354731.69906255335,356158.63858485507,0.22559518090048258,0.224791062800768
S4b_LogCitations_Threshold_StageFE,ols,main,"Log_Citations ~ C(HSS_Bin, Treatment(reference='Pure STEM')) + has_hss_concepts + log_team_size + log_prior_knowledge + HSS_Diversity + C(stage) + C(arxiv_primary_category)",C(arxiv_primary_category)[T.math.OC],-0.4002450156299603,0.1296424555738584,-3.0872989396744135,0.002019843593093685,-0.6543395594220567,-0.14615047183786384,138824.0,354731.69906255335,356158.63858485507,0.22559518090048258,0.224791062800768
S4b_LogCitations_Threshold_StageFE,ols,main,"Log_Citations ~ C(HSS_Bin, Treatment(reference='Pure STEM')) + has_hss_concepts + log_team_size + log_prior_knowledge + HSS_Diversity + C(stage) + C(arxiv_primary_category)",C(arxiv_primary_category)[T.math.PR],-0.6801647803566325,0.16059211186336766,-4.235356098531907,2.2818979788555106e-05,-0.9949195358100607,-0.36541002490320434,138824.0,354731.69906255335,356158.63858485507,0.22559518090048258,0.224791062800768
S4b_LogCitations_Threshold_StageFE,ols,main,"Log_Citations ~ C(HSS_Bin, Treatment(reference='Pure STEM')) + has_hss_concepts + log_team_size + log_prior_knowledge + HSS_Diversity + C(stage) + C(arxiv_primary_category)",C(arxiv_primary_category)[T.math.SP],-0.41958526808595353,0.11587709359018478,-3.6209509151987738,0.0002935222036944407,-0.6467001981558929,-0.1924703380160142,138824.0,354731.69906255335,356158.63858485507,0.22559518090048258,0.224791062800768
S4b_LogCitations_Threshold_StageFE,ols,main,"Log_Citations ~ C(HSS_Bin, Treatment(reference='Pure STEM')) + has_hss_concepts + log_team_size + log_prior_knowledge + HSS_Diversity + C(stage) + C(arxiv_primary_category)",C(arxiv_primary_category)[T.math.ST],-0.4962466935893901,0.14348136590036878,-3.458614228233484,0.0005429619794301881,-0.7774650032067263,-0.21502838397205387,138824.0,354731.69906255335,356158.63858485507,0.22559518090048258,0.224791062800768
S4b_LogCitations_Threshold_StageFE,ols,main,"Log_Citations ~ C(HSS_Bin, Treatment(reference='Pure STEM')) + has_hss_concepts + log_team_size + log_prior_knowledge + HSS_Diversity + C(stage) + C(arxiv_primary_category)",C(arxiv_primary_category)[T.nlin.AO],-0.4743668247633673,0.1380177691829142,-3.4369982037218088,0.0005881995043820629,-0.7448766815884413,-0.20385696793829328,138824.0,354731.69906255335,356158.63858485507,0.22559518090048258,0.224791062800768
S4b_LogCitations_Threshold_StageFE,ols,main,"Log_Citations ~ C(HSS_Bin, Treatment(reference='Pure STEM')) + has_hss_concepts + log_team_size + log_prior_knowledge + HSS_Diversity + C(stage) + C(arxiv_primary_category)",C(arxiv_primary_category)[T.nlin.CD],-0.30245285785656645,0.18148805017623143,-1.666516652544748,0.0956105542281775,-0.6581628998263782,0.05325718411324537,138824.0,354731.69906255335,356158.63858485507,0.22559518090048258,0.224791062800768
S4b_LogCitations_Threshold_StageFE,ols,main,"Log_Citations ~ C(HSS_Bin, Treatment(reference='Pure STEM')) + has_hss_concepts + log_team_size + log_prior_knowledge + HSS_Diversity + C(stage) + C(arxiv_primary_category)",C(arxiv_primary_category)[T.nlin.CG],-0.28763835300809304,0.11595471153170155,-2.480609448366002,0.013115799121238675,-0.5149054114479593,-0.060371294568226735,138824.0,354731.69906255335,356158.63858485507,0.22559518090048258,0.224791062800768
S4b_LogCitations_Threshold_StageFE,ols,main,"Log_Citations ~ C(HSS_Bin, Treatment(reference='Pure STEM')) + has_hss_concepts + log_team_size + log_prior_knowledge + HSS_Diversity + C(stage) + C(arxiv_primary_category)",C(arxiv_primary_category)[T.nlin.PS],-0.52249880064357,0.24339218150821504,-2.1467361745386815,0.031814291123839364,-0.9995387105183072,-0.045458890768832805,138824.0,354731.69906255335,356158.63858485507,0.22559518090048258,0.224791062800768
S4b_LogCitations_Threshold_StageFE,ols,main,"Log_Citations ~ C(HSS_Bin, Treatment(reference='Pure STEM')) + has_hss_concepts + log_team_size + log_prior_knowledge + HSS_Diversity + C(stage) + C(arxiv_primary_category)",C(arxiv_primary_category)[T.nucl-ex],-0.6231508137679597,0.12447542855850541,-5.006215451389822,5.551062159010891e-07,-0.8671181707028188,-0.37918345683310056,138824.0,354731.69906255335,356158.63858485507,0.22559518090048258,0.224791062800768
S4b_LogCitations_Threshold_StageFE,ols,main,"Log_Citations ~ C(HSS_Bin, Treatment(reference='Pure STEM')) + has_hss_concepts + log_team_size + log_prior_knowledge + HSS_Diversity + C(stage) + C(arxiv_primary_category)",C(arxiv_primary_category)[T.nucl-th],-0.5250421816717954,0.17882584563262272,-2.9360531181294376,0.00332417395397114,-0.8755343986166553,-0.17454996472693557,138824.0,354731.69906255335,356158.63858485507,0.22559518090048258,0.224791062800768
S4b_LogCitations_Threshold_StageFE,ols,main,"Log_Citations ~ C(HSS_Bin, Treatment(reference='Pure STEM')) + has_hss_concepts + log_team_size + log_prior_knowledge + HSS_Diversity + C(stage) + C(arxiv_primary_category)",C(arxiv_primary_category)[T.physics.acc-ph],-0.25236429313477976,0.1871549738707984,-1.3484241851301175,0.17752198956556287,-0.6191813014490795,0.11445271517951999,138824.0,354731.69906255335,356158.63858485507,0.22559518090048258,0.224791062800768
S4b_LogCitations_Threshold_StageFE,ols,main,"Log_Citations ~ C(HSS_Bin, Treatment(reference='Pure STEM')) + has_hss_concepts + log_team_size + log_prior_knowledge + HSS_Diversity + C(stage) + C(arxiv_primary_category)",C(arxiv_primary_category)[T.physics.ao-ph],0.11665968549471104,0.1642913557183354,0.7100780499657869,0.47765573713181686,-0.20534545468448498,0.4386648256739071,138824.0,354731.69906255335,356158.63858485507,0.22559518090048258,0.224791062800768
S4b_LogCitations_Threshold_StageFE,ols,main,"Log_Citations ~ C(HSS_Bin, Treatment(reference='Pure STEM')) + has_hss_concepts + log_team_size + log_prior_knowledge + HSS_Diversity + C(stage) + C(arxiv_primary_category)",C(arxiv_primary_category)[T.physics.app-ph],-0.43595308902111346,0.1607530891331295,-2.7119422175462766,0.006689025190545187,-0.7510233541256044,-0.12088282391662253,138824.0,354731.69906255335,356158.63858485507,0.22559518090048258,0.224791062800768
S4b_LogCitations_Threshold_StageFE,ols,main,"Log_Citations ~ C(HSS_Bin, Treatment(reference='Pure STEM')) + has_hss_concepts + log_team_size + log_prior_knowledge + HSS_Diversity + C(stage) + C(arxiv_primary_category)",C(arxiv_primary_category)[T.physics.atom-ph],-0.33766630887132915,0.30795631347985186,-1.096474707908273,0.2728710858069574,-0.9412495921035655,0.2659169743609073,138824.0,354731.69906255335,356158.63858485507,0.22559518090048258,0.224791062800768
S4b_LogCitations_Threshold_StageFE,ols,main,"Log_Citations ~ C(HSS_Bin, Treatment(reference='Pure STEM')) + has_hss_concepts + log_team_size + log_prior_knowledge + HSS_Diversity + C(stage) + C(arxiv_primary_category)",C(arxiv_primary_category)[T.physics.bio-ph],-0.5899139123242719,0.17686514937132847,-3.335388087597446,0.0008518043177572061,-0.9365632352123727,-0.24326458943617113,138824.0,354731.69906255335,356158.63858485507,0.22559518090048258,0.224791062800768
S4b_LogCitations_Threshold_StageFE,ols,main,"Log_Citations ~ C(HSS_Bin, Treatment(reference='Pure STEM')) + has_hss_concepts + log_team_size + log_prior_knowledge + HSS_Diversity + C(stage) + C(arxiv_primary_category)",C(arxiv_primary_category)[T.physics.chem-ph],0.13123114833757998,0.16033642659623024,0.8184737001034389,0.4130867534846213,-0.18302247320088133,0.4454847698760413,138824.0,354731.69906255335,356158.63858485507,0.22559518090048258,0.224791062800768
S4b_LogCitations_Threshold_StageFE,ols,main,"Log_Citations ~ C(HSS_Bin, Treatment(reference='Pure STEM')) + has_hss_concepts + log_team_size + log_prior_knowledge + HSS_Diversity + C(stage) + C(arxiv_primary_category)",C(arxiv_primary_category)[T.physics.class-ph],-0.3788900036701919,0.11586359827475297,-3.27013841544703,0.001074948714216888,-0.6059784834079248,-0.1518015239324589,138824.0,354731.69906255335,356158.63858485507,0.22559518090048258,0.224791062800768
S4b_LogCitations_Threshold_StageFE,ols,main,"Log_Citations ~ C(HSS_Bin, Treatment(reference='Pure STEM')) + has_hss_concepts + log_team_size + log_prior_knowledge + HSS_Diversity + C(stage) + C(arxiv_primary_category)",C(arxiv_primary_category)[T.physics.comp-ph],-0.3438649060732572,0.1391481404614562,-2.4712145267116035,0.01346550134460567,-0.616590249893432,-0.07113956225308238,138824.0,354731.69906255335,356158.63858485507,0.22559518090048258,0.224791062800768
S4b_LogCitations_Threshold_StageFE,ols,main,"Log_Citations ~ C(HSS_Bin, Treatment(reference='Pure STEM')) + has_hss_concepts + log_team_size + log_prior_knowledge + HSS_Diversity + C(stage) + C(arxiv_primary_category)",C(arxiv_primary_category)[T.physics.data-an],-0.16827565624410135,0.21296831910444342,-0.7901440784794662,0.4294436301949355,-0.5856858915368439,0.24913457904864128,138824.0,354731.69906255335,356158.63858485507,0.22559518090048258,0.224791062800768
S4b_LogCitations_Threshold_StageFE,ols,main,"Log_Citations ~ C(HSS_Bin, Treatment(reference='Pure STEM')) + has_hss_concepts + log_team_size + log_prior_knowledge + HSS_Diversity + C(stage) + C(arxiv_primary_category)",C(arxiv_primary_category)[T.physics.ed-ph],-0.04399039219943052,0.16470946228106614,-0.2670787190377911,0.7894085523770292,-0.36681500618327867,0.27883422178441764,138824.0,354731.69906255335,356158.63858485507,0.22559518090048258,0.224791062800768
S4b_LogCitations_Threshold_StageFE,ols,main,"Log_Citations ~ C(HSS_Bin, Treatment(reference='Pure STEM')) + has_hss_concepts + log_team_size + log_prior_knowledge + HSS_Diversity + C(stage) + C(arxiv_primary_category)",C(arxiv_primary_category)[T.physics.flu-dyn],-0.30364523234596313,0.12419189497213262,-2.4449681874497364,0.014486491938728294,-0.547056873663124,-0.060233591028802186,138824.0,354731.69906255335,356158.63858485507,0.22559518090048258,0.224791062800768
S4b_LogCitations_Threshold_StageFE,ols,main,"Log_Citations ~ C(HSS_Bin, Treatment(reference='Pure STEM')) + has_hss_concepts + log_team_size + log_prior_knowledge + HSS_Diversity + C(stage) + C(arxiv_primary_category)",C(arxiv_primary_category)[T.physics.gen-ph],-0.38858990491490475,0.1277556255726739,-3.0416657049192333,0.0023527302733325267,-0.6389863298597299,-0.13819347997007958,138824.0,354731.69906255335,356158.63858485507,0.22559518090048258,0.224791062800768
S4b_LogCitations_Threshold_StageFE,ols,main,"Log_Citations ~ C(HSS_Bin, Treatment(reference='Pure STEM')) + has_hss_concepts + log_team_size + log_prior_knowledge + HSS_Diversity + C(stage) + C(arxiv_primary_category)",C(arxiv_primary_category)[T.physics.geo-ph],-0.2862937863009393,0.13806211182575087,-2.0736593299563073,0.03811096086530681,-0.5568905531089525,-0.015697019492926123,138824.0,354731.69906255335,356158.63858485507,0.22559518090048258,0.224791062800768
S4b_LogCitations_Threshold_StageFE,ols,main,"Log_Citations ~ C(HSS_Bin, Treatment(reference='Pure STEM')) + has_hss_concepts + log_team_size + log_prior_knowledge + HSS_Diversity + C(stage) + C(arxiv_primary_category)",C(arxiv_primary_category)[T.physics.ins-det],-0.1608180520042596,0.17911834458700374,-0.8978312767185325,0.36927550741868675,-0.5118835563652219,0.19024745235670268,138824.0,354731.69906255335,356158.63858485507,0.22559518090048258,0.224791062800768
S4b_LogCitations_Threshold_StageFE,ols,main,"Log_Citations ~ C(HSS_Bin, Treatment(reference='Pure STEM')) + has_hss_concepts + log_team_size + log_prior_knowledge + HSS_Diversity + C(stage) + C(arxiv_primary_category)",C(arxiv_primary_category)[T.physics.med-ph],-0.3722756369428141,0.1376126110084526,-2.7052436125926556,0.006825431400547944,-0.6419913983379013,-0.10255987554772689,138824.0,354731.69906255335,356158.63858485507,0.22559518090048258,0.224791062800768
S4b_LogCitations_Threshold_StageFE,ols,main,"Log_Citations ~ C(HSS_Bin, Treatment(reference='Pure STEM')) + has_hss_concepts + log_team_size + log_prior_knowledge + HSS_Diversity + C(stage) + C(arxiv_primary_category)",C(arxiv_primary_category)[T.physics.optics],-0.38168467631959896,0.13587572276084597,-2.809071911922042,0.004968454715254072,-0.6479961993042063,-0.1153731533349916,138824.0,354731.69906255335,356158.63858485507,0.22559518090048258,0.224791062800768
S4b_LogCitations_Threshold_StageFE,ols,main,"Log_Citations ~ C(HSS_Bin, Treatment(reference='Pure STEM')) + has_hss_concepts + log_team_size + log_prior_knowledge + HSS_Diversity + C(stage) + C(arxiv_primary_category)",C(arxiv_primary_category)[T.physics.plasm-ph],-0.22165491976655083,0.18942951592045673,-1.170118176618399,0.2419534146576886,-0.5929299485795028,0.14962010904640116,138824.0,354731.69906255335,356158.63858485507,0.22559518090048258,0.224791062800768
S4b_LogCitations_Threshold_StageFE,ols,main,"Log_Citations ~ C(HSS_Bin, Treatment(reference='Pure STEM')) + has_hss_concepts + log_team_size + log_prior_knowledge + HSS_Diversity + C(stage) + C(arxiv_primary_category)",C(arxiv_primary_category)[T.physics.pop-ph],0.536925617204268,0.5247679164602834,1.0231677668596662,0.3062285303123323,-0.4916005993000112,1.5654518337085472,138824.0,354731.69906255335,356158.63858485507,0.22559518090048258,0.224791062800768
S4b_LogCitations_Threshold_StageFE,ols,main,"Log_Citations ~ C(HSS_Bin, Treatment(reference='Pure STEM')) + has_hss_concepts + log_team_size + log_prior_knowledge + HSS_Diversity + C(stage) + C(arxiv_primary_category)",C(arxiv_primary_category)[T.physics.soc-ph],-0.4970189015502468,0.14203864501362415,-3.49918081450702,0.00046668998757208943,-0.7754095301898198,-0.21862827291067372,138824.0,354731.69906255335,356158.63858485507,0.22559518090048258,0.224791062800768
S4b_LogCitations_Threshold_StageFE,ols,main,"Log_Citations ~ C(HSS_Bin, Treatment(reference='Pure STEM')) + has_hss_concepts + log_team_size + log_prior_knowledge + HSS_Diversity + C(stage) + C(arxiv_primary_category)",C(arxiv_primary_category)[T.physics.space-ph],-0.2144622542626186,0.2443672824474868,-0.8776226183581077,0.38014855054523833,-0.6934133268596196,0.2644888183343824,138824.0,354731.69906255335,356158.63858485507,0.22559518090048258,0.224791062800768
S4b_LogCitations_Threshold_StageFE,ols,main,"Log_Citations ~ C(HSS_Bin, Treatment(reference='Pure STEM')) + has_hss_concepts + log_team_size + log_prior_knowledge + HSS_Diversity + C(stage) + C(arxiv_primary_category)",C(arxiv_primary_category)[T.q-bio.BM],0.1509903653988588,0.13897608546078524,1.0864485418353764,0.2772805954542892,-0.12139775681664094,0.42337848761435853,138824.0,354731.69906255335,356158.63858485507,0.22559518090048258,0.224791062800768
S4b_LogCitations_Threshold_StageFE,ols,main,"Log_Citations ~ C(HSS_Bin, Treatment(reference='Pure STEM')) + has_hss_concepts + log_team_size + log_prior_knowledge + HSS_Diversity + C(stage) + C(arxiv_primary_category)",C(arxiv_primary_category)[T.q-bio.CB],-0.3849450748621539,0.1555027898635278,-2.4754866147416967,0.013305474912415913,-0.6897249424901686,-0.08016520723413922,138824.0,354731.69906255335,356158.63858485507,0.22559518090048258,0.224791062800768
S4b_LogCitations_Threshold_StageFE,ols,main,"Log_Citations ~ C(HSS_Bin, Treatment(reference='Pure STEM')) + has_hss_concepts + log_team_size + log_prior_knowledge + HSS_Diversity + C(stage) + C(arxiv_primary_category)",C(arxiv_primary_category)[T.q-bio.GN],-0.1740431536441838,0.14119907124845038,-1.2326083458292851,0.21772192167355153,-0.4507882479416516,0.102701940653284,138824.0,354731.69906255335,356158.63858485507,0.22559518090048258,0.224791062800768
S4b_LogCitations_Threshold_StageFE,ols,main,"Log_Citations ~ C(HSS_Bin, Treatment(reference='Pure STEM')) + has_hss_concepts + log_team_size + log_prior_knowledge + HSS_Diversity + C(stage) + C(arxiv_primary_category)",C(arxiv_primary_category)[T.q-bio.MN],-0.6047786479690809,0.27345331145898144,-2.2116340253564597,0.026991962431435673,-1.1407372898818986,-0.06882000605626315,138824.0,354731.69906255335,356158.63858485507,0.22559518090048258,0.224791062800768
S4b_LogCitations_Threshold_StageFE,ols,main,"Log_Citations ~ C(HSS_Bin, Treatment(reference='Pure STEM')) + has_hss_concepts + log_team_size + log_prior_knowledge + HSS_Diversity + C(stage) + C(arxiv_primary_category)",C(arxiv_primary_category)[T.q-bio.NC],-0.5989158142750683,0.12470669240131957,-4.802595616502222,1.566219873071743e-06,-0.8433364400127695,-0.35449518853736717,138824.0,354731.69906255335,356158.63858485507,0.22559518090048258,0.224791062800768
S4b_LogCitations_Threshold_StageFE,ols,main,"Log_Citations ~ C(HSS_Bin, Treatment(reference='Pure STEM')) + has_hss_concepts + log_team_size + log_prior_knowledge + HSS_Diversity + C(stage) + C(arxiv_primary_category)",C(arxiv_primary_category)[T.q-bio.OT],-0.060768076322619845,0.2725030747359454,-0.2229995987439918,0.8235358187969306,-0.5948642884814995,0.4733281358362599,138824.0,354731.69906255335,356158.63858485507,0.22559518090048258,0.224791062800768
S4b_LogCitations_Threshold_StageFE,ols,main,"Log_Citations ~ C(HSS_Bin, Treatment(reference='Pure STEM')) + has_hss_concepts + log_team_size + log_prior_knowledge + HSS_Diversity + C(stage) + C(arxiv_primary_category)",C(arxiv_primary_category)[T.q-bio.PE],-0.5402373172740573,0.2187416780373603,-2.4697502648845306,0.013520740607869518,-0.9689631281451396,-0.11151150640297497,138824.0,354731.69906255335,356158.63858485507,0.22559518090048258,0.224791062800768
S4b_LogCitations_Threshold_StageFE,ols,main,"Log_Citations ~ C(HSS_Bin, Treatment(reference='Pure STEM')) + has_hss_concepts + log_team_size + log_prior_knowledge + HSS_Diversity + C(stage) + C(arxiv_primary_category)",C(arxiv_primary_category)[T.q-bio.QM],-0.09986455705272189,0.12846610090224284,-0.777361158713103,0.4369457215131892,-0.3516534880554064,0.1519243739499626,138824.0,354731.69906255335,356158.63858485507,0.22559518090048258,0.224791062800768
S4b_LogCitations_Threshold_StageFE,ols,main,"Log_Citations ~ C(HSS_Bin, Treatment(reference='Pure STEM')) + has_hss_concepts + log_team_size + log_prior_knowledge + HSS_Diversity + C(stage) + C(arxiv_primary_category)",C(arxiv_primary_category)[T.q-bio.TO],-0.4507603970756696,0.29170258416349565,-1.545273924700729,0.12228001983776075,-1.0224869562333851,0.1209661620820458,138824.0,354731.69906255335,356158.63858485507,0.22559518090048258,0.224791062800768
S4b_LogCitations_Threshold_StageFE,ols,main,"Log_Citations ~ C(HSS_Bin, Treatment(reference='Pure STEM')) + has_hss_concepts + log_team_size + log_prior_knowledge + HSS_Diversity + C(stage) + C(arxiv_primary_category)",C(arxiv_primary_category)[T.q-fin.CP],-0.5235180518371484,0.13215260785925267,-3.9614659166977177,7.449101654000285e-05,-0.7825324037043285,-0.26450369996996825,138824.0,354731.69906255335,356158.63858485507,0.22559518090048258,0.224791062800768
S4b_LogCitations_Threshold_StageFE,ols,main,"Log_Citations ~ C(HSS_Bin, Treatment(reference='Pure STEM')) + has_hss_concepts + log_team_size + log_prior_knowledge + HSS_Diversity + C(stage) + C(arxiv_primary_category)",C(arxiv_primary_category)[T.q-fin.GN],-0.2283911421739861,0.2176570627226581,-1.0493164766493495,0.294032485148392,-0.6549911460911715,0.19820886174319935,138824.0,354731.69906255335,356158.63858485507,0.22559518090048258,0.224791062800768
S4b_LogCitations_Threshold_StageFE,ols,main,"Log_Citations ~ C(HSS_Bin, Treatment(reference='Pure STEM')) + has_hss_concepts + log_team_size + log_prior_knowledge + HSS_Diversity + C(stage) + C(arxiv_primary_category)",C(arxiv_primary_category)[T.q-fin.MF],-0.7480889317608739,0.16285556864939327,-4.5935729306954896,4.357206431828074e-06,-1.067279980995475,-0.42889788252627276,138824.0,354731.69906255335,356158.63858485507,0.22559518090048258,0.224791062800768
S4b_LogCitations_Threshold_StageFE,ols,main,"Log_Citations ~ C(HSS_Bin, Treatment(reference='Pure STEM')) + has_hss_concepts + log_team_size + log_prior_knowledge + HSS_Diversity + C(stage) + C(arxiv_primary_category)",C(arxiv_primary_category)[T.q-fin.PM],-0.5472808765241134,0.1563739038305683,-3.4998223048590913,0.00046556839748240964,-0.8537680961539572,-0.24079365689426957,138824.0,354731.69906255335,356158.63858485507,0.22559518090048258,0.224791062800768
S4b_LogCitations_Threshold_StageFE,ols,main,"Log_Citations ~ C(HSS_Bin, Treatment(reference='Pure STEM')) + has_hss_concepts + log_team_size + log_prior_knowledge + HSS_Diversity + C(stage) + C(arxiv_primary_category)",C(arxiv_primary_category)[T.q-fin.PR],-0.2636447363253305,0.3448333845043716,-0.7645568792716128,0.4445354545546202,-0.9395057506209512,0.41221627797029026,138824.0,354731.69906255335,356158.63858485507,0.22559518090048258,0.224791062800768
S4b_LogCitations_Threshold_StageFE,ols,main,"Log_Citations ~ C(HSS_Bin, Treatment(reference='Pure STEM')) + has_hss_concepts + log_team_size + log_prior_knowledge + HSS_Diversity + C(stage) + C(arxiv_primary_category)",C(arxiv_primary_category)[T.q-fin.RM],-0.19512454845461202,0.19928910971132435,-0.9791029160462165,0.32752913097013014,-0.5857240259998593,0.19547492909063524,138824.0,354731.69906255335,356158.63858485507,0.22559518090048258,0.224791062800768
S4b_LogCitations_Threshold_StageFE,ols,main,"Log_Citations ~ C(HSS_Bin, Treatment(reference='Pure STEM')) + has_hss_concepts + log_team_size + log_prior_knowledge + HSS_Diversity + C(stage) + C(arxiv_primary_category)",C(arxiv_primary_category)[T.q-fin.ST],-0.3360837866562447,0.1482174249807159,-2.2675052322624785,0.023359379636537125,-0.6265846014997152,-0.04558297181277421,138824.0,354731.69906255335,356158.63858485507,0.22559518090048258,0.224791062800768
S4b_LogCitations_Threshold_StageFE,ols,main,"Log_Citations ~ C(HSS_Bin, Treatment(reference='Pure STEM')) + has_hss_concepts + log_team_size + log_prior_knowledge + HSS_Diversity + C(stage) + C(arxiv_primary_category)",C(arxiv_primary_category)[T.q-fin.TR],-0.2687679118586962,0.17586884789876153,-1.528229217794227,0.1264556368870601,-0.6134645197428216,0.07592869602542918,138824.0,354731.69906255335,356158.63858485507,0.22559518090048258,0.224791062800768
S4b_LogCitations_Threshold_StageFE,ols,main,"Log_Citations ~ C(HSS_Bin, Treatment(reference='Pure STEM')) + has_hss_concepts + log_team_size + log_prior_knowledge + HSS_Diversity + C(stage) + C(arxiv_primary_category)",C(arxiv_primary_category)[T.quant-ph],-0.2091066741710432,0.12343150733067647,-1.694110998829825,0.09024419268060663,-0.4510279830966607,0.03281463475457433,138824.0,354731.69906255335,356158.63858485507,0.22559518090048258,0.224791062800768
S4b_LogCitations_Threshold_StageFE,ols,main,"Log_Citations ~ C(HSS_Bin, Treatment(reference='Pure STEM')) + has_hss_concepts + log_team_size + log_prior_knowledge + HSS_Diversity + C(stage) + C(arxiv_primary_category)",C(arxiv_primary_category)[T.stat.AP],-0.3464832503010414,0.13770622326316292,-2.51610451648867,0.011865998869302735,-0.6163824883438724,-0.07658401225821027,138824.0,354731.69906255335,356158.63858485507,0.22559518090048258,0.224791062800768
S4b_LogCitations_Threshold_StageFE,ols,main,"Log_Citations ~ C(HSS_Bin, Treatment(reference='Pure STEM')) + has_hss_concepts + log_team_size + log_prior_knowledge + HSS_Diversity + C(stage) + C(arxiv_primary_category)",C(arxiv_primary_category)[T.stat.CO],-0.29956701574958194,0.15813546772520773,-1.8943695557921267,0.058175974474034955,-0.6095068371693853,0.010372805670221308,138824.0,354731.69906255335,356158.63858485507,0.22559518090048258,0.224791062800768
S4b_LogCitations_Threshold_StageFE,ols,main,"Log_Citations ~ C(HSS_Bin, Treatment(reference='Pure STEM')) + has_hss_concepts + log_team_size + log_prior_knowledge + HSS_Diversity + C(stage) + C(arxiv_primary_category)",C(arxiv_primary_category)[T.stat.ME],-0.46598350228139684,0.1320242837859656,-3.5295287269790263,0.0004163005060073297,-0.7247463435865849,-0.2072206609762089,138824.0,354731.69906255335,356158.63858485507,0.22559518090048258,0.224791062800768
S4b_LogCitations_Threshold_StageFE,ols,main,"Log_Citations ~ C(HSS_Bin, Treatment(reference='Pure STEM')) + has_hss_concepts + log_team_size + log_prior_knowledge + HSS_Diversity + C(stage) + C(arxiv_primary_category)",C(arxiv_primary_category)[T.stat.ML],-0.06671910465079729,0.1199649183095758,-0.5561551292739193,0.5781048105380665,-0.3018460239458556,0.16840781464426097,138824.0,354731.69906255335,356158.63858485507,0.22559518090048258,0.224791062800768
S4b_LogCitations_Threshold_StageFE,ols,main,"Log_Citations ~ C(HSS_Bin, Treatment(reference='Pure STEM')) + has_hss_concepts + log_team_size + log_prior_knowledge + HSS_Diversity + C(stage) + C(arxiv_primary_category)",C(arxiv_primary_category)[T.stat.OT],-0.4878864214003963,0.1291366160036482,-3.7780641656787193,0.00015805216108483817,-0.7409895378529255,-0.23478330494786703,138824.0,354731.69906255335,356158.63858485507,0.22559518090048258,0.224791062800768
S4b_LogCitations_Threshold_StageFE,ols,main,"Log_Citations ~ C(HSS_Bin, Treatment(reference='Pure STEM')) + has_hss_concepts + log_team_size + log_prior_knowledge + HSS_Diversity + C(stage) + C(arxiv_primary_category)",has_hss_concepts,0.19741493128470933,0.005454755082490826,36.1913465039686,8.329199827117267e-287,0.1867238077785405,0.20810605479087815,138824.0,354731.69906255335,356158.63858485507,0.22559518090048258,0.224791062800768
S4b_LogCitations_Threshold_StageFE,ols,main,"Log_Citations ~ C(HSS_Bin, Treatment(reference='Pure STEM')) + has_hss_concepts + log_team_size + log_prior_knowledge + HSS_Diversity + C(stage) + C(arxiv_primary_category)",log_team_size,-0.09609354810070175,0.007392959486260723,-12.997981157516772,1.256157149513202e-38,-0.1105834824329365,-0.081603613768467,138824.0,354731.69906255335,356158.63858485507,0.22559518090048258,0.224791062800768
S4b_LogCitations_Threshold_StageFE,ols,main,"Log_Citations ~ C(HSS_Bin, Treatment(reference='Pure STEM')) + has_hss_concepts + log_team_size + log_prior_knowledge + HSS_Diversity + C(stage) + C(arxiv_primary_category)",log_prior_knowledge,0.18280580195699248,0.0025364421302262836,72.07174166464576,0.0,0.1778344667328789,0.18777713718110606,138824.0,354731.69906255335,356158.63858485507,0.22559518090048258,0.224791062800768
S4b_LogCitations_Threshold_StageFE,ols,main,"Log_Citations ~ C(HSS_Bin, Treatment(reference='Pure STEM')) + has_hss_concepts + log_team_size + log_prior_knowledge + HSS_Diversity + C(stage) + C(arxiv_primary_category)",HSS_Diversity,0.3219164097588861,0.03087410550425861,10.426744499997989,1.8719220824525962e-25,0.2614042749156494,0.3824285446021228,138824.0,354731.69906255335,356158.63858485507,0.22559518090048258,0.224791062800768
S5_AnyHSSCiter_Continuous_LPM,ols,main,Any_HSS_Citer ~ HSS_Continuous + has_hss_concepts + log_team_size + log_prior_knowledge + HSS_Diversity + C(stage) + C(arxiv_primary_category),Intercept,0.498908803802662,0.040347350043015304,12.365342538500373,4.02491880627193e-35,0.4198294508467214,0.5779881567586026,138824.0,131201.6997034851,132599.11633911848,0.17861024955112048,0.17777513068339945
S5_AnyHSSCiter_Continuous_LPM,ols,main,Any_HSS_Citer ~ HSS_Continuous + has_hss_concepts + log_team_size + log_prior_knowledge + HSS_Diversity + C(stage) + C(arxiv_primary_category),C(stage)[T.Phase2],-0.2371330692384926,0.017267266769529412,-13.73309814480588,6.432303433916774e-43,-0.2709762902182155,-0.20328984825876967,138824.0,131201.6997034851,132599.11633911848,0.17861024955112048,0.17777513068339945
S5_AnyHSSCiter_Continuous_LPM,ols,main,Any_HSS_Citer ~ HSS_Continuous + has_hss_concepts + log_team_size + log_prior_knowledge + HSS_Diversity + C(stage) + C(arxiv_primary_category),C(stage)[T.Phase3],-0.5888171426532539,0.017024494762793965,-34.58646796027564,4.036279282689933e-262,-0.6221845392433208,-0.555449746063187,138824.0,131201.6997034851,132599.11633911848,0.17861024955112048,0.17777513068339945
S5_AnyHSSCiter_Continuous_LPM,ols,main,Any_HSS_Citer ~ HSS_Continuous + has_hss_concepts + log_team_size + log_prior_knowledge + HSS_Diversity + C(stage) + C(arxiv_primary_category),C(arxiv_primary_category)[T.astro-ph.EP],0.10087978421012474,0.0718515363822589,1.40400316109362,0.1603179082573497,-0.039946639332972086,0.24170620775322155,138824.0,131201.6997034851,132599.11633911848,0.17861024955112048,0.17777513068339945
S5_AnyHSSCiter_Continuous_LPM,ols,main,Any_HSS_Citer ~ HSS_Continuous + has_hss_concepts + log_team_size + log_prior_knowledge + HSS_Diversity + C(stage) + C(arxiv_primary_category),C(arxiv_primary_category)[T.astro-ph.GA],0.07607800022354373,0.05183374158265427,1.4677312094522346,0.14217724969813542,-0.02551426646241481,0.17767026690950227,138824.0,131201.6997034851,132599.11633911848,0.17861024955112048,0.17777513068339945
S5_AnyHSSCiter_Continuous_LPM,ols,main,Any_HSS_Citer ~ HSS_Continuous + has_hss_concepts + log_team_size + log_prior_knowledge + HSS_Diversity + C(stage) + C(arxiv_primary_category),C(arxiv_primary_category)[T.astro-ph.HE],0.03903792124532488,0.08122840969232202,0.4805944298699581,0.6308047750428527,-0.12016683627309055,0.1982426787637403,138824.0,131201.6997034851,132599.11633911848,0.17861024955112048,0.17777513068339945
S5_AnyHSSCiter_Continuous_LPM,ols,main,Any_HSS_Citer ~ HSS_Continuous + has_hss_concepts + log_team_size + log_prior_knowledge + HSS_Diversity + C(stage) + C(arxiv_primary_category),C(arxiv_primary_category)[T.astro-ph.IM],0.03448500054889246,0.04342869942583422,0.7940601723011427,0.4271604022576456,-0.050633686221157936,0.11960368731894286,138824.0,131201.6997034851,132599.11633911848,0.17861024955112048,0.17777513068339945
S5_AnyHSSCiter_Continuous_LPM,ols,main,Any_HSS_Citer ~ HSS_Continuous + has_hss_concepts + log_team_size + log_prior_knowledge + HSS_Diversity + C(stage) + C(arxiv_primary_category),C(arxiv_primary_category)[T.astro-ph.SR],0.01799389864048182,0.0606922802009563,0.29647755169031037,0.7668654079305357,-0.10096078469300593,0.13694858197396956,138824.0,131201.6997034851,132599.11633911848,0.17861024955112048,0.17777513068339945
S5_AnyHSSCiter_Continuous_LPM,ols,main,Any_HSS_Citer ~ HSS_Continuous + has_hss_concepts + log_team_size + log_prior_knowledge + HSS_Diversity + C(stage) + C(arxiv_primary_category),C(arxiv_primary_category)[T.cond-mat.dis-nn],0.09860429577338697,0.07045143291182235,1.3996066750948983,0.16163113398179563,-0.03947797539302467,0.23668656693979861,138824.0,131201.6997034851,132599.11633911848,0.17861024955112048,0.17777513068339945
S5_AnyHSSCiter_Continuous_LPM,ols,main,Any_HSS_Citer ~ HSS_Continuous + has_hss_concepts + log_team_size + log_prior_knowledge + HSS_Diversity + C(stage) + C(arxiv_primary_category),C(arxiv_primary_category)[T.cond-mat.mes-hall],-0.03654349262063098,0.0585454632186036,-0.6241899988762716,0.5325028141354169,-0.15129049198730846,0.07820350674604651,138824.0,131201.6997034851,132599.11633911848,0.17861024955112048,0.17777513068339945
S5_AnyHSSCiter_Continuous_LPM,ols,main,Any_HSS_Citer ~ HSS_Continuous + has_hss_concepts + log_team_size + log_prior_knowledge + HSS_Diversity + C(stage) + C(arxiv_primary_category),C(arxiv_primary_category)[T.cond-mat.mtrl-sci],0.12834325328729695,0.044342975436798285,2.894331109337118,0.0037996725464714528,0.04143261846382805,0.21525388811076585,138824.0,131201.6997034851,132599.11633911848,0.17861024955112048,0.17777513068339945
S5_AnyHSSCiter_Continuous_LPM,ols,main,Any_HSS_Citer ~ HSS_Continuous + has_hss_concepts + log_team_size + log_prior_knowledge + HSS_Diversity + C(stage) + C(arxiv_primary_category),C(arxiv_primary_category)[T.cond-mat.other],-0.19058013839900595,0.14448904541521082,-1.3189936846170276,0.1871712238041643,-0.4737734635733914,0.0926131867753795,138824.0,131201.6997034851,132599.11633911848,0.17861024955112048,0.17777513068339945
S5_AnyHSSCiter_Continuous_LPM,ols,main,Any_HSS_Citer ~ HSS_Continuous + has_hss_concepts + log_team_size + log_prior_knowledge + HSS_Diversity + C(stage) + C(arxiv_primary_category),C(arxiv_primary_category)[T.cond-mat.quant-gas],-0.06257708319409368,0.07258147537278956,-0.8621632844012637,0.3885976706960672,-0.2048341608695421,0.07967999448135475,138824.0,131201.6997034851,132599.11633911848,0.17861024955112048,0.17777513068339945
S5_AnyHSSCiter_Continuous_LPM,ols,main,Any_HSS_Citer ~ HSS_Continuous + has_hss_concepts + log_team_size + log_prior_knowledge + HSS_Diversity + C(stage) + C(arxiv_primary_category),C(arxiv_primary_category)[T.cond-mat.soft],-0.011053405569920004,0.07349366893625955,-0.15039942528255776,0.880449494671601,-0.1550983497766989,0.13299153863685886,138824.0,131201.6997034851,132599.11633911848,0.17861024955112048,0.17777513068339945
S5_AnyHSSCiter_Continuous_LPM,ols,main,Any_HSS_Citer ~ HSS_Continuous + has_hss_concepts + log_team_size + log_prior_knowledge + HSS_Diversity + C(stage) + C(arxiv_primary_category),C(arxiv_primary_category)[T.cond-mat.stat-mech],-0.01891952679287411,0.054527713459439936,-0.3469708445953317,0.7286132223385646,-0.12579188133269634,0.08795282774694813,138824.0,131201.6997034851,132599.11633911848,0.17861024955112048,0.17777513068339945
S5_AnyHSSCiter_Continuous_LPM,ols,main,Any_HSS_Citer ~ HSS_Continuous + has_hss_concepts + log_team_size + log_prior_knowledge + HSS_Diversity + C(stage) + C(arxiv_primary_category),C(arxiv_primary_category)[T.cond-mat.str-el],0.0905764574599252,0.15738902636258126,0.5754941087904173,0.5649571738000903,-0.21790036577255917,0.3990532806924096,138824.0,131201.6997034851,132599.11633911848,0.17861024955112048,0.17777513068339945
S5_AnyHSSCiter_Continuous_LPM,ols,main,Any_HSS_Citer ~ HSS_Continuous + has_hss_concepts + log_team_size + log_prior_knowledge + HSS_Diversity + C(stage) + C(arxiv_primary_category),C(arxiv_primary_category)[T.cond-mat.supr-con],0.004870541546629215,0.04565251044002161,0.10668726647635611,0.9150370848263049,-0.08460673471965195,0.09434781781291039,138824.0,131201.6997034851,132599.11633911848,0.17861024955112048,0.17777513068339945
S5_AnyHSSCiter_Continuous_LPM,ols,main,Any_HSS_Citer ~ HSS_Continuous + has_hss_concepts + log_team_size + log_prior_knowledge + HSS_Diversity + C(stage) + C(arxiv_primary_category),C(arxiv_primary_category)[T.cs.AI],0.05678649295221464,0.03664860580398891,1.5494857636858284,0.12126499117345907,-0.01504345450720921,0.1286164404116385,138824.0,131201.6997034851,132599.11633911848,0.17861024955112048,0.17777513068339945
S5_AnyHSSCiter_Continuous_LPM,ols,main,Any_HSS_Citer ~ HSS_Continuous + has_hss_concepts + log_team_size + log_prior_knowledge + HSS_Diversity + C(stage) + C(arxiv_primary_category),C(arxiv_primary_category)[T.cs.AR],0.028910247099042184,0.03877817509927817,0.7455288193688189,0.4559520956497578,-0.047093579481730964,0.10491407367981534,138824.0,131201.6997034851,132599.11633911848,0.17861024955112048,0.17777513068339945
S5_AnyHSSCiter_Continuous_LPM,ols,main,Any_HSS_Citer ~ HSS_Continuous + has_hss_concepts + log_team_size + log_prior_knowledge + HSS_Diversity + C(stage) + C(arxiv_primary_category),C(arxiv_primary_category)[T.cs.CC],-0.07835807035337164,0.07374356869444482,-1.0625749708160577,0.2879747425614644,-0.2228928090859389,0.06617666837919561,138824.0,131201.6997034851,132599.11633911848,0.17861024955112048,0.17777513068339945
S5_AnyHSSCiter_Continuous_LPM,ols,main,Any_HSS_Citer ~ HSS_Continuous + has_hss_concepts + log_team_size + log_prior_knowledge + HSS_Diversity + C(stage) + C(arxiv_primary_category),C(arxiv_primary_category)[T.cs.CE],0.029906140907243833,0.041531617324085786,0.7200812979151695,0.4714749416921937,-0.051494333267664075,0.11130661508215174,138824.0,131201.6997034851,132599.11633911848,0.17861024955112048,0.17777513068339945
S5_AnyHSSCiter_Continuous_LPM,ols,main,Any_HSS_Citer ~ HSS_Continuous + has_hss_concepts + log_team_size + log_prior_knowledge + HSS_Diversity + C(stage) + C(arxiv_primary_category),C(arxiv_primary_category)[T.cs.CG],0.12485971760381304,0.09099066971021352,1.3722255040155813,0.16999324822987139,-0.05347871795738507,0.30319815316501114,138824.0,131201.6997034851,132599.11633911848,0.17861024955112048,0.17777513068339945
S5_AnyHSSCiter_Continuous_LPM,ols,main,Any_HSS_Citer ~ HSS_Continuous + has_hss_concepts + log_team_size + log_prior_knowledge + HSS_Diversity + C(stage) + C(arxiv_primary_category),C(arxiv_primary_category)[T.cs.CL],0.07375847003372357,0.036530904645555994,2.0190704486891575,0.04347989781279425,0.002159212605766875,0.14535772746168027,138824.0,131201.6997034851,132599.11633911848,0.17861024955112048,0.17777513068339945
S5_AnyHSSCiter_Continuous_LPM,ols,main,Any_HSS_Citer ~ HSS_Continuous + has_hss_concepts + log_team_size + log_prior_knowledge + HSS_Diversity + C(stage) + C(arxiv_primary_category),C(arxiv_primary_category)[T.cs.CR],0.07098100208880136,0.03699762130668951,1.9185288021737588,0.05504399363881776,-0.0015330031859618204,0.14349500736356452,138824.0,131201.6997034851,132599.11633911848,0.17861024955112048,0.17777513068339945
S5_AnyHSSCiter_Continuous_LPM,ols,main,Any_HSS_Citer ~ HSS_Continuous + has_hss_concepts + log_team_size + log_prior_knowledge + HSS_Diversity + C(stage) + C(arxiv_primary_category),C(arxiv_primary_category)[T.cs.CV],0.056912496590810616,0.03651632935531505,1.5585492188175494,0.11910311008424566,-0.014658193793209609,0.12848318697483085,138824.0,131201.6997034851,132599.11633911848,0.17861024955112048,0.17777513068339945
S5_AnyHSSCiter_Continuous_LPM,ols,main,Any_HSS_Citer ~ HSS_Continuous + has_hss_concepts + log_team_size + log_prior_knowledge + HSS_Diversity + C(stage) + C(arxiv_primary_category),C(arxiv_primary_category)[T.cs.CY],0.20196065553311784,0.03850971068646049,5.244408538341073,1.5678445518791817e-07,0.12648300953259806,0.27743830153363763,138824.0,131201.6997034851,132599.11633911848,0.17861024955112048,0.17777513068339945
S5_AnyHSSCiter_Continuous_LPM,ols,main,Any_HSS_Citer ~ HSS_Continuous + has_hss_concepts + log_team_size + log_prior_knowledge + HSS_Diversity + C(stage) + C(arxiv_primary_category),C(arxiv_primary_category)[T.cs.DB],0.024508607742820973,0.038909612335207545,0.6298856830460952,0.5287693806154744,-0.05175283108660124,0.10077004657224319,138824.0,131201.6997034851,132599.11633911848,0.17861024955112048,0.17777513068339945
S5_AnyHSSCiter_Continuous_LPM,ols,main,Any_HSS_Citer ~ HSS_Continuous + has_hss_concepts + log_team_size + log_prior_knowledge + HSS_Diversity + C(stage) + C(arxiv_primary_category),C(arxiv_primary_category)[T.cs.DC],0.015579995668711155,0.03767277856012565,0.41356109807099906,0.6791955682288673,-0.05825729350668783,0.08941728484411014,138824.0,131201.6997034851,132599.11633911848,0.17861024955112048,0.17777513068339945
S5_AnyHSSCiter_Continuous_LPM,ols,main,Any_HSS_Citer ~ HSS_Continuous + has_hss_concepts + log_team_size + log_prior_knowledge + HSS_Diversity + C(stage) + C(arxiv_primary_category),C(arxiv_primary_category)[T.cs.DL],0.1489428892837491,0.05295119263839547,2.8128335144570293,0.004910706901591073,0.045160458774051546,0.25272531979344665,138824.0,131201.6997034851,132599.11633911848,0.17861024955112048,0.17777513068339945
S5_AnyHSSCiter_Continuous_LPM,ols,main,Any_HSS_Citer ~ HSS_Continuous + has_hss_concepts + log_team_size + log_prior_knowledge + HSS_Diversity + C(stage) + C(arxiv_primary_category),C(arxiv_primary_category)[T.cs.DM],-0.08943835718372006,0.10830602398994602,-0.8257930066015772,0.4089215218802741,-0.30171426351274533,0.1228375491453052,138824.0,131201.6997034851,132599.11633911848,0.17861024955112048,0.17777513068339945
S5_AnyHSSCiter_Continuous_LPM,ols,main,Any_HSS_Citer ~ HSS_Continuous + has_hss_concepts + log_team_size + log_prior_knowledge + HSS_Diversity + C(stage) + C(arxiv_primary_category),C(arxiv_primary_category)[T.cs.DS],-0.03517352138854537,0.060161322026789615,-0.5846533986218376,0.5587807946945,-0.15308754582336925,0.08274050304627853,138824.0,131201.6997034851,132599.11633911848,0.17861024955112048,0.17777513068339945
S5_AnyHSSCiter_Continuous_LPM,ols,main,Any_HSS_Citer ~ HSS_Continuous + has_hss_concepts + log_team_size + log_prior_knowledge + HSS_Diversity + C(stage) + C(arxiv_primary_category),C(arxiv_primary_category)[T.cs.ET],0.069403767061531,0.058360751616420285,1.1892198976067276,0.23435314659953765,-0.044981204217340504,0.1837887383404025,138824.0,131201.6997034851,132599.11633911848,0.17861024955112048,0.17777513068339945
S5_AnyHSSCiter_Continuous_LPM,ols,main,Any_HSS_Citer ~ HSS_Continuous + has_hss_concepts + log_team_size + log_prior_knowledge + HSS_Diversity + C(stage) + C(arxiv_primary_category),C(arxiv_primary_category)[T.cs.FL],0.08180669778699644,0.08155967227757135,1.0030287702552847,0.3158469800995396,-0.07804732246793329,0.24166071804192618,138824.0,131201.6997034851,132599.11633911848,0.17861024955112048,0.17777513068339945
S5_AnyHSSCiter_Continuous_LPM,ols,main,Any_HSS_Citer ~ HSS_Continuous + has_hss_concepts + log_team_size + log_prior_knowledge + HSS_Diversity + C(stage) + C(arxiv_primary_category),C(arxiv_primary_category)[T.cs.GL],0.4281010889499752,0.2369173824224279,1.806963611419036,0.07076795307438656,-0.03624844790948639,0.8924506258094367,138824.0,131201.6997034851,132599.11633911848,0.17861024955112048,0.17777513068339945
S5_AnyHSSCiter_Continuous_LPM,ols,main,Any_HSS_Citer ~ HSS_Continuous + has_hss_concepts + log_team_size + log_prior_knowledge + HSS_Diversity + C(stage) + C(arxiv_primary_category),C(arxiv_primary_category)[T.cs.GR],0.0046827429630455514,0.03880821962662824,0.12066368949923406,0.9039574203780555,-0.07137996980926627,0.08074545573535737,138824.0,131201.6997034851,132599.11633911848,0.17861024955112048,0.17777513068339945
S5_AnyHSSCiter_Continuous_LPM,ols,main,Any_HSS_Citer ~ HSS_Continuous + has_hss_concepts + log_team_size + log_prior_knowledge + HSS_Diversity + C(stage) + C(arxiv_primary_category),C(arxiv_primary_category)[T.cs.GT],-0.04083710006485323,0.049428384689906506,-0.8261872266522265,0.40869789296128645,-0.13771495387106097,0.056040753741354525,138824.0,131201.6997034851,132599.11633911848,0.17861024955112048,0.17777513068339945
S5_AnyHSSCiter_Continuous_LPM,ols,main,Any_HSS_Citer ~ HSS_Continuous + has_hss_concepts + log_team_size + log_prior_knowledge + HSS_Diversity + C(stage) + C(arxiv_primary_category),C(arxiv_primary_category)[T.cs.HC],0.12596386600485504,0.037630712705998215,3.34736859726754,0.0008158265481215063,0.05220902438852475,0.19971870762118532,138824.0,131201.6997034851,132599.11633911848,0.17861024955112048,0.17777513068339945
S5_AnyHSSCiter_Continuous_LPM,ols,main,Any_HSS_Citer ~ HSS_Continuous + has_hss_concepts + log_team_size + log_prior_knowledge + HSS_Diversity + C(stage) + C(arxiv_primary_category),C(arxiv_primary_category)[T.cs.IR],0.04742042802237291,0.037078678172101635,1.27891366035946,0.2009274616553397,-0.025252445789297737,0.12009330183404356,138824.0,131201.6997034851,132599.11633911848,0.17861024955112048,0.17777513068339945
S5_AnyHSSCiter_Continuous_LPM,ols,main,Any_HSS_Citer ~ HSS_Continuous + has_hss_concepts + log_team_size + log_prior_knowledge + HSS_Diversity + C(stage) + C(arxiv_primary_category),C(arxiv_primary_category)[T.cs.IT],-0.24270916391671116,0.03788039902315735,-6.407249400100992,1.4816834154390213e-10,-0.3169533817221058,-0.16846494611131652,138824.0,131201.6997034851,132599.11633911848,0.17861024955112048,0.17777513068339945
S5_AnyHSSCiter_Continuous_LPM,ols,main,Any_HSS_Citer ~ HSS_Continuous + has_hss_concepts + log_team_size + log_prior_knowledge + HSS_Diversity + C(stage) + C(arxiv_primary_category),C(arxiv_primary_category)[T.cs.LG],0.06823660569875586,0.036534949174836545,1.8677076946846787,0.0618028255204603,-0.003370578860925136,0.13984379025843685,138824.0,131201.6997034851,132599.11633911848,0.17861024955112048,0.17777513068339945
S5_AnyHSSCiter_Continuous_LPM,ols,main,Any_HSS_Citer ~ HSS_Continuous + has_hss_concepts + log_team_size + log_prior_knowledge + HSS_Diversity + C(stage) + C(arxiv_primary_category),C(arxiv_primary_category)[T.cs.LO],0.08691713960913126,0.05405575541516491,1.6079164733076203,0.10785347345518836,-0.01903019416169796,0.1928644733799605,138824.0,131201.6997034851,132599.11633911848,0.17861024955112048,0.17777513068339945
S5_AnyHSSCiter_Continuous_LPM,ols,main,Any_HSS_Citer ~ HSS_Continuous + has_hss_concepts + log_team_size + log_prior_knowledge + HSS_Diversity + C(stage) + C(arxiv_primary_category),C(arxiv_primary_category)[T.cs.MA],0.03869537247578639,0.03962562624026084,0.9765239353232155,0.32880489257794765,-0.038969427819970176,0.11636017277154295,138824.0,131201.6997034851,132599.11633911848,0.17861024955112048,0.17777513068339945
S5_AnyHSSCiter_Continuous_LPM,ols,main,Any_HSS_Citer ~ HSS_Continuous + has_hss_concepts + log_team_size + log_prior_knowledge + HSS_Diversity + C(stage) + C(arxiv_primary_category),C(arxiv_primary_category)[T.cs.MM],-0.05341381352330495,0.03997816746816993,-1.3360745853554268,0.1815248959403274,-0.13176958192882884,0.024941954882218946,138824.0,131201.6997034851,132599.11633911848,0.17861024955112048,0.17777513068339945
S5_AnyHSSCiter_Continuous_LPM,ols,main,Any_HSS_Citer ~ HSS_Continuous + has_hss_concepts + log_team_size + log_prior_knowledge + HSS_Diversity + C(stage) + C(arxiv_primary_category),C(arxiv_primary_category)[T.cs.MS],-0.06415775385401908,0.13753293985866424,-0.4664900926276338,0.6408647375381203,-0.33371736266491425,0.20540185495687613,138824.0,131201.6997034851,132599.11633911848,0.17861024955112048,0.17777513068339945
S5_AnyHSSCiter_Continuous_LPM,ols,main,Any_HSS_Citer ~ HSS_Continuous + has_hss_concepts + log_team_size + log_prior_knowledge + HSS_Diversity + C(stage) + C(arxiv_primary_category),C(arxiv_primary_category)[T.cs.NE],0.08393774537449925,0.04227920359517406,1.9853199265106376,0.04710888842928546,0.001072029032921723,0.16680346171607677,138824.0,131201.6997034851,132599.11633911848,0.17861024955112048,0.17777513068339945
S5_AnyHSSCiter_Continuous_LPM,ols,main,Any_HSS_Citer ~ HSS_Continuous + has_hss_concepts + log_team_size + log_prior_knowledge + HSS_Diversity + C(stage) + C(arxiv_primary_category),C(arxiv_primary_category)[T.cs.NI],-0.016546156620335567,0.03943842827028033,-0.41954401699127236,0.6748185927290182,-0.09384405563695132,0.06075174239628019,138824.0,131201.6997034851,132599.11633911848,0.17861024955112048,0.17777513068339945
S5_AnyHSSCiter_Continuous_LPM,ols,main,Any_HSS_Citer ~ HSS_Continuous + has_hss_concepts + log_team_size + log_prior_knowledge + HSS_Diversity + C(stage) + C(arxiv_primary_category),C(arxiv_primary_category)[T.cs.OH],0.16792432769001317,0.12119435870846196,1.3855787470600185,0.16587557156442712,-0.06961225050800052,0.40546090588802686,138824.0,131201.6997034851,132599.11633911848,0.17861024955112048,0.17777513068339945
S5_AnyHSSCiter_Continuous_LPM,ols,main,Any_HSS_Citer ~ HSS_Continuous + has_hss_concepts + log_team_size + log_prior_knowledge + HSS_Diversity + C(stage) + C(arxiv_primary_category),C(arxiv_primary_category)[T.cs.OS],-0.0017117859008165105,0.050789673542160775,-0.03370342397250394,0.9731136485900612,-0.10125771682999851,0.09783414502836549,138824.0,131201.6997034851,132599.11633911848,0.17861024955112048,0.17777513068339945
S5_AnyHSSCiter_Continuous_LPM,ols,main,Any_HSS_Citer ~ HSS_Continuous + has_hss_concepts + log_team_size + log_prior_knowledge + HSS_Diversity + C(stage) + C(arxiv_primary_category),C(arxiv_primary_category)[T.cs.PF],-0.014261793740216197,0.046212685788656636,-0.30861209420805613,0.7576166198208362,-0.1048369935148492,0.07631340603441679,138824.0,131201.6997034851,132599.11633911848,0.17861024955112048,0.17777513068339945
S5_AnyHSSCiter_Continuous_LPM,ols,main,Any_HSS_Citer ~ HSS_Continuous + has_hss_concepts + log_team_size + log_prior_knowledge + HSS_Diversity + C(stage) + C(arxiv_primary_category),C(arxiv_primary_category)[T.cs.PL],0.07521035407907141,0.04673083023265037,1.6094375748223424,0.10752069467392875,-0.01638039014457883,0.16680109830272166,138824.0,131201.6997034851,132599.11633911848,0.17861024955112048,0.17777513068339945
S5_AnyHSSCiter_Continuous_LPM,ols,main,Any_HSS_Citer ~ HSS_Continuous + has_hss_concepts + log_team_size + log_prior_knowledge + HSS_Diversity + C(stage) + C(arxiv_primary_category),C(arxiv_primary_category)[T.cs.RO],0.055198944872285494,0.037040219798674175,1.4902434481304372,0.13616023605544178,-0.017398551912563343,0.12779644165713433,138824.0,131201.6997034851,132599.11633911848,0.17861024955112048,0.17777513068339945
S5_AnyHSSCiter_Continuous_LPM,ols,main,Any_HSS_Citer ~ HSS_Continuous + has_hss_concepts + log_team_size + log_prior_knowledge + HSS_Diversity + C(stage) + C(arxiv_primary_category),C(arxiv_primary_category)[T.cs.SC],-0.07546578821190074,0.07058497910786442,-1.0691479853890402,0.285002992238928,-0.21380980511282716,0.06287822868902566,138824.0,131201.6997034851,132599.11633911848,0.17861024955112048,0.17777513068339945
S5_AnyHSSCiter_Continuous_LPM,ols,main,Any_HSS_Citer ~ HSS_Continuous + has_hss_concepts + log_team_size + log_prior_knowledge + HSS_Diversity + C(stage) + C(arxiv_primary_category),C(arxiv_primary_category)[T.cs.SD],0.024476027806849827,0.03741332936917587,0.6542060869625561,0.5129790405041312,-0.04885275029846955,0.0978048059121692,138824.0,131201.6997034851,132599.11633911848,0.17861024955112048,0.17777513068339945
S5_AnyHSSCiter_Continuous_LPM,ols,main,Any_HSS_Citer ~ HSS_Continuous + has_hss_concepts + log_team_size + log_prior_knowledge + HSS_Diversity + C(stage) + C(arxiv_primary_category),C(arxiv_primary_category)[T.cs.SE],0.0586324452746812,0.03692409404393353,1.5879183170998954,0.11230481094045815,-0.01373744921319843,0.13100233976256082,138824.0,131201.6997034851,132599.11633911848,0.17861024955112048,0.17777513068339945
S5_AnyHSSCiter_Continuous_LPM,ols,main,Any_HSS_Citer ~ HSS_Continuous + has_hss_concepts + log_team_size + log_prior_knowledge + HSS_Diversity + C(stage) + C(arxiv_primary_category),C(arxiv_primary_category)[T.cs.SI],0.07741607997401874,0.042381033781525246,1.8266680414899643,0.06774969616726642,-0.005649219865346111,0.1604813798133836,138824.0,131201.6997034851,132599.11633911848,0.17861024955112048,0.17777513068339945
S5_AnyHSSCiter_Continuous_LPM,ols,main,Any_HSS_Citer ~ HSS_Continuous + has_hss_concepts + log_team_size + log_prior_knowledge + HSS_Diversity + C(stage) + C(arxiv_primary_category),C(arxiv_primary_category)[T.econ.EM],0.0255676761850448,0.07261015017655595,0.35212261815841805,0.7247463064764283,-0.11674560307304951,0.1678809554431391,138824.0,131201.6997034851,132599.11633911848,0.17861024955112048,0.17777513068339945
S5_AnyHSSCiter_Continuous_LPM,ols,main,Any_HSS_Citer ~ HSS_Continuous + has_hss_concepts + log_team_size + log_prior_knowledge + HSS_Diversity + C(stage) + C(arxiv_primary_category),C(arxiv_primary_category)[T.econ.GN],0.21320671621323228,0.059351039306321546,3.5922996244907104,0.00032777266942937255,0.09688081672782094,0.3295326156986436,138824.0,131201.6997034851,132599.11633911848,0.17861024955112048,0.17777513068339945
S5_AnyHSSCiter_Continuous_LPM,ols,main,Any_HSS_Citer ~ HSS_Continuous + has_hss_concepts + log_team_size + log_prior_knowledge + HSS_Diversity + C(stage) + C(arxiv_primary_category),C(arxiv_primary_category)[T.econ.TH],-0.09672121033610703,0.040611380447293274,-2.3816282350124705,0.017236288425680892,-0.176318053375256,-0.01712436729695807,138824.0,131201.6997034851,132599.11633911848,0.17861024955112048,0.17777513068339945
S5_AnyHSSCiter_Continuous_LPM,ols,main,Any_HSS_Citer ~ HSS_Continuous + has_hss_concepts + log_team_size + log_prior_knowledge + HSS_Diversity + C(stage) + C(arxiv_primary_category),C(arxiv_primary_category)[T.eess.AS],0.018572403646555546,0.03792680989976167,0.4896906356121519,0.6243528293193714,-0.05576277780547449,0.09290758509858559,138824.0,131201.6997034851,132599.11633911848,0.17861024955112048,0.17777513068339945
S5_AnyHSSCiter_Continuous_LPM,ols,main,Any_HSS_Citer ~ HSS_Continuous + has_hss_concepts + log_team_size + log_prior_knowledge + HSS_Diversity + C(stage) + C(arxiv_primary_category),C(arxiv_primary_category)[T.eess.IV],0.054340723346301,0.03722072746222654,1.4599586588265556,0.14430143619665256,-0.01861056195804394,0.12729200865064594,138824.0,131201.6997034851,132599.11633911848,0.17861024955112048,0.17777513068339945
S5_AnyHSSCiter_Continuous_LPM,ols,main,Any_HSS_Citer ~ HSS_Continuous + has_hss_concepts + log_team_size + log_prior_knowledge + HSS_Diversity + C(stage) + C(arxiv_primary_category),C(arxiv_primary_category)[T.eess.SP],-0.04688502420444218,0.03851802177770494,-1.217223056651893,0.22351935998672257,-0.12237895964447333,0.028608911235588966,138824.0,131201.6997034851,132599.11633911848,0.17861024955112048,0.17777513068339945
S5_AnyHSSCiter_Continuous_LPM,ols,main,Any_HSS_Citer ~ HSS_Continuous + has_hss_concepts + log_team_size + log_prior_knowledge + HSS_Diversity + C(stage) + C(arxiv_primary_category),C(arxiv_primary_category)[T.eess.SY],0.002382417395267125,0.04015284209299415,0.059333717641940176,0.9526863056175541,-0.07631570698392529,0.08108054177445953,138824.0,131201.6997034851,132599.11633911848,0.17861024955112048,0.17777513068339945
S5_AnyHSSCiter_Continuous_LPM,ols,main,Any_HSS_Citer ~ HSS_Continuous + has_hss_concepts + log_team_size + log_prior_knowledge + HSS_Diversity + C(stage) + C(arxiv_primary_category),C(arxiv_primary_category)[T.gr-qc],-0.004366486782981377,0.04474640876724928,-0.09758295477283731,0.9222634600204117,-0.09206783640429728,0.08333486283833452,138824.0,131201.6997034851,132599.11633911848,0.17861024955112048,0.17777513068339945
S5_AnyHSSCiter_Continuous_LPM,ols,main,Any_HSS_Citer ~ HSS_Continuous + has_hss_concepts + log_team_size + log_prior_knowledge + HSS_Diversity + C(stage) + C(arxiv_primary_category),C(arxiv_primary_category)[T.hep-ex],0.17718083373269866,0.060110334994587636,2.947593516965961,0.0032025786917316136,0.05936674204466923,0.2949949254207281,138824.0,131201.6997034851,132599.11633911848,0.17861024955112048,0.17777513068339945
S5_AnyHSSCiter_Continuous_LPM,ols,main,Any_HSS_Citer ~ HSS_Continuous + has_hss_concepts + log_team_size + log_prior_knowledge + HSS_Diversity + C(stage) + C(arxiv_primary_category),C(arxiv_primary_category)[T.hep-lat],0.05211214187438523,0.07873977518593321,0.6618274150685538,0.5080818342054324,-0.10221498164082449,0.20643926538959495,138824.0,131201.6997034851,132599.11633911848,0.17861024955112048,0.17777513068339945
S5_AnyHSSCiter_Continuous_LPM,ols,main,Any_HSS_Citer ~ HSS_Continuous + has_hss_concepts + log_team_size + log_prior_knowledge + HSS_Diversity + C(stage) + C(arxiv_primary_category),C(arxiv_primary_category)[T.hep-ph],0.06918193885188383,0.0503392467776646,1.374314144139711,0.16934417712043925,-0.029481171841212753,0.16784504954498042,138824.0,131201.6997034851,132599.11633911848,0.17861024955112048,0.17777513068339945
S5_AnyHSSCiter_Continuous_LPM,ols,main,Any_HSS_Citer ~ HSS_Continuous + has_hss_concepts + log_team_size + log_prior_knowledge + HSS_Diversity + C(stage) + C(arxiv_primary_category),C(arxiv_primary_category)[T.hep-th],0.3323741142480897,0.11990717854216923,2.771928405697576,0.005572529134119317,0.09736036281762403,0.5673878656785554,138824.0,131201.6997034851,132599.11633911848,0.17861024955112048,0.17777513068339945
S5_AnyHSSCiter_Continuous_LPM,ols,main,Any_HSS_Citer ~ HSS_Continuous + has_hss_concepts + log_team_size + log_prior_knowledge + HSS_Diversity + C(stage) + C(arxiv_primary_category),C(arxiv_primary_category)[T.math-ph],0.192577416358711,0.17277388113752448,1.1146211168655944,0.26501281729844184,-0.14605316814004116,0.5312080008574631,138824.0,131201.6997034851,132599.11633911848,0.17861024955112048,0.17777513068339945
S5_AnyHSSCiter_Continuous_LPM,ols,main,Any_HSS_Citer ~ HSS_Continuous + has_hss_concepts + log_team_size + log_prior_knowledge + HSS_Diversity + C(stage) + C(arxiv_primary_category),C(arxiv_primary_category)[T.math.AC],0.0855077371522446,0.03644902718303972,2.3459538912476834,0.01897845510315465,0.014068956601965346,0.15694651770252388,138824.0,131201.6997034851,132599.11633911848,0.17861024955112048,0.17777513068339945
S5_AnyHSSCiter_Continuous_LPM,ols,main,Any_HSS_Citer ~ HSS_Continuous + has_hss_concepts + log_team_size + log_prior_knowledge + HSS_Diversity + C(stage) + C(arxiv_primary_category),C(arxiv_primary_category)[T.math.AG],-0.14366070997844968,0.09262468112324691,-1.550998159845689,0.12090212494707196,-0.3252017490595206,0.03788032910262126,138824.0,131201.6997034851,132599.11633911848,0.17861024955112048,0.17777513068339945
S5_AnyHSSCiter_Continuous_LPM,ols,main,Any_HSS_Citer ~ HSS_Continuous + has_hss_concepts + log_team_size + log_prior_knowledge + HSS_Diversity + C(stage) + C(arxiv_primary_category),C(arxiv_primary_category)[T.math.AP],-0.016265687692396898,0.06429252043112514,-0.2529950231119325,0.8002720591046538,-0.14227671221270777,0.10974533682791399,138824.0,131201.6997034851,132599.11633911848,0.17861024955112048,0.17777513068339945
S5_AnyHSSCiter_Continuous_LPM,ols,main,Any_HSS_Citer ~ HSS_Continuous + has_hss_concepts + log_team_size + log_prior_knowledge + HSS_Diversity + C(stage) + C(arxiv_primary_category),C(arxiv_primary_category)[T.math.AT],0.014249294834269255,0.03644164346139216,0.39101680058325494,0.6957848174677285,-0.057175013887508945,0.08567360355604746,138824.0,131201.6997034851,132599.11633911848,0.17861024955112048,0.17777513068339945
S5_AnyHSSCiter_Continuous_LPM,ols,main,Any_HSS_Citer ~ HSS_Continuous + has_hss_concepts + log_team_size + log_prior_knowledge + HSS_Diversity + C(stage) + C(arxiv_primary_category),C(arxiv_primary_category)[T.math.CO],-0.09075941514891174,0.08351181551351043,-1.0867853200273057,0.27713169693424444,-0.25443956583894556,0.07292073554112206,138824.0,131201.6997034851,132599.11633911848,0.17861024955112048,0.17777513068339945
S5_AnyHSSCiter_Continuous_LPM,ols,main,Any_HSS_Citer ~ HSS_Continuous + has_hss_concepts + log_team_size + log_prior_knowledge + HSS_Diversity + C(stage) + C(arxiv_primary_category),C(arxiv_primary_category)[T.math.CT],-0.05686366674751812,0.10357905931192686,-0.5489880592202908,0.5830136443886456,-0.25987489255143287,0.14614755905639665,138824.0,131201.6997034851,132599.11633911848,0.17861024955112048,0.17777513068339945
S5_AnyHSSCiter_Continuous_LPM,ols,main,Any_HSS_Citer ~ HSS_Continuous + has_hss_concepts + log_team_size + log_prior_knowledge + HSS_Diversity + C(stage) + C(arxiv_primary_category),C(arxiv_primary_category)[T.math.DG],-0.016367548902866833,0.045450474027382295,-0.36011833216538,0.7187586441458587,-0.10544884107680927,0.0727137432710756,138824.0,131201.6997034851,132599.11633911848,0.17861024955112048,0.17777513068339945
S5_AnyHSSCiter_Continuous_LPM,ols,main,Any_HSS_Citer ~ HSS_Continuous + has_hss_concepts + log_team_size + log_prior_knowledge + HSS_Diversity + C(stage) + C(arxiv_primary_category),C(arxiv_primary_category)[T.math.DS],-0.03455195454666507,0.04852964051323383,-0.7119763134705871,0.47647944377672624,-0.12966830213527927,0.06056439304194913,138824.0,131201.6997034851,132599.11633911848,0.17861024955112048,0.17777513068339945
S5_AnyHSSCiter_Continuous_LPM,ols,main,Any_HSS_Citer ~ HSS_Continuous + has_hss_concepts + log_team_size + log_prior_knowledge + HSS_Diversity + C(stage) + C(arxiv_primary_category),C(arxiv_primary_category)[T.math.FA],-0.1041721113092427,0.07485088956616197,-1.391728433864012,0.1640046486103678,-0.2508771590697051,0.042532936451219666,138824.0,131201.6997034851,132599.11633911848,0.17861024955112048,0.17777513068339945
S5_AnyHSSCiter_Continuous_LPM,ols,main,Any_HSS_Citer ~ HSS_Continuous + has_hss_concepts + log_team_size + log_prior_knowledge + HSS_Diversity + C(stage) + C(arxiv_primary_category),C(arxiv_primary_category)[T.math.GM],-0.5202671571233752,0.07303365236877324,-7.123663410620063,1.0509551523585787e-12,-0.6634104854255892,-0.37712382882116124,138824.0,131201.6997034851,132599.11633911848,0.17861024955112048,0.17777513068339945
S5_AnyHSSCiter_Continuous_LPM,ols,main,Any_HSS_Citer ~ HSS_Continuous + has_hss_concepts + log_team_size + log_prior_knowledge + HSS_Diversity + C(stage) + C(arxiv_primary_category),C(arxiv_primary_category)[T.math.GR],-0.31515449663701217,0.036664885446957916,-8.595540195889539,8.28740082039637e-18,-0.38701635161033643,-0.2432926416636879,138824.0,131201.6997034851,132599.11633911848,0.17861024955112048,0.17777513068339945
S5_AnyHSSCiter_Continuous_LPM,ols,main,Any_HSS_Citer ~ HSS_Continuous + has_hss_concepts + log_team_size + log_prior_knowledge + HSS_Diversity + C(stage) + C(arxiv_primary_category),C(arxiv_primary_category)[T.math.GT],-0.1128653687601041,0.11068276050241167,-1.019719496042429,0.3078615126788463,-0.3297995930543034,0.10406885553409519,138824.0,131201.6997034851,132599.11633911848,0.17861024955112048,0.17777513068339945
S5_AnyHSSCiter_Continuous_LPM,ols,main,Any_HSS_Citer ~ HSS_Continuous + has_hss_concepts + log_team_size + log_prior_knowledge + HSS_Diversity + C(stage) + C(arxiv_primary_category),C(arxiv_primary_category)[T.math.HO],0.06909154976270618,0.0717434285540898,0.963036631440268,0.33552914050587346,-0.07152298633073234,0.2097060858561447,138824.0,131201.6997034851,132599.11633911848,0.17861024955112048,0.17777513068339945
S5_AnyHSSCiter_Continuous_LPM,ols,main,Any_HSS_Citer ~ HSS_Continuous + has_hss_concepts + log_team_size + log_prior_knowledge + HSS_Diversity + C(stage) + C(arxiv_primary_category),C(arxiv_primary_category)[T.math.LO],0.411222454550629,0.23267037381361924,1.7674035925177094,0.07716066173273224,-0.04480309839353602,0.867248007494794,138824.0,131201.6997034851,132599.11633911848,0.17861024955112048,0.17777513068339945
S5_AnyHSSCiter_Continuous_LPM,ols,main,Any_HSS_Citer ~ HSS_Continuous + has_hss_concepts + log_team_size + log_prior_knowledge + HSS_Diversity + C(stage) + C(arxiv_primary_category),C(arxiv_primary_category)[T.math.NA],0.035003144141138226,0.04382587803947496,0.798686659731269,0.424472123993928,-0.05089399840707756,0.12090028668935401,138824.0,131201.6997034851,132599.11633911848,0.17861024955112048,0.17777513068339945
S5_AnyHSSCiter_Continuous_LPM,ols,main,Any_HSS_Citer ~ HSS_Continuous + has_hss_concepts + log_team_size + log_prior_knowledge + HSS_Diversity + C(stage) + C(arxiv_primary_category),C(arxiv_primary_category)[T.math.NT],-0.16680017815870862,0.11285761094583759,-1.4779701321053045,0.13941577289522225,-0.3879970309937837,0.05439667467636644,138824.0,131201.6997034851,132599.11633911848,0.17861024955112048,0.17777513068339945
S5_AnyHSSCiter_Continuous_LPM,ols,main,Any_HSS_Citer ~ HSS_Continuous + has_hss_concepts + log_team_size + log_prior_knowledge + HSS_Diversity + C(stage) + C(arxiv_primary_category),C(arxiv_primary_category)[T.math.OC],0.026983260964040266,0.04624597336452561,0.5834726572051915,0.5595751585703026,-0.06365718126042855,0.1176237031885091,138824.0,131201.6997034851,132599.11633911848,0.17861024955112048,0.17777513068339945
S5_AnyHSSCiter_Continuous_LPM,ols,main,Any_HSS_Citer ~ HSS_Continuous + has_hss_concepts + log_team_size + log_prior_knowledge + HSS_Diversity + C(stage) + C(arxiv_primary_category),C(arxiv_primary_category)[T.math.PR],-0.10779091885166446,0.07086039332864252,-1.521173024707079,0.1282164229293459,-0.24667473770614612,0.03109290000281721,138824.0,131201.6997034851,132599.11633911848,0.17861024955112048,0.17777513068339945
S5_AnyHSSCiter_Continuous_LPM,ols,main,Any_HSS_Citer ~ HSS_Continuous + has_hss_concepts + log_team_size + log_prior_knowledge + HSS_Diversity + C(stage) + C(arxiv_primary_category),C(arxiv_primary_category)[T.math.SP],0.039466659822386875,0.036450842245698674,1.0827365676864182,0.27892536798325496,-0.031975678185333624,0.11090899783010738,138824.0,131201.6997034851,132599.11633911848,0.17861024955112048,0.17777513068339945
S5_AnyHSSCiter_Continuous_LPM,ols,main,Any_HSS_Citer ~ HSS_Continuous + has_hss_concepts + log_team_size + log_prior_knowledge + HSS_Diversity + C(stage) + C(arxiv_primary_category),C(arxiv_primary_category)[T.math.ST],-0.008859868883988235,0.05628520707596421,-0.15741025651785714,0.8749215306924609,-0.1191768476152571,0.10145710984728062,138824.0,131201.6997034851,132599.11633911848,0.17861024955112048,0.17777513068339945
S5_AnyHSSCiter_Continuous_LPM,ols,main,Any_HSS_Citer ~ HSS_Continuous + has_hss_concepts + log_team_size + log_prior_knowledge + HSS_Diversity + C(stage) + C(arxiv_primary_category),C(arxiv_primary_category)[T.nlin.AO],0.04874174746512662,0.11940038273775279,0.40822103202283233,0.6831114085490329,-0.18527870244116684,0.28276219737142005,138824.0,131201.6997034851,132599.11633911848,0.17861024955112048,0.17777513068339945
S5_AnyHSSCiter_Continuous_LPM,ols,main,Any_HSS_Citer ~ HSS_Continuous + has_hss_concepts + log_team_size + log_prior_knowledge + HSS_Diversity + C(stage) + C(arxiv_primary_category),C(arxiv_primary_category)[T.nlin.CD],-0.01125445830310229,0.03791527934864274,-0.29683173898348625,0.766594972733222,-0.08556704029021735,0.06305812368401277,138824.0,131201.6997034851,132599.11633911848,0.17861024955112048,0.17777513068339945
S5_AnyHSSCiter_Continuous_LPM,ols,main,Any_HSS_Citer ~ HSS_Continuous + has_hss_concepts + log_team_size + log_prior_knowledge + HSS_Diversity + C(stage) + C(arxiv_primary_category),C(arxiv_primary_category)[T.nlin.CG],0.05777055734080126,0.03648228629055448,1.5835234908443352,0.11330219683479886,-0.013733409862364876,0.1292745245439674,138824.0,131201.6997034851,132599.11633911848,0.17861024955112048,0.17777513068339945
S5_AnyHSSCiter_Continuous_LPM,ols,main,Any_HSS_Citer ~ HSS_Continuous + has_hss_concepts + log_team_size + log_prior_knowledge + HSS_Diversity + C(stage) + C(arxiv_primary_category),C(arxiv_primary_category)[T.nlin.PS],0.02194754668641684,0.13671341432427056,0.1605368924102755,0.8724581625344107,-0.24600582159265577,0.2899009149654895,138824.0,131201.6997034851,132599.11633911848,0.17861024955112048,0.17777513068339945
S5_AnyHSSCiter_Continuous_LPM,ols,main,Any_HSS_Citer ~ HSS_Continuous + has_hss_concepts + log_team_size + log_prior_knowledge + HSS_Diversity + C(stage) + C(arxiv_primary_category),C(arxiv_primary_category)[T.nucl-ex],-0.012847135555042714,0.03861104049696068,-0.33273217685117795,0.7393364585471299,-0.08852338433470316,0.06282911322461773,138824.0,131201.6997034851,132599.11633911848,0.17861024955112048,0.17777513068339945
S5_AnyHSSCiter_Continuous_LPM,ols,main,Any_HSS_Citer ~ HSS_Continuous + has_hss_concepts + log_team_size + log_prior_knowledge + HSS_Diversity + C(stage) + C(arxiv_primary_category),C(arxiv_primary_category)[T.nucl-th],-0.02084274665267155,0.06281450663426616,-0.3318142220558579,0.7400295445012524,-0.1439569173624855,0.10227142405714242,138824.0,131201.6997034851,132599.11633911848,0.17861024955112048,0.17777513068339945
S5_AnyHSSCiter_Continuous_LPM,ols,main,Any_HSS_Citer ~ HSS_Continuous + has_hss_concepts + log_team_size + log_prior_knowledge + HSS_Diversity + C(stage) + C(arxiv_primary_category),C(arxiv_primary_category)[T.physics.acc-ph],0.08197883689432826,0.1404047579995996,0.5838750627992397,0.5593043718297426,-0.19320943204294894,0.3571671058316055,138824.0,131201.6997034851,132599.11633911848,0.17861024955112048,0.17777513068339945
S5_AnyHSSCiter_Continuous_LPM,ols,main,Any_HSS_Citer ~ HSS_Continuous + has_hss_concepts + log_team_size + log_prior_knowledge + HSS_Diversity + C(stage) + C(arxiv_primary_category),C(arxiv_primary_category)[T.physics.ao-ph],0.20708009543984096,0.059152966777751496,3.5007558660223874,0.00046394063933837026,0.0911424109767537,0.32301777990292824,138824.0,131201.6997034851,132599.11633911848,0.17861024955112048,0.17777513068339945
S5_AnyHSSCiter_Continuous_LPM,ols,main,Any_HSS_Citer ~ HSS_Continuous + has_hss_concepts + log_team_size + log_prior_knowledge + HSS_Diversity + C(stage) + C(arxiv_primary_category),C(arxiv_primary_category)[T.physics.app-ph],0.004243916598405688,0.08298988887950125,0.05113775492057501,0.9592157512597078,-0.15841327668639787,0.16690110988320928,138824.0,131201.6997034851,132599.11633911848,0.17861024955112048,0.17777513068339945
S5_AnyHSSCiter_Continuous_LPM,ols,main,Any_HSS_Citer ~ HSS_Continuous + has_hss_concepts + log_team_size + log_prior_knowledge + HSS_Diversity + C(stage) + C(arxiv_primary_category),C(arxiv_primary_category)[T.physics.atom-ph],0.09743226112691072,0.1353779515515983,0.7197055355781118,0.4717063172634912,-0.16790364821503023,0.3627681704688517,138824.0,131201.6997034851,132599.11633911848,0.17861024955112048,0.17777513068339945
S5_AnyHSSCiter_Continuous_LPM,ols,main,Any_HSS_Citer ~ HSS_Continuous + has_hss_concepts + log_team_size + log_prior_knowledge + HSS_Diversity + C(stage) + C(arxiv_primary_category),C(arxiv_primary_category)[T.physics.bio-ph],-0.14298999712510868,0.05499001400239003,-2.6002902475873877,0.009314494173826198,-0.2507684440791464,-0.03521155017107096,138824.0,131201.6997034851,132599.11633911848,0.17861024955112048,0.17777513068339945
S5_AnyHSSCiter_Continuous_LPM,ols,main,Any_HSS_Citer ~ HSS_Continuous + has_hss_concepts + log_team_size + log_prior_knowledge + HSS_Diversity + C(stage) + C(arxiv_primary_category),C(arxiv_primary_category)[T.physics.chem-ph],0.15004966696648248,0.05327197239974928,2.8166718859313096,0.004852407025039056,0.04563851967756209,0.25446081425540285,138824.0,131201.6997034851,132599.11633911848,0.17861024955112048,0.17777513068339945
S5_AnyHSSCiter_Continuous_LPM,ols,main,Any_HSS_Citer ~ HSS_Continuous + has_hss_concepts + log_team_size + log_prior_knowledge + HSS_Diversity + C(stage) + C(arxiv_primary_category),C(arxiv_primary_category)[T.physics.class-ph],0.05009672178884881,0.036444234901976444,1.3746130745670275,0.1692514329909376,-0.02133266606314265,0.12152610964084026,138824.0,131201.6997034851,132599.11633911848,0.17861024955112048,0.17777513068339945
S5_AnyHSSCiter_Continuous_LPM,ols,main,Any_HSS_Citer ~ HSS_Continuous + has_hss_concepts + log_team_size + log_prior_knowledge + HSS_Diversity + C(stage) + C(arxiv_primary_category),C(arxiv_primary_category)[T.physics.comp-ph],0.030610550661613632,0.049573854230309904,0.6174736892435946,0.5369223303873738,-0.06655241820463237,0.12777351952785965,138824.0,131201.6997034851,132599.11633911848,0.17861024955112048,0.17777513068339945
S5_AnyHSSCiter_Continuous_LPM,ols,main,Any_HSS_Citer ~ HSS_Continuous + has_hss_concepts + log_team_size + log_prior_knowledge + HSS_Diversity + C(stage) + C(arxiv_primary_category),C(arxiv_primary_category)[T.physics.data-an],0.017153170965161058,0.08092132281887669,0.21197343750242922,0.832127757231748,-0.1414497073411765,0.17575604927149863,138824.0,131201.6997034851,132599.11633911848,0.17861024955112048,0.17777513068339945
S5_AnyHSSCiter_Continuous_LPM,ols,main,Any_HSS_Citer ~ HSS_Continuous + has_hss_concepts + log_team_size + log_prior_knowledge + HSS_Diversity + C(stage) + C(arxiv_primary_category),C(arxiv_primary_category)[T.physics.ed-ph],0.2231504121618647,0.0672055865093173,3.320414622539265,0.0008988384692783611,0.09142988304371188,0.3548709412800175,138824.0,131201.6997034851,132599.11633911848,0.17861024955112048,0.17777513068339945
S5_AnyHSSCiter_Continuous_LPM,ols,main,Any_HSS_Citer ~ HSS_Continuous + has_hss_concepts + log_team_size + log_prior_knowledge + HSS_Diversity + C(stage) + C(arxiv_primary_category),C(arxiv_primary_category)[T.physics.flu-dyn],0.02701993079341777,0.042654807123836375,0.6334557020729905,0.5264360998717648,-0.056581954936804055,0.1106218165236396,138824.0,131201.6997034851,132599.11633911848,0.17861024955112048,0.17777513068339945
S5_AnyHSSCiter_Continuous_LPM,ols,main,Any_HSS_Citer ~ HSS_Continuous + has_hss_concepts + log_team_size + log_prior_knowledge + HSS_Diversity + C(stage) + C(arxiv_primary_category),C(arxiv_primary_category)[T.physics.gen-ph],0.001792673915217524,0.04708124202810262,0.03807618146835386,0.9696269419702994,-0.09048486480727715,0.09407021263771219,138824.0,131201.6997034851,132599.11633911848,0.17861024955112048,0.17777513068339945
S5_AnyHSSCiter_Continuous_LPM,ols,main,Any_HSS_Citer ~ HSS_Continuous + has_hss_concepts + log_team_size + log_prior_knowledge + HSS_Diversity + C(stage) + C(arxiv_primary_category),C(arxiv_primary_category)[T.physics.geo-ph],0.06495748838418172,0.05009422882159015,1.29670602606793,0.19473235513988174,-0.03322539593944332,0.16314037270780676,138824.0,131201.6997034851,132599.11633911848,0.17861024955112048,0.17777513068339945
S5_AnyHSSCiter_Continuous_LPM,ols,main,Any_HSS_Citer ~ HSS_Continuous + has_hss_concepts + log_team_size + log_prior_knowledge + HSS_Diversity + C(stage) + C(arxiv_primary_category),C(arxiv_primary_category)[T.physics.ins-det],-0.007515660100205628,0.06627474585920491,-0.11340156801464032,0.9097121966361139,-0.13741177506879235,0.12238045486838109,138824.0,131201.6997034851,132599.11633911848,0.17861024955112048,0.17777513068339945
S5_AnyHSSCiter_Continuous_LPM,ols,main,Any_HSS_Citer ~ HSS_Continuous + has_hss_concepts + log_team_size + log_prior_knowledge + HSS_Diversity + C(stage) + C(arxiv_primary_category),C(arxiv_primary_category)[T.physics.med-ph],0.08609071930482812,0.05379019847480005,1.6004908281786765,0.10948974000527885,-0.019336132427041325,0.19151757103669756,138824.0,131201.6997034851,132599.11633911848,0.17861024955112048,0.17777513068339945
S5_AnyHSSCiter_Continuous_LPM,ols,main,Any_HSS_Citer ~ HSS_Continuous + has_hss_concepts + log_team_size + log_prior_knowledge + HSS_Diversity + C(stage) + C(arxiv_primary_category),C(arxiv_primary_category)[T.physics.optics],-0.021401951935413943,0.04501471662809189,-0.4754434446902158,0.6344709348335096,-0.10962917530075035,0.06682527142992246,138824.0,131201.6997034851,132599.11633911848,0.17861024955112048,0.17777513068339945
S5_AnyHSSCiter_Continuous_LPM,ols,main,Any_HSS_Citer ~ HSS_Continuous + has_hss_concepts + log_team_size + log_prior_knowledge + HSS_Diversity + C(stage) + C(arxiv_primary_category),C(arxiv_primary_category)[T.physics.plasm-ph],0.04708285940044835,0.0748659337512678,0.6288956410652,0.5294173799485358,-0.0996516744209982,0.1938173932218949,138824.0,131201.6997034851,132599.11633911848,0.17861024955112048,0.17777513068339945
S5_AnyHSSCiter_Continuous_LPM,ols,main,Any_HSS_Citer ~ HSS_Continuous + has_hss_concepts + log_team_size + log_prior_knowledge + HSS_Diversity + C(stage) + C(arxiv_primary_category),C(arxiv_primary_category)[T.physics.pop-ph],0.37748281869417083,0.2141816314794841,1.7624425404114494,0.07799455650027586,-0.042305465155648314,0.79727110254399,138824.0,131201.6997034851,132599.11633911848,0.17861024955112048,0.17777513068339945
S5_AnyHSSCiter_Continuous_LPM,ols,main,Any_HSS_Citer ~ HSS_Continuous + has_hss_concepts + log_team_size + log_prior_knowledge + HSS_Diversity + C(stage) + C(arxiv_primary_category),C(arxiv_primary_category)[T.physics.soc-ph],0.04197412284725851,0.0633721033086801,0.6623438493560194,0.5077508806654953,-0.08223291726230608,0.1661811629568231,138824.0,131201.6997034851,132599.11633911848,0.17861024955112048,0.17777513068339945
S5_AnyHSSCiter_Continuous_LPM,ols,main,Any_HSS_Citer ~ HSS_Continuous + has_hss_concepts + log_team_size + log_prior_knowledge + HSS_Diversity + C(stage) + C(arxiv_primary_category),C(arxiv_primary_category)[T.physics.space-ph],-0.0009001918240697859,0.050017158305816024,-0.017997660294209697,0.9856407199244182,-0.09893202071250762,0.09713163706436806,138824.0,131201.6997034851,132599.11633911848,0.17861024955112048,0.17777513068339945
S5_AnyHSSCiter_Continuous_LPM,ols,main,Any_HSS_Citer ~ HSS_Continuous + has_hss_concepts + log_team_size + log_prior_knowledge + HSS_Diversity + C(stage) + C(arxiv_primary_category),C(arxiv_primary_category)[T.q-bio.BM],0.21134377419667533,0.04856340123140491,4.351914586657984,1.3495383944068562e-05,0.1161612568163536,0.30652629157699707,138824.0,131201.6997034851,132599.11633911848,0.17861024955112048,0.17777513068339945
S5_AnyHSSCiter_Continuous_LPM,ols,main,Any_HSS_Citer ~ HSS_Continuous + has_hss_concepts + log_team_size + log_prior_knowledge + HSS_Diversity + C(stage) + C(arxiv_primary_category),C(arxiv_primary_category)[T.q-bio.CB],-0.04160657795914824,0.04617555508406635,-0.9010520368060564,0.36756065280859795,-0.13210900289006366,0.0488958469717672,138824.0,131201.6997034851,132599.11633911848,0.17861024955112048,0.17777513068339945
S5_AnyHSSCiter_Continuous_LPM,ols,main,Any_HSS_Citer ~ HSS_Continuous + has_hss_concepts + log_team_size + log_prior_knowledge + HSS_Diversity + C(stage) + C(arxiv_primary_category),C(arxiv_primary_category)[T.q-bio.GN],0.03250493407241634,0.04605401195996216,0.7058002699238247,0.4803123541964225,-0.05775927071268639,0.12276913885751908,138824.0,131201.6997034851,132599.11633911848,0.17861024955112048,0.17777513068339945
S5_AnyHSSCiter_Continuous_LPM,ols,main,Any_HSS_Citer ~ HSS_Continuous + has_hss_concepts + log_team_size + log_prior_knowledge + HSS_Diversity + C(stage) + C(arxiv_primary_category),C(arxiv_primary_category)[T.q-bio.MN],-0.043610023877565955,0.08382234446944321,-0.5202672885564976,0.6028772919208331,-0.20789880013738485,0.12067875238225292,138824.0,131201.6997034851,132599.11633911848,0.17861024955112048,0.17777513068339945
S5_AnyHSSCiter_Continuous_LPM,ols,main,Any_HSS_Citer ~ HSS_Continuous + has_hss_concepts + log_team_size + log_prior_knowledge + HSS_Diversity + C(stage) + C(arxiv_primary_category),C(arxiv_primary_category)[T.q-bio.NC],0.026071715742555117,0.0448497397200134,0.5813125316961667,0.5610298361449402,-0.06183215882466667,0.11397559030977691,138824.0,131201.6997034851,132599.11633911848,0.17861024955112048,0.17777513068339945
S5_AnyHSSCiter_Continuous_LPM,ols,main,Any_HSS_Citer ~ HSS_Continuous + has_hss_concepts + log_team_size + log_prior_knowledge + HSS_Diversity + C(stage) + C(arxiv_primary_category),C(arxiv_primary_category)[T.q-bio.OT],0.1726202957850975,0.12220393134294395,1.4125592678411372,0.15778535262435367,-0.06689500841627813,0.4121355999864731,138824.0,131201.6997034851,132599.11633911848,0.17861024955112048,0.17777513068339945
S5_AnyHSSCiter_Continuous_LPM,ols,main,Any_HSS_Citer ~ HSS_Continuous + has_hss_concepts + log_team_size + log_prior_knowledge + HSS_Diversity + C(stage) + C(arxiv_primary_category),C(arxiv_primary_category)[T.q-bio.PE],-0.051970556675393714,0.0833307564812955,-0.6236659652436862,0.5328469792214625,-0.21529583818321057,0.11135472483242315,138824.0,131201.6997034851,132599.11633911848,0.17861024955112048,0.17777513068339945
S5_AnyHSSCiter_Continuous_LPM,ols,main,Any_HSS_Citer ~ HSS_Continuous + has_hss_concepts + log_team_size + log_prior_knowledge + HSS_Diversity + C(stage) + C(arxiv_primary_category),C(arxiv_primary_category)[T.q-bio.QM],0.14298240891545247,0.04469260019865026,3.1992412229300236,0.0013778982543491986,0.05538652215065029,0.23057829568025465,138824.0,131201.6997034851,132599.11633911848,0.17861024955112048,0.17777513068339945
S5_AnyHSSCiter_Continuous_LPM,ols,main,Any_HSS_Citer ~ HSS_Continuous + has_hss_concepts + log_team_size + log_prior_knowledge + HSS_Diversity + C(stage) + C(arxiv_primary_category),C(arxiv_primary_category)[T.q-bio.TO],0.0046016578058572545,0.09679005277751117,0.04754267276240636,0.9620807208220791,-0.18510335969979566,0.19430667531151016,138824.0,131201.6997034851,132599.11633911848,0.17861024955112048,0.17777513068339945
S5_AnyHSSCiter_Continuous_LPM,ols,main,Any_HSS_Citer ~ HSS_Continuous + has_hss_concepts + log_team_size + log_prior_knowledge + HSS_Diversity + C(stage) + C(arxiv_primary_category),C(arxiv_primary_category)[T.q-fin.CP],0.02504781647358601,0.05609723761200243,0.44650712833365686,0.65523096462816,-0.08490074887812446,0.13499638182529647,138824.0,131201.6997034851,132599.11633911848,0.17861024955112048,0.17777513068339945
S5_AnyHSSCiter_Continuous_LPM,ols,main,Any_HSS_Citer ~ HSS_Continuous + has_hss_concepts + log_team_size + log_prior_knowledge + HSS_Diversity + C(stage) + C(arxiv_primary_category),C(arxiv_primary_category)[T.q-fin.GN],0.13190707968617818,0.09825078417974335,1.3425549809848119,0.17941611599666563,-0.060660918758936505,0.32447507813129284,138824.0,131201.6997034851,132599.11633911848,0.17861024955112048,0.17777513068339945
S5_AnyHSSCiter_Continuous_LPM,ols,main,Any_HSS_Citer ~ HSS_Continuous + has_hss_concepts + log_team_size + log_prior_knowledge + HSS_Diversity + C(stage) + C(arxiv_primary_category),C(arxiv_primary_category)[T.q-fin.MF],-0.03207272176979305,0.0856580102493415,-0.37442758332154474,0.7080862244408532,-0.1999593368458652,0.13581389330627913,138824.0,131201.6997034851,132599.11633911848,0.17861024955112048,0.17777513068339945
S5_AnyHSSCiter_Continuous_LPM,ols,main,Any_HSS_Citer ~ HSS_Continuous + has_hss_concepts + log_team_size + log_prior_knowledge + HSS_Diversity + C(stage) + C(arxiv_primary_category),C(arxiv_primary_category)[T.q-fin.PM],-0.03894941039243171,0.07388445773747383,-0.5271664919139923,0.5980779756366001,-0.18376028657515214,0.10586146579028871,138824.0,131201.6997034851,132599.11633911848,0.17861024955112048,0.17777513068339945
S5_AnyHSSCiter_Continuous_LPM,ols,main,Any_HSS_Citer ~ HSS_Continuous + has_hss_concepts + log_team_size + log_prior_knowledge + HSS_Diversity + C(stage) + C(arxiv_primary_category),C(arxiv_primary_category)[T.q-fin.PR],-0.0291438834589967,0.08349331241080303,-0.3490565006644273,0.7270468925049967,-0.19278776873412176,0.13450000181612834,138824.0,131201.6997034851,132599.11633911848,0.17861024955112048,0.17777513068339945
S5_AnyHSSCiter_Continuous_LPM,ols,main,Any_HSS_Citer ~ HSS_Continuous + has_hss_concepts + log_team_size + log_prior_knowledge + HSS_Diversity + C(stage) + C(arxiv_primary_category),C(arxiv_primary_category)[T.q-fin.RM],0.21547781435426105,0.10488590848645167,2.0544019445862434,0.039936805018022555,0.00990521123505178,0.42105041747347033,138824.0,131201.6997034851,132599.11633911848,0.17861024955112048,0.17777513068339945
S5_AnyHSSCiter_Continuous_LPM,ols,main,Any_HSS_Citer ~ HSS_Continuous + has_hss_concepts + log_team_size + log_prior_knowledge + HSS_Diversity + C(stage) + C(arxiv_primary_category),C(arxiv_primary_category)[T.q-fin.ST],0.10171614126832997,0.062373070238191594,1.6307701525657503,0.10293882763677321,-0.020532830003712685,0.2239651125403726,138824.0,131201.6997034851,132599.11633911848,0.17861024955112048,0.17777513068339945
S5_AnyHSSCiter_Continuous_LPM,ols,main,Any_HSS_Citer ~ HSS_Continuous + has_hss_concepts + log_team_size + log_prior_knowledge + HSS_Diversity + C(stage) + C(arxiv_primary_category),C(arxiv_primary_category)[T.q-fin.TR],0.2025958478227708,0.09018033954654944,2.246563373363598,0.024667945152812128,0.025845630197940728,0.37934606544760086,138824.0,131201.6997034851,132599.11633911848,0.17861024955112048,0.17777513068339945
S5_AnyHSSCiter_Continuous_LPM,ols,main,Any_HSS_Citer ~ HSS_Continuous + has_hss_concepts + log_team_size + log_prior_knowledge + HSS_Diversity + C(stage) + C(arxiv_primary_category),C(arxiv_primary_category)[T.quant-ph],0.022490033698566284,0.04063823022357123,0.5534205986539611,0.5799754371214474,-0.05715943393508044,0.102139501332213,138824.0,131201.6997034851,132599.11633911848,0.17861024955112048,0.17777513068339945
S5_AnyHSSCiter_Continuous_LPM,ols,main,Any_HSS_Citer ~ HSS_Continuous + has_hss_concepts + log_team_size + log_prior_knowledge + HSS_Diversity + C(stage) + C(arxiv_primary_category),C(arxiv_primary_category)[T.stat.AP],0.024957543429303425,0.059161686172827285,0.42185314590925777,0.6731322111131062,-0.09099723073409936,0.14091231759270623,138824.0,131201.6997034851,132599.11633911848,0.17861024955112048,0.17777513068339945
S5_AnyHSSCiter_Continuous_LPM,ols,main,Any_HSS_Citer ~ HSS_Continuous + has_hss_concepts + log_team_size + log_prior_knowledge + HSS_Diversity + C(stage) + C(arxiv_primary_category),C(arxiv_primary_category)[T.stat.CO],0.04766931453450471,0.05537497347279146,0.8608458215862995,0.38932296436785774,-0.06086363911702744,0.15620226818603686,138824.0,131201.6997034851,132599.11633911848,0.17861024955112048,0.17777513068339945
S5_AnyHSSCiter_Continuous_LPM,ols,main,Any_HSS_Citer ~ HSS_Continuous + has_hss_concepts + log_team_size + log_prior_knowledge + HSS_Diversity + C(stage) + C(arxiv_primary_category),C(arxiv_primary_category)[T.stat.ME],-0.021958781569078573,0.046686426092570864,-0.47034616711800176,0.638107718365585,-0.11346249527740851,0.06954493213925136,138824.0,131201.6997034851,132599.11633911848,0.17861024955112048,0.17777513068339945
S5_AnyHSSCiter_Continuous_LPM,ols,main,Any_HSS_Citer ~ HSS_Continuous + has_hss_concepts + log_team_size + log_prior_knowledge + HSS_Diversity + C(stage) + C(arxiv_primary_category),C(arxiv_primary_category)[T.stat.ML],0.1062258813973122,0.03789457383618788,2.8031950393876848,0.005059905962738765,0.03195388146889014,0.18049788132573427,138824.0,131201.6997034851,132599.11633911848,0.17861024955112048,0.17777513068339945
S5_AnyHSSCiter_Continuous_LPM,ols,main,Any_HSS_Citer ~ HSS_Continuous + has_hss_concepts + log_team_size + log_prior_knowledge + HSS_Diversity + C(stage) + C(arxiv_primary_category),C(arxiv_primary_category)[T.stat.OT],-0.05214360195018404,0.046898971128672466,-1.1118282703286253,0.26621199425958286,-0.1440638962743659,0.03977669237399781,138824.0,131201.6997034851,132599.11633911848,0.17861024955112048,0.17777513068339945
S5_AnyHSSCiter_Continuous_LPM,ols,main,Any_HSS_Citer ~ HSS_Continuous + has_hss_concepts + log_team_size + log_prior_knowledge + HSS_Diversity + C(stage) + C(arxiv_primary_category),HSS_Continuous,0.0039959062876509625,0.0010019955865827608,3.98794799214509,6.664726909063351e-05,0.002032031025280666,0.0059597815500212585,138824.0,131201.6997034851,132599.11633911848,0.17861024955112048,0.17777513068339945
S5_AnyHSSCiter_Continuous_LPM,ols,main,Any_HSS_Citer ~ HSS_Continuous + has_hss_concepts + log_team_size + log_prior_knowledge + HSS_Diversity + C(stage) + C(arxiv_primary_category),has_hss_concepts,0.1242189237185896,0.002468859553618752,50.314293308630965,0.0,0.11938004791060922,0.12905779952656998,138824.0,131201.6997034851,132599.11633911848,0.17861024955112048,0.17777513068339945
S5_AnyHSSCiter_Continuous_LPM,ols,main,Any_HSS_Citer ~ HSS_Continuous + has_hss_concepts + log_team_size + log_prior_knowledge + HSS_Diversity + C(stage) + C(arxiv_primary_category),log_team_size,-0.0706605490845288,0.002927262644519755,-24.138780036296104,9.794355417080791e-129,-0.076397878441077,-0.06492321972798061,138824.0,131201.6997034851,132599.11633911848,0.17861024955112048,0.17777513068339945
S5_AnyHSSCiter_Continuous_LPM,ols,main,Any_HSS_Citer ~ HSS_Continuous + has_hss_concepts + log_team_size + log_prior_knowledge + HSS_Diversity + C(stage) + C(arxiv_primary_category),log_prior_knowledge,0.07383491220807853,0.0011077460868046023,66.65328190963172,0.0,0.07166376977392633,0.07600605464223073,138824.0,131201.6997034851,132599.11633911848,0.17861024955112048,0.17777513068339945
S5_AnyHSSCiter_Continuous_LPM,ols,main,Any_HSS_Citer ~ HSS_Continuous + has_hss_concepts + log_team_size + log_prior_knowledge + HSS_Diversity + C(stage) + C(arxiv_primary_category),HSS_Diversity,0.12315050999110241,0.014297272576824144,8.613566631633589,7.082203440449679e-18,0.09512837066337491,0.1511726493188299,138824.0,131201.6997034851,132599.11633911848,0.17861024955112048,0.17777513068339945
S6_AnyNonCSCiter_Continuous_LPM,ols,main,Any_NonCS_Citer ~ HSS_Continuous + has_hss_concepts + log_team_size + log_prior_knowledge + HSS_Diversity + C(stage) + C(arxiv_primary_category),Intercept,0.854732813218549,0.07010865432194725,12.191544988062594,3.4482131342180567e-34,0.717322375742964,0.992143250694134,138824.0,153186.94516025373,154584.36179588712,0.17897233974829885,0.17813758902293086
S6_AnyNonCSCiter_Continuous_LPM,ols,main,Any_NonCS_Citer ~ HSS_Continuous + has_hss_concepts + log_team_size + log_prior_knowledge + HSS_Diversity + C(stage) + C(arxiv_primary_category),C(stage)[T.Phase2],-0.17682768881494823,0.016281547176594382,-10.860619503602688,1.775406565319233e-27,-0.20873893489366302,-0.14491644273623344,138824.0,153186.94516025373,154584.36179588712,0.17897233974829885,0.17813758902293086
S6_AnyNonCSCiter_Continuous_LPM,ols,main,Any_NonCS_Citer ~ HSS_Continuous + has_hss_concepts + log_team_size + log_prior_knowledge + HSS_Diversity + C(stage) + C(arxiv_primary_category),C(stage)[T.Phase3],-0.5458661634132411,0.016068459160700873,-33.971282370887366,5.917085633776485e-253,-0.5773597646552675,-0.5143725621712147,138824.0,153186.94516025373,154584.36179588712,0.17897233974829885,0.17813758902293086
S6_AnyNonCSCiter_Continuous_LPM,ols,main,Any_NonCS_Citer ~ HSS_Continuous + has_hss_concepts + log_team_size + log_prior_knowledge + HSS_Diversity + C(stage) + C(arxiv_primary_category),C(arxiv_primary_category)[T.astro-ph.EP],-0.24675245807261464,0.09907315753071794,-2.4906085989649447,0.01275245167141396,-0.440932278667485,-0.052572637477744266,138824.0,153186.94516025373,154584.36179588712,0.17897233974829885,0.17813758902293086
S6_AnyNonCSCiter_Continuous_LPM,ols,main,Any_NonCS_Citer ~ HSS_Continuous + has_hss_concepts + log_team_size + log_prior_knowledge + HSS_Diversity + C(stage) + C(arxiv_primary_category),C(arxiv_primary_category)[T.astro-ph.GA],-0.1547679856684146,0.08914565141246798,-1.736124905883728,0.08254175145971658,-0.3294902518152141,0.01995428047838485,138824.0,153186.94516025373,154584.36179588712,0.17897233974829885,0.17813758902293086
S6_AnyNonCSCiter_Continuous_LPM,ols,main,Any_NonCS_Citer ~ HSS_Continuous + has_hss_concepts + log_team_size + log_prior_knowledge + HSS_Diversity + C(stage) + C(arxiv_primary_category),C(arxiv_primary_category)[T.astro-ph.HE],-0.1679678113422327,0.1411115230560014,-1.1903195976105592,0.233920800968617,-0.4445413143355889,0.10860569165112349,138824.0,153186.94516025373,154584.36179588712,0.17897233974829885,0.17813758902293086
S6_AnyNonCSCiter_Continuous_LPM,ols,main,Any_NonCS_Citer ~ HSS_Continuous + has_hss_concepts + log_team_size + log_prior_knowledge + HSS_Diversity + C(stage) + C(arxiv_primary_category),C(arxiv_primary_category)[T.astro-ph.IM],-0.17337126887690005,0.07594502256640683,-2.2828522925949897,0.022439070475421444,-0.3222207779121391,-0.024521759841660995,138824.0,153186.94516025373,154584.36179588712,0.17897233974829885,0.17813758902293086
S6_AnyNonCSCiter_Continuous_LPM,ols,main,Any_NonCS_Citer ~ HSS_Continuous + has_hss_concepts + log_team_size + log_prior_knowledge + HSS_Diversity + C(stage) + C(arxiv_primary_category),C(arxiv_primary_category)[T.astro-ph.SR],-0.2739761114851147,0.09583271160432118,-2.85889971074095,0.004251131605075839,-0.46180477477039794,-0.08614744819983147,138824.0,153186.94516025373,154584.36179588712,0.17897233974829885,0.17813758902293086
S6_AnyNonCSCiter_Continuous_LPM,ols,main,Any_NonCS_Citer ~ HSS_Continuous + has_hss_concepts + log_team_size + log_prior_knowledge + HSS_Diversity + C(stage) + C(arxiv_primary_category),C(arxiv_primary_category)[T.cond-mat.dis-nn],-0.20708306337960286,0.09376604475702713,-2.208508036317522,0.02720887822991792,-0.39086113407614675,-0.02330499268305894,138824.0,153186.94516025373,154584.36179588712,0.17897233974829885,0.17813758902293086
S6_AnyNonCSCiter_Continuous_LPM,ols,main,Any_NonCS_Citer ~ HSS_Continuous + has_hss_concepts + log_team_size + log_prior_knowledge + HSS_Diversity + C(stage) + C(arxiv_primary_category),C(arxiv_primary_category)[T.cond-mat.mes-hall],-0.3235713813517337,0.09426477553804015,-3.4325799802192054,0.0005978675129443068,-0.5083269464170447,-0.1388158162864227,138824.0,153186.94516025373,154584.36179588712,0.17897233974829885,0.17813758902293086
S6_AnyNonCSCiter_Continuous_LPM,ols,main,Any_NonCS_Citer ~ HSS_Continuous + has_hss_concepts + log_team_size + log_prior_knowledge + HSS_Diversity + C(stage) + C(arxiv_primary_category),C(arxiv_primary_category)[T.cond-mat.mtrl-sci],-0.05701557681212992,0.07508649889555377,-0.7593319391737691,0.4476540161304535,-0.20418241037262186,0.09015125674836201,138824.0,153186.94516025373,154584.36179588712,0.17897233974829885,0.17813758902293086
S6_AnyNonCSCiter_Continuous_LPM,ols,main,Any_NonCS_Citer ~ HSS_Continuous + has_hss_concepts + log_team_size + log_prior_knowledge + HSS_Diversity + C(stage) + C(arxiv_primary_category),C(arxiv_primary_category)[T.cond-mat.other],-0.09865474243250136,0.2159480246363196,-0.45684484772966494,0.6477825680315524,-0.5219050932522561,0.3245956083872533,138824.0,153186.94516025373,154584.36179588712,0.17897233974829885,0.17813758902293086
S6_AnyNonCSCiter_Continuous_LPM,ols,main,Any_NonCS_Citer ~ HSS_Continuous + has_hss_concepts + log_team_size + log_prior_knowledge + HSS_Diversity + C(stage) + C(arxiv_primary_category),C(arxiv_primary_category)[T.cond-mat.quant-gas],-0.46252947988252263,0.09357014044396275,-4.9431311921512195,7.687771192625895e-07,-0.6459235851810443,-0.27913537458400095,138824.0,153186.94516025373,154584.36179588712,0.17897233974829885,0.17813758902293086
S6_AnyNonCSCiter_Continuous_LPM,ols,main,Any_NonCS_Citer ~ HSS_Continuous + has_hss_concepts + log_team_size + log_prior_knowledge + HSS_Diversity + C(stage) + C(arxiv_primary_category),C(arxiv_primary_category)[T.cond-mat.soft],-0.2810111727722812,0.11023441624413538,-2.5492145043878836,0.01079658701800203,-0.4970666584675837,-0.06495568707697877,138824.0,153186.94516025373,154584.36179588712,0.17897233974829885,0.17813758902293086
S6_AnyNonCSCiter_Continuous_LPM,ols,main,Any_NonCS_Citer ~ HSS_Continuous + has_hss_concepts + log_team_size + log_prior_knowledge + HSS_Diversity + C(stage) + C(arxiv_primary_category),C(arxiv_primary_category)[T.cond-mat.stat-mech],-0.2666974915157126,0.09230761383711077,-2.88922528087809,0.0038619228916886256,-0.44761709013528084,-0.08577789289614435,138824.0,153186.94516025373,154584.36179588712,0.17897233974829885,0.17813758902293086
S6_AnyNonCSCiter_Continuous_LPM,ols,main,Any_NonCS_Citer ~ HSS_Continuous + has_hss_concepts + log_team_size + log_prior_knowledge + HSS_Diversity + C(stage) + C(arxiv_primary_category),C(arxiv_primary_category)[T.cond-mat.str-el],-0.013926556824438913,0.16529867981837362,-0.0842508654015936,0.9328569771686903,-0.3379060159604691,0.3100529023115912,138824.0,153186.94516025373,154584.36179588712,0.17897233974829885,0.17813758902293086
S6_AnyNonCSCiter_Continuous_LPM,ols,main,Any_NonCS_Citer ~ HSS_Continuous + has_hss_concepts + log_team_size + log_prior_knowledge + HSS_Diversity + C(stage) + C(arxiv_primary_category),C(arxiv_primary_category)[T.cond-mat.supr-con],-0.14603091731865556,0.2473380552271242,-0.5904102269444914,0.5549156558217248,-0.6308045975699978,0.3387427629326868,138824.0,153186.94516025373,154584.36179588712,0.17897233974829885,0.17813758902293086
S6_AnyNonCSCiter_Continuous_LPM,ols,main,Any_NonCS_Citer ~ HSS_Continuous + has_hss_concepts + log_team_size + log_prior_knowledge + HSS_Diversity + C(stage) + C(arxiv_primary_category),C(arxiv_primary_category)[T.cs.AI],-0.3159697482227,0.06828873552936254,-4.626967328847969,3.7105902073011395e-06,-0.4498132104100314,-0.18212628603536865,138824.0,153186.94516025373,154584.36179588712,0.17897233974829885,0.17813758902293086
S6_AnyNonCSCiter_Continuous_LPM,ols,main,Any_NonCS_Citer ~ HSS_Continuous + has_hss_concepts + log_team_size + log_prior_knowledge + HSS_Diversity + C(stage) + C(arxiv_primary_category),C(arxiv_primary_category)[T.cs.AR],-0.31788904349776465,0.06993255572876411,-4.545651738093321,5.476552587387771e-06,-0.4549543340729825,-0.18082375292254677,138824.0,153186.94516025373,154584.36179588712,0.17897233974829885,0.17813758902293086
S6_AnyNonCSCiter_Continuous_LPM,ols,main,Any_NonCS_Citer ~ HSS_Continuous + has_hss_concepts + log_team_size + log_prior_knowledge + HSS_Diversity + C(stage) + C(arxiv_primary_category),C(arxiv_primary_category)[T.cs.CC],-0.3591805411487865,0.09871356410807461,-3.638613845971003,0.00027410944996265343,-0.5526555715861985,-0.16570551071137452,138824.0,153186.94516025373,154584.36179588712,0.17897233974829885,0.17813758902293086
S6_AnyNonCSCiter_Continuous_LPM,ols,main,Any_NonCS_Citer ~ HSS_Continuous + has_hss_concepts + log_team_size + log_prior_knowledge + HSS_Diversity + C(stage) + C(arxiv_primary_category),C(arxiv_primary_category)[T.cs.CE],-0.27260938573728977,0.07226510955012778,-3.7723513800001944,0.00016171629445850216,-0.41424639779438177,-0.1309723736801978,138824.0,153186.94516025373,154584.36179588712,0.17897233974829885,0.17813758902293086
S6_AnyNonCSCiter_Continuous_LPM,ols,main,Any_NonCS_Citer ~ HSS_Continuous + has_hss_concepts + log_team_size + log_prior_knowledge + HSS_Diversity + C(stage) + C(arxiv_primary_category),C(arxiv_primary_category)[T.cs.CG],-0.2107800250848402,0.12426908401209287,-1.6961581938137469,0.0898559253264965,-0.45434295414032444,0.03278290397064407,138824.0,153186.94516025373,154584.36179588712,0.17897233974829885,0.17813758902293086
S6_AnyNonCSCiter_Continuous_LPM,ols,main,Any_NonCS_Citer ~ HSS_Continuous + has_hss_concepts + log_team_size + log_prior_knowledge + HSS_Diversity + C(stage) + C(arxiv_primary_category),C(arxiv_primary_category)[T.cs.CL],-0.3056520415882551,0.0682094989902837,-4.481077358914403,7.426718385037665e-06,-0.43934020301273236,-0.17196388016377787,138824.0,153186.94516025373,154584.36179588712,0.17897233974829885,0.17813758902293086
S6_AnyNonCSCiter_Continuous_LPM,ols,main,Any_NonCS_Citer ~ HSS_Continuous + has_hss_concepts + log_team_size + log_prior_knowledge + HSS_Diversity + C(stage) + C(arxiv_primary_category),C(arxiv_primary_category)[T.cs.CR],-0.29293522011077566,0.06850822296738909,-4.275913276136459,1.9035531943180917e-05,-0.42720886977169803,-0.1586615704498533,138824.0,153186.94516025373,154584.36179588712,0.17897233974829885,0.17813758902293086
S6_AnyNonCSCiter_Continuous_LPM,ols,main,Any_NonCS_Citer ~ HSS_Continuous + has_hss_concepts + log_team_size + log_prior_knowledge + HSS_Diversity + C(stage) + C(arxiv_primary_category),C(arxiv_primary_category)[T.cs.CV],-0.2779241701313821,0.06820432785248635,-4.074875874922218,4.6038896620883797e-05,-0.41160219631201744,-0.14424614395074675,138824.0,153186.94516025373,154584.36179588712,0.17897233974829885,0.17813758902293086
S6_AnyNonCSCiter_Continuous_LPM,ols,main,Any_NonCS_Citer ~ HSS_Continuous + has_hss_concepts + log_team_size + log_prior_knowledge + HSS_Diversity + C(stage) + C(arxiv_primary_category),C(arxiv_primary_category)[T.cs.CY],-0.1730167520251314,0.06933375044462925,-2.4954189109285903,0.012580850656317387,-0.3089084058096927,-0.037125098240570115,138824.0,153186.94516025373,154584.36179588712,0.17897233974829885,0.17813758902293086
S6_AnyNonCSCiter_Continuous_LPM,ols,main,Any_NonCS_Citer ~ HSS_Continuous + has_hss_concepts + log_team_size + log_prior_knowledge + HSS_Diversity + C(stage) + C(arxiv_primary_category),C(arxiv_primary_category)[T.cs.DB],-0.264928280895127,0.07037092434684535,-3.7647406702993442,0.00016672202138853028,-0.40285275817373667,-0.12700380361651728,138824.0,153186.94516025373,154584.36179588712,0.17897233974829885,0.17813758902293086
S6_AnyNonCSCiter_Continuous_LPM,ols,main,Any_NonCS_Citer ~ HSS_Continuous + has_hss_concepts + log_team_size + log_prior_knowledge + HSS_Diversity + C(stage) + C(arxiv_primary_category),C(arxiv_primary_category)[T.cs.DC],-0.324156851237675,0.06916597807696062,-4.6866517361612,2.7771094214115473e-06,-0.45971967722400475,-0.18859402525134525,138824.0,153186.94516025373,154584.36179588712,0.17897233974829885,0.17813758902293086
S6_AnyNonCSCiter_Continuous_LPM,ols,main,Any_NonCS_Citer ~ HSS_Continuous + has_hss_concepts + log_team_size + log_prior_knowledge + HSS_Diversity + C(stage) + C(arxiv_primary_category),C(arxiv_primary_category)[T.cs.DL],-0.23442687922739794,0.07880487196592265,-2.974776474844987,0.0029320210890764436,-0.3888815900868965,-0.07997216836789939,138824.0,153186.94516025373,154584.36179588712,0.17897233974829885,0.17813758902293086
S6_AnyNonCSCiter_Continuous_LPM,ols,main,Any_NonCS_Citer ~ HSS_Continuous + has_hss_concepts + log_team_size + log_prior_knowledge + HSS_Diversity + C(stage) + C(arxiv_primary_category),C(arxiv_primary_category)[T.cs.DM],-0.155440135634545,0.17626570533446784,-0.8818512673216501,0.37785724334911974,-0.5009145697996517,0.19003429853056164,138824.0,153186.94516025373,154584.36179588712,0.17897233974829885,0.17813758902293086
S6_AnyNonCSCiter_Continuous_LPM,ols,main,Any_NonCS_Citer ~ HSS_Continuous + has_hss_concepts + log_team_size + log_prior_knowledge + HSS_Diversity + C(stage) + C(arxiv_primary_category),C(arxiv_primary_category)[T.cs.DS],-0.2684444492827914,0.08719311338364243,-3.0787345337889036,0.002078818295763594,-0.43933981121464794,-0.09754908735093484,138824.0,153186.94516025373,154584.36179588712,0.17897233974829885,0.17813758902293086
S6_AnyNonCSCiter_Continuous_LPM,ols,main,Any_NonCS_Citer ~ HSS_Continuous + has_hss_concepts + log_team_size + log_prior_knowledge + HSS_Diversity + C(stage) + C(arxiv_primary_category),C(arxiv_primary_category)[T.cs.ET],-0.2490900850556619,0.08654548531296949,-2.8781407158893577,0.004000266590444098,-0.4187161192936223,-0.0794640508177015,138824.0,153186.94516025373,154584.36179588712,0.17897233974829885,0.17813758902293086
S6_AnyNonCSCiter_Continuous_LPM,ols,main,Any_NonCS_Citer ~ HSS_Continuous + has_hss_concepts + log_team_size + log_prior_knowledge + HSS_Diversity + C(stage) + C(arxiv_primary_category),C(arxiv_primary_category)[T.cs.FL],-0.205946168693218,0.11453155212585531,-1.7981609859518004,0.07215150010606533,-0.4304238859533662,0.01853154856693026,138824.0,153186.94516025373,154584.36179588712,0.17897233974829885,0.17813758902293086
S6_AnyNonCSCiter_Continuous_LPM,ols,main,Any_NonCS_Citer ~ HSS_Continuous + has_hss_concepts + log_team_size + log_prior_knowledge + HSS_Diversity + C(stage) + C(arxiv_primary_category),C(arxiv_primary_category)[T.cs.GL],0.026118594302775557,0.24599211730634946,0.10617654983736095,0.915442276277722,-0.4560170960984215,0.5082542847039726,138824.0,153186.94516025373,154584.36179588712,0.17897233974829885,0.17813758902293086
S6_AnyNonCSCiter_Continuous_LPM,ols,main,Any_NonCS_Citer ~ HSS_Continuous + has_hss_concepts + log_team_size + log_prior_knowledge + HSS_Diversity + C(stage) + C(arxiv_primary_category),C(arxiv_primary_category)[T.cs.GR],-0.3662955660087795,0.06982206000126481,-5.246129461120799,1.5532777546426279e-07,-0.5031442889376532,-0.2294468430799058,138824.0,153186.94516025373,154584.36179588712,0.17897233974829885,0.17813758902293086
S6_AnyNonCSCiter_Continuous_LPM,ols,main,Any_NonCS_Citer ~ HSS_Continuous + has_hss_concepts + log_team_size + log_prior_knowledge + HSS_Diversity + C(stage) + C(arxiv_primary_category),C(arxiv_primary_category)[T.cs.GT],-0.43060708241339163,0.07671274910281484,-5.6132401386928175,1.9857272047788088e-08,-0.580961307809966,-0.28025285701681724,138824.0,153186.94516025373,154584.36179588712,0.17897233974829885,0.17813758902293086
S6_AnyNonCSCiter_Continuous_LPM,ols,main,Any_NonCS_Citer ~ HSS_Continuous + has_hss_concepts + log_team_size + log_prior_knowledge + HSS_Diversity + C(stage) + C(arxiv_primary_category),C(arxiv_primary_category)[T.cs.HC],-0.24657640309597875,0.06885258443823485,-3.581222188067225,0.0003419906581536218,-0.38152498883742203,-0.11162781735453547,138824.0,153186.94516025373,154584.36179588712,0.17897233974829885,0.17813758902293086
S6_AnyNonCSCiter_Continuous_LPM,ols,main,Any_NonCS_Citer ~ HSS_Continuous + has_hss_concepts + log_team_size + log_prior_knowledge + HSS_Diversity + C(stage) + C(arxiv_primary_category),C(arxiv_primary_category)[T.cs.IR],-0.3090668264185238,0.06856910479750165,-4.507377299605416,6.56338626627952e-06,-0.4434598022737797,-0.17467385056326792,138824.0,153186.94516025373,154584.36179588712,0.17897233974829885,0.17813758902293086
S6_AnyNonCSCiter_Continuous_LPM,ols,main,Any_NonCS_Citer ~ HSS_Continuous + has_hss_concepts + log_team_size + log_prior_knowledge + HSS_Diversity + C(stage) + C(arxiv_primary_category),C(arxiv_primary_category)[T.cs.IT],-0.44662768360447486,0.0693312771493871,-6.441936481887282,1.1795865009167618e-10,-0.5825144898194384,-0.3107408773895113,138824.0,153186.94516025373,154584.36179588712,0.17897233974829885,0.17813758902293086
S6_AnyNonCSCiter_Continuous_LPM,ols,main,Any_NonCS_Citer ~ HSS_Continuous + has_hss_concepts + log_team_size + log_prior_knowledge + HSS_Diversity + C(stage) + C(arxiv_primary_category),C(arxiv_primary_category)[T.cs.LG],-0.27051488026928205,0.06821657430123888,-3.9655301228512325,7.323300263784432e-05,-0.4042169090484109,-0.13681285149015324,138824.0,153186.94516025373,154584.36179588712,0.17897233974829885,0.17813758902293086
S6_AnyNonCSCiter_Continuous_LPM,ols,main,Any_NonCS_Citer ~ HSS_Continuous + has_hss_concepts + log_team_size + log_prior_knowledge + HSS_Diversity + C(stage) + C(arxiv_primary_category),C(arxiv_primary_category)[T.cs.LO],-0.23728002743493784,0.0818569741807911,-2.898714859785508,0.003746954819812469,-0.3977167487127135,-0.07684330615716217,138824.0,153186.94516025373,154584.36179588712,0.17897233974829885,0.17813758902293086
S6_AnyNonCSCiter_Continuous_LPM,ols,main,Any_NonCS_Citer ~ HSS_Continuous + has_hss_concepts + log_team_size + log_prior_knowledge + HSS_Diversity + C(stage) + C(arxiv_primary_category),C(arxiv_primary_category)[T.cs.MA],-0.33655932866028676,0.07026055074237589,-4.790160696211273,1.6664779803367363e-06,-0.47426747764929245,-0.19885117967128108,138824.0,153186.94516025373,154584.36179588712,0.17897233974829885,0.17813758902293086
S6_AnyNonCSCiter_Continuous_LPM,ols,main,Any_NonCS_Citer ~ HSS_Continuous + has_hss_concepts + log_team_size + log_prior_knowledge + HSS_Diversity + C(stage) + C(arxiv_primary_category),C(arxiv_primary_category)[T.cs.MM],-0.35775766129736325,0.07120673824337151,-5.024210771663399,5.055069750420472e-07,-0.4973203037109423,-0.21819501888378418,138824.0,153186.94516025373,154584.36179588712,0.17897233974829885,0.17813758902293086
S6_AnyNonCSCiter_Continuous_LPM,ols,main,Any_NonCS_Citer ~ HSS_Continuous + has_hss_concepts + log_team_size + log_prior_knowledge + HSS_Diversity + C(stage) + C(arxiv_primary_category),C(arxiv_primary_category)[T.cs.MS],0.18588947397466302,0.15363395218223777,1.20995047861663,0.22629789581782722,-0.11522753910507186,0.48700648705439786,138824.0,153186.94516025373,154584.36179588712,0.17897233974829885,0.17813758902293086
S6_AnyNonCSCiter_Continuous_LPM,ols,main,Any_NonCS_Citer ~ HSS_Continuous + has_hss_concepts + log_team_size + log_prior_knowledge + HSS_Diversity + C(stage) + C(arxiv_primary_category),C(arxiv_primary_category)[T.cs.NE],-0.24449323735769377,0.07184712081682887,-3.4029649981523784,0.0006665881945984017,-0.38531100655157635,-0.10367546816381118,138824.0,153186.94516025373,154584.36179588712,0.17897233974829885,0.17813758902293086
S6_AnyNonCSCiter_Continuous_LPM,ols,main,Any_NonCS_Citer ~ HSS_Continuous + has_hss_concepts + log_team_size + log_prior_knowledge + HSS_Diversity + C(stage) + C(arxiv_primary_category),C(arxiv_primary_category)[T.cs.NI],-0.3521742963789814,0.07038800811150064,-5.003328064364417,5.634892451468561e-07,-0.4901322572210358,-0.21421633553692696,138824.0,153186.94516025373,154584.36179588712,0.17897233974829885,0.17813758902293086
S6_AnyNonCSCiter_Continuous_LPM,ols,main,Any_NonCS_Citer ~ HSS_Continuous + has_hss_concepts + log_team_size + log_prior_knowledge + HSS_Diversity + C(stage) + C(arxiv_primary_category),C(arxiv_primary_category)[T.cs.OH],-0.24354451671594907,0.1321863928221462,-1.8424325796047154,0.06541189990838316,-0.5026250858936195,0.015536052461721406,138824.0,153186.94516025373,154584.36179588712,0.17897233974829885,0.17813758902293086
S6_AnyNonCSCiter_Continuous_LPM,ols,main,Any_NonCS_Citer ~ HSS_Continuous + has_hss_concepts + log_team_size + log_prior_knowledge + HSS_Diversity + C(stage) + C(arxiv_primary_category),C(arxiv_primary_category)[T.cs.OS],-0.3664867961909699,0.083723545770688,-4.377344423452246,1.2013405442068509e-05,-0.5305819305595092,-0.20239166182243068,138824.0,153186.94516025373,154584.36179588712,0.17897233974829885,0.17813758902293086
S6_AnyNonCSCiter_Continuous_LPM,ols,main,Any_NonCS_Citer ~ HSS_Continuous + has_hss_concepts + log_team_size + log_prior_knowledge + HSS_Diversity + C(stage) + C(arxiv_primary_category),C(arxiv_primary_category)[T.cs.PF],-0.34573555581532167,0.07964742534363348,-4.340825259870847,1.4194857657402207e-05,-0.501841640950186,-0.18962947068045732,138824.0,153186.94516025373,154584.36179588712,0.17897233974829885,0.17813758902293086
S6_AnyNonCSCiter_Continuous_LPM,ols,main,Any_NonCS_Citer ~ HSS_Continuous + has_hss_concepts + log_team_size + log_prior_knowledge + HSS_Diversity + C(stage) + C(arxiv_primary_category),C(arxiv_primary_category)[T.cs.PL],-0.26275718688022615,0.0751376932082761,-3.497008966616566,0.00047050601740226017,-0.41002435944986715,-0.11549001431058517,138824.0,153186.94516025373,154584.36179588712,0.17897233974829885,0.17813758902293086
S6_AnyNonCSCiter_Continuous_LPM,ols,main,Any_NonCS_Citer ~ HSS_Continuous + has_hss_concepts + log_team_size + log_prior_knowledge + HSS_Diversity + C(stage) + C(arxiv_primary_category),C(arxiv_primary_category)[T.cs.RO],-0.2982833183518578,0.06855740355107465,-4.350854946390136,1.3560774303074643e-05,-0.4326533601855425,-0.16391327651817306,138824.0,153186.94516025373,154584.36179588712,0.17897233974829885,0.17813758902293086
S6_AnyNonCSCiter_Continuous_LPM,ols,main,Any_NonCS_Citer ~ HSS_Continuous + has_hss_concepts + log_team_size + log_prior_knowledge + HSS_Diversity + C(stage) + C(arxiv_primary_category),C(arxiv_primary_category)[T.cs.SC],-0.3358724059071583,0.12978274229342576,-2.5879589225182533,0.009654649319484985,-0.5902419066171161,-0.08150290519720055,138824.0,153186.94516025373,154584.36179588712,0.17897233974829885,0.17813758902293086
S6_AnyNonCSCiter_Continuous_LPM,ols,main,Any_NonCS_Citer ~ HSS_Continuous + has_hss_concepts + log_team_size + log_prior_knowledge + HSS_Diversity + C(stage) + C(arxiv_primary_category),C(arxiv_primary_category)[T.cs.SD],-0.35434650177381133,0.0687548893875305,-5.153764407598279,2.5530866209878484e-07,-0.4891036087344063,-0.21958939481321638,138824.0,153186.94516025373,154584.36179588712,0.17897233974829885,0.17813758902293086
S6_AnyNonCSCiter_Continuous_LPM,ols,main,Any_NonCS_Citer ~ HSS_Continuous + has_hss_concepts + log_team_size + log_prior_knowledge + HSS_Diversity + C(stage) + C(arxiv_primary_category),C(arxiv_primary_category)[T.cs.SE],-0.28952685613815954,0.06848802164422974,-4.227408664863264,2.3639808399130655e-05,-0.4237609119332495,-0.15529280034306955,138824.0,153186.94516025373,154584.36179588712,0.17897233974829885,0.17813758902293086
S6_AnyNonCSCiter_Continuous_LPM,ols,main,Any_NonCS_Citer ~ HSS_Continuous + has_hss_concepts + log_team_size + log_prior_knowledge + HSS_Diversity + C(stage) + C(arxiv_primary_category),C(arxiv_primary_category)[T.cs.SI],-0.3035653972365528,0.07168777573870132,-4.234548974472787,2.290108736357927e-05,-0.44407085581619166,-0.16305993865691393,138824.0,153186.94516025373,154584.36179588712,0.17897233974829885,0.17813758902293086
S6_AnyNonCSCiter_Continuous_LPM,ols,main,Any_NonCS_Citer ~ HSS_Continuous + has_hss_concepts + log_team_size + log_prior_knowledge + HSS_Diversity + C(stage) + C(arxiv_primary_category),C(arxiv_primary_category)[T.econ.EM],-0.3631121520842432,0.09312813831146172,-3.899059496602793,9.65670464181825e-05,-0.545639949121973,-0.18058435504651343,138824.0,153186.94516025373,154584.36179588712,0.17897233974829885,0.17813758902293086
S6_AnyNonCSCiter_Continuous_LPM,ols,main,Any_NonCS_Citer ~ HSS_Continuous + has_hss_concepts + log_team_size + log_prior_knowledge + HSS_Diversity + C(stage) + C(arxiv_primary_category),C(arxiv_primary_category)[T.econ.GN],-0.1580630387795372,0.08304827981177174,-1.9032668604068117,0.05700573275347049,-0.32083467618861466,0.0047085986295402615,138824.0,153186.94516025373,154584.36179588712,0.17897233974829885,0.17813758902293086
S6_AnyNonCSCiter_Continuous_LPM,ols,main,Any_NonCS_Citer ~ HSS_Continuous + has_hss_concepts + log_team_size + log_prior_knowledge + HSS_Diversity + C(stage) + C(arxiv_primary_category),C(arxiv_primary_category)[T.econ.TH],-0.473411413572522,0.07108279335775838,-6.660000138005988,2.738273278815842e-11,-0.6127311284742314,-0.33409169867081256,138824.0,153186.94516025373,154584.36179588712,0.17897233974829885,0.17813758902293086
S6_AnyNonCSCiter_Continuous_LPM,ols,main,Any_NonCS_Citer ~ HSS_Continuous + has_hss_concepts + log_team_size + log_prior_knowledge + HSS_Diversity + C(stage) + C(arxiv_primary_category),C(arxiv_primary_category)[T.eess.AS],-0.34649909422037933,0.06900665114022678,-5.021241988924615,5.133843126006994e-07,-0.4817496451489437,-0.211248543291815,138824.0,153186.94516025373,154584.36179588712,0.17897233974829885,0.17813758902293086
S6_AnyNonCSCiter_Continuous_LPM,ols,main,Any_NonCS_Citer ~ HSS_Continuous + has_hss_concepts + log_team_size + log_prior_knowledge + HSS_Diversity + C(stage) + C(arxiv_primary_category),C(arxiv_primary_category)[T.eess.IV],-0.20024063740613196,0.0686770834681368,-2.91568347539154,0.0035491036022987695,-0.33484524756693124,-0.06563602724533268,138824.0,153186.94516025373,154584.36179588712,0.17897233974829885,0.17813758902293086
S6_AnyNonCSCiter_Continuous_LPM,ols,main,Any_NonCS_Citer ~ HSS_Continuous + has_hss_concepts + log_team_size + log_prior_knowledge + HSS_Diversity + C(stage) + C(arxiv_primary_category),C(arxiv_primary_category)[T.eess.SP],-0.3303201846676645,0.06961664915369999,-4.74484464109127,2.0866642424140762e-06,-0.46676630973327726,-0.1938740596020517,138824.0,153186.94516025373,154584.36179588712,0.17897233974829885,0.17813758902293086
S6_AnyNonCSCiter_Continuous_LPM,ols,main,Any_NonCS_Citer ~ HSS_Continuous + has_hss_concepts + log_team_size + log_prior_knowledge + HSS_Diversity + C(stage) + C(arxiv_primary_category),C(arxiv_primary_category)[T.eess.SY],-0.2883207525521876,0.07159226338191291,-4.027261311939874,5.643030579572707e-05,-0.4286390103524426,-0.14800249475193256,138824.0,153186.94516025373,154584.36179588712,0.17897233974829885,0.17813758902293086
S6_AnyNonCSCiter_Continuous_LPM,ols,main,Any_NonCS_Citer ~ HSS_Continuous + has_hss_concepts + log_team_size + log_prior_knowledge + HSS_Diversity + C(stage) + C(arxiv_primary_category),C(arxiv_primary_category)[T.gr-qc],-0.2834507684118297,0.09332459198150664,-3.0372569801108673,0.002387418261354417,-0.4663636075674782,-0.10053792925618119,138824.0,153186.94516025373,154584.36179588712,0.17897233974829885,0.17813758902293086
S6_AnyNonCSCiter_Continuous_LPM,ols,main,Any_NonCS_Citer ~ HSS_Continuous + has_hss_concepts + log_team_size + log_prior_knowledge + HSS_Diversity + C(stage) + C(arxiv_primary_category),C(arxiv_primary_category)[T.hep-ex],-0.10254868238293904,0.08736949030711837,-1.1737356143713702,0.24050094038239767,-0.2737897367325124,0.0686923719666343,138824.0,153186.94516025373,154584.36179588712,0.17897233974829885,0.17813758902293086
S6_AnyNonCSCiter_Continuous_LPM,ols,main,Any_NonCS_Citer ~ HSS_Continuous + has_hss_concepts + log_team_size + log_prior_knowledge + HSS_Diversity + C(stage) + C(arxiv_primary_category),C(arxiv_primary_category)[T.hep-lat],-0.21619359894097284,0.11261365065869712,-1.9197814623397635,0.05488550937384274,-0.43691229839959456,0.004525100517648845,138824.0,153186.94516025373,154584.36179588712,0.17897233974829885,0.17813758902293086
S6_AnyNonCSCiter_Continuous_LPM,ols,main,Any_NonCS_Citer ~ HSS_Continuous + has_hss_concepts + log_team_size + log_prior_knowledge + HSS_Diversity + C(stage) + C(arxiv_primary_category),C(arxiv_primary_category)[T.hep-ph],-0.04196813419286808,0.08304771755359795,-0.5053496402930324,0.6133132829958777,-0.2047386695961749,0.12080240121043875,138824.0,153186.94516025373,154584.36179588712,0.17897233974829885,0.17813758902293086
S6_AnyNonCSCiter_Continuous_LPM,ols,main,Any_NonCS_Citer ~ HSS_Continuous + has_hss_concepts + log_team_size + log_prior_knowledge + HSS_Diversity + C(stage) + C(arxiv_primary_category),C(arxiv_primary_category)[T.hep-th],0.009233478982099301,0.1394950860889395,0.06619214512124251,0.9472248503464099,-0.26417186577253643,0.28263882373673505,138824.0,153186.94516025373,154584.36179588712,0.17897233974829885,0.17813758902293086
S6_AnyNonCSCiter_Continuous_LPM,ols,main,Any_NonCS_Citer ~ HSS_Continuous + has_hss_concepts + log_team_size + log_prior_knowledge + HSS_Diversity + C(stage) + C(arxiv_primary_category),C(arxiv_primary_category)[T.math-ph],-0.2124013781892511,0.18035835942475015,-1.1776630640614696,0.2389309575157481,-0.5658972669724915,0.14109451059398942,138824.0,153186.94516025373,154584.36179588712,0.17897233974829885,0.17813758902293086
S6_AnyNonCSCiter_Continuous_LPM,ols,main,Any_NonCS_Citer ~ HSS_Continuous + has_hss_concepts + log_team_size + log_prior_knowledge + HSS_Diversity + C(stage) + C(arxiv_primary_category),C(arxiv_primary_category)[T.math.AC],-0.3007162826357894,0.06816341914531802,-4.411695986005198,1.0256405713061982e-05,-0.4343141292237207,-0.16711843604785812,138824.0,153186.94516025373,154584.36179588712,0.17897233974829885,0.17813758902293086
S6_AnyNonCSCiter_Continuous_LPM,ols,main,Any_NonCS_Citer ~ HSS_Continuous + has_hss_concepts + log_team_size + log_prior_knowledge + HSS_Diversity + C(stage) + C(arxiv_primary_category),C(arxiv_primary_category)[T.math.AG],-0.055511462422840045,0.2785047446230063,-0.1993196291789653,0.8420127253629797,-0.6013707314074576,0.4903478065617775,138824.0,153186.94516025373,154584.36179588712,0.17897233974829885,0.17813758902293086
S6_AnyNonCSCiter_Continuous_LPM,ols,main,Any_NonCS_Citer ~ HSS_Continuous + has_hss_concepts + log_team_size + log_prior_knowledge + HSS_Diversity + C(stage) + C(arxiv_primary_category),C(arxiv_primary_category)[T.math.AP],-0.34198571690351354,0.09105190897910978,-3.755942305196215,0.00017269047684992958,-0.5204441792261878,-0.16352725458083922,138824.0,153186.94516025373,154584.36179588712,0.17897233974829885,0.17813758902293086
S6_AnyNonCSCiter_Continuous_LPM,ols,main,Any_NonCS_Citer ~ HSS_Continuous + has_hss_concepts + log_team_size + log_prior_knowledge + HSS_Diversity + C(stage) + C(arxiv_primary_category),C(arxiv_primary_category)[T.math.AT],-0.38351650457640385,0.06815936152071855,-5.626761988664249,1.836238132256744e-08,-0.5171063983662574,-0.24992661078655026,138824.0,153186.94516025373,154584.36179588712,0.17897233974829885,0.17813758902293086
S6_AnyNonCSCiter_Continuous_LPM,ols,main,Any_NonCS_Citer ~ HSS_Continuous + has_hss_concepts + log_team_size + log_prior_knowledge + HSS_Diversity + C(stage) + C(arxiv_primary_category),C(arxiv_primary_category)[T.math.CO],-0.4127644960387444,0.13337649312143,-3.094731960473358,0.0019699083161057646,-0.6741776189410014,-0.15135137313648733,138824.0,153186.94516025373,154584.36179588712,0.17897233974829885,0.17813758902293086
S6_AnyNonCSCiter_Continuous_LPM,ols,main,Any_NonCS_Citer ~ HSS_Continuous + has_hss_concepts + log_team_size + log_prior_knowledge + HSS_Diversity + C(stage) + C(arxiv_primary_category),C(arxiv_primary_category)[T.math.CT],-0.46105924380117297,0.12395937577749618,-3.719438250711767,0.0001996663519123372,-0.7040151558711323,-0.2181033317312137,138824.0,153186.94516025373,154584.36179588712,0.17897233974829885,0.17813758902293086
S6_AnyNonCSCiter_Continuous_LPM,ols,main,Any_NonCS_Citer ~ HSS_Continuous + has_hss_concepts + log_team_size + log_prior_knowledge + HSS_Diversity + C(stage) + C(arxiv_primary_category),C(arxiv_primary_category)[T.math.DG],-0.42044478154372317,0.07447179103990854,-5.64569182065746,1.645183208387102e-08,-0.5664068098461366,-0.2744827532413097,138824.0,153186.94516025373,154584.36179588712,0.17897233974829885,0.17813758902293086
S6_AnyNonCSCiter_Continuous_LPM,ols,main,Any_NonCS_Citer ~ HSS_Continuous + has_hss_concepts + log_team_size + log_prior_knowledge + HSS_Diversity + C(stage) + C(arxiv_primary_category),C(arxiv_primary_category)[T.math.DS],-0.3593974279466336,0.08635149300277917,-4.1620291143670975,3.154321216769135e-05,-0.5286432442433433,-0.19015161164992395,138824.0,153186.94516025373,154584.36179588712,0.17897233974829885,0.17813758902293086
S6_AnyNonCSCiter_Continuous_LPM,ols,main,Any_NonCS_Citer ~ HSS_Continuous + has_hss_concepts + log_team_size + log_prior_knowledge + HSS_Diversity + C(stage) + C(arxiv_primary_category),C(arxiv_primary_category)[T.math.FA],-0.5084366495584949,0.09645306714019736,-5.271337290077747,1.3543332036454158e-07,-0.6974811873517055,-0.3193921117652843,138824.0,153186.94516025373,154584.36179588712,0.17897233974829885,0.17813758902293086
S6_AnyNonCSCiter_Continuous_LPM,ols,main,Any_NonCS_Citer ~ HSS_Continuous + has_hss_concepts + log_team_size + log_prior_knowledge + HSS_Diversity + C(stage) + C(arxiv_primary_category),C(arxiv_primary_category)[T.math.GM],-0.9079903516099627,0.07850867033679546,-11.565478662608372,6.164655605206792e-31,-1.0618645179442099,-0.7541161852757154,138824.0,153186.94516025373,154584.36179588712,0.17897233974829885,0.17813758902293086
S6_AnyNonCSCiter_Continuous_LPM,ols,main,Any_NonCS_Citer ~ HSS_Continuous + has_hss_concepts + log_team_size + log_prior_knowledge + HSS_Diversity + C(stage) + C(arxiv_primary_category),C(arxiv_primary_category)[T.math.GR],0.26515342601718495,0.06823289955307213,3.8860055450369124,0.00010190717953929027,0.1314194003324244,0.3988874517019455,138824.0,153186.94516025373,154584.36179588712,0.17897233974829885,0.17813758902293086
S6_AnyNonCSCiter_Continuous_LPM,ols,main,Any_NonCS_Citer ~ HSS_Continuous + has_hss_concepts + log_team_size + log_prior_knowledge + HSS_Diversity + C(stage) + C(arxiv_primary_category),C(arxiv_primary_category)[T.math.GT],-0.188274190359316,0.17900345482452973,-1.0517908190312528,0.2928955321828698,-0.5391145149236368,0.16256613420500485,138824.0,153186.94516025373,154584.36179588712,0.17897233974829885,0.17813758902293086
S6_AnyNonCSCiter_Continuous_LPM,ols,main,Any_NonCS_Citer ~ HSS_Continuous + has_hss_concepts + log_team_size + log_prior_knowledge + HSS_Diversity + C(stage) + C(arxiv_primary_category),C(arxiv_primary_category)[T.math.HO],-0.3259379075484455,0.09143334062926553,-3.5647599147670306,0.0003641893986833469,-0.5051439621679887,-0.1467318529289022,138824.0,153186.94516025373,154584.36179588712,0.17897233974829885,0.17813758902293086
S6_AnyNonCSCiter_Continuous_LPM,ols,main,Any_NonCS_Citer ~ HSS_Continuous + has_hss_concepts + log_team_size + log_prior_knowledge + HSS_Diversity + C(stage) + C(arxiv_primary_category),C(arxiv_primary_category)[T.math.LO],0.011881211270697922,0.23256764384359305,0.05108712060861012,0.9592560988573582,-0.44394299463208287,0.4677054171734787,138824.0,153186.94516025373,154584.36179588712,0.17897233974829885,0.17813758902293086
S6_AnyNonCSCiter_Continuous_LPM,ols,main,Any_NonCS_Citer ~ HSS_Continuous + has_hss_concepts + log_team_size + log_prior_knowledge + HSS_Diversity + C(stage) + C(arxiv_primary_category),C(arxiv_primary_category)[T.math.NA],-0.27190412438874084,0.07415143022504982,-3.666876330820741,0.0002455314662437134,-0.41723825703197326,-0.1265699917455084,138824.0,153186.94516025373,154584.36179588712,0.17897233974829885,0.17813758902293086
S6_AnyNonCSCiter_Continuous_LPM,ols,main,Any_NonCS_Citer ~ HSS_Continuous + has_hss_concepts + log_team_size + log_prior_knowledge + HSS_Diversity + C(stage) + C(arxiv_primary_category),C(arxiv_primary_category)[T.math.NT],-0.3956935118454221,0.14391785757152273,-2.7494399827955656,0.005969719419274906,-0.6777673294177717,-0.11361969427307245,138824.0,153186.94516025373,154584.36179588712,0.17897233974829885,0.17813758902293086
S6_AnyNonCSCiter_Continuous_LPM,ols,main,Any_NonCS_Citer ~ HSS_Continuous + has_hss_concepts + log_team_size + log_prior_knowledge + HSS_Diversity + C(stage) + C(arxiv_primary_category),C(arxiv_primary_category)[T.math.OC],-0.25154778111902576,0.07517453217594251,-3.3461835256957744,0.0008193214758302652,-0.39888715673852054,-0.10420840549953098,138824.0,153186.94516025373,154584.36179588712,0.17897233974829885,0.17813758902293086
S6_AnyNonCSCiter_Continuous_LPM,ols,main,Any_NonCS_Citer ~ HSS_Continuous + has_hss_concepts + log_team_size + log_prior_knowledge + HSS_Diversity + C(stage) + C(arxiv_primary_category),C(arxiv_primary_category)[T.math.PR],-0.3662080549569155,0.09885149255093457,-3.704628483664238,0.00021170078237726106,-0.5599534201747767,-0.1724626897390543,138824.0,153186.94516025373,154584.36179588712,0.17897233974829885,0.17813758902293086
S6_AnyNonCSCiter_Continuous_LPM,ols,main,Any_NonCS_Citer ~ HSS_Continuous + has_hss_concepts + log_team_size + log_prior_knowledge + HSS_Diversity + C(stage) + C(arxiv_primary_category),C(arxiv_primary_category)[T.math.SP],-0.35168961443626917,0.06816069327838362,-5.159712988831989,2.473287078362203e-07,-0.48528211842318236,-0.21809711044935595,138824.0,153186.94516025373,154584.36179588712,0.17897233974829885,0.17813758902293086
S6_AnyNonCSCiter_Continuous_LPM,ols,main,Any_NonCS_Citer ~ HSS_Continuous + has_hss_concepts + log_team_size + log_prior_knowledge + HSS_Diversity + C(stage) + C(arxiv_primary_category),C(arxiv_primary_category)[T.math.ST],-0.36282876332852154,0.08385496360860371,-4.326860900232917,1.5124940913491187e-05,-0.5271814719263017,-0.19847605473074137,138824.0,153186.94516025373,154584.36179588712,0.17897233974829885,0.17813758902293086
S6_AnyNonCSCiter_Continuous_LPM,ols,main,Any_NonCS_Citer ~ HSS_Continuous + has_hss_concepts + log_team_size + log_prior_knowledge + HSS_Diversity + C(stage) + C(arxiv_primary_category),C(arxiv_primary_category)[T.nlin.AO],-0.185699346194227,0.1457136412082283,-1.2744129146347951,0.20251711775576886,-0.47129283501854596,0.09989414263009194,138824.0,153186.94516025373,154584.36179588712,0.17897233974829885,0.17813758902293086
S6_AnyNonCSCiter_Continuous_LPM,ols,main,Any_NonCS_Citer ~ HSS_Continuous + has_hss_concepts + log_team_size + log_prior_knowledge + HSS_Diversity + C(stage) + C(arxiv_primary_category),C(arxiv_primary_category)[T.nlin.CD],-0.1592550089236047,0.22794707555836818,-0.698649054976912,0.4847713790254232,-0.6060230673992367,0.2875130495520274,138824.0,153186.94516025373,154584.36179588712,0.17897233974829885,0.17813758902293086
S6_AnyNonCSCiter_Continuous_LPM,ols,main,Any_NonCS_Citer ~ HSS_Continuous + has_hss_concepts + log_team_size + log_prior_knowledge + HSS_Diversity + C(stage) + C(arxiv_primary_category),C(arxiv_primary_category)[T.nlin.CG],-0.34048390854179084,0.06819681051533581,-4.992666166773653,5.955143977520585e-07,-0.47414720101235147,-0.2068206160712302,138824.0,153186.94516025373,154584.36179588712,0.17897233974829885,0.17813758902293086
S6_AnyNonCSCiter_Continuous_LPM,ols,main,Any_NonCS_Citer ~ HSS_Continuous + has_hss_concepts + log_team_size + log_prior_knowledge + HSS_Diversity + C(stage) + C(arxiv_primary_category),C(arxiv_primary_category)[T.nlin.PS],-0.25866860338851483,0.18459899061194363,-1.4012460335293886,0.16114051294341702,-0.6204759765703719,0.10313876979334224,138824.0,153186.94516025373,154584.36179588712,0.17897233974829885,0.17813758902293086
S6_AnyNonCSCiter_Continuous_LPM,ols,main,Any_NonCS_Citer ~ HSS_Continuous + has_hss_concepts + log_team_size + log_prior_knowledge + HSS_Diversity + C(stage) + C(arxiv_primary_category),C(arxiv_primary_category)[T.nucl-ex],-0.40498545161453975,0.06963535154368346,-5.815802500264329,6.034367993440154e-09,-0.541468232690945,-0.2685026705381345,138824.0,153186.94516025373,154584.36179588712,0.17897233974829885,0.17813758902293086
S6_AnyNonCSCiter_Continuous_LPM,ols,main,Any_NonCS_Citer ~ HSS_Continuous + has_hss_concepts + log_team_size + log_prior_knowledge + HSS_Diversity + C(stage) + C(arxiv_primary_category),C(arxiv_primary_category)[T.nucl-th],-0.41710774032551046,0.08738184100115223,-4.773391537035828,1.8114912717881853e-06,-0.5883730015905743,-0.24584247906044665,138824.0,153186.94516025373,154584.36179588712,0.17897233974829885,0.17813758902293086
S6_AnyNonCSCiter_Continuous_LPM,ols,main,Any_NonCS_Citer ~ HSS_Continuous + has_hss_concepts + log_team_size + log_prior_knowledge + HSS_Diversity + C(stage) + C(arxiv_primary_category),C(arxiv_primary_category)[T.physics.acc-ph],0.2201880105459458,0.11912057326443612,1.8484465320457264,0.06453777249145722,-0.013284022870113849,0.45366004396200543,138824.0,153186.94516025373,154584.36179588712,0.17897233974829885,0.17813758902293086
S6_AnyNonCSCiter_Continuous_LPM,ols,main,Any_NonCS_Citer ~ HSS_Continuous + has_hss_concepts + log_team_size + log_prior_knowledge + HSS_Diversity + C(stage) + C(arxiv_primary_category),C(arxiv_primary_category)[T.physics.ao-ph],-0.020923627966113603,0.0857469344246367,-0.24401604683026257,0.8072183919426041,-0.18898453122311928,0.14713727529089207,138824.0,153186.94516025373,154584.36179588712,0.17897233974829885,0.17813758902293086
S6_AnyNonCSCiter_Continuous_LPM,ols,main,Any_NonCS_Citer ~ HSS_Continuous + has_hss_concepts + log_team_size + log_prior_knowledge + HSS_Diversity + C(stage) + C(arxiv_primary_category),C(arxiv_primary_category)[T.physics.app-ph],-0.08020721141386795,0.1072066024374155,-0.7481555201853439,0.45436635668377245,-0.2903282910961063,0.12991386826837042,138824.0,153186.94516025373,154584.36179588712,0.17897233974829885,0.17813758902293086
S6_AnyNonCSCiter_Continuous_LPM,ols,main,Any_NonCS_Citer ~ HSS_Continuous + has_hss_concepts + log_team_size + log_prior_knowledge + HSS_Diversity + C(stage) + C(arxiv_primary_category),C(arxiv_primary_category)[T.physics.atom-ph],-0.30101510659347064,0.14690565693505395,-2.0490368640231975,0.04045851033991962,-0.5889449033113732,-0.013085309875568107,138824.0,153186.94516025373,154584.36179588712,0.17897233974829885,0.17813758902293086
S6_AnyNonCSCiter_Continuous_LPM,ols,main,Any_NonCS_Citer ~ HSS_Continuous + has_hss_concepts + log_team_size + log_prior_knowledge + HSS_Diversity + C(stage) + C(arxiv_primary_category),C(arxiv_primary_category)[T.physics.bio-ph],-0.2537874318450434,0.13101578692982885,-1.937075201334097,0.05273615148829719,-0.5105736556336815,0.002998791943594703,138824.0,153186.94516025373,154584.36179588712,0.17897233974829885,0.17813758902293086
S6_AnyNonCSCiter_Continuous_LPM,ols,main,Any_NonCS_Citer ~ HSS_Continuous + has_hss_concepts + log_team_size + log_prior_knowledge + HSS_Diversity + C(stage) + C(arxiv_primary_category),C(arxiv_primary_category)[T.physics.chem-ph],-0.08534429864779024,0.08212643385079536,-1.0391818400740618,0.2987201745819351,-0.24630915117406027,0.07562055387847981,138824.0,153186.94516025373,154584.36179588712,0.17897233974829885,0.17813758902293086
S6_AnyNonCSCiter_Continuous_LPM,ols,main,Any_NonCS_Citer ~ HSS_Continuous + has_hss_concepts + log_team_size + log_prior_knowledge + HSS_Diversity + C(stage) + C(arxiv_primary_category),C(arxiv_primary_category)[T.physics.class-ph],-0.3407780312410797,0.06815893539096715,-4.999755780901498,5.74029757892731e-07,-0.47436708983196774,-0.20718897265019162,138824.0,153186.94516025373,154584.36179588712,0.17897233974829885,0.17813758902293086
S6_AnyNonCSCiter_Continuous_LPM,ols,main,Any_NonCS_Citer ~ HSS_Continuous + has_hss_concepts + log_team_size + log_prior_knowledge + HSS_Diversity + C(stage) + C(arxiv_primary_category),C(arxiv_primary_category)[T.physics.comp-ph],-0.2271194186364725,0.08152408299454904,-2.785918102895539,0.005337635530342559,-0.38690368517844287,-0.06733515209450211,138824.0,153186.94516025373,154584.36179588712,0.17897233974829885,0.17813758902293086
S6_AnyNonCSCiter_Continuous_LPM,ols,main,Any_NonCS_Citer ~ HSS_Continuous + has_hss_concepts + log_team_size + log_prior_knowledge + HSS_Diversity + C(stage) + C(arxiv_primary_category),C(arxiv_primary_category)[T.physics.data-an],-0.1038656043221825,0.1024706071317886,-1.0136136325278113,0.3107671501034146,-0.30470430377444135,0.09697309513007635,138824.0,153186.94516025373,154584.36179588712,0.17897233974829885,0.17813758902293086
S6_AnyNonCSCiter_Continuous_LPM,ols,main,Any_NonCS_Citer ~ HSS_Continuous + has_hss_concepts + log_team_size + log_prior_knowledge + HSS_Diversity + C(stage) + C(arxiv_primary_category),C(arxiv_primary_category)[T.physics.ed-ph],-0.17537891421566185,0.08809151904354592,-1.9908717220436112,0.04649499176805399,-0.34803511888443617,-0.002722709546887525,138824.0,153186.94516025373,154584.36179588712,0.17897233974829885,0.17813758902293086
S6_AnyNonCSCiter_Continuous_LPM,ols,main,Any_NonCS_Citer ~ HSS_Continuous + has_hss_concepts + log_team_size + log_prior_knowledge + HSS_Diversity + C(stage) + C(arxiv_primary_category),C(arxiv_primary_category)[T.physics.flu-dyn],-0.19314454761531638,0.07553591423876697,-2.5569896063585293,0.010558237217023288,-0.3411922190626059,-0.04509687616802685,138824.0,153186.94516025373,154584.36179588712,0.17897233974829885,0.17813758902293086
S6_AnyNonCSCiter_Continuous_LPM,ols,main,Any_NonCS_Citer ~ HSS_Continuous + has_hss_concepts + log_team_size + log_prior_knowledge + HSS_Diversity + C(stage) + C(arxiv_primary_category),C(arxiv_primary_category)[T.physics.gen-ph],-0.39003620734965083,0.07620654667516244,-5.118145676016744,3.085542460494943e-07,-0.5393982942191398,-0.24067412048016185,138824.0,153186.94516025373,154584.36179588712,0.17897233974829885,0.17813758902293086
S6_AnyNonCSCiter_Continuous_LPM,ols,main,Any_NonCS_Citer ~ HSS_Continuous + has_hss_concepts + log_team_size + log_prior_knowledge + HSS_Diversity + C(stage) + C(arxiv_primary_category),C(arxiv_primary_category)[T.physics.geo-ph],-0.17449366000186106,0.08198886801787529,-2.1282603872981607,0.03331550049888108,-0.3351888884501045,-0.013798431553617596,138824.0,153186.94516025373,154584.36179588712,0.17897233974829885,0.17813758902293086
S6_AnyNonCSCiter_Continuous_LPM,ols,main,Any_NonCS_Citer ~ HSS_Continuous + has_hss_concepts + log_team_size + log_prior_knowledge + HSS_Diversity + C(stage) + C(arxiv_primary_category),C(arxiv_primary_category)[T.physics.ins-det],-0.1353301666682427,0.09898609891373229,-1.367163350746702,0.17157410998111777,-0.3293393555092774,0.058679022172791945,138824.0,153186.94516025373,154584.36179588712,0.17897233974829885,0.17813758902293086
S6_AnyNonCSCiter_Continuous_LPM,ols,main,Any_NonCS_Citer ~ HSS_Continuous + has_hss_concepts + log_team_size + log_prior_knowledge + HSS_Diversity + C(stage) + C(arxiv_primary_category),C(arxiv_primary_category)[T.physics.med-ph],-0.19431500228466106,0.07869726019927718,-2.469145708409882,0.013543605831443059,-0.3485587979572218,-0.04007120661210034,138824.0,153186.94516025373,154584.36179588712,0.17897233974829885,0.17813758902293086
S6_AnyNonCSCiter_Continuous_LPM,ols,main,Any_NonCS_Citer ~ HSS_Continuous + has_hss_concepts + log_team_size + log_prior_knowledge + HSS_Diversity + C(stage) + C(arxiv_primary_category),C(arxiv_primary_category)[T.physics.optics],-0.24727330276897624,0.08007006013776996,-3.0882117778294838,0.0020136491602290364,-0.4042077368789616,-0.09033886865899088,138824.0,153186.94516025373,154584.36179588712,0.17897233974829885,0.17813758902293086
S6_AnyNonCSCiter_Continuous_LPM,ols,main,Any_NonCS_Citer ~ HSS_Continuous + has_hss_concepts + log_team_size + log_prior_knowledge + HSS_Diversity + C(stage) + C(arxiv_primary_category),C(arxiv_primary_category)[T.physics.plasm-ph],-0.1430908147645074,0.11370259166645588,-1.2584657277141162,0.20822337431001303,-0.36594379937962507,0.07976216985061022,138824.0,153186.94516025373,154584.36179588712,0.17897233974829885,0.17813758902293086
S6_AnyNonCSCiter_Continuous_LPM,ols,main,Any_NonCS_Citer ~ HSS_Continuous + has_hss_concepts + log_team_size + log_prior_knowledge + HSS_Diversity + C(stage) + C(arxiv_primary_category),C(arxiv_primary_category)[T.physics.pop-ph],-0.020909868971659983,0.21790280656957958,-0.09595961291569301,0.9235526487092198,-0.44799152197823383,0.4061717840349139,138824.0,153186.94516025373,154584.36179588712,0.17897233974829885,0.17813758902293086
S6_AnyNonCSCiter_Continuous_LPM,ols,main,Any_NonCS_Citer ~ HSS_Continuous + has_hss_concepts + log_team_size + log_prior_knowledge + HSS_Diversity + C(stage) + C(arxiv_primary_category),C(arxiv_primary_category)[T.physics.soc-ph],-0.3029226335517552,0.08774023365531743,-3.452494037590209,0.0005554297513160084,-0.4748903315113065,-0.1309549355922039,138824.0,153186.94516025373,154584.36179588712,0.17897233974829885,0.17813758902293086
S6_AnyNonCSCiter_Continuous_LPM,ols,main,Any_NonCS_Citer ~ HSS_Continuous + has_hss_concepts + log_team_size + log_prior_knowledge + HSS_Diversity + C(stage) + C(arxiv_primary_category),C(arxiv_primary_category)[T.physics.space-ph],-0.15134431455708267,0.21133192969733114,-0.7161450462021403,0.47390179139911714,-0.5655472855472023,0.2628586564330371,138824.0,153186.94516025373,154584.36179588712,0.17897233974829885,0.17813758902293086
S6_AnyNonCSCiter_Continuous_LPM,ols,main,Any_NonCS_Citer ~ HSS_Continuous + has_hss_concepts + log_team_size + log_prior_knowledge + HSS_Diversity + C(stage) + C(arxiv_primary_category),C(arxiv_primary_category)[T.q-bio.BM],-0.03443097324246839,0.07588487936359228,-0.453726401507433,0.6500257619309102,-0.18316260376627602,0.11430065728133926,138824.0,153186.94516025373,154584.36179588712,0.17897233974829885,0.17813758902293086
S6_AnyNonCSCiter_Continuous_LPM,ols,main,Any_NonCS_Citer ~ HSS_Continuous + has_hss_concepts + log_team_size + log_prior_knowledge + HSS_Diversity + C(stage) + C(arxiv_primary_category),C(arxiv_primary_category)[T.q-bio.CB],-0.30466052412259037,0.14086469392476314,-2.1627883867430384,0.030557459225468916,-0.5807502509083843,-0.02857079733679646,138824.0,153186.94516025373,154584.36179588712,0.17897233974829885,0.17813758902293086
S6_AnyNonCSCiter_Continuous_LPM,ols,main,Any_NonCS_Citer ~ HSS_Continuous + has_hss_concepts + log_team_size + log_prior_knowledge + HSS_Diversity + C(stage) + C(arxiv_primary_category),C(arxiv_primary_category)[T.q-bio.GN],-0.18564866609451974,0.07870584806948897,-2.3587658433031753,0.018335821363609422,-0.33990929368339945,-0.03138803850564004,138824.0,153186.94516025373,154584.36179588712,0.17897233974829885,0.17813758902293086
S6_AnyNonCSCiter_Continuous_LPM,ols,main,Any_NonCS_Citer ~ HSS_Continuous + has_hss_concepts + log_team_size + log_prior_knowledge + HSS_Diversity + C(stage) + C(arxiv_primary_category),C(arxiv_primary_category)[T.q-bio.MN],-0.25134755382933255,0.1317145919601224,-1.9082741713646272,0.05635578948330788,-0.5095034103095615,0.006808302650896325,138824.0,153186.94516025373,154584.36179588712,0.17897233974829885,0.17813758902293086
S6_AnyNonCSCiter_Continuous_LPM,ols,main,Any_NonCS_Citer ~ HSS_Continuous + has_hss_concepts + log_team_size + log_prior_knowledge + HSS_Diversity + C(stage) + C(arxiv_primary_category),C(arxiv_primary_category)[T.q-bio.NC],-0.34465013414263534,0.07339598590849826,-4.695762716128724,2.6561373722742425e-06,-0.48850362313310125,-0.20079664515216944,138824.0,153186.94516025373,154584.36179588712,0.17897233974829885,0.17813758902293086
S6_AnyNonCSCiter_Continuous_LPM,ols,main,Any_NonCS_Citer ~ HSS_Continuous + has_hss_concepts + log_team_size + log_prior_knowledge + HSS_Diversity + C(stage) + C(arxiv_primary_category),C(arxiv_primary_category)[T.q-bio.OT],-0.23925084423506035,0.13694662771390928,-1.747037135772861,0.08063089666785755,-0.5076613023585373,0.029159613888416674,138824.0,153186.94516025373,154584.36179588712,0.17897233974829885,0.17813758902293086
S6_AnyNonCSCiter_Continuous_LPM,ols,main,Any_NonCS_Citer ~ HSS_Continuous + has_hss_concepts + log_team_size + log_prior_knowledge + HSS_Diversity + C(stage) + C(arxiv_primary_category),C(arxiv_primary_category)[T.q-bio.PE],-0.3677888756504207,0.1128040461830322,-3.260422725029369,0.0011124627621392949,-0.5888807434795568,-0.14669700782128461,138824.0,153186.94516025373,154584.36179588712,0.17897233974829885,0.17813758902293086
S6_AnyNonCSCiter_Continuous_LPM,ols,main,Any_NonCS_Citer ~ HSS_Continuous + has_hss_concepts + log_team_size + log_prior_knowledge + HSS_Diversity + C(stage) + C(arxiv_primary_category),C(arxiv_primary_category)[T.q-bio.QM],-0.11511251865407501,0.07364074194068126,-1.5631634828828842,0.11801414689941814,-0.2594457206526185,0.029220683344468507,138824.0,153186.94516025373,154584.36179588712,0.17897233974829885,0.17813758902293086
S6_AnyNonCSCiter_Continuous_LPM,ols,main,Any_NonCS_Citer ~ HSS_Continuous + has_hss_concepts + log_team_size + log_prior_knowledge + HSS_Diversity + C(stage) + C(arxiv_primary_category),C(arxiv_primary_category)[T.q-bio.TO],-0.3986600051175402,0.11283968072774998,-3.532977074610777,0.000410908102240039,-0.6198217153709286,-0.17749829486415178,138824.0,153186.94516025373,154584.36179588712,0.17897233974829885,0.17813758902293086
S6_AnyNonCSCiter_Continuous_LPM,ols,main,Any_NonCS_Citer ~ HSS_Continuous + has_hss_concepts + log_team_size + log_prior_knowledge + HSS_Diversity + C(stage) + C(arxiv_primary_category),C(arxiv_primary_category)[T.q-fin.CP],-0.3545165632200115,0.08119040856434873,-4.366483301276085,1.2626293597607464e-05,-0.5136468398962274,-0.19538628654379567,138824.0,153186.94516025373,154584.36179588712,0.17897233974829885,0.17813758902293086
S6_AnyNonCSCiter_Continuous_LPM,ols,main,Any_NonCS_Citer ~ HSS_Continuous + has_hss_concepts + log_team_size + log_prior_knowledge + HSS_Diversity + C(stage) + C(arxiv_primary_category),C(arxiv_primary_category)[T.q-fin.GN],-0.2105235044818526,0.11623895707312036,-1.8111269214969157,0.07012120707889775,-0.43834767394566587,0.017300664981960673,138824.0,153186.94516025373,154584.36179588712,0.17897233974829885,0.17813758902293086
S6_AnyNonCSCiter_Continuous_LPM,ols,main,Any_NonCS_Citer ~ HSS_Continuous + has_hss_concepts + log_team_size + log_prior_knowledge + HSS_Diversity + C(stage) + C(arxiv_primary_category),C(arxiv_primary_category)[T.q-fin.MF],-0.4183856248377624,0.10346116972220862,-4.0438903403191775,5.2571515340653176e-05,-0.6211657912916773,-0.21560545838384762,138824.0,153186.94516025373,154584.36179588712,0.17897233974829885,0.17813758902293086
S6_AnyNonCSCiter_Continuous_LPM,ols,main,Any_NonCS_Citer ~ HSS_Continuous + has_hss_concepts + log_team_size + log_prior_knowledge + HSS_Diversity + C(stage) + C(arxiv_primary_category),C(arxiv_primary_category)[T.q-fin.PM],-0.36160836632704885,0.09470489005872301,-3.8182649924711263,0.00013439352417616947,-0.5472265400019714,-0.17599019265212634,138824.0,153186.94516025373,154584.36179588712,0.17897233974829885,0.17813758902293086
S6_AnyNonCSCiter_Continuous_LPM,ols,main,Any_NonCS_Citer ~ HSS_Continuous + has_hss_concepts + log_team_size + log_prior_knowledge + HSS_Diversity + C(stage) + C(arxiv_primary_category),C(arxiv_primary_category)[T.q-fin.PR],-0.41827059879831974,0.10031794713081445,-4.169449343425016,3.053364700247491e-05,-0.6148901621777093,-0.22165103541893016,138824.0,153186.94516025373,154584.36179588712,0.17897233974829885,0.17813758902293086
S6_AnyNonCSCiter_Continuous_LPM,ols,main,Any_NonCS_Citer ~ HSS_Continuous + has_hss_concepts + log_team_size + log_prior_knowledge + HSS_Diversity + C(stage) + C(arxiv_primary_category),C(arxiv_primary_category)[T.q-fin.RM],-0.1434011485140593,0.11993270612197103,-1.195680087200075,0.2318214249756796,-0.37846493308154894,0.09166263605343036,138824.0,153186.94516025373,154584.36179588712,0.17897233974829885,0.17813758902293086
S6_AnyNonCSCiter_Continuous_LPM,ols,main,Any_NonCS_Citer ~ HSS_Continuous + has_hss_concepts + log_team_size + log_prior_knowledge + HSS_Diversity + C(stage) + C(arxiv_primary_category),C(arxiv_primary_category)[T.q-fin.ST],-0.28462005252811123,0.08529847583097247,-3.3367542591512955,0.0008476285776286261,-0.4518019930929775,-0.11743811196324494,138824.0,153186.94516025373,154584.36179588712,0.17897233974829885,0.17813758902293086
S6_AnyNonCSCiter_Continuous_LPM,ols,main,Any_NonCS_Citer ~ HSS_Continuous + has_hss_concepts + log_team_size + log_prior_knowledge + HSS_Diversity + C(stage) + C(arxiv_primary_category),C(arxiv_primary_category)[T.q-fin.TR],-0.13616948649059704,0.10707090611421295,-1.2717692549023965,0.20345511580707354,-0.34602460626652387,0.07368563328532982,138824.0,153186.94516025373,154584.36179588712,0.17897233974829885,0.17813758902293086
S6_AnyNonCSCiter_Continuous_LPM,ols,main,Any_NonCS_Citer ~ HSS_Continuous + has_hss_concepts + log_team_size + log_prior_knowledge + HSS_Diversity + C(stage) + C(arxiv_primary_category),C(arxiv_primary_category)[T.quant-ph],-0.12536985457917363,0.07168198601436655,-1.7489729505268858,0.08029569520550639,-0.2658639655076359,0.015124256349288656,138824.0,153186.94516025373,154584.36179588712,0.17897233974829885,0.17813758902293086
S6_AnyNonCSCiter_Continuous_LPM,ols,main,Any_NonCS_Citer ~ HSS_Continuous + has_hss_concepts + log_team_size + log_prior_knowledge + HSS_Diversity + C(stage) + C(arxiv_primary_category),C(arxiv_primary_category)[T.stat.AP],-0.18149432630610435,0.08470630178258548,-2.142630742774527,0.03214276056322359,-0.3475156270635529,-0.015473025548655817,138824.0,153186.94516025373,154584.36179588712,0.17897233974829885,0.17813758902293086
S6_AnyNonCSCiter_Continuous_LPM,ols,main,Any_NonCS_Citer ~ HSS_Continuous + has_hss_concepts + log_team_size + log_prior_knowledge + HSS_Diversity + C(stage) + C(arxiv_primary_category),C(arxiv_primary_category)[T.stat.CO],-0.2728498268906454,0.08294183495040663,-3.2896526469879808,0.0010031113009041318,-0.4354128362051079,-0.11028681757618292,138824.0,153186.94516025373,154584.36179588712,0.17897233974829885,0.17813758902293086
S6_AnyNonCSCiter_Continuous_LPM,ols,main,Any_NonCS_Citer ~ HSS_Continuous + has_hss_concepts + log_team_size + log_prior_knowledge + HSS_Diversity + C(stage) + C(arxiv_primary_category),C(arxiv_primary_category)[T.stat.ME],-0.3408013635601939,0.07662708655206363,-4.44753126988117,8.686281730585848e-06,-0.4909876934424722,-0.19061503367791569,138824.0,153186.94516025373,154584.36179588712,0.17897233974829885,0.17813758902293086
S6_AnyNonCSCiter_Continuous_LPM,ols,main,Any_NonCS_Citer ~ HSS_Continuous + has_hss_concepts + log_team_size + log_prior_knowledge + HSS_Diversity + C(stage) + C(arxiv_primary_category),C(arxiv_primary_category)[T.stat.ML],-0.21598244385519444,0.06903211765304534,-3.128724008449513,0.001755671293621056,-0.351282908231695,-0.08068197947869388,138824.0,153186.94516025373,154584.36179588712,0.17897233974829885,0.17813758902293086
S6_AnyNonCSCiter_Continuous_LPM,ols,main,Any_NonCS_Citer ~ HSS_Continuous + has_hss_concepts + log_team_size + log_prior_knowledge + HSS_Diversity + C(stage) + C(arxiv_primary_category),C(arxiv_primary_category)[T.stat.OT],-0.4516724561928957,0.07568101812055839,-5.968107557345361,2.400211344905449e-09,-0.6000045260225133,-0.3033403863632781,138824.0,153186.94516025373,154584.36179588712,0.17897233974829885,0.17813758902293086
S6_AnyNonCSCiter_Continuous_LPM,ols,main,Any_NonCS_Citer ~ HSS_Continuous + has_hss_concepts + log_team_size + log_prior_knowledge + HSS_Diversity + C(stage) + C(arxiv_primary_category),HSS_Continuous,-0.0007734199527463302,0.0010583447418140975,-0.7307826289386757,0.4649119355689575,-0.0028477375299293035,0.001300897624436643,138824.0,153186.94516025373,154584.36179588712,0.17897233974829885,0.17813758902293086
S6_AnyNonCSCiter_Continuous_LPM,ols,main,Any_NonCS_Citer ~ HSS_Continuous + has_hss_concepts + log_team_size + log_prior_knowledge + HSS_Diversity + C(stage) + C(arxiv_primary_category),has_hss_concepts,0.13518722065792915,0.0026210433429588588,51.57763644813222,0.0,0.1300500701038113,0.140324371212047,138824.0,153186.94516025373,154584.36179588712,0.17897233974829885,0.17813758902293086
S6_AnyNonCSCiter_Continuous_LPM,ols,main,Any_NonCS_Citer ~ HSS_Continuous + has_hss_concepts + log_team_size + log_prior_knowledge + HSS_Diversity + C(stage) + C(arxiv_primary_category),log_team_size,-0.09390764122593659,0.003149401283923213,-29.81761698812662,2.309288256534482e-195,-0.10008035431529029,-0.08773492813658289,138824.0,153186.94516025373,154584.36179588712,0.17897233974829885,0.17813758902293086
S6_AnyNonCSCiter_Continuous_LPM,ols,main,Any_NonCS_Citer ~ HSS_Continuous + has_hss_concepts + log_team_size + log_prior_knowledge + HSS_Diversity + C(stage) + C(arxiv_primary_category),log_prior_knowledge,0.08802839407746343,0.0011842103062631275,74.33510214519602,0.0,0.08570738452706655,0.09034940362786031,138824.0,153186.94516025373,154584.36179588712,0.17897233974829885,0.17813758902293086
S6_AnyNonCSCiter_Continuous_LPM,ols,main,Any_NonCS_Citer ~ HSS_Continuous + has_hss_concepts + log_team_size + log_prior_knowledge + HSS_Diversity + C(stage) + C(arxiv_primary_category),HSS_Diversity,0.16269792258226265,0.015401489631907263,10.563778340323744,4.386426752328595e-26,0.13251155759545735,0.19288428756906795,138824.0,153186.94516025373,154584.36179588712,0.17897233974829885,0.17813758902293086
